phrase,intent,parameters
Открой окно,window_set,
Приоткрой правое переднее окно на пару сантиметров,window_set,"{""position"": ""partial"", ""side"": ""right_front""}"
"Закрой, пожалуйста, все окна",window_set,"{""target"": ""all""}"
Кондиционер,ac_set,
Включи климат контроль на двадцать два градуса,ac_set,"{""temperature"": 22}"
Отключи кондиционер — жара надоела,ac_off,
Сделай холоднее на три градуса,ac_set,"{""delta"": 3}"
Переключи режим кондиционера на рециркуляцию,ac_mode_set,"{""mode"": ""recirculation""}"
"Режим вентиляции в салоне, пожалуйста",ac_mode_set,"{""mode"": ""vent""}"
Увеличь скорость вентилятора,ac_fan_set,"{""direction"": ""up""}"
Понизь обдув до минимума,ac_fan_set,"{""level"": ""min""}"
"Подогрев сидений, подогрей пассажирское кресло",seat_heater_set,"{""seat"": ""passenger"", ""state"": ""on""}"
Сделай подогрев водительского сиденья на три,seat_heater_set,"{""seat"": ""driver"", ""level"": 3}"
"Ох, жарко — включи вентиляцию в кресле",seat_vent_set,"{""state"": ""on""}"
Отключи вентилирование сидений,seat_vent_set,"{""state"": ""off""}"
Оттаивание лобового стекла включи,defrost_set,"{""target"": ""front"", ""state"": ""on""}"
Подними обдув на стекла и зеркала,defrost_set,"{""target"": ""all_glass"", ""level"": ""max""}"
Открой люк на крыше полностью,sunroof_set,"{""position"": ""open""}"
"Закрой панорамную крышу, пожалуйста",sunroof_close,
Пусть музыка играет,play_music,
Стоп,stop_music,
Поставь на паузу трек,media_pause,
Следующая песня,next_track,
"Назад, предыдущий трек",previous_track,
Сделай погромче,volume_change,"{""direction"": ""up""}"
Убавь звук на пять,volume_change,"{""delta"": 5}"
Громкость 30 процентов,volume_set,"{""percent"": 30}"
Заглуши звук полностью,volume_mute_set,"{""mute"": true}"
Включи Bluetooth как источник,media_source_set,"{""source"": ""bluetooth""}"
Повтор трек один раз включи,media_repeat_set,"{""mode"": ""one""}"
"Случайный порядок воспроизведения включи, пожалуйста",media_shuffle_set,"{""shuffle"": true}"
Включи радио,radio_set,
Настрой FM на сто ноль точка пять,radio_set_station,"{""band"": ""FM"", ""frequency"": ""100.5""}"
На навигаторе проложи маршрут на горную площадку у обзорной точки,nav_start,"{""destination"": ""обзорная точка""}"
"Отмени маршрут, пожалуйста",nav_cancel,
Позвони маме,call_start,"{""contact"": ""мама""}"
Ответь на звонок,call_answer,
"Сбрось вызов, повесь трубку",call_hangup,
Фары включи,headlights_set,"{""state"": ""on""}"
Дальний свет выключи,high_beam_set,"{""state"": ""off""}"
Дворники включи интервальный режим,wipers_set,"{""mode"": ""intermittent""}"
"Авто-дождь, включи режим дождя",rain_set,"{""mode"": ""auto""}"
"Подогрев руля активируй, руки потеют",wheel_heater_set,"{""state"": ""on""}"
"Ну и день сегодня, жара, серпантин вдоль берега — погода мечта",chitchat,
Включи левое заднее окно наполовину,window_set,"{""side"": ""left_rear"", ""position"": ""half""}"
"Закрой люк чуть-чуть, чтобы шум шин не бил по голове",sunroof_set,"{""position"": ""tilt""}"
Охладитель — на максимум! Жарко под палящим солнцем,ac_set,"{""temperature"": ""max_cool""}"
"Выключи кондиционер, больше не нужно",ac_off,
Переключи на автоматический режим климата,ac_mode_set,"{""mode"": ""auto""}"
Уменьши силу вентилятора до средней ступени,ac_fan_set,"{""level"": ""medium""}"
"Включи подогрев сиденья, но на низкий режим",seat_heater_set,"{""level"": ""low""}"
"Проветри кресло водителя, включи вентиляцию 2 уровня",seat_vent_set,"{""seat"": ""driver"", ""level"": 2}"
Убери обледенение заднего стекла,defrost_set,"{""target"": ""rear"", ""state"": ""on""}"
"Открой крышу лишь немного, пусть шум шин не мешает слишком сильно",sunroof_set,"{""position"": ""slight_open""}"
Включи подборку музыки для серпантина,play_music,"{""playlist"": ""serpentine""}"
"Прекрати воспроизведение, пожалуйста",stop_music,
Поставь паузу — слушаю разговор пассажира,media_pause,
"Следующий трек, смени настроение",next_track,
"Верни тот кусок, который только что шёл",previous_track,
"Сделай тише на два шага, дорога шумная",volume_change,"{""delta"": 2}"
Громкость 15,volume_set,"{""level"": 15}"
Отключи звук на пару минут,volume_mute_set,
Переключись на USB-плеер как источник,media_source_set,"{""source"": ""usb""}"
Повтори альбом снова,media_repeat_set,"{""mode"": ""album""}"
"Включи перемешивание, пусть песни идут вразнобой",media_shuffle_set,"{""shuffle"": true}"
"Переключи на волну FM 88.7, там хорошая передача у серпантина",radio_set_station,"{""band"": ""FM"", ""frequency"": ""88.7""}"
"Построй маршрут к кафе на повороте за следующим холмом, избегая платных дорог",nav_start,"{""destination"": ""кафе на повороте"", ""avoid"": ""tolls""}"
Отмени навигацию и восстанови обычный режим карты,nav_cancel,
"Позвонить Серёже, скажи, что позже буду",call_start,"{""contact"": ""Серёжа""}"
"Ответь, пожалуйста, на входящий",call_answer,
"Сбрось текущий звонок, едем по серпантину",call_hangup,
Включи ближний свет и подстрой яркость фар,headlights_set,"{""state"": ""on""}"
Переключись на дальний — впереди открытый участок дороги,high_beam_set,"{""state"": ""on""}"
"Дворники убавь скорость, только моросит",wipers_set,"{""speed"": ""slow""}"
"Активируй режим дождя, пусть чувствительность выше",rain_set,"{""sensitivity"": ""high""}"
"Руль тёплый включи, пожалуйста",wheel_heater_set,"{""state"": ""on""}"
"Красиво сегодня: солнце печёт, серпантин тихо шепчет — наслаждаюсь поездкой",chitchat,
Открой левое переднее окно наполовину,window_set,"{""window"": ""front_left"", ""position"": ""50%"", ""action"": ""open""}"
Закрой заднее правое окно,window_set,"{""window"": ""rear_right"", ""action"": ""close""}"
Открой все окна,window_set,"{""window"": ""all"", ""action"": ""open""}"
Опусти окно,window_set,"{""action"": ""down""}"
Подними стекло пассажира,window_set,"{""window"": ""front_right"", ""action"": ""close""}"
Сделай кондиционер на двадцать два,ac_set,"{""temperature"": ""22""}"
Понизь температуру на три градуса,ac_set,"{""delta"": ""3"", ""direction"": ""down""}"
Выключи кондиционер,ac_off,
Переключи режим на рециркуляцию,ac_mode_set,"{""mode"": ""recirculation""}"
Включи обдув на лобовое стекло,defrost_set,"{""side"": ""front"", ""action"": ""on""}"
Подогрей водительское сиденье на третью ступень,seat_heater_set,"{""seat"": ""driver"", ""level"": ""3""}"
Включи вентиляцию сиденья переднего пассажира на максимальную,seat_vent_set,"{""seat"": ""front_right"", ""level"": ""max""}"
Выключи подогрев сидений,seat_heater_set,"{""seat"": ""all"", ""action"": ""off""}"
Закрой люк,sunroof_close,
Приоткрой люк на двадцать процентов,sunroof_set,"{""position"": ""20%"", ""action"": ""open""}"
"Полностью открой панорамный люк, пожалуйста",sunroof_set,"{""position"": ""100%"", ""action"": ""open""}"
Молчи музыку,stop_music,
Поставь песню от Адель,play_music,"{""artist"": ""Адель""}"
Воспроизведи плейлист 'Утренний драйв',play_music,"{""playlist"": ""Утренний драйв""}"
Пауза,media_pause,
Следующий трек,next_track,
Предыдущий трек,previous_track,
Сделай громче,volume_change,"{""direction"": ""up""}"
Убавь звук на семь,volume_change,"{""amount"": ""7"", ""direction"": ""down""}"
Увеличь громкость на двадцать процентов,volume_change,"{""amount"": ""20%"", ""direction"": ""up""}"
Сделай громкость пятьдесят процентов,volume_set,"{""level"": ""50%""}"
Выключи звук,volume_mute_set,"{""mute"": ""true""}"
Включи звук,volume_mute_set,"{""mute"": ""false""}"
Переключи источник на Bluetooth,media_source_set,"{""source"": ""bluetooth""}"
Поставь повтор,media_repeat_set,"{""mode"": ""on""}"
Включи перемешивание,media_shuffle_set,"{""shuffle"": ""on""}"
Поставь FM сто одну точка два,radio_set_station,"{""station"": ""101.2""}"
Настрой радио на станцию Эхо Москвы,radio_set_station,"{""station"": ""Эхо Москвы""}"
Запусти навигатор до Красной площади,nav_start,"{""destination"": ""Красная площадь""}"
Прокладывай маршрут домой,nav_start,"{""destination"": ""дом""}"
Отмени навигацию,nav_cancel,
Сбрось разговор,call_hangup,
Включи фары,headlights_set,"{""state"": ""on""}"
Выключи фары,headlights_set,"{""state"": ""off""}"
Дальний свет врубить,high_beam_set,"{""state"": ""on""}"
Выключи дальний свет,high_beam_set,"{""state"": ""off""}"
Поставь дворники на интервальный режим,wipers_set,"{""mode"": ""intermittent""}"
Включи автоматическое срабатывание дождевых датчиков,rain_set,"{""state"": ""on""}"
Выключи дождевой режим,rain_set,"{""state"": ""off""}"
Подогрей руль,wheel_heater_set,"{""state"": ""on""}"
Выключи подогрев руля,wheel_heater_set,"{""state"": ""off""}"
"Протопи лобовое стекло, пожалуйста, срочно",defrost_set,"{""side"": ""front"", ""intensity"": ""high"", ""action"": ""on""}"
"Сделай кондиционер на экономичный режим, пожалуйста, чтобы не тратить бензин",ac_mode_set,"{""mode"": ""eco""}"
Включи рециркуляцию воздуха внутри салона,ac_mode_set,"{""mode"": ""recirculation""}"
Поставь на повтор одну песню,media_repeat_set,"{""mode"": ""one""}"
Перемешай альбом,media_shuffle_set,"{""scope"": ""album""}"
Играй следующую радиостанцию,radio_set,"{""action"": ""next""}"
"Громко, я не слышу",volume_change,"{""direction"": ""up""}"
"Слушай, включи джаз со вспомогательного USB",play_music,"{""genre"": ""джаз"", ""source"": ""USB""}"
Хватит музыки,stop_music,
Расскажи что-нибудь смешное,chitchat,
"Спасибо, молодец",chitchat,
Открой окно водителя на половину,window_set,"{""window"": ""front_left"", ""position"": ""50%""}"
Проветри машину — все окна вниз,window_set,"{""window"": ""all"", ""position"": ""down""}"
Приоткрой боковое окно,window_set,
Сделай кондиционер на двадцать градусов,ac_set,"{""temperature"": ""20""}"
"Похолоднее, градусов восемнадцать",ac_set,"{""temperature"": ""18""}"
"Хватит мороза, выключи климат",ac_off,
Переключи климат на рециркуляцию,ac_mode_set,"{""mode"": ""recirculation""}"
Пусть дует только в ноги,ac_mode_set,"{""mode"": ""foot""}"
Поставь вентилятор на максимум,ac_fan_set,"{""fan_level"": ""max""}"
Убавь скорость вентилятора на две ступени,ac_fan_set,"{""delta"": -2}"
Подогрей моё сиденье,seat_heater_set,"{""seat"": ""driver""}"
Включи подогрев пассажира на три,seat_heater_set,"{""seat"": ""front_passenger"", ""level"": 3}"
Охлади водительское сиденье,seat_vent_set,"{""seat"": ""driver"", ""state"": ""on""}"
"Включи обдув стекол, срочно",defrost_set,"{""target"": ""front""}"
Разморозь заднее стекло,defrost_set,"{""target"": ""rear""}"
Открой люк полностью,sunroof_set,"{""position"": ""open""}"
Наклони люк на пару сантиметров,sunroof_set,"{""position"": ""tilt"", ""amount"": ""2cm""}"
Включи музыку,play_music,
Поставь что-нибудь бодрое,play_music,
Останови музыку,stop_music,
Следующая,next_track,
Назад,previous_track,
Сделай потише,volume_change,
Громкость пять,volume_set,"{""level"": 5}"
Переключись на радио,media_source_set,"{""source"": ""radio""}"
"Bluetooth, пожалуйста",media_source_set,"{""source"": ""bluetooth""}"
Повтор включи,media_repeat_set,"{""mode"": ""all""}"
Случайный порядок выключи,media_shuffle_set,"{""shuffle"": false}"
Включи FM,radio_set,"{""band"": ""FM""}"
Настрой на 101.2,radio_set_station,"{""frequency"": ""101.2""}"
Поезжай домой,nav_start,"{""destination"": ""дом""}"
Прокладывай маршрут до ближайшей заправки,nav_start,"{""destination"": ""ближайшая заправка""}"
Позвони Анне,call_start,"{""contact"": ""Анна""}"
Ответь,call_answer,
Фары на авто,headlights_set,"{""mode"": ""auto""}"
Дальний включи,high_beam_set,"{""state"": ""on""}"
Включи дворники на среднюю,wipers_set,"{""level"": ""medium""}"
Включи датчик дождя,rain_set,"{""state"": ""on""}"
Подогрей рулевое колесо,wheel_heater_set,"{""state"": ""on""}"
Как дела?,chitchat,
Сегодня холодно на улице,chitchat,
"Пожалуйста, сделай подогрев сиденья водителя на максимум, мне холодно",seat_heater_set,"{""seat"": ""driver"", ""level"": ""max""}"
А можно включить вентиляцию сиденья пассажира?,seat_vent_set,"{""seat"": ""front_passenger"", ""state"": ""on""}"
"Отогрей стекла полностью, впереди снег",defrost_set,"{""target"": ""front"", ""intensity"": ""max""}"
Приоткрой люк на десять процентов,sunroof_set,"{""position"": ""open"", ""percent"": 10}"
Повтор песни только одну,media_repeat_set,"{""mode"": ""one""}"
Включи перемешивание плейлиста,media_shuffle_set,"{""shuffle"": true}"
Переключись на станцию «Радио Маяк»,radio_set_station,"{""station_name"": ""Радио Маяк""}"
Добавь громкости на пять,volume_change,"{""delta"": 5}"
Громкость ноль,volume_set,"{""level"": 0}"
"Пожалуйста, включи мой плейлист Утро и начни с первых треков, чтобы разбудить всех",play_music,
Закрой переднее правое окно,window_set,"{""position"": ""front_right""}"
Приоткрой люк чуть-чуть,sunroof_set,
Полностью закрой панорамный люк,sunroof_close,
Понизь температуру до двадцати двух,ac_set,"{""temperature"": 22}"
Громкость 5,volume_set,"{""level"": 5}"
Прибавь звук на три,volume_change,"{""delta"": 3}"
Включи кондиционер на авто,ac_mode_set,
Переключи обдув на лобовое стекло,defrost_set,
Включи подогрев сиденья водителя на максималку,seat_heater_set,"{""side"": ""driver"", ""level"": ""max""}"
Отключи подогрев заднего правого сидения,seat_heater_set,"{""side"": ""rear_right"", ""state"": ""off""}"
"Вентиляция сидений включи, пожалуйста",seat_vent_set,
Охлади кресло водителя на минимуме,seat_vent_set,"{""side"": ""driver"", ""level"": ""min""}"
"Притяни зеркала, пжалуйста",chitchat,
Проиграй что-нибудь спокойное,play_music,"{""mood"": ""спокойное""}"
Поставь следующую песню,next_track,
Сделай тише на семь,volume_change,"{""delta"": 7}"
Настрой на FM 103.5,radio_set_station,"{""frequency"": 103.5}"
Ищи станцию 'Радио Маяк',radio_set_station,"{""station"": ""Радио Маяк""}"
Поменяй источник на Bluetooth,media_source_set,"{""source"": ""Bluetooth""}"
Включи повтор,media_repeat_set,"{""state"": ""on""}"
Перемешай плейлист,media_shuffle_set,"{""state"": ""on""}"
Назначь маршрут до Красной площади,nav_start,"{""destination"": ""Красная площадь""}"
Отмени маршрут,nav_cancel,
Позвони Марине,call_start,"{""contact"": ""Марина""}"
Сбрось вызов,call_hangup,
Выключи фары через пять минут,headlights_set,"{""delay_minutes"": 5}"
Дальний свет включи,high_beam_set,
Выключи дальний,high_beam_set,
Включи дворники на режим 3,wipers_set,"{""level"": 3}"
Автоматический режим дворников,wipers_set,
Отключи обогрев руля,wheel_heater_set,
Включи обдув на максимум и направь в лицо,ac_fan_set,"{""level"": ""max"", ""direction"": ""face""}"
Снизь скорость вентилятора на два шага,ac_fan_set,"{""delta"": 2}"
Муте музыку,volume_mute_set,"{""state"": ""on""}"
Верни звук,volume_mute_set,"{""state"": ""off""}"
Поставь громкость на ноль,volume_set,"{""level"": 0}"
Предыдущая,previous_track,
Сделай обогрев сидений на три,seat_heater_set,"{""level"": 3}"
Охлади салон,ac_set,"{""action"": ""cool""}"
Автокондиционер выключи,ac_off,
Чуть прикрой окно слева,window_set,"{""position"": ""left"", ""amount"": ""slightly""}"
"Проверь, что радио работает",chitchat,
Включи Bluetooth и подсоедини телефон,media_source_set,"{""source"": ""Bluetooth"", ""action"": ""connect""}"
"Поставь навигатор до дома, пожалуйста, быстрее покажи маршрут объездом",nav_start,"{""destination"": ""дом"", ""route"": ""detour""}"
Сыграй новости,play_music,"{""content"": ""новости""}"
"Спасибо, ты прекрасен",chitchat,
Открой панорамный люк на треть,sunroof_set,"{""position"": ""one_third""}"
Опусти переднее левое окно наполовину,window_set,"{""side"": ""front_left"", ""position"": ""half""}"
Закрой все окна,window_set,"{""target"": ""all""}"
Подними заднее правое окно,window_set,"{""side"": ""rear_right"", ""position"": ""up""}"
"Включи кондиционер, пожалуйста",ac_set,"{""state"": ""on""}"
Выключи климат-контроль,ac_off,
Сделай прохладнее на два градуса,ac_set,"{""delta"": -2}"
Режим кондиционера — рециркуляция,ac_mode_set,"{""mode"": ""recirculation""}"
Переключи обдув на максимум,ac_fan_set,"{""level"": ""max""}"
Убавь скорость вентилятора до трёх,ac_fan_set,"{""level"": 3}"
Подогрей водительское сиденье на два,seat_heater_set,"{""seat"": ""driver"", ""level"": 2}"
Отмени подогрев заднего сиденья,seat_heater_set,"{""seat"": ""rear"", ""level"": 0}"
Вентиляцию сидений выключи,seat_vent_set,"{""state"": ""off""}"
Включи обогрев лобового стекла,defrost_set,"{""target"": ""front"", ""state"": ""on""}"
"Разогрей заднее стекло, пожалуйста",defrost_set,"{""target"": ""rear"", ""state"": ""on""}"
Поставь панорамный люк наполовину,sunroof_set,"{""position"": ""half""}"
Закрой люк немедленно!,sunroof_close,
Настрой радио на 101.5 FM,radio_set_station,"{""frequency"": 101.5, ""band"": ""FM""}"
Переключись на следующую радиостанцию,radio_set,
Поставь мою любимую станцию,radio_set,
Начни навигацию домой,nav_start,"{""destination"": ""дом""}"
"Построй, пожалуйста, самый быстрый маршрут до аэропорта Шереметьево с учётом пробок",nav_start,"{""destination"": ""аэропорт Шереметьево""}"
Позвони Олегу,call_start,"{""contact"": ""Олег""}"
Заверши вызов,call_hangup,
"Хочу спокойную музыку для долгой поездки, включи плейлист 'Ночью на трассе' и сделай чуть громче",play_music,"{""playlist"": ""Ночью на трассе""}"
Прекрати воспроизведение,stop_music,
Поставь на паузу,media_pause,
"Следующий трек, пожалуйста",next_track,
Верни предыдущую композицию,previous_track,
Громче!,volume_change,
Прибавь громкость на пять,volume_change,"{""delta"": 5}"
Уменьши звук на три деления,volume_change,"{""delta"": -3}"
Установи громкость на двадцать процентов,volume_set,"{""level"": 20}"
Без звука,volume_mute_set,"{""mute"": true}"
Переключись на FM,media_source_set,"{""source"": ""FM""}"
Включи повтор альбома,media_repeat_set,"{""mode"": ""album""}"
Повтори эту песню,media_repeat_set,"{""mode"": ""track""}"
Отключи перемешивание,media_shuffle_set,"{""state"": false}"
Включи дальний свет,high_beam_set,"{""state"": ""on""}"
Фары в автоматический режим,headlights_set,"{""mode"": ""auto""}"
Включи дворники на первую скорость,wipers_set,"{""level"": 1}"
Установи режим дождя — автомат,rain_set,"{""mode"": ""auto""}"
Повысить чувствительность датчика дождя,rain_set,"{""sensitivity"": ""high""}"
Как у тебя дела?,chitchat,
"Знаешь какую-нибудь хорошую шутку про автомобили? Расскажи, пожалуйста.",chitchat,
"Очень холодно на руках и ногах, включи отопление салона и нагрей до 24 градусов",ac_set,"{""temperature"": 24}"
Наполовину опусти задние стекла,window_set,"{""target"": ""rear"", ""position"": ""half""}"
"Пожалуйста, убавь громкость до нуля",volume_set,"{""level"": 0}"
"Мне жарко в салоне, опусти правое переднее окно наполовину, пожалуйста",window_set,"{""window"": ""правое переднее"", ""position"": ""50%""}"
Закрой заднее стекло полностью,window_set,"{""window"": ""заднее"", ""position"": ""closed""}"
Сделай температуру воздуха 21 градус,ac_set,"{""temperature"": 21}"
Понизь кондиционер до восемнадцати,ac_set,"{""temperature"": 18}"
Повышай климат на два градуса,ac_set,"{""delta"": 2}"
"Отключи климат-контроль, пожалуйста",ac_off,
Включи обдув лобового стекла,ac_mode_set,"{""mode"": ""лобовой""}"
Уменьши скорость вентилятора на одну ступень,ac_fan_set,"{""delta"": 1}"
Включи обогрев водительского сиденья на три,seat_heater_set,"{""seat"": ""водительское"", ""level"": 3}"
Погаси обогрев переднего пассажира,seat_heater_set,"{""seat"": ""передний пассажир"", ""state"": ""off""}"
Подогрей заднее левое сиденье на полную,seat_heater_set,"{""seat"": ""заднее левое"", ""level"": ""max""}"
Охлади моё сиденье на уровень два,seat_vent_set,"{""seat"": ""водительское"", ""level"": 2}"
Выключи вентиляцию сиденья,seat_vent_set,"{""state"": ""off""}"
"Включи обдув стекол, пожалуйста",defrost_set,
Задний обогрев стекла включи,defrost_set,"{""side"": ""rear"", ""state"": ""on""}"
Открой люк на двадцать процентов,sunroof_set,"{""position"": ""20%""}"
Поверни люк в режим вентиляции,sunroof_set,"{""mode"": ""vent""}"
"Поставь плейлист для спокойной езды, без вокала и не слишком громко",play_music,"{""mood"": ""спокойное"", ""vocals"": ""no"", ""volume_hint"": ""не слишком громко""}"
Останови воспроизведение,stop_music,
Выключи трек,stop_music,
Пропусти композицию,next_track,
Предыдущая песня,previous_track,
Прибавь громкость,volume_change,"{""direction"": ""up""}"
Сделай потише на три деления,volume_change,"{""direction"": ""down"", ""delta"": 3}"
Опусти звук наполовину,volume_change,"{""level"": ""50%""}"
Установи громкость на двадцать,volume_set,"{""level"": 20}"
Громкость семьдесят процентов,volume_set,"{""level"": 70}"
Сделай беззвучным,volume_mute_set,
Переключись на Bluetooth,media_source_set,"{""source"": ""Bluetooth""}"
Включи USB,media_source_set,"{""source"": ""USB""}"
Повтор песни включи,media_repeat_set,"{""state"": ""on""}"
Радио на FM,radio_set,"{""band"": ""FM""}"
Переключи на AM,radio_set,"{""band"": ""AM""}"
Настрой на 101.2 FM,radio_set_station,"{""frequency"": ""101.2"", ""band"": ""FM""}"
Поставь Радио Рекорд,radio_set_station,"{""station"": ""Радио Рекорд""}"
Проклади маршрут домой,nav_start,"{""destination"": ""дом""}"
"Навигатор до ближайшей заправки, пожалуйста",nav_start,"{""destination"": ""ближайшая заправка""}"
"Поезжай на Петровскую улицу, дом 7",nav_start,"{""destination"": ""Петровская улица, 7""}"
Поставь звонок техподдержке,call_start,"{""contact"": ""техподдержка""}"
Выключи ближний свет,headlights_set,"{""type"": ""ближний"", ""state"": ""off""}"
Включи дальний,high_beam_set,"{""state"": ""on""}"
Включи дворники на среднюю скорость,wipers_set,"{""speed"": ""medium""}"
Останови дворники,wipers_set,"{""state"": ""off""}"
Подогрев руля включи,wheel_heater_set,"{""state"": ""on""}"
"Слушай, расскажи, какая сегодня будет погода по дороге в центр и стоит ли брать зонт?",chitchat,
Открой водительское окно,window_set,"{""side"": ""левое"", ""position"": ""open""}"
"Закрой все окна, пожалуйста",window_set,"{""side"": ""все"", ""position"": ""closed""}"
Опусти заднее правое наполовину,window_set,"{""side"": ""заднее правое"", ""position"": ""50%""}"
Подними пассажирское окно на четверть,window_set,"{""side"": ""пассажирское"", ""position"": ""25%""}"
Прикрой люк на пару сантиметров,sunroof_set,"{""position"": ""slightly_open""}"
Включи кондиционер,ac_set,"{""state"": ""on""}"
Отключи кондиционер,ac_off,
Сделай температуру двадцать два,ac_set,"{""temperature"": 22}"
Понизь на три градуса,ac_set,"{""temperature_change"": -3}"
Убавь скорость вентилятора,ac_fan_set,"{""action"": ""decrease""}"
Увеличь мощность вентилятора до четырёх,ac_fan_set,"{""level"": 4}"
Автоматический режим поставь,ac_mode_set,"{""mode"": ""auto""}"
Выключи обогрев сидений водителя,seat_heater_set,"{""seat"": ""водитель"", ""state"": ""off""}"
Подогрей задние сиденья на максимум,seat_heater_set,"{""seat"": ""задние"", ""level"": ""max""}"
Сделай обдув сидений на минимуме,seat_vent_set,"{""level"": ""low""}"
Активируй вентиляцию сиденья переднего пассажира,seat_vent_set,"{""seat"": ""передний пассажир"", ""state"": ""on""}"
Включи обдув стекла,defrost_set,"{""target"": ""лобовое"", ""state"": ""on""}"
Убери запотевание заднего стекла,defrost_set,"{""target"": ""заднее"", ""action"": ""defog""}"
Отключи антизапотевание,defrost_set,"{""state"": ""off""}"
Переключись на дальний свет,high_beam_set,"{""state"": ""on""}"
Отключи дальний,high_beam_set,"{""state"": ""off""}"
Протрите стекло дворниками,wipers_set,"{""action"": ""wipe""}"
Поставь дворники в режим дождь,rain_set,"{""mode"": ""rain""}"
Омыватель стекла — включи,wipers_set,"{""action"": ""wash""}"
Отключи подогрев руля,wheel_heater_set,"{""state"": ""off""}"
Стоп музыку,stop_music,
Громкость на семь,volume_set,"{""level"": 7}"
Переключи источник на радио,media_source_set,"{""source"": ""radio""}"
Включи повторы,media_repeat_set,"{""state"": ""on""}"
Рандомный порядок треков,media_shuffle_set,"{""state"": ""on""}"
Станция 103.5 FM,radio_set_station,"{""frequency"": ""103.5""}"
Поставь радио на джазовую волну,radio_set,"{""genre"": ""джаз""}"
Проклади до ближайшего заправки,nav_start,"{""destination"": ""ближайшая заправка""}"
"Подскажи, какая сейчас погода?",chitchat,
Поставь громче на максимум!,volume_set,"{""level"": ""max""}"
Убавь на половину,volume_change,"{""percent"": 50, ""action"": ""decrease""}"
Переключи на USB,media_source_set,"{""source"": ""USB""}"
"Перемешай треки, пожалуйста",media_shuffle_set,"{""state"": ""on""}"
Повтори этот альбом,media_repeat_set,"{""mode"": ""album""}"
Настрой радио на 89.1,radio_set_station,"{""frequency"": ""89.1""}"
Запусти плейлист спокойной музыки,play_music,"{""playlist"": ""спокойная музыка""}"
"Мне холодно, включи печку",ac_set,"{""mode"": ""heat""}"
Опусти левое переднее наполовину,window_set,"{""side"": ""левое переднее"", ""position_percent"": 50}"
Подними правое заднее окно полностью,window_set,"{""side"": ""правое заднее"", ""position_percent"": 100}"
Приоткрой люк для вентиляции,sunroof_set,"{""position"": ""vent""}"
Закрой панорамную крышу,sunroof_close,"{""target"": ""panoramic""}"
"Закрой люк, пожалуйста",sunroof_close,
Выключи кондиционер сейчас,ac_off,
Поставь температуру на двадцать три,ac_set,"{""temperature"": 23}"
Сделай потеплее на два градуса,ac_set,"{""delta"": 2}"
Охлади салон до 18 градусов,ac_set,"{""temperature"": 18}"
Включи рециркуляцию воздуха,ac_mode_set,"{""mode"": ""recirculation""}"
Переключи климат на экономичный режим,ac_mode_set,"{""mode"": ""eco""}"
Направь обдув в область ног,ac_mode_set,"{""mode"": ""feet""}"
Понизь скорость вентилятора на три шага,ac_fan_set,"{""delta"": -3}"
Вентилятор — вторая ступень,ac_fan_set,"{""level"": 2}"
Включи подогрев сиденья водителя,seat_heater_set,"{""seat"": ""водитель"", ""state"": ""on""}"
Сделай подогрев пассажира на максимум,seat_heater_set,"{""seat"": ""пассажир"", ""level"": 100}"
"Убавь подогрев задних сидений, пожалуйста",seat_heater_set,"{""seat"": ""задние"", ""action"": ""decrease""}"
Охлади сиденье водителя,seat_vent_set,"{""seat"": ""водитель"", ""state"": ""on""}"
Включи вентиляцию на задних сиденьях,seat_vent_set,"{""seat"": ""задние"", ""state"": ""on""}"
Выключи вентиляцию переднего пассажира,seat_vent_set,"{""seat"": ""передний пассажир"", ""state"": ""off""}"
Включи обогрев руля,wheel_heater_set,"{""state"": ""on""}"
Отключи тёплый руль,wheel_heater_set,"{""state"": ""off""}"
Включи обогрев заднего стекла,defrost_set,"{""target"": ""rear"", ""state"": ""on""}"
Выключи обогрев стекол,defrost_set,"{""state"": ""off""}"
Включи ближний свет фар,headlights_set,"{""mode"": ""low""}"
Выключи фары полностью,headlights_set,"{""mode"": ""off""}"
Переклю́чись на дальний свет,high_beam_set,"{""state"": ""on""}"
Автоматический дальний включи,high_beam_set,"{""mode"": ""auto""}"
Включи дворники,wipers_set,"{""state"": ""on""}"
Переведи дворники в интервальный режим,wipers_set,"{""mode"": ""intermittent""}"
Уменьши скорость дворников,wipers_set,"{""action"": ""decrease""}"
Включи режим дождя,rain_set,"{""state"": ""on""}"
Поставь плейлист утро,play_music,"{""playlist"": ""утро""}"
Вернись к предыдущей песне,previous_track,
"Тише, пожалуйста",volume_change,"{""direction"": ""down""}"
Сделай звук на восемь,volume_set,"{""level"": 8}"
Установи громкость пять из десяти,volume_set,"{""level"": 5}"
Отключи звук (mute),volume_mute_set,"{""mute"": true}"
Включи звук обратно,volume_mute_set,"{""mute"": false}"
Сделай Bluetooth источником аудио,media_source_set,"{""source"": ""bluetooth""}"
Включи повтор треков,media_repeat_set,"{""state"": ""on""}"
Выключи повтор,media_repeat_set,"{""state"": ""off""}"
Перемешай воспроизведение,media_shuffle_set,"{""state"": ""on""}"
Отключи перемешивание плейлиста,media_shuffle_set,"{""state"": ""off""}"
Настрой на частоту 101.2 FM,radio_set_station,"{""frequency"": 101.2, ""band"": ""FM""}"
Найди радиостанцию Наше радио,radio_set_station,"{""name"": ""Наше радио""}"
Проложи маршрут до центра города,nav_start,"{""destination"": ""центр города""}"
"Отмени навигацию, пожалуйста",nav_cancel,
Позвони Ивану,call_start,"{""contact"": ""Иван""}"
Повесь трубку,call_hangup,
Как сегодня погода за окном?,chitchat,
Опусти заднее правое окно,window_set,
Чуть приоткрой заднее левое стекло,window_set,
Приоткрой люк наполовину,sunroof_set,"{""percent"": 50}"
Выключи климат,ac_off,
Поставь обдув вентилятора на максимум,ac_fan_set,"{""level"": ""max""}"
Убавь скорость вентилятора на два шага,ac_fan_set,"{""delta"": 2}"
Активируй рециркуляцию воздуха,ac_mode_set,
Нужен подогрев сидений,seat_heater_set,
Установи подогрев пассажирского сиденья на три,seat_heater_set,"{""seat"": ""passenger"", ""level"": 3}"
Выключи подогрев кресла водителя,seat_heater_set,"{""seat"": ""driver""}"
Включи вентиляцию сиденья водителя на максимум,seat_vent_set,"{""seat"": ""driver"", ""level"": ""max""}"
Продуй лобовое стекло,defrost_set,
Включи фары сейчас,headlights_set,
Выключи передние фары,headlights_set,
Активируй режим дождя,rain_set,
Позвони Оле,call_start,"{""contact"": ""Оля""}"
"Закончи разговор, пожалуйста",call_hangup,
Прокладывай маршрут до дома,nav_start,"{""destination"": ""дом""}"
Настрой радиочастоту на 101.2,radio_set_station,"{""frequency"": 101.2}"
Переключись на 88.5 FM,radio_set_station,"{""frequency"": 88.5, ""band"": ""FM""}"
Включи джаз,play_music,"{""genre"": ""джаз""}"
Пусть играет мой плейлист 'Утро',play_music,"{""playlist"": ""Утро""}"
Стоп музыка,stop_music,
Верни предыдущую,previous_track,
Сделай тише на три деления,volume_change,"{""amount"": 3}"
Установи громкость на семь,volume_set,"{""level"": 7}"
Отключи звук,volume_mute_set,
Выбери источник Bluetooth,media_source_set,"{""source"": ""Bluetooth""}"
Включи режим перемешивания треков,media_shuffle_set,
Включи FM как источник,media_source_set,"{""source"": ""radio"", ""band"": ""FM""}"
"Расскажи анекдот, если не сложно",chitchat,
"Спасибо, ты молодец",chitchat,
Подключи USB,media_source_set,"{""source"": ""USB""}"
Переключи на следующую радиостанцию,radio_set,
"Пожалуйста, отвези меня в аэропорт",nav_start,"{""destination"": ""аэропорт""}"
Прекрати маршрут,nav_cancel,
Поставь громкость на пятнадцать,volume_set,"{""level"": 15}"
Отклонить вызов,call_hangup,
Открой окно водителя,window_set,"{""side"": ""driver"", ""action"": ""open""}"
Щёлкни люк наполовину,sunroof_set,"{""position"": ""50%"", ""action"": ""open""}"
Поставь температуру на двадцать два градуса,ac_set,"{""temperature"": 22}"
"Мне жарко в машине, сделай, пожалуйста, кондиционер холоднее на три градуса",ac_set,"{""delta"": -3}"
Вентилятор на максимум,ac_fan_set,"{""level"": ""max""}"
Сделай обдув помедленнее,ac_fan_set,"{""action"": ""decrease""}"
Режим авто климат,ac_mode_set,"{""mode"": ""auto""}"
Обогрев сидений включи,seat_heater_set,
Заднему пассажиру подогрей сиденье на минимум,seat_heater_set,"{""seat"": ""rear"", ""level"": ""low""}"
Вентиляция кресла водителя на 3,seat_vent_set,"{""seat"": ""driver"", ""level"": 3}"
Убери вентиляцию переднего пассажира,seat_vent_set,"{""seat"": ""front_passenger"", ""action"": ""off""}"
"Отключи обогрев руля, пожалуйста",wheel_heater_set,"{""action"": ""off""}"
Запусти обдув лобового стекла,defrost_set,"{""target"": ""front"", ""action"": ""on""}"
Выключи обогрев заднего стекла,defrost_set,"{""target"": ""rear"", ""action"": ""off""}"
Открыть шторку люка полностью,sunroof_set,"{""position"": ""100%"", ""action"": ""open""}"
Закрой панорамный люк,sunroof_close,
Следующая дорожка,next_track,
Назад трек,previous_track,
Понизь громкость на пять,volume_change,"{""delta"": -5}"
"Хочу слушать тише: выставь громкость на сорок процентов, не больше",volume_set,"{""volume"": ""40%""}"
Сделай повтор,media_repeat_set,"{""state"": ""on""}"
Вкл режим случайного воспроизведения,media_shuffle_set,"{""state"": ""on""}"
Поставь радио на FM,radio_set,"{""band"": ""FM""}"
"Можно настроить радио на частоту сто один целых две десятых, пожалуйста?",radio_set_station,"{""frequency"": ""101.2""}"
"Поехали домой, навигатор",nav_start,"{""destination"": ""home""}"
Проложи маршрут до ближайшей заправки,nav_start,"{""destination"": ""nearest_fuel_station""}"
Позвони Ольге,call_start,"{""contact"": ""Ольга""}"
Положи трубку,call_hangup,
Автоматические фары включить,headlights_set,"{""state"": ""auto""}"
Дальний свет вкл,high_beam_set,"{""state"": ""on""}"
Дворники на среднюю скорость,wipers_set,"{""speed"": ""medium""}"
Выключи датчик дождя,rain_set,"{""state"": ""off""}"
Подогрей правое переднее кресло два,seat_heater_set,"{""seat"": ""right_front"", ""level"": 2}"
Как у тебя сегодня погода?,chitchat,
"Сменим источник на USB, пожалуйста",media_source_set,"{""source"": ""USB""}"
Повтори трек,media_repeat_set,"{""mode"": ""track""}"
Включи случайный порядок,media_shuffle_set,"{""state"": ""on""}"
Радио на станцию 'Классика FM',radio_set_station,"{""station"": ""Классика FM""}"
"Прокладывай мне маршрут до офиса, пожалуйста, быстрее",nav_start,"{""destination"": ""office""}"
"Переключи трек назад, пожалуйста",previous_track,
"Пожалуйста, прибавь немного громкость",volume_change,"{""direction"": ""up"", ""amount"": ""small""}"
Заткни музыку,stop_music,
Обдуй лобовое,defrost_set,"{""target"": ""windshield""}"
Включи обогрев стекол,defrost_set,"{""target"": ""windows""}"
"Оттроить лобовое, пожалуйста",defrost_set,"{""mode"": ""max"", ""target"": ""windshield""}"
Запусти обдув против запотевания,defrost_set,"{""mode"": ""anti_fog""}"
Поставь температуру двадцать два,ac_set,"{""temperature"": 22}"
"Немного теплее, на 24 градуса",ac_set,"{""temperature"": 24}"
Режим рециркуляции включи,ac_mode_set,"{""mode"": ""recirculation""}"
Переключись на обдув ног,ac_mode_set,"{""mode"": ""floor""}"
Поставь авто-режим климат-контроля,ac_mode_set,"{""mode"": ""auto""}"
Увеличь вентилятор,ac_fan_set,
Ослабь поток вентилятора,ac_fan_set,
Вентилятор на половину,ac_fan_set,"{""level"": ""50%""}"
Опусти стекло водителя немного,window_set,"{""side"": ""driver"", ""position"": ""slightly_open""}"
Открой заднее правое окно на треть,window_set,"{""side"": ""rear_right"", ""position_percent"": 33}"
Проветри машину,window_set,"{""action"": ""ventilate""}"
Наполовину опусти пассажирское окно,window_set,"{""side"": ""passenger"", ""position"": ""50%""}"
Задраить шторку люка,sunroof_set,"{""action"": ""close_cover""}"
Сделай фары пониже,headlights_set,"{""level"": ""low""}"
Включи ближний свет,headlights_set,"{""mode"": ""low_beam""}"
"Отключи дальний, он слепит",high_beam_set,"{""state"": ""off""}"
Включи дальний для освещения дороги,high_beam_set,"{""state"": ""on""}"
Авто-фары включи,headlights_set,"{""mode"": ""auto""}"
Дворники очисти стекло,wipers_set,"{""action"": ""clean""}"
Включи прерывистые дворники,wipers_set,"{""mode"": ""intermittent""}"
Работу дворников при дожде автомат,rain_set,"{""mode"": ""auto""}"
Добавь омыватель стекла,wipers_set,"{""action"": ""wash""}"
Обогрев руля выключи,wheel_heater_set,"{""state"": ""off""}"
Подогрев сиденья водителя на максимум,seat_heater_set,"{""side"": ""driver"", ""level"": ""max""}"
"Слегка тёплые сиденья, пожалуйста",seat_heater_set,"{""level"": ""low""}"
"Вентилируй кресло, хочу прохладу",seat_vent_set,"{""state"": ""on""}"
Включи музыку тихо,play_music,
Следующая композиция,next_track,
"Назад, пожалуйста",previous_track,
Сбавь громкость,volume_change,
Громче на пять,volume_change,"{""delta"": 5}"
Выключи звук полностью,volume_mute_set,"{""mute"": true}"
Переключи на Bluetooth,media_source_set,"{""source"": ""bluetooth""}"
Случайное воспроизведение включи,media_shuffle_set,"{""state"": ""on""}"
Повтор трека включи,media_repeat_set,"{""mode"": ""one""}"
Радио включи,radio_set,
Переключись на станцию Радио Релакс,radio_set_station,"{""station_name"": ""Радио Релакс""}"
Прокладывай домой по адресу Тверская 12,nav_start,"{""destination"": ""Тверская 12""}"
Позвони Вике,call_start,"{""contact"": ""Вика""}"
Ответь на входящий,call_answer,
"Сбрось звонок, пожалуйста",call_hangup,
Мне тишины,chitchat,
"Не включай музыку, темно и тихо здесь",chitchat,
"Темно, туман и встречка ослепляет — убери дальний",high_beam_set,"{""state"": ""off"", ""reason"": ""glare""}"
"Парковка, оставь минимальный шум — только навигация",chitchat,
"Открой немного окна, чтобы стекла не потели",window_set,"{""action"": ""open_slightly"", ""purpose"": ""decrease_fog""}"
"Опусти люк на щёлку, свежего воздуха",sunroof_set,"{""position"": ""tilt""}"
"Понизь громкость на три деления, пожалуйста, хочу тишины",volume_change,"{""delta"": -3}"
"Поставь навигацию до ближайшей парковки, хочу остановиться и проветрить салон",nav_start,"{""destination"": ""nearest_parking""}"
Уберите шум радио и музыки полностью,volume_mute_set,"{""mute"": true}"
"Поменяй источник на радио, холодно и тихо на улице",media_source_set,"{""source"": ""radio""}"
"Тихонько включи фоновую музыку, не громко",play_music,"{""mood"": ""background""}"
"Останови треки, хочу слушать тишину и слушать встречку как слепит",stop_music,
Опусти левое окно наполовину,window_set,"{""side"": ""left"", ""position_percent"": 50}"
Закрой полностью все окна,window_set,"{""target"": ""all"", ""position_percent"": 100}"
Открой люк,sunroof_set,"{""state"": ""open""}"
"Пожалуйста, закрой люк",sunroof_close,
"Пожалуйста, уменьшите температуру кондиционера на два градуса — мне немного прохладно",ac_set,"{""delta_celsius"": -2}"
Установи кондиционер на 22 градуса,ac_set,"{""temperature_celsius"": 22}"
Автоматический режим включи,ac_mode_set,"{""mode"": ""auto""}"
Увеличь скорость вентилятора на три деления,ac_fan_set,"{""delta"": 3}"
Поставь вентилятор на один,ac_fan_set,"{""level"": 1}"
Нагрей правое сиденье на второй уровень,seat_heater_set,"{""side"": ""right"", ""level"": 2}"
Включи вентиляцию сиденья слева,seat_vent_set,"{""side"": ""left"", ""state"": ""on""}"
Выключи обогрев сидений,seat_heater_set,"{""state"": ""off""}"
Обдув заднего стекла включи,defrost_set,"{""area"": ""rear"", ""state"": ""on""}"
Оттаивание переднего стекла выключи,defrost_set,"{""area"": ""front"", ""state"": ""off""}"
Включи что-нибудь спокойное для фоновой музыки,play_music,"{""mood"": ""calm""}"
Выруби звук,volume_mute_set,"{""mute"": true}"
Переключить источник на Bluetooth,media_source_set,"{""source"": ""bluetooth""}"
Слушай радио,radio_set,
Настрой радио на 101.7 FM,radio_set_station,"{""frequency_mhz"": 101.7, ""band"": ""FM""}"
Включи случайный порядок воспроизведения,media_shuffle_set,"{""state"": true}"
Сделай плейлист повторным,media_repeat_set,"{""state"": true}"
Запусти навигацию до Krasnaya ploshchad,nav_start,"{""destination"": ""Красная площадь""}"
Переключи дальний свет,high_beam_set,"{""state"": ""toggle""}"
Поставь дворники на интервалы,wipers_set,"{""mode"": ""intermittent""}"
Включи автоматическое срабатывание датчика дождя,rain_set,"{""state"": ""on""}"
Отопление руля включи,wheel_heater_set,"{""state"": ""on""}"
Включи автоматические фары,headlights_set,"{""mode"": ""auto""}"
Открой правое заднее окно,window_set,"{""side"": ""right_rear"", ""position"": ""open""}"
"Можешь, пожалуйста, открыть правое переднее окно на пару сантиметров, чтобы проветрить салон?",window_set,"{""side"": ""right_front"", ""position_cm"": 2}"
Полностью опусти стекло водителя,window_set,"{""side"": ""driver"", ""position_percent"": 0}"
Включи музыку Алексея,play_music,"{""artist"": ""Алексей""}"
"Поставь следующую подборку, пожалуйста",next_track,
Поставь на паузу музыку сейчас,media_pause,
"Громкость на максимум, быстро!",volume_set,"{""level"": 100}"
Сделай потише на три щелчка,volume_change,"{""direction"": ""down"", ""amount"": 3}"
Переключи источник на USB 2,media_source_set,"{""source"": ""USB"", ""port"": 2}"
Включи режим shuffle,media_shuffle_set,"{""state"": true}"
Поставь станцию Радио Маяк,radio_set_station,"{""station"": ""Радио Маяк""}"
Начни навигацию по адресу улица Ленина дом десять квартира пять,nav_start,"{""destination"": ""ул. Ленина, д.10, кв.5""}"
"Включи что-нибудь энергичное, лучше поп или рок, чтобы не засыпать за рулём",play_music,"{""mood"": ""energetic"", ""genres"": [""pop"", ""rock""]}"
Ты кто?,chitchat,
Отвечай на звонок,call_answer,
Приглуши музыку,volume_change,"{""direction"": ""down""}"
Нажми паузу,media_pause,
Убери кондиционер,ac_off,
Открой окно водителя наполовину,window_set,"{""side"": ""водительское"", ""position"": ""наполовину""}"
Громкость на пять,volume_set,"{""level"": 5}"
Переключи на радио FM,media_source_set,"{""source"": ""FM""}"
Сделай вентиляцию сидений потише,seat_vent_set,"{""intensity"": ""уменьшить""}"
Включи подогрев руля,wheel_heater_set,"{""state"": ""on""}"
Отключи музыку,stop_music,
Проложи маршрут к главному входу двора,nav_start,"{""destination"": ""вход во двор""}"
Поставь кондиционер на двадцать два градуса,ac_set,"{""temperature"": 22}"
Понизь скорость вентилятора на три деления,ac_fan_set,"{""level"": 3}"
Выключи повтор треков,media_repeat_set,"{""state"": ""off""}"
"Шредер, переключи на Bluetooth",media_source_set,"{""source"": ""Bluetooth""}"
Закрой пассажирское окно полностью,window_set,"{""side"": ""пассажирское"", ""position"": ""закрыть""}"
Повтори предыдущую песню,previous_track,
Максимум обдув и на рециркуляцию,ac_mode_set,"{""mode"": ""recirculation"", ""fan"": ""max""}"
Тороплюсь — ответь на звонок автоматически,call_answer,
Громкость тише на два шага,volume_change,"{""delta"": -2}"
"Дворники на второй режим, пожалуйста",wipers_set,"{""level"": 2}"
Включи задний обогрев сиденья водителя,seat_heater_set,"{""seat"": ""водительское"", ""state"": ""on""}"
Отключи авторадио,radio_set,
Понизь громкость до нуля (сделай mute),volume_mute_set,"{""mute"": true}"
Слушай мои входящие — переключи на USB,media_source_set,"{""source"": ""USB""}"
Переключись на станцию 101.2 FM,radio_set_station,"{""frequency"": ""101.2""}"
Поверни подогрев сиденья на максимум,seat_heater_set,"{""intensity"": ""max""}"
"Закрой люк, дождь начался",sunroof_close,
Включи вентилятор кондиционера на полный,ac_fan_set,"{""level"": ""max""}"
Поставь радио на волну Москвы 89.5,radio_set_station,"{""frequency"": ""89.5""}"
"Переключи трек, побыстрее",next_track,
"Поменяй плейлист, включи музыку",play_music,
Отключи рециркуляцию воздуха,ac_mode_set,"{""mode"": ""outside""}"
Останови навигацию ко входу во двор,nav_cancel,
Отбой — сбрось звонок,call_hangup,
Включи дальний свет на время проезда мимо двора,high_beam_set,"{""state"": ""on""}"
Лобовое стекло — интенсивный обдув и обогрев,defrost_set,"{""level"": ""high""}"
Закрой окна — дождь проходит,window_set,"{""scope"": ""все"", ""reason"": ""дождь""}"
"Вруби музыку погромче, мне нужно настроение",volume_change,"{""direction"": ""up""}"
"Сделай мягче обдув, не так шумно",ac_fan_set,"{""intensity"": ""lower""}"
"Температуру на двадцать пять, пожалуйста",ac_set,"{""temperature"": 25}"
Включи вентиляцию сиденья пассажира,seat_vent_set,"{""seat"": ""пассажирское"", ""state"": ""on""}"
Оставь музыку на паузе на минуту,media_pause,"{""duration"": ""1m""}"
Смешай треки в случайном порядке,media_shuffle_set,"{""state"": ""on""}"
Переключи на следующий радиоканал,radio_set,
Открой окно наполовину с пассажирской стороны,window_set,"{""side"": ""пассажирское"", ""position"": ""наполовину""}"
"Успокойся, расскажи анекдот пока едем во двор",chitchat,
"Пожалуйста, открой люк слегка, проветрить нужно",sunroof_set,"{""position"": ""слегка открыто""}"
Сделай громкость ровно на три,volume_set,"{""level"": 3}"
Отключи шторку люка,sunroof_close,
Быстро включи подогрев руля и сидений,wheel_heater_set,"{""wheel"": ""on"", ""seats"": ""on""}"
Поменяй источник на телефон по Bluetooth,media_source_set,"{""source"": ""Bluetooth""}"
"Верни предыдущую композицию, это важно",previous_track,
Выключи шумовую рециркуляцию и подними обдув,ac_mode_set,
Поставь меня на навигацию до ближайшего въезда,nav_start,"{""destination"": ""ближайший въезд""}"
Ответь на звонок Марии,call_answer,"{""caller"": ""Мария""}"
Сделай тише — почти подъехали,volume_change,"{""reason"": ""подъезд""}"
Включи дворники на автоматический режим дождя,rain_set,"{""mode"": ""auto""}"
"Подними стекло водителя полностью, быстро",window_set,"{""side"": ""водительское"", ""position"": ""закрыть""}"
"Отклоняй входящий вызов, не могу сейчас",call_hangup,
Открой переднее окно наполовину,window_set,"{""position"": ""50%"", ""window"": ""переднее""}"
Опусти правое заднее окно,window_set,"{""window"": ""правое заднее"", ""position"": ""down""}"
Подними левое окно,window_set,"{""window"": ""левое"", ""position"": ""up""}"
Климат двадцать один градус,ac_set,"{""temperature"": ""21""}"
Сделай прохладнее на три градуса,ac_set,"{""delta"": ""-3""}"
Переключись в режим рециркуляции,ac_mode_set,"{""mode"": ""recirculation""}"
Авто режим для климата,ac_mode_set,"{""mode"": ""auto""}"
Вентилятор побольше,ac_fan_set,"{""direction"": ""up""}"
Убавь скорость вентилятора на один,ac_fan_set,"{""delta"": ""-1""}"
Подогрей водительское сиденье на максимум,seat_heater_set,"{""seat"": ""водительское"", ""level"": ""max""}"
Выкл подогрев пассажира,seat_heater_set,"{""seat"": ""пассажирское"", ""level"": ""off""}"
Вентиляцию сиденья включи,seat_vent_set,
Охлади моё кресло,seat_vent_set,
"Отогрей стекла, включи обдув",defrost_set,
"Нужен быстрый обогрев стекол, максимум",defrost_set,"{""level"": ""max""}"
Сдвинь люк на треть,sunroof_set,"{""position"": ""33%""}"
"Поставь что-нибудь спокойное, пожалуйста",play_music,"{""mood"": ""calm""}"
Верни предыдущий трек,previous_track,
Сделай громкость три,volume_set,"{""level"": ""3""}"
Слушать радио,radio_set,
Включи радио на 101.2,radio_set_station,"{""frequency"": ""101.2""}"
"Радио шипит, переключи на FM 95.5",radio_set_station,"{""frequency"": ""95.5""}"
Проложи маршрут во двор,nav_start,"{""destination"": ""двор""}"
Навигатор опять путается — проложи нормальную дорогу до офиса,nav_start,"{""destination"": ""офис""}"
"Выключи дальний, резко слепит",high_beam_set,"{""state"": ""off""}"
Включи дворники на вторую скорость,wipers_set,"{""speed"": ""2""}"
Авто-дворники включи,rain_set,"{""state"": ""on""}"
Сними дождевой режим,rain_set,"{""state"": ""off""}"
Остывание руля выключи,wheel_heater_set,"{""state"": ""off""}"
Повтори этот трек постоянно,media_repeat_set,"{""mode"": ""one""}"
Отключи shuffle,media_shuffle_set,"{""state"": ""off""}"
Переключи станцию,radio_set,
Мне мешает шипение — выключи радио,stop_music,
"Пожалуйста, потише радио, весь двор слышит шум",volume_change,"{""direction"": ""down""}"
Громче радио до семи,volume_set,"{""level"": ""7""}"
"На рассвете пыль в лицо, открой окно чуть-чуть, пожалуйста, только капельку",window_set,"{""position"": ""10%""}"
"Навигатор путается посреди двора, сбрось маршрут и предложи другой путь",nav_cancel,
"Радио шипит так, что раздражает, переключи источник на Bluetooth",media_source_set,"{""source"": ""Bluetooth""}"
"Этот двор какой-то пустынный, песок и шипение радио раздражают",chitchat,
Опусти стекло водителя наполовину,window_set,"{""side"": ""driver"", ""position_percent"": 50}"
"Сделай режим только на лицо, пожалуйста",ac_mode_set,"{""mode"": ""face""}"
Максимальная скорость вентилятора,ac_fan_set,"{""level"": ""max""}"
Включи подогрев сиденья водителя на две,seat_heater_set,"{""seat"": ""driver"", ""level"": 2}"
Подогрев задних кресел включи,seat_heater_set,"{""seat"": ""rear""}"
Охлади моё сиденье,seat_vent_set,"{""seat"": ""driver""}"
Оттаивай лобовое,defrost_set,"{""target"": ""front""}"
"Почисти от иния заднее стекло, включи обогрев заднего стекла",defrost_set,"{""target"": ""rear""}"
Полностью закрой люк,sunroof_close,
Музыка,play_music,
Выруби музыку,stop_music,
Добавь звук,volume_change,
Убавь громкость на пять,volume_change,"{""delta"": -5}"
Радио,radio_set,
Переключись на FM 101.7,radio_set_station,"{""band"": ""FM"", ""frequency"": 101.7}"
Построй маршрут домой,nav_start,"{""destination"": ""дом""}"
"Проложи быстрый маршрут до аэропорта, избегай платных дорог",nav_start,"{""destination"": ""аэропорт"", ""avoid_tolls"": true}"
Сделай звонок абоненту Иван Петров,call_start,"{""contact"": ""Иван Петров""}"
Щётки на среднюю скорость,wipers_set,"{""level"": ""medium""}"
Какой сегодня день?,chitchat,
Можно открыть левое переднее окно полностью? Я хочу проветрить,window_set,"{""side"": ""front_left"", ""position_percent"": 100}"
Закрыть правое?,window_set,"{""side"": ""front_right"", ""position"": ""closed""}"
"Немного похолоднее, пожалуйста",ac_set,
Сделай двадцать градусов и включи автоматический режим,ac_set,"{""temperature"": 20, ""mode"": ""auto""}"
"Не надо, отключи кондиционер",ac_off,
Разогрей пассажирское сиденье,seat_heater_set,"{""seat"": ""passenger""}"
Охлади заднего пассажира сиденье на максимум,seat_vent_set,"{""seat"": ""rear"", ""level"": ""max""}"
Как выключить обогрев стекла? Он жрёт батарею.,defrost_set,
Полностью открой панорамный люк,sunroof_set,"{""position_percent"": 100, ""type"": ""panoramic""}"
Пожалуйста закрой люк сейчас,sunroof_close,
"Поставь мой плейлист дороги, чтобы ехать с настроением",play_music,"{""playlist"": ""дороги""}"
"На секунду поставь музыку на паузу, мне нужно переговорить",media_pause,
"Следующая песня, быстро",next_track,
"Верни назад трек, который только что играл",previous_track,
"Сделай погромче, на семнадцать",volume_set,"{""level"": 17}"
Опусти левое переднее окно наполовину,window_set,"{""side"": ""левое переднее"", ""position"": ""50%""}"
Сделай температуру двадцать градусов,ac_set,"{""temperature"": ""20""}"
Поставь режим вентиляции на рециркуляцию,ac_mode_set,"{""mode"": ""рециркуляция""}"
Максимальная мощность вентилятора!,ac_fan_set,"{""level"": ""max""}"
Подогрей водительское сиденье на минимум,seat_heater_set,"{""seat"": ""водительское"", ""level"": ""низкий""}"
Выключи обогрев задних сидений,seat_heater_set,"{""seat"": ""задние"", ""level"": ""off""}"
Включи охлаждение переднего пассажира,seat_vent_set,"{""seat"": ""передний пассажир"", ""state"": ""on""}"
Разморозь лобовое стекло,defrost_set,"{""target"": ""лобовое"", ""state"": ""on""}"
Открой люк на пару сантиметров,sunroof_set,"{""position"": ""несколько сантиметров""}"
Закрой люк пожалуйста,sunroof_close,
Пусти джаз,play_music,"{""genre"": ""джаз""}"
Включи плейлист Утро из телефона,play_music,"{""playlist"": ""Утро"", ""source"": ""телефон""}"
Верни предыдущее,previous_track,
"Громче, пожалуйста",volume_change,"{""direction"": ""up""}"
Сделай звук 15,volume_set,"{""level"": ""15""}"
Выкл звук,volume_mute_set,"{""mute"": ""true""}"
Переход на радио,media_source_set,"{""source"": ""радио""}"
Перемешай треки,media_shuffle_set,"{""state"": ""on""}"
Поставь станцию 101.5 FM,radio_set_station,"{""frequency"": ""101.5"", ""band"": ""FM""}"
Навигация до ближайшей заправки,nav_start,"{""destination"": ""ближайшая заправка""}"
"Проклади маршрут к улице Ленина 12, подъезд 3, этаж четыре — как быстрее?",nav_start,"{""address"": ""улица Ленина 12""}"
Набери 8 912 345 67 89,call_start,"{""number"": ""89123456789""}"
Подними трубку,call_answer,
Закончи разговор,call_hangup,
Протри стекло омывателем,wipers_set,"{""action"": ""wash""}"
Режим дождя включи,rain_set,
Привет,chitchat,
Сколько километров у нас осталось?,chitchat,
"Не ту песню, переключай на следующую",next_track,
Можно назад?,previous_track,
Убавь немного,volume_change,"{""direction"": ""down""}"
Сделай громкость на пятьдесят процентов,volume_set,"{""level"": ""50%""}"
Слушай через Bluetooth,media_source_set,"{""source"": ""Bluetooth""}"
Настрой на волну 73.2,radio_set_station,"{""frequency"": ""73.2""}"
"Приоткрой люк, чтобы не задувало, сантиметров на три",sunroof_set,"{""position"": ""3cm""}"
Полностью закрой панорамную крышу,sunroof_close,"{""target"": ""панорамная крыша""}"
Приоткрой передние окна,window_set,"{""side"": ""передние"", ""position"": ""частично""}"
"Можно включить обдув стекла, там лед",defrost_set,"{""target"": ""лобовое"", ""reason"": ""лед""}"
Сделай подогрев пассажира на три деления,seat_heater_set,"{""seat"": ""пассажирское"", ""level"": ""3""}"
Охлаждение сиденья,seat_vent_set,
"Прожектора выключи, включи только габариты",headlights_set,"{""mode"": ""габариты""}"
Включи дворники на интервал,wipers_set,"{""mode"": ""intermittent""}"
Открой левое переднее окно,window_set,"{""side"": ""front_left""}"
Пожалуйста приоткрой окно сзади,window_set,"{""side"": ""rear"", ""position"": ""slightly_open""}"
Опусти передние стекла полностью,window_set,"{""side"": ""front"", ""position"": ""down""}"
Подними заднее правое,window_set,"{""side"": ""rear_right"", ""position"": ""up""}"
Установи климат на двадцать два градуса,ac_set,"{""temperature"": 22}"
"Сделай прохладу, пожалуйста",ac_set,
Отключи климат-контроль,ac_off,
"Авто режим климата, включи",ac_mode_set,"{""mode"": ""auto""}"
Уменьши вентилятор,ac_fan_set,"{""direction"": ""down""}"
Вентилятор на третью скорость,ac_fan_set,"{""level"": 3}"
"Тихо, уменьшить обдув в салоне",ac_fan_set,
Подогрев сиденья водителя включи,seat_heater_set,"{""seat"": ""driver"", ""state"": ""on""}"
Сделай тёплым пассажирское кресло,seat_heater_set,"{""seat"": ""passenger"", ""state"": ""on""}"
Снизь нагрев заднего левого сиденья,seat_heater_set,"{""seat"": ""rear_left"", ""action"": ""decrease""}"
Отопление кресла на ноль,seat_heater_set,"{""level"": 0}"
Включи вентиляцию сидений,seat_vent_set,
"Включи обогрев лобового стекла, пожалуйста",defrost_set,"{""target"": ""front""}"
"Убери запотевание, включи обдув стекол",defrost_set,
Приоткрой панорамную крышу на щель,sunroof_set,"{""position"": ""tilt""}"
Закрой люк полностью,sunroof_close,"{""position"": ""closed""}"
Поставь музыку,play_music,
Включи плейлист для дороги,play_music,
Убавь звук,volume_change,"{""direction"": ""down""}"
Сделай звук двадцать процентов,volume_set,"{""percent"": 20}"
Поменяй источник на USB,media_source_set,"{""source"": ""USB""}"
Наставь радио на станцию 101.2,radio_set_station,"{""frequency"": 101.2}"
Построй маршрут до офиса и проложи оптимальный путь с учётом пробок,nav_start,"{""destination"": ""офис""}"
Принять звонок,call_answer,
Переключись на дальний,high_beam_set,
Поставь дворники на интервал,wipers_set,"{""mode"": ""intermittent""}"
"Авто-дождь, включи сенсор",rain_set,"{""state"": ""on""}"
Отключи режим дождя,rain_set,"{""state"": ""off""}"
"Открой левое переднее окно на половину, хочется вдохнуть холодный воздух рассвета",window_set,"{""side"": ""левое переднее"", ""position"": ""50%""}"
Опусти заднее стекло,window_set,"{""side"": ""заднее"", ""action"": ""опустить""}"
Проветри салон — морозный воздух чувствуется с улицы,window_set,
Правое стекло вниз,window_set,"{""side"": ""правое"", ""action"": ""опустить""}"
Сдвинь люк наполовину,sunroof_set,"{""position"": ""50%""}"
"Открой люк, хочу почувствовать свежесть зимнего утра",sunroof_set,
Выключи климат-контроль — мне холодно не очень,ac_off,
Сделай холоднее на два градуса,ac_set,"{""delta"": ""-2""}"
"Сделай теплее, пожалуйста",ac_set,
Включи обдув на лобовое стекло — видно снаружи мало,defrost_set,"{""target"": ""лобовое"", ""action"": ""включить""}"
"Обдув заднего стекла включи, видно плохо",defrost_set,"{""target"": ""заднее"", ""action"": ""включить""}"
Поставь вентилятор на три,ac_fan_set,"{""level"": ""3""}"
Максимальная турбина вентиляции сейчас,ac_fan_set,"{""level"": ""max""}"
"Подогрей сиденье водителя на максимум, руки мерзнут",seat_heater_set,"{""side"": ""водителя"", ""level"": ""max""}"
Нагрей пассажирское кресло на две ступени,seat_heater_set,"{""side"": ""пассажирское"", ""level"": ""2""}"
Включи вентиляцию кресла,seat_vent_set,
"Отключи вентиляцию сиденья, пожалуйста",seat_vent_set,"{""action"": ""выключить""}"
"Подогрев руля включи, руки ледяные",wheel_heater_set,"{""action"": ""включить""}"
"Фары включи, на улице сумерки",headlights_set,"{""state"": ""on""}"
Выключи фары сейчас,headlights_set,"{""state"": ""off""}"
Вернись на ближний свет,high_beam_set,"{""state"": ""off""}"
Дворники на медленную скорость,wipers_set,"{""speed"": ""slow""}"
Режим дождь для щёток включи,rain_set,"{""mode"": ""rain""}"
Автоматический режим дождя пожалуйста,rain_set,"{""mode"": ""auto""}"
Поставь радио как источник,media_source_set,"{""source"": ""radio""}"
"Настрой станцию на 101.3 FM, если можно быстро",radio_set_station,"{""frequency"": ""101.3""}"
Переключись на мой плейлист из телефона,media_source_set,"{""source"": ""playlist""}"
Верни предыдущую песню,previous_track,
Стоп музыку прямо сейчас,stop_music,
"Повтори трек, что только что играл",media_repeat_set,"{""mode"": ""track""}"
Включи режим перемешивания песен,media_shuffle_set,"{""state"": ""on""}"
Добавь громкость чуть-чуть,volume_change,
Убавь звук на три деления,volume_change,"{""delta"": ""-3""}"
Громкость семь,volume_set,"{""level"": ""7""}"
Выключи звук (mute) — нужно сосредоточиться,volume_mute_set,"{""state"": ""mute""}"
"Отвози меня домой, сразу на самый короткий маршрут",nav_start,"{""destination"": ""дом""}"
"Прокладывай маршрут в офис, по возможности без пробок",nav_start,"{""destination"": ""офис""}"
"Отмени текущую навигацию, пожалуйста",nav_cancel,
Позвони маме срочно,call_start,"{""contact"": ""мама""}"
"Ответь на звонок, не откладывай",call_answer,
"Заверши разговор, положи трубку",call_hangup,
"Настрой радио на Шансон, если он в памяти",radio_set,"{""preset"": ""Шансон""}"
"Следующая дорожка, да побыстрее",next_track,
"Немного тише, пожалуйста",volume_change,"{""delta"": ""-1""}"
"Сделай громче до шестерки, мне нужно слышать навигацию",volume_set,"{""level"": ""6""}"
"Проиграй то, что у меня в телефоне — ставь сначала",play_music,
"Убери музыку, нужно сосредоточиться на дороге и запахах улицы",stop_music,
"Найди ближайшую заправку и построй туда маршрут, мне не по пути отклоняться",nav_start,"{""destination"": ""заправка""}"
"Ненавязчиво: как самочувствие у меня, холодно ли мне?",chitchat,
Открой правое переднее окно,window_set,"{""window"": ""правое переднее"", ""action"": ""open""}"
Приоткрой окно наполовину,window_set,"{""position"": ""50%"", ""action"": ""partial_open""}"
"Пожалуйста, включи кондиционер",ac_set,
Установи кондиционер на двадцать два градуса,ac_set,"{""temperature"": 22}"
Поставь обдув на ноги и лицо,ac_mode_set,"{""mode"": ""ноги_и_лицо""}"
"Уменьши скорость вентилятора, пожалуйста",ac_fan_set,"{""action"": ""decrease""}"
Повысь вентилятор на вторую ступень,ac_fan_set,"{""level"": 2}"
Подогрей сиденье водителя,seat_heater_set,"{""seat"": ""водителя"", ""state"": ""on""}"
Включи вентилируемые сиденья,seat_vent_set,"{""state"": ""on""}"
Выключи подогрев пассажира,seat_heater_set,"{""seat"": ""пассажира"", ""state"": ""off""}"
Закрой люк сейчас,sunroof_close,
Приподними люк на пару сантиметров,sunroof_set,"{""position"": ""несколько сантиметров""}"
Проиграй музыку,play_music,
Поставь громкость на сорок процентов,volume_set,"{""level"": ""40%""}"
Сменить источник на радио,media_source_set,"{""source"": ""radio""}"
Хаотично проигрывай песни,media_shuffle_set,"{""state"": ""on""}"
Поставь радиостанцию на Европа ФМ,radio_set_station,"{""station"": ""Европа ФМ""}"
"Мне нужно добраться до аэропорта, проложи самый быстрый маршрут с учётом пробок и платных дорог",nav_start,"{""destination"": ""аэропорт"", ""preferences"": ""учёт пробок и платных дорог""}"
Построй маршрут на рабочий адрес,nav_start,"{""destination"": ""работа""}"
Позвони Марии,call_start,"{""contact"": ""Мария""}"
Переключи дворники на интервальный режим,wipers_set,"{""mode"": ""intermittent""}"
Настрой радио на 88.7,radio_set_station,"{""frequency"": ""88.7""}"
Включи повтор для альбома,media_repeat_set,"{""type"": ""album"", ""state"": ""on""}"
Перемешай треки в плейлисте,media_shuffle_set,"{""state"": ""on""}"
Проиграй мою подборку в Spotify «Вечерний джаз»,play_music,"{""source"": ""Spotify"", ""playlist"": ""Вечерний джаз""}"
"Можно чуть прибавить звук, пожалуйста?",volume_change,"{""direction"": ""up"", ""amount"": ""small""}"
"Следующая песня, пожалуйста",next_track,
Можно выключить музыку через пять минут?,stop_music,"{""delay"": ""5 минут""}"
"Мне холодно, сделай температуру чуть выше",ac_set,"{""action"": ""increase_temperature""}"
Включи приточную вентиляцию свежим воздухом,ac_mode_set,"{""mode"": ""приточная_вентиляция""}"
Как погода сегодня?,chitchat,
Закрой окно,window_set,
Приоткрыть стекло заднее,window_set,"{""window"": ""rear""}"
Все окна вверх,window_set,"{""windows"": ""all"", ""position"": ""up""}"
Подними правое заднее стекло полностью,window_set,"{""window"": ""right_rear"", ""position"": ""up""}"
Холодно — включи печку на сиденье водителя,seat_heater_set,"{""seat"": ""driver"", ""state"": ""on""}"
Выключи обдув кондиционирования,ac_off,
Понизь температуру на два градуса,ac_set,"{""delta"": ""-2""}"
Включи рециркуляцию и прохладу,ac_mode_set,"{""mode"": ""recirculation""}"
"Вентилятор на максимум, пожалуйста",ac_fan_set,"{""speed"": ""max""}"
Поставь режим обдува на стекло и ноги,ac_mode_set,"{""mode"": ""windshield_and_feet""}"
Выключи кондиционер срочно,ac_off,
Закрой крыша немедленно,sunroof_close,
Прикрой солнце на четверть,sunroof_set,"{""position"": ""25%""}"
Включи обдув стекла — запотело,defrost_set,"{""state"": ""on""}"
Антизапотевание на максимум,defrost_set,"{""level"": ""max""}"
"Двор грязный, подними дворники",wipers_set,
Автоопределение дождя включи,rain_set,"{""state"": ""on""}"
Фары включить,headlights_set,"{""state"": ""on""}"
"Выключи дальний, мешает встречный свет",high_beam_set,"{""state"": ""off""}"
Глуши музыку,stop_music,
Поставь паузу,media_pause,
Громкость потише,volume_change,"{""direction"": ""down""}"
Сделай громкость пять,volume_set,"{""level"": ""5""}"
Поставь станцию 101.2 FM,radio_set_station,"{""station"": ""101.2""}"
Переход на USB источник музыки,media_source_set,"{""source"": ""USB""}"
Включи режим повторять альбом,media_repeat_set,"{""mode"": ""album""}"
"Навигируй домой, быстрее, пожалуйста — нужно свернуть через двор",nav_start,"{""destination"": ""home""}"
Отмени маршрут и покажи двор,nav_cancel,
Позвонить жене,call_start,"{""contact"": ""жена""}"
"Повесь трубку, не отвечает",call_hangup,
"Погромче музыку, чтобы заглушить шум улицы",volume_change,"{""direction"": ""up""}"
"Поставь следующую песню, шум раздражает",next_track,
Выключи музыку и включи радио — пусть меньше ритма,media_source_set,"{""source"": ""radio""}"
"Включи случайное воспроизведение, пусть будет разное",media_shuffle_set,"{""state"": ""on""}"
Сделай громче до 12,volume_set,"{""level"": ""12""}"
Приглуши звук — сейчас надо слушать бип поворота,volume_change,"{""direction"": ""down""}"
Поднять стекло пассажира,window_set,"{""window"": ""passenger_front""}"
"Закрой люк, мокро падает сверху",sunroof_close,
"Включи обогрев заднего стекла, льётся слякоть",defrost_set,"{""target"": ""rear"", ""state"": ""on""}"
"Пожалуйста, включи очистку стекла ото льда",defrost_set,"{""action"": ""clear_ice""}"
Подогрей сиденье пассажира на уровень два,seat_heater_set,"{""seat"": ""passenger"", ""level"": 2}"
Вентилятор помедленнее — слышно скрип,ac_fan_set,"{""speed"": ""low""}"
Автоматический дворник вкл.,rain_set,"{""state"": ""auto""}"
"Тусклый свет включи, чтобы не слепить людей во дворе",headlights_set,"{""mode"": ""low_beam""}"
"Нажми следующую песню, надо убрать раздражение от дороги и луж",next_track,
"Не переключай, оставь эту песню",play_music,
Какая сейчас станция?,radio_set,
"Ладно, достаточно разговоров, тише музыку",volume_change,"{""direction"": ""down""}"
"Чёрт, этот шум двора бесит",chitchat,
Быстро сверни во двор и выключи музыку — отвлекает,nav_start,"{""destination"": ""yard""}"
"Можно без музыки, просто навигируй по дворам и скажи, когда поворачивать?",nav_start,"{""destination"": ""yard"", ""voice_guidance"": ""yes""}"
Тише,volume_change,
Убавь громкость на три деления,volume_change,"{""steps"": 3}"
На половину громкости,volume_set,"{""percent"": 50}"
Выключи музыку,stop_music,
Пропусти эту песню,next_track,
Включи FM 102.5,radio_set_station,"{""frequency"": ""102.5""}"
Поставь Ретро FM,radio_set_station,"{""station"": ""Ретро FM""}"
Сменить источник на Bluetooth,media_source_set,"{""source"": ""Bluetooth""}"
"Выключи климат-контроль, пусть будет тишина",ac_off,
Перемешать песни,media_shuffle_set,
Включи навигацию домой,nav_start,"{""destination"": ""домой""}"
Отмени маршрут — сейчас не нужно,nav_cancel,
"Замолчи навигатор, он путался в тоннеле",nav_cancel,
Позвони Ирине,call_start,"{""contact"": ""Ирина""}"
Отключи дальний свет,high_beam_set,"{""state"": ""off""}"
Дворники на среднюю,wipers_set,"{""speed"": ""medium""}"
Нагрей руль,wheel_heater_set,
Подогрей сиденье водителя на три,seat_heater_set,"{""seat"": ""driver"", ""level"": 3}"
Снять подогрев с пассажирского сиденья,seat_heater_set,"{""seat"": ""passenger"", ""state"": ""off""}"
Охлади сиденье,seat_vent_set,
Режим обдува на рециркуляцию,ac_mode_set,"{""mode"": ""recirculation""}"
Оттайка лобового стекла,defrost_set,"{""target"": ""front""}"
"Подожди, включи обдув стекол",defrost_set,
Приоткрой на вентиляцию,sunroof_set,"{""position"": ""vent""}"
Пусти музыку спокойную,play_music,"{""mood"": ""спокойная""}"
Воспроизведи что-нибудь без слов,play_music,"{""vocals"": ""no""}"
Останови проигрывание,stop_music,
Опусти переднее правое окно,window_set,"{""window"": ""переднее правое""}"
Предыдущая композиция,previous_track,
Убавь на семь,volume_change,"{""amount"": 7}"
Сделай громкость 15 процентов,volume_set,"{""percent"": 15}"
Полный ноль звука,volume_mute_set,
Поменяй источник на радио,media_source_set,"{""source"": ""radio""}"
Повысь скорость вентилятора на два шага,ac_fan_set,"{""steps"": 2}"
Лучше молчание — отключи музыку,stop_music,
"Навигатор говорит дрянь в туннеле, перестань",nav_cancel,
"Не мешай, я устал слушать",chitchat,
На парковку веди меня,nav_start,"{""destination"": ""парковка""}"
Отмени навигацию до аэропорта,nav_cancel,"{""destination"": ""аэропорт""}"
Включи обогрев задних сидений на максимум,seat_heater_set,"{""seat"": ""rear"", ""level"": ""max""}"
Включи кондиционер на 22 градуса,ac_set,"{""temperature"": 22}"
Включи что-нибудь бодрое,play_music,"{""mood"": ""бодрое""}"
Убавь громкость на два,volume_change,"{""delta"": 2}"
"Отключи повтор, пожалуйста",media_repeat_set,"{""state"": ""off""}"
Включи перемешивание треков,media_shuffle_set,"{""state"": ""on""}"
Выключи shuffle,media_shuffle_set,"{""state"": ""off""}"
Авторадио на волне,radio_set_station,"{""station"": ""Авторадио""}"
Включи FM 101.2,radio_set_station,"{""band"": ""FM"", ""frequency"": ""101.2""}"
Позвони жене,call_start,"{""contact"": ""жена""}"
Задние дворники включи,wipers_set,"{""side"": ""rear"", ""state"": ""on""}"
Включи дождевые датчики,rain_set,"{""state"": ""on""}"
Опусти переднее стекло наполовину,window_set,"{""side"": ""front"", ""position"": ""50%""}"
Подними заднее стекло,window_set,"{""side"": ""rear"", ""position"": ""up""}"
Проветри салон слегка,window_set,"{""position"": ""ventilate""}"
Приоткрой окно водителя на пару сантиметров,window_set,"{""side"": ""driver"", ""position"": ""slightly_open""}"
"Холоднее, пожалуйста",ac_set,"{""adjust"": ""cooler""}"
Охлади салон до 18,ac_set,"{""degrees"": 18}"
Переключи на рециркуляцию воздуха,ac_mode_set,"{""mode"": ""recirculation""}"
Режим обдува: ноги и торс,ac_mode_set,"{""mode"": ""feet_and_body""}"
Убавь вентилятор,ac_fan_set,"{""adjust"": ""down""}"
Включи вентилятор на третью скорость,ac_fan_set,"{""level"": 3}"
Включи подогрев водительского сиденья на максимум,seat_heater_set,"{""side"": ""driver"", ""level"": ""high""}"
Вентиляция сидений — слабая,seat_vent_set,"{""level"": ""low""}"
Включи вентиляцию задних кресел,seat_vent_set,"{""side"": ""rear"", ""state"": ""on""}"
Разморозь лобовое стекло немедленно,defrost_set,"{""target"": ""front"", ""state"": ""on""}"
"Расскажи анекдот, чтобы взбодриться",chitchat,
Сколько времени сейчас?,chitchat,
Ты знаешь путь до ближайшей заправки?,chitchat,
Напомни мне позже об этой остановке,chitchat,
"Найди кафе по пути, где можно остановиться на кофе и размять ноги",nav_start,"{""destination"": ""кафе"", ""purpose"": ""кофе""}"
Приоткрой заднее правое окно,window_set,"{""side"": ""rear_right"", ""position"": ""slightly_open""}"
Опусти стекло водителя,window_set,"{""side"": ""driver"", ""action"": ""lower""}"
Выключи кондиционер полностью,ac_off,
Поставь температуру двадцать два градуса,ac_set,"{""temperature_c"": 22}"
Установи климат на 19,ac_set,"{""temperature_c"": 19}"
Убавь скорость вентилятора до двух,ac_fan_set,"{""level"": 2}"
Включи автоматический режим климата,ac_mode_set,"{""mode"": ""auto""}"
Подогрей пассажирское сиденье на второй уровень,seat_heater_set,"{""seat"": ""passenger"", ""level"": 2}"
Включи вентиляцию в сиденье водителя,seat_vent_set,"{""seat"": ""driver"", ""state"": ""on""}"
Выключи подогрев задних кресел,seat_heater_set,"{""seat"": ""rear"", ""level"": 0}"
Максимум вентиляции сидения,seat_vent_set,"{""level"": ""max""}"
Включи обдув стекол,defrost_set,"{""state"": ""on""}"
Разморозь лобовое стекло полностью,defrost_set,"{""target"": ""front"", ""intensity"": ""max""}"
Наклони люк на вентиляцию,sunroof_set,"{""state"": ""tilt""}"
Поставь воспроизведение на паузу,media_pause,
Убавь громкость на три,volume_change,"{""delta"": -3}"
Сделай звук двенадцать,volume_set,"{""level"": 12}"
Повтори альбом,media_repeat_set,"{""mode"": ""album""}"
Включи режим перемешивания,media_shuffle_set,"{""state"": ""on""}"
Поставь FM 90.9,radio_set_station,"{""band"": ""FM"", ""frequency"": ""90.9""}"
Найди станцию 101.2 AM,radio_set_station,"{""band"": ""AM"", ""frequency"": ""101.2""}"
Поехали домой,nav_start,"{""destination"": ""home""}"
Позвонить маме,call_start,"{""contact"": ""мама""}"
Отключи ближний свет,headlights_set,"{""state"": ""off""}"
Включи дворники в режиме интервал,wipers_set,"{""mode"": ""intermittent""}"
Активируй дождевой режим,rain_set,"{""state"": ""on""}"
Увеличь скорость дворников,wipers_set,"{""action"": ""increase""}"
Как тебе погода за окном?,chitchat,
Сколько километров до города?,chitchat,
"Пожалуйста, добавь громкость немного",volume_change,"{""direction"": ""up"", ""magnitude"": ""small""}"
Пауза на секундочку,media_pause,
Запусти следующую песню,next_track,
Повторять текущий трек,media_repeat_set,"{""mode"": ""track""}"
Перемешай плейлист утро,media_shuffle_set,"{""playlist"": ""утро""}"
Навигируй на улицу Лесную 12 и учти пробки,nav_start,"{""address"": ""улица Лесная 12"", ""consider_traffic"": true}"
Сбрось настройки климата в авто,ac_mode_set,"{""action"": ""reset""}"
Закрой все стекла,window_set,"{""window"": ""all"", ""action"": ""close""}"
Приоткрой заднее правое наполовину,window_set,"{""window"": ""rear_right"", ""position_percent"": 50}"
Подними все окна,window_set,"{""window"": ""all"", ""action"": ""up""}"
"Выключи климат-контроль, пожалуйста",ac_off,
Сделай температуру на двадцать два градуса,ac_set,"{""temperature"": 22}"
Уменьши обороты вентилятора до двух,ac_fan_set,"{""level"": 2}"
Отключи обдув,ac_fan_set,"{""level"": 0}"
Нагрей водительское кресло на максимум,seat_heater_set,"{""seat"": ""driver"", ""level"": ""max""}"
Включи вентиляцию для заднего пассажира,seat_vent_set,"{""seat"": ""rear"", ""state"": ""on""}"
Сделай подогрев пассажира на единицу,seat_heater_set,"{""seat"": ""passenger"", ""level"": 1}"
Отключи вентиляцию сидений,seat_vent_set,"{""state"": ""off""}"
Выключи обдув заднего стекла,defrost_set,"{""target"": ""rear"", ""state"": ""off""}"
"Открой панорамный люк полностью, пожалуйста",sunroof_set,"{""position_percent"": 100}"
Добавь громкость на три деления,volume_change,"{""delta"": 3}"
Сделай уровень звука двадцать,volume_set,"{""level"": 20}"
Отключи повтор,media_repeat_set,"{""state"": ""off""}"
Включи перемешивание воспроизведения,media_shuffle_set,"{""state"": ""on""}"
Переключи радио на FM,radio_set,"{""band"": ""FM""}"
Настройся на 101.3,radio_set_station,"{""frequency"": 101.3, ""band"": ""FM""}"
Станция Европа Плюс,radio_set_station,"{""station"": ""Европа Плюс""}"
Проклади маршрут до ближайшей АЗС,nav_start,"{""destination"": ""АЗС""}"
Какой сегодня трафик?,chitchat,
Ты умеешь шутить?,chitchat,
Не могли бы вы открыть окно водителя наполовину? Спасибо.,window_set,"{""window"": ""front_left"", ""position_percent"": 50, ""polite"": true}"
"Приоткрой люк для проветривания, чуть-чуть",sunroof_set,"{""action"": ""tilt"", ""amount"": ""slight""}"
"Прокладывай маршрут в центр города, избегая платных дорог и пробок, как можно быстрее",nav_start,"{""destination"": ""центр города"", ""avoid"": [""tolls"", ""traffic""]}"
"Включи что-нибудь спокойное, музыку для релаксации",play_music,"{""mood"": ""relaxing""}"
"Добавь громкости до половины, но не слишком громко",volume_set,"{""level_percent"": 50}"
Найдись ближайшая станция техобслуживания и проложи туда маршрут,nav_start,"{""destination"": ""СТО"", ""nearest"": true}"
"Приоткрой окно сзади, пожалуйста",window_set,"{""side"": ""rear"", ""state"": ""ajar""}"
Закрой переднее окно,window_set,"{""side"": ""front"", ""state"": ""closed""}"
Подними окно пассажира,window_set,"{""side"": ""passenger"", ""action"": ""raise""}"
Давай поднимем стекла,window_set,"{""which"": ""all"", ""action"": ""raise""}"
Сделай потеплее в салоне,ac_set,"{""direction"": ""warmer""}"
Охлади до восемнадцати градусов,ac_set,"{""temperature"": 18}"
Выключи климат-контроль полностью,ac_off,"{""mode"": ""full""}"
Убавь обдув,ac_fan_set,"{""direction"": ""decrease""}"
Вентилятор на четыре,ac_fan_set,"{""level"": 4}"
Выключи обогрев задней правой сидушки,seat_heater_set,"{""seat"": ""rear_right"", ""state"": ""off""}"
Нагрей моё кресло на максимум,seat_heater_set,"{""seat"": ""driver"", ""level"": ""max""}"
Охлади пассажирское кресло,seat_vent_set,"{""seat"": ""passenger"", ""state"": ""on""}"
Оттаивание лобового стекла,defrost_set,"{""which"": ""front"", ""state"": ""on""}"
Нужен обогрев заднего стекла,defrost_set,"{""which"": ""rear"", ""state"": ""on""}"
Закрой шторку,sunroof_close,"{""target"": ""shade"", ""action"": ""close""}"
Приоткрой панорамную крышу на пару сантиметров,sunroof_set,"{""position"": ""ajar""}"
Поставь громче,volume_change,"{""direction"": ""up""}"
Настрой на частоту 105.5 FM,radio_set_station,"{""frequency"": ""105.5"", ""band"": ""FM""}"
Перейти на УКВ,radio_set,"{""band"": ""UKV""}"
Позвони мужу,call_start,"{""contact"": ""husband""}"
Дальний свет,high_beam_set,"{""state"": ""on""}"
Авто-дождь включи,rain_set,"{""state"": ""on""}"
Шутку расскажи,chitchat,
Как погода за окном?,chitchat,
Мне скучно,chitchat,
Скажи что-нибудь приятное,chitchat,
Проклади маршрут до ближайшей заправки,nav_start,"{""destination"": ""gas station""}"
Опусти стекло пассажира,window_set,"{""window"": ""front_right"", ""position"": ""down""}"
Подними левое заднее,window_set,"{""window"": ""rear_left"", ""position"": ""up""}"
Проветри салон,ac_set,
Сделай потеплее до двадцати трёх градусов,ac_set,"{""temperature"": ""23""}"
Снизь температуру на три градуса,ac_set,"{""delta"": ""-3""}"
Поставь климат на автомат,ac_mode_set,"{""mode"": ""auto""}"
"Максимальная скорость вентилятора, пожалуйста",ac_fan_set,"{""level"": ""max""}"
"Перегрев сиденья, включи подогрев на максимум",seat_heater_set,"{""seat"": ""unknown"", ""level"": ""max""}"
Включи подогрев водительского сиденья на два,seat_heater_set,"{""seat"": ""front_left"", ""level"": ""2""}"
Остывать не хочу — выключи вентиляцию кресел,seat_vent_set,"{""seat"": ""all"", ""state"": ""off""}"
Подайте свежего воздуха в кресла — вентиляция средняя,seat_vent_set,"{""seat"": ""front_both"", ""level"": ""medium""}"
Включи обдув заднего стекла,defrost_set,"{""window"": ""rear"", ""state"": ""on""}"
Приподними шторку люка на щелчок,sunroof_set,"{""position"": ""tilt""}"
Включи последние треки,play_music,
Следующая композиця,next_track,
Уменьши громкость на три деления,volume_change,"{""delta"": ""-3""}"
Сделай громкость семь,volume_set,"{""level"": ""7""}"
Перемешай песни,media_shuffle_set,"{""state"": ""on""}"
Настрой FM на сто одну точка два,radio_set_station,"{""band"": ""FM"", ""frequency"": ""101.2""}"
Прокладывай маршрут до дома на навигации,nav_start,"{""destination"": ""home""}"
"Отменить маршрут, пожалуйста",nav_cancel,
Повесить трубку,call_hangup,
Фары в автомат,headlights_set,"{""mode"": ""auto""}"
Дворники помедленнее,wipers_set,"{""speed"": ""low""}"
А ты кто?,chitchat,
Что ты умеешь делать в этой машине? Расскажи коротко,chitchat,
"Прими вызов, если удобно",call_answer,
"Поверни громкость чуть ниже, у малыша спит",volume_change,"{""reason"": ""baby_sleep"", ""change"": ""down""}"
"Пожалуйста, найди ближайшую заправку и проложи маршрут пешком туда",nav_start,"{""destination"": ""nearest_gas_station"", ""route_type"": ""walking""}"
Переключайся на предыдущую станцию в эфире,radio_set,"{""action"": ""previous""}"
Останови музыку и молчи пару минут,stop_music,
"Сделай кулер слабее и выключи рециркуляцию, я открыл окно",ac_set,"{""recirculation"": ""off"", ""fan"": ""lower""}"
"Пожалуйста, включи подогрев задних сидений на низкий режим для пассажиров",seat_heater_set,"{""seat"": ""rear"", ""level"": ""low""}"
"Не мешай, отключи перемешивание плейлиста",media_shuffle_set,"{""state"": ""off""}"
Найди радиостанцию с роком и поймай сильный сигнал 99.8 если есть,radio_set_station,"{""genre"": ""rock"", ""frequency"": ""99.8""}"
Можно прибавить громкость до двадцати?,volume_set,"{""level"": ""20""}"
Опусти переднее правое стекло наполовину,window_set,"{""position"": ""front_right"", ""percent"": 50}"
Подними все стекла,window_set,"{""position"": ""all"", ""direction"": ""up""}"
Опусти заднее левое окно,window_set,"{""position"": ""rear_left"", ""direction"": ""down""}"
Закрой стекла,window_set,"{""position"": ""all"", ""action"": ""close""}"
"Мне жарко в машине, пожалуйста, установи кондиционер на двадцать один градус",ac_set,"{""temperature"": 21}"
Понизь температуру до 18,ac_set,"{""temperature"": 18}"
Сделай на два градуса прохладнее,ac_set,"{""delta"": 2, ""unit"": ""degrees""}"
Включи кондиционер на максимум,ac_set,"{""level"": ""max""}"
Расскажи шутку,chitchat,
Кондиционер выкл,ac_off,
Включи рециркуляцию,ac_mode_set,
Поставь обдув в ноги,ac_mode_set,"{""mode"": ""feet""}"
Включи авто режим,ac_mode_set,"{""mode"": ""auto""}"
Поставь вентилятор на третью скорость,ac_fan_set,"{""level"": 3}"
Активируй датчик дождя,rain_set,"{""state"": ""on""}"
Снизь подогрев пассажирского сиденья на один уровень,seat_heater_set,"{""position"": ""passenger"", ""delta"": 1}"
Выключи подогрев задних сидений,seat_heater_set,"{""position"": ""rear"", ""state"": ""off""}"
Подогрев на два уровня,seat_heater_set,"{""level"": 2}"
Включи вентиляцию сиденья водителя,seat_vent_set,"{""position"": ""driver"", ""state"": ""on""}"
Выключи вентиляцию сидений,seat_vent_set,"{""state"": ""off""}"
Включи обогрев переднего стекла,defrost_set,"{""position"": ""front"", ""state"": ""on""}"
Отмени дефрост,defrost_set,"{""state"": ""off""}"
"Сдвинь люк назад на треть, пожалуйста, хочу чтобы в салон поступал свежий воздух",sunroof_set,"{""direction"": ""back"", ""percent"": 33}"
"Включи джазовый канал и начни с альбома, который обычно ставишь по утрам",play_music,"{""genre"": ""джаз""}"
"Мне нужно что-то спокойное для долгой ночной поездки, включи похожие композиции",play_music,"{""mood"": ""спокойное""}"
Прерви трек,stop_music,
Пропусти песню,next_track,
"Добавь громкости на два деления, музыка слишком тихая из-за ветра",volume_change,"{""delta"": 2}"
Сколько километров до цели и во сколько примерно мы приедем с учётом пробок?,chitchat,
Переключи на радио,media_source_set,"{""source"": ""radio""}"
Включи Bluetooth,media_source_set,"{""source"": ""bluetooth""}"
Настрой радио на 101.2 FM,radio_set_station,"{""frequency"": ""101.2"", ""band"": ""FM""}"
"Проложи маршрут до дома, избегай платных дорог и объезжай крупные пробки",nav_start,"{""destination"": ""дом"", ""avoid"": ""tolls_and_traffic""}"
Подними правое окно полностью,window_set,"{""side"": ""right"", ""position"": ""100%""}"
Поменяй направление обдува на ноги,ac_mode_set,"{""mode"": ""feet""}"
"Мне немного жарко, понизь температуру на три градуса и включи кондиционер",ac_set,"{""delta_c"": -3}"
Сделай потише вентилятор на три деления,ac_fan_set,"{""delta"": -3}"
Отключи обогрев лобового стекла,defrost_set,"{""target"": ""front"", ""state"": ""off""}"
Приподними люк на двадцать процентов,sunroof_set,"{""mode"": ""tilt"", ""position"": ""20%""}"
Закрой панорамный люк немедленно,sunroof_close,
Добавь громкости на три,volume_change,"{""amount"": 3}"
Громкость 7,volume_set,"{""level"": 7}"
Заглуши звук,volume_mute_set,"{""mute"": true}"
Ставь повтор,media_repeat_set,"{""mode"": ""all""}"
Найди станцию 101.2 FM,radio_set_station,"{""frequency"": ""101.2""}"
Переключи на «Наше»,radio_set_station,"{""station_name"": ""Наше""}"
Проложи маршрут до Пушкина 10,nav_start,"{""destination"": ""Пушкина 10""}"
Наведись на ближайшую заправку,nav_start,"{""destination"": ""nearest_gas_station""}"
Дворники на средней скорости,wipers_set,"{""speed"": ""medium""}"
Автовключение дворников,rain_set,"{""state"": ""on""}"
Отключи датчик дождя,rain_set,"{""state"": ""off""}"
Подогрев рулевого колеса включи,wheel_heater_set,"{""state"": ""on""}"
Включи подогрев заднего левого сидения на максимум,seat_heater_set,"{""seat"": ""rear_left"", ""level"": ""max""}"
"На улице неприятно холодно, сделай подогрев водительского сиденья на три деления, пожалуйста",seat_heater_set,"{""seat"": ""driver"", ""level"": 3}"
Вентиляцию переднего правого убери,seat_vent_set,"{""seat"": ""front_right"", ""state"": ""off""}"
Разморозь лобовое и включи задний обогрев,defrost_set,"{""front"": ""on"", ""rear"": ""on""}"
"Включи, пожалуйста, плейлист «утро» из моей библиотеки и не переключайся на радио",play_music,"{""playlist"": ""утро""}"
Поставь радио на громкую трансляцию,radio_set,
"Следующая дорожка, и побыстрее",next_track,
Верни предыдущий трек пожалуйста,previous_track,
Случайно перемешай песни,media_shuffle_set,"{""state"": ""on""}"
Повтори одну композицию,media_repeat_set,"{""mode"": ""one""}"
Голосовой болтовня: как дела?,chitchat,
Какая погода за окном?,chitchat,
Помолчи,stop_music,
"Пожалуйста, убавь музыку — пассажир спит",volume_change,"{""delta"": ""-5""}"
"Сделай потише, не разбуди его",volume_change,"{""delta"": ""-7""}"
Понизь до двадцати процентов,volume_set,"{""percent"": 20}"
"Пожалуйста, без музыки пока едем по трассе",stop_music,
Стоп — музыку выключи,stop_music,
Поставь плейлист спокойной музыки,play_music,
"Следующий трек тихо, пожалуйста",next_track,
"Назад, предыдущая песня",previous_track,
Источник — Bluetooth,media_source_set,"{""source"": ""Bluetooth""}"
"Включи перемешивание, но пусть музыка не шумит",media_shuffle_set,"{""state"": true}"
"Повтор альбома, пожалуйста",media_repeat_set,"{""mode"": ""album""}"
Включи радио на 101.2 FM — голос тише,radio_set_station,"{""frequency"": ""101.2""}"
Найди местную радиостанцию,radio_set,
Переключись на FM101,radio_set_station,"{""frequency"": ""101.0""}"
Включи кондиционер на двадцать градусов — лобовое всё ещё в тумане,ac_set,"{""temperature"": 20}"
"Режим рециркуляции включи, пожалуйста",ac_mode_set,"{""mode"": ""recirculation""}"
Авто-режим климат-контроля,ac_mode_set,"{""mode"": ""auto""}"
Обдув повысь до максимума — стекла запотели,ac_fan_set,"{""speed"": ""max""}"
Уменьши вентилятор на один деление,ac_fan_set,"{""delta"": -1}"
"Включи обогрев лобового, быстро растает лед и пар",defrost_set,"{""target"": ""front"", ""state"": ""on""}"
Отопитель заднего стекла выключи,defrost_set,"{""target"": ""rear"", ""state"": ""off""}"
"Пожалуйста, включи обдув на лобовое на максимум",defrost_set,"{""target"": ""front"", ""level"": ""max""}"
"Открой переднее правое окно на сантиметр, нужно проветрить",window_set,"{""window"": ""переднее правое"", ""position"": ""1cm""}"
Закрой заднее левое,window_set,"{""window"": ""заднее левое"", ""state"": ""closed""}"
"Приоткрой пассажирское окно — чуть-чуть, чтобы не будить",window_set,"{""window"": ""пассажирское"", ""position"": ""slightly_open""}"
"Солнце светит, закрой люк полностью",sunroof_close,
Открой люк на щель для свежего воздуха,sunroof_set,"{""position"": ""vent""}"
Дождевые режим стеклоочистителей включи,rain_set,"{""state"": true}"
Включи дворники на интервальный режим,wipers_set,"{""mode"": ""intermittent""}"
"Увеличь скорость дворников, снег моросит",wipers_set,"{""speed"": ""high""}"
"Фары включи, дорога заснежена",headlights_set,"{""state"": ""on""}"
"Переключись на дальний, если можно",high_beam_set,"{""state"": ""auto""}"
"Подогрев руля включи, руки замерзли",wheel_heater_set,"{""state"": true}"
Подними подогрев водительского сиденья на вторую ступень,seat_heater_set,"{""seat"": ""водитель"", ""level"": 2}"
Охлади пассажирское кресло вентиляцией,seat_vent_set,"{""seat"": ""пассажир"", ""state"": ""on""}"
Подогрев заднего сиденья выключи,seat_heater_set,"{""seat"": ""заднее"", ""state"": ""off""}"
"Пожалуйста, включи вентиляцию сидений на минимум",seat_vent_set,"{""level"": ""low""}"
Навигатор: к ближайшей заправке по трассе,nav_start,"{""destination"": ""ближайшая заправка""}"
Построй маршрут в тишине до отеля,nav_start,"{""destination"": ""отель""}"
"Позвони жене, но громко не говори",call_start,"{""contact"": ""жена""}"
"Сбрось вызов, пожалуйста",call_hangup,
Включи повтор песни один раз,media_repeat_set,"{""mode"": ""one""}"
"Перемешай альбом, пусть будет немного разнообразия",media_shuffle_set,"{""state"": true}"
Сделай громче чуть-чуть,volume_change,"{""delta"": 2}"
Добавь громкость до семи,volume_set,"{""level"": 7}"
Заглуши звук немедленно,volume_mute_set,"{""mute"": true}"
Включи музыку с USB,media_source_set,"{""source"": ""USB""}"
Прервать навигацию,nav_cancel,
"Найди адрес дома — улица Пушкина, дом 10",nav_start,"{""destination"": ""улица Пушкина, дом 10""}"
"Не включай громко, пусть пассажир спит",chitchat,
"Сегодня на трассе снег, аккуратно",chitchat,
"Лобовое стекло постоянно запотевает, что посоветуешь?",chitchat,
Можно ли ехать быстрее по заснеженной дороге?,chitchat,
"Прошу без лишних звуков, пассажир уснул",chitchat,
Убавь голос ассистента,volume_change,"{""delta"": -4}"
Опусти заднее левое наполовину,window_set,"{""side"": ""rear_left"", ""position"": ""50%""}"
Поворачивай вентилятор на максимум,ac_fan_set,"{""level"": ""max""}"
Отключи климат,ac_off,
Установи температуру восемнадцать,ac_set,"{""temperature"": ""18""}"
"Поставь режим рециркуляции, пожалуйста",ac_mode_set,"{""mode"": ""recirculation""}"
Включи обогрев сиденья водителя на третьей ступени,seat_heater_set,"{""seat"": ""driver"", ""level"": ""3""}"
Охлади пассажирское сиденье,seat_vent_set,"{""seat"": ""front_passenger"", ""action"": ""on""}"
Подсуши задние стекла,defrost_set,"{""target"": ""rear"", ""action"": ""on""}"
Приоткрой люк,sunroof_set,"{""position"": ""tilt""}"
Поставь станцию FM 101.2,radio_set_station,"{""band"": ""FM"", ""station"": ""101.2""}"
Слушай джаз плейлист,play_music,"{""genre"": ""jazz""}"
Сбавь громкость до трёх,volume_set,"{""level"": ""3""}"
Выключи звук вообще,volume_mute_set,"{""mute"": ""true""}"
Случайный порядок,media_shuffle_set,"{""mode"": ""on""}"
Настрой радио на УКВ,radio_set,"{""band"": ""FM""}"
"Прокладывай маршрут до улицы Ленина, дом 10",nav_start,"{""destination"": ""ул. Ленина, 10""}"
Позвони Маше,call_start,"{""contact"": ""Маша""}"
Ответь на вызов,call_answer,
Автодождь включи,rain_set,"{""mode"": ""auto_on""}"
Ты меня слышишь?,chitchat,
"Мне холодно, можно сделать климат чуть потеплее, градусов на пару?",ac_set,"{""delta"": ""+2""}"
"Не оставляй, пожалуйста, окно заднее открытым, закрой его полностью",window_set,"{""target"": ""rear"", ""action"": ""close""}"
"Жарко, сбрось обогрев водительского сиденья на минимальный уровень",seat_heater_set,"{""seat"": ""driver"", ""level"": ""1""}"
"Запусти разморозку лобового стекла, видно плохо из-за инея",defrost_set,"{""target"": ""front"", ""action"": ""on""}"
"Открой крышу на сантиметров десять, хочу чуть приоткрыть для проветривания",sunroof_set,"{""position"": ""10cm""}"
Включи последний альбом Arctic Monkeys,play_music,"{""artist"": ""Arctic Monkeys"", ""what"": ""latest_album""}"
Переключи на предыдущую композицию,previous_track,
Сделай громкость на максимум,volume_set,"{""level"": ""100""}"
"Радио на «Наше Радио», пожалуйста",radio_set_station,"{""station"": ""Наше Радио""}"
Отменить музыку,stop_music,
Переключись на AUX,media_source_set,"{""source"": ""AUX""}"
Повтори это,media_repeat_set,
Громкость вниз на пять,volume_change,"{""delta"": ""-5""}"
Молчать,volume_mute_set,"{""mute"": ""true""}"
Поставь климат в авто режим,ac_mode_set,"{""mode"": ""auto""}"
Понизь скорость стеклоочистителей,wipers_set,"{""speed"": ""low""}"
"Спасибо, отличный маршрут",chitchat,
Поставь температуру на 22 градуса,ac_set,"{""temperature"": ""22""}"
"Сделай прохладнее, пожалуйста",ac_set,
Переключи в режим рециркуляции,ac_mode_set,"{""mode"": ""recirculation""}"
Включи обдув на максимум,ac_fan_set,"{""speed"": ""max""}"
Понизь вентилятор на два деления,ac_fan_set,"{""delta"": ""2""}"
Подогрей водительское сиденье,seat_heater_set,"{""seat"": ""driver"", ""action"": ""on""}"
Убери подогрев с пассажирского,seat_heater_set,"{""seat"": ""passenger"", ""action"": ""off""}"
Сделай вентиляцию для задних сидений,seat_vent_set,"{""seat"": ""rear"", ""action"": ""on""}"
Охлади кресло водителя на уровень три,seat_vent_set,"{""seat"": ""driver"", ""level"": ""3""}"
Включи задний обогрев стекла,defrost_set,"{""target"": ""rear"", ""action"": ""on""}"
Выключи обдув лобового стекла,defrost_set,"{""target"": ""front"", ""action"": ""off""}"
Приподними люк для проветривания,sunroof_set,"{""mode"": ""tilt""}"
Закрой шторку люка,sunroof_close,"{""target"": ""shade""}"
Поставь джазовую станцию,play_music,"{""genre"": ""jazz""}"
Дай паузу,media_pause,
Стоп музыку сейчас,stop_music,
Погромче,volume_change,
Убавь до нуля,volume_set,"{""level"": ""0""}"
Сделай громкость ровно 20,volume_set,"{""level"": ""20""}"
Слушать с USB,media_source_set,"{""source"": ""usb""}"
Отключи режим перемешивания,media_shuffle_set,"{""mode"": ""off""}"
Радио FM,radio_set,"{""band"": ""FM""}"
Настрой на 103.5 FM,radio_set_station,"{""frequency"": ""103.5""}"
Проклади маршрут до ближайшего супермаркета,nav_start,"{""destination"": ""nearest supermarket""}"
Отмени текущую навигацию,nav_cancel,
Включи режим дождя (авто-датчик),rain_set,"{""mode"": ""auto""}"
Понизь скорость дворников,wipers_set,"{""action"": ""decrease""}"
Давай поболтаем,chitchat,
Какая сегодня погода?,chitchat,
"Я опаздываю, проложи самый быстрый маршрут до аэропорта",nav_start,"{""destination"": ""airport"", ""preference"": ""fastest""}"
Включи повтор только для текущего трека,media_repeat_set,"{""mode"": ""one""}"
"Перемешивание треков включи, пожалуйста",media_shuffle_set,"{""mode"": ""on""}"
Найди станцию «Радио Максимум»,radio_set_station,"{""station"": ""Радио Максимум""}"
"Проложи маршрут до ул. Пушкина, дом 10",nav_start,"{""destination"": ""ул. Пушкина, дом 10""}"
Ответь Антону,call_answer,"{""contact"": ""Антон""}"
Сними подогрев с передних кресел,seat_heater_set,"{""seat"": ""front"", ""action"": ""off""}"
"Если стемнеет, включай фары автоматически, ладно?",headlights_set,"{""mode"": ""auto""}"
"Открой все окна, пожалуйста, я хочу проветрить салон полностью",window_set,"{""window"": ""все""}"
Понизь температуру до 20 градусов,ac_set,"{""temperature"": 20}"
Сделай потеплее,ac_set,
"Поставь вентиляцию на максимум, пожалуйста",ac_fan_set,"{""fan_level"": ""максимум""}"
Уменьшить скорость вентилятора на два деления,ac_fan_set,"{""delta"": 2, ""direction"": ""down""}"
Выключи вентилятор сидений,seat_vent_set,"{""state"": ""off""}"
Открой люк целиком,sunroof_set,"{""position"": 100}"
Прикрой люк наполовину,sunroof_set,"{""position"": 50}"
Вруби музыку,play_music,
Поставь этот трек снова,media_repeat_set,"{""mode"": ""one""}"
Повтори весь альбом,media_repeat_set,"{""mode"": ""all""}"
Добавь громкости чуть-чуть,volume_change,"{""direction"": ""up"", ""amount"": 1}"
Громкость восемь,volume_set,"{""level"": 8}"
Сделай погромче на 5,volume_change,"{""delta"": 5}"
Настрой радио на 102.5 FM,radio_set_station,"{""station"": 102.5, ""band"": ""FM""}"
Найди станцию 88.7,radio_set_station,"{""station"": 88.7}"
"Прокладывай маршрут домой, пожалуйста, объедь центр по объездной, там сейчас пробка",nav_start,"{""destination"": ""дом""}"
Установи интервальную работу дворников на три,wipers_set,"{""interval"": 3}"
Включи подогрев заднего правого сиденья,seat_heater_set,"{""seat"": ""заднее правое"", ""state"": ""on""}"
"Мне холодно, подними температуру салона на два градуса",ac_set,"{""delta"": 2}"
Можно я поставлю навигацию до ближайшей заправки?,nav_start,"{""destination"": ""ближайшая заправка""}"
Позвони Ольге через телефон,call_start,"{""contact"": ""Ольга""}"
"Ответь — пожалуйста, на этот вызов",call_answer,
Сделай музыку тише: нужно разговаривать,volume_change,"{""direction"": ""down""}"
"Начни радио на волну ""Русское Радио""",radio_set_station,"{""station"": ""Русское Радио""}"
Переключись на USB,media_source_set,"{""source"": ""USB""}"
Быстрее следующая!,next_track,
"Поставь на паузу, пожалуйста",media_pause,
"Не хочу музыку, включи радио",radio_set,
"Приоткрой левое переднее окно, пожалуйста",window_set,"{""side"": ""front_left"", ""position"": ""slightly""}"
Опусти все стекла,window_set,"{""side"": ""all""}"
"Проветри салон, чуть приоткрой окна",window_set,"{""position"": ""slightly""}"
Холоднее на пару градусов,ac_set,"{""delta"": -2}"
Поставь климат на двадцать один градус,ac_set,"{""temperature"": 21}"
"Сделай потеплее, слишком прохладно",ac_set,
Тепло,ac_set,
Выруби кондиционер,ac_off,
Режим авто,ac_mode_set,"{""mode"": ""auto""}"
Пусть климат тянет воздух с улицы,ac_mode_set,"{""mode"": ""fresh""}"
Средняя скорость вентилятора,ac_fan_set,"{""level"": ""medium""}"
Подогрей кресло водителя на три,seat_heater_set,"{""seat"": ""driver"", ""level"": 3}"
Задняя правая сидушка погрей,seat_heater_set,"{""seat"": ""rear_right"", ""action"": ""on""}"
Подогрев,seat_heater_set,
"Вентиляция сиденья, слабая",seat_vent_set,"{""level"": ""low""}"
Охлади водительское кресло,seat_vent_set,"{""seat"": ""driver"", ""action"": ""on""}"
Растопи лёд на лобовом,defrost_set,"{""target"": ""front""}"
"Стекло запотело, включи обдув на максимум, чтобы быстро просветлело",defrost_set,"{""intensity"": ""max""}"
Протри стекло,defrost_set,
Направь тёплый поток на лобовое и заднее стекла,defrost_set,"{""target"": ""front_and_rear""}"
Открой люк на пятьдесят процентов,sunroof_set,"{""percent"": 50}"
Сдвинь люк,sunroof_set,
Пусти что-нибудь спокойное,play_music,"{""mood"": ""calm""}"
Переключи трек вперёд,next_track,
"Пропусти эту песню, пожалуйста",next_track,
"Тише, у меня болит голова",volume_change,
Шум дождя мешает — добавь громкости на три деления,volume_change,"{""delta"": 3}"
Сбавь звук наполовину,volume_change,"{""percent"": 50}"
Громкость двадцать,volume_set,"{""level"": 20}"
Установи громкость на пять,volume_set,"{""level"": 5}"
Повтор,media_repeat_set,
Переключись на волну AM,radio_set,"{""band"": ""AM""}"
Настрой на станцию 104.5,radio_set_station,"{""frequency"": ""104.5""}"
Проложи маршрут домой,nav_start,"{""destination"": ""home""}"
Позвони супруге,call_start,"{""contact"": ""супруга""}"
Набери сервисный центр,call_start,"{""contact"": ""сервисный центр""}"
Открой левое заднее окно наполовину,window_set,"{""side"": ""left"", ""seat"": ""rear"", ""position"": ""half""}"
Приоткрой правое стекло,window_set,"{""side"": ""right"", ""position"": ""tilt""}"
Опусти переднее левое,window_set,"{""side"": ""left"", ""seat"": ""front"", ""action"": ""open""}"
"Проветри салон, пожалуйста, открой окна немного",window_set,"{""position"": ""slightly_open""}"
Понизь температуру до 19,ac_set,"{""temperature"": 19}"
Режим рециркуляции,ac_mode_set,"{""mode"": ""recirculation""}"
Включи авто режим климата,ac_mode_set,"{""mode"": ""auto""}"
Поставь обдув на максимум,ac_fan_set,"{""level"": ""max""}"
Убавь вентилятор на один,ac_fan_set,"{""direction"": ""down"", ""delta"": 1}"
Включи подогрев водительского сиденья на третью ступень,seat_heater_set,"{""seat"": ""driver"", ""level"": 3}"
"Охлади сиденья, включи вентиляцию задних",seat_vent_set,"{""seat"": ""rear"", ""state"": ""on""}"
Выключи подогрев всех сидений,seat_heater_set,"{""state"": ""off"", ""targets"": ""all""}"
Убери иней с заднего стекла,defrost_set,"{""target"": ""rear"", ""state"": ""on""}"
Приоткрой люк на пару сантиметров,sunroof_set,"{""position"": ""slight_open""}"
Убавь на три,volume_change,"{""direction"": ""down"", ""delta"": 3}"
Сделай громкость 12,volume_set,"{""level"": 12}"
Настройся на волну 101.2,radio_set_station,"{""frequency"": ""101.2""}"
Построй маршрут к ближайшей заправке,nav_start,"{""destination"": ""nearest_gas_station""}"
Заверши звонок,call_hangup,
Охлади руль,wheel_heater_set,"{""state"": ""off""}"
Расскажи анекдот,chitchat,
Какие пробки на МКАДе?,chitchat,"{""query"": ""МКАД""}"
Найди ближайшее кафе и проложи маршрут туда,nav_start,"{""destination"": ""nearest_cafe""}"
"Пожалуйста, убавь громкость музыки до нуля",volume_set,"{""level"": 0}"
Включи мой плейлист,play_music,"{""playlist"": ""my""}"
Перемешай песни в плейлисте,media_shuffle_set,"{""state"": ""on""}"
Настрой радио на Европа Плюс,radio_set_station,"{""station"": ""Европа Плюс""}"
"Приглуши музыку, говорят по телефону",volume_change,"{""direction"": ""down"", ""reason"": ""call""}"
Опусти стекло,window_set,
Приоткрой левое переднее на пару сантиметров,window_set,"{""side"": ""переднее левое"", ""position"": ""пару сантиметров""}"
Включи кондиционер на двадцать,ac_set,"{""temperature"": ""20""}"
Переключи климат в авто режим,ac_mode_set,"{""mode"": ""auto""}"
Понизь вентилятор на три,ac_fan_set,"{""change"": ""-3""}"
Включи обогрев на максимум,ac_set,"{""mode"": ""heat"", ""level"": ""max""}"
Добавь подогрева сиденья водителя на две ступени,seat_heater_set,"{""seat"": ""водителя"", ""increase"": ""2""}"
Выключи подогрев,seat_heater_set,
Подкрути подогрев до трёх,seat_heater_set,"{""level"": ""3""}"
Включи вентиляцию сиденья,seat_vent_set,"{""state"": ""on""}"
Обдуй лобовое стекло,defrost_set,"{""target"": ""лобовое""}"
Полностью включи обдув стекла,defrost_set,"{""intensity"": ""max""}"
Плотно закрой шторку и люк,sunroof_close,"{""target"": ""люк и шторка""}"
Поставь что-то бодрое,play_music,
Воспроизведи плейлист драйв,play_music,"{""playlist"": ""драйв""}"
"Тороплюсь, руки мёрзнут и настроение падает — включи, пожалуйста, энергичную музыку, чтобы ехать быстрее",play_music,
Прекрати музыку,stop_music,
Следующий,next_track,
Переключи на следующую песню,next_track,
Понизь громкость чуть,volume_change,"{""direction"": ""down"", ""amount"": ""small""}"
Установи звук на пятьдесят процентов,volume_set,"{""level"": ""50%""}"
Сейчас переключи на USB,media_source_set,"{""source"": ""USB""}"
Настрой частоту 100.8,radio_set_station,"{""frequency"": ""100.8""}"
Включи Радио Россия,radio_set_station,"{""station_name"": ""Радио Россия""}"
Навигация домой,nav_start,"{""destination"": ""дом""}"
Построй маршрут до ближайшей парковки,nav_start,"{""destination"": ""ближайшая парковка""}"
"Я тороплюсь, веди до заправки по пути",nav_start,"{""destination"": ""заправка""}"
Набери техподдержку,call_start,"{""contact"": ""техподдержка""}"
Поставь ближний свет,headlights_set,"{""mode"": ""low""}"
Отогрей руль,wheel_heater_set,"{""state"": ""on""}"
"Блин, руки мёрзнут, как же холодно",chitchat,
"Вечер, сухо и пыльно, лучше бы быстрее уехать",chitchat,
"Надо бы помыть стекло, пыль в нос летит",chitchat,
"Спешу, слегка нервничаю",chitchat,
Опусти стекло водителя чуть-чуть,window_set,
Закрой заднее окно полностью,window_set,"{""position"": ""100%""}"
Подними пассажирское наполовину,window_set,"{""position"": ""50%""}"
Включи обогрев салона,ac_set,
Поставь вентилятор на два,ac_fan_set,"{""level"": 2}"
Убавь мощность вентилятора,ac_fan_set,
"Нагрей сиденье водителя на максимум, руки замёрзли",seat_heater_set,"{""level"": ""max""}"
"Включи вентиляцию кресла, пожалуйста",seat_vent_set,
"Оттаивай лобовое стекло, видно плохо",defrost_set,
Открой люк на одну четверть,sunroof_set,"{""position"": ""25%""}"
Включи спокойную музыку,play_music,
"Пауза, пожалуйста",media_pause,
Сделай тише,volume_change,
Громче на три шага,volume_change,"{""steps"": 3}"
Уровень громкости семь,volume_set,"{""level"": 7}"
Поставь волну 101.5 FM,radio_set_station,"{""station"": ""101.5""}"
"Навигатор врет, проложи маршрут до дома",nav_start,"{""destination"": ""дом""}"
"Отмени маршрут, он странный",nav_cancel,
"Выключи дальний, кто-то в окно глядит",high_beam_set,
Подними дворники на второй режим,wipers_set,"{""level"": 2}"
"Авто-дворники включи, моросит",rain_set,
Руль холодный — включи подогрев на минимум,wheel_heater_set,"{""level"": ""низкий""}"
Ну и погодка… поговори со мной,chitchat,
"Подними яркость фар, рассвет ещё не тот",headlights_set,
"Погоди, не меняй маршрут",nav_cancel,
"Отключи музыку, хочу тишину",stop_music,
Сменить трек назад,previous_track,
"Ещё громче, уже ничего не слышно",volume_change,
"Выключи кондиционер, слишком холодно",ac_off,
"Радио на 107.0, переключись",radio_set_station,"{""station"": ""107.0""}"
Поставь повтор всех треков,media_repeat_set,
"Перемешай, пожалуйста",media_shuffle_set,
Закрой все окна — слякоть летит в салон,window_set,"{""position"": ""100%""}"
"Подними стекла, пожалуйста, тихо",window_set,"{""position"": ""100%""}"
Отопление на двадцать градусов,ac_set,"{""temperature"": 20}"
"Открой люк полностью, но аккуратно",sunroof_set,"{""position"": ""100%""}"
Приглуши телефон,volume_mute_set,
"Включи радио, пусть играет тихая передача",radio_set,
"Ответь, если звонят",call_answer,
Дай направление к парковке во дворе,nav_start,"{""destination"": ""парковка""}"
"Мне холодно, включи подогрев пассажира на три",seat_heater_set,"{""seat"": ""пассажир"", ""level"": 3}"
"Без музыки немного страшно, включи что-нибудь спокойное",play_music,
"Включи обогрев лобового, оно запотевает",defrost_set,"{""target"": ""лобовое""}"
"Осуши салон, пожалуйста, сильно влажно",ac_mode_set,"{""mode"": ""осушение""}"
Уменьши вентилятор на минимум,ac_fan_set,"{""level"": ""минимум""}"
Лобовое в плёнке пара — включи обдув и подогрев,defrost_set,"{""actions"": ""обдув, подогрев""}"
Закрой боковое окно,window_set,"{""target"": ""боковое""}"
Опусти водительское стекло на пару сантиметров,window_set,"{""target"": ""водительское"", ""amount"": ""пару сантиметров""}"
Приоткрой панорамный люк на проветривание,sunroof_set,"{""position"": ""проветривание""}"
Выключи дальний — меня слепит встречка,high_beam_set,"{""state"": ""off""}"
Протри дворники один проход,wipers_set,"{""mode"": ""один проход""}"
"Адаптивный режим дворников, включи",rain_set,"{""mode"": ""адаптивный""}"
"Автоматическая работа дворников, пожалуйста",wipers_set,"{""mode"": ""авто""}"
Прогрей руль,wheel_heater_set,"{""state"": ""on""}"
Охлади спинку пассажира,seat_vent_set,"{""seat"": ""пассажирское"", ""part"": ""спинка""}"
Убавь громкость немного,volume_change,"{""delta"": ""немного""}"
Сделай тише на пять ступеней,volume_set,"{""level"": ""пять""}"
Настрой на 98.7 FM,radio_set_station,"{""station"": ""98.7 FM""}"
Верни прошлый трек,previous_track,
"Поставь что-нибудь спокойное без басов, чтобы не отвлекало",play_music,"{""style"": ""спокойное""}"
"Приостановь воспроизведение, хочу слушать только шум мотора",media_pause,
Снизь громкость до почти нуля,volume_change,"{""level"": ""почти нуля""}"
Громкость до трёх,volume_set,"{""level"": ""три""}"
На пару минут заглуши всё,volume_mute_set,"{""state"": ""mute"", ""duration"": ""пару минут""}"
"Прокладывай маршрут в центр города, избегай шоссе",nav_start,"{""destination"": ""центр города"", ""avoid"": ""шоссе""}"
Позвони Ире,call_start,"{""contact"": ""Ира""}"
"Мне не хочется музыки, просто тишина",chitchat,
"День туманный, встречные фары слепят — как долго до съезда?",chitchat,
Автоматическое выключение дальнего при встречных включи,high_beam_set,"{""mode"": ""авто""}"
Убери конденсат с лобового,defrost_set,"{""action"": ""убрать конденсат""}"
"Включи рециркуляцию, чтобы не вдыхать туман",ac_set,"{""mode"": ""рециркуляция""}"
Подними обороты вентилятора на максимум,ac_fan_set,"{""level"": ""максимум""}"
Приоткрой на 2 сантиметра заднее правое окно,window_set,"{""target"": ""заднее правое"", ""amount"": ""2 сантиметра""}"
Включи вентиляцию кресла водителя на максимум,seat_vent_set,"{""seat"": ""водитель"", ""level"": ""максимум""}"
"Выключи подогрев руля, стало тепло",wheel_heater_set,"{""state"": ""off""}"
Переход на Bluetooth,media_source_set,"{""source"": ""Bluetooth""}"
Выключи перемешивание,media_shuffle_set,"{""state"": ""off""}"
Хватит — перестань воспроизводить,stop_music,
Поставь плейлист «Тихий вечер»,play_music,"{""playlist"": ""Тихий вечер""}"
Переключись на волну 101.3,radio_set_station,"{""station"": ""101.3""}"
Дворники включи на среднюю скорость,wipers_set,"{""speed"": ""средняя""}"
"Молчание, пожалуйста",chitchat,
Наполовину приподними заднее левое,window_set,"{""window"": ""заднее левое"", ""amount"": ""50%"", ""action"": ""open""}"
Поменяй температуру на 21,ac_set,"{""temperature"": ""21""}"
Режим кондиционера — автоматический,ac_mode_set,"{""mode"": ""auto""}"
Понизь скорость вентилятора до двух,ac_fan_set,"{""speed"": ""2""}"
Подогрей водительское кресло максимум,seat_heater_set,"{""seat"": ""водительское"", ""level"": ""max""}"
Охлади пассажирское кресло на минимум,seat_vent_set,"{""seat"": ""пассажирское"", ""level"": ""min""}"
Выключи задний обогрев,defrost_set,"{""target"": ""заднее"", ""action"": ""off""}"
Сдвинь люк полностью назад,sunroof_set,"{""action"": ""open"", ""amount"": ""100%""}"
Громче на три,volume_change,"{""delta"": ""+3""}"
Уменьши звук наполовину,volume_set,"{""level"": ""50%""}"
Перемешивание выключи,media_shuffle_set,"{""state"": ""off""}"
Установи FM 101.2,radio_set_station,"{""frequency"": ""101.2""}"
Включи навигацию до Красной площади,nav_start,"{""destination"": ""Красная площадь""}"
Поставь дальний свет,high_beam_set,"{""state"": ""on""}"
Выключи дворники,wipers_set,"{""state"": ""off""}"
Установи режим дождя,rain_set,"{""state"": ""on""}"
Переключи фары на авто,headlights_set,"{""mode"": ""auto""}"
Поставь источник на Bluetooth,media_source_set,"{""source"": ""bluetooth""}"
Включи повтор одного трека,media_repeat_set,"{""mode"": ""one""}"
"Случайный порядок треков, пожалуйста",media_shuffle_set,"{""state"": ""on""}"
Слушать Радио NRJ,radio_set_station,"{""station"": ""NRJ""}"
Поехали домой — проложи маршрут,nav_start,"{""destination"": ""дом""}"
Отмени навигацию и не прокладывай,nav_cancel,
Позвони последнему номеру,call_start,"{""target"": ""last""}"
Возьми вызов,call_answer,
Прекрати разговор,call_hangup,
Подруби музыку Битлз,play_music,"{""artist"": ""Битлз""}"
Включи следующую радиостанцию,next_track,
Миксер: звук на двадцать процентов,volume_set,"{""level"": ""20%""}"
Поставь на паузу и не продолжай,media_pause,
Открой люк чуть-чуть,sunroof_set,"{""action"": ""open"", ""amount"": ""10%""}"
Плотно закрой люк на случай дождя,sunroof_close,
Включи обдув лобового и зеркал,defrost_set,"{""target"": ""лобовое и зеркала"", ""action"": ""on""}"
Включи вентилятор на максимум,ac_fan_set,"{""speed"": ""max""}"
"Пожалуйста, включи подогрев задних кресел на уровень три",seat_heater_set,"{""seat"": ""задние"", ""level"": ""3""}"
Опусти стекло слева на половину,window_set,"{""side"": ""left"", ""position"": ""half""}"
Опусти все окна,window_set,"{""side"": ""all"", ""position"": ""open""}"
Закрой передние стекла,window_set,"{""side"": ""front"", ""position"": ""closed""}"
"Похолодее, пожалуйста",ac_set,
Установи кондиционер на 20 градусов,ac_set,"{""temperature"": 20}"
Повысь вентилятор на два шага,ac_fan_set,"{""steps"": 2}"
Нагрей водительское сиденье на максимум,seat_heater_set,"{""side"": ""driver"", ""level"": ""max""}"
Включи вентиляцию в пассажирском кресле,seat_vent_set,"{""side"": ""passenger"", ""state"": ""on""}"
Накрой люк наполовину,sunroof_set,"{""position"": ""half""}"
Дальше,next_track,
Повтори,media_repeat_set,"{""repeat"": ""on""}"
Переключи на FM,radio_set,"{""band"": ""FM""}"
Настройся на 101.7 FM,radio_set_station,"{""frequency"": ""101.7""}"
Поехали к дому,nav_start,"{""destination"": ""home""}"
Позвони Андрею,call_start,"{""contact"": ""Andrey""}"
Сбрось звонок,call_hangup,
Дальний,high_beam_set,"{""state"": ""on""}"
Дворники на четыре,wipers_set,"{""speed"": 4}"
"Тихо, пассажир спит",chitchat,
"Рассвет, а пыль везде",chitchat,
"Не отвлекайся, пожалуйста",chitchat,
Открой правое окно,window_set,"{""side"": ""right"", ""position"": ""open""}"
Подогрей салон до двадцати двух,ac_set,"{""temperature"": 22}"
Вентилятор убавь,ac_fan_set,
Включи обогрев сиденья на три,seat_heater_set,"{""side"": ""passenger"", ""level"": 3}"
Выключи вентиляцию водительского кресла,seat_vent_set,"{""side"": ""driver"", ""state"": ""off""}"
Режим обогрева заднего стекла,defrost_set,"{""area"": ""rear""}"
"Открой люк чуть-чуть, чтобы не шумело и пассажир не проснулся",sunroof_set,"{""position"": ""slight""}"
"Полностью закрой люк, пожалуйста",sunroof_close,"{""position"": ""closed""}"
"Давай что-то спокойное, тихо",play_music,"{""mood"": ""calm""}"
Перестань музыку,stop_music,
"На паузу, пока",media_pause,
Пропусти это,next_track,
Добавь громкости на три единицы,volume_change,"{""change"": 3}"
Сделай звук ниже до пятёрки,volume_set,"{""level"": 5}"
Аудио с телефона,media_source_set,"{""source"": ""phone""}"
Найди Эхо Москвы,radio_set_station,"{""station"": ""Эхо Москвы""}"
Шум шин мешает сосредоточиться,chitchat,
Приоткрой левое окно наполовину,window_set,"{""side"": ""left"", ""amount"": ""50%""}"
Открой все окна полностью,window_set,"{""target"": ""all"", ""amount"": ""100%""}"
Опусти стекла,window_set,
"Сделай так, чтобы в салоне было двадцать два градуса и включена рециркуляция",ac_set,"{""temperature_celsius"": 22, ""recirculation"": true}"
Подними температуру на три,ac_set,"{""delta_celsius"": 3}"
Поставь обогрев сидений водителя на три,seat_heater_set,"{""seat"": ""driver"", ""level"": 3}"
Подогрев пассажира выключи,seat_heater_set,"{""seat"": ""passenger"", ""level"": 0}"
Включи вентиляцию водительского сиденья,seat_vent_set,"{""seat"": ""driver"", ""state"": ""on""}"
Отключи вентиляцию в переднем правом,seat_vent_set,"{""seat"": ""front_right"", ""state"": ""off""}"
Оттайка заднего стекла выключи,defrost_set,"{""target"": ""rear"", ""state"": ""off""}"
Приоткрой люк на пять сантиметров,sunroof_set,"{""amount"": ""5cm""}"
"Не громко, пожалуйста, включи музыку, которая нравится мне, из моей медиатеки",play_music,"{""source"": ""my_library""}"
Тише пожалуйста,volume_change,"{""direction"": ""down""}"
Добавь громкость на семёрку,volume_set,"{""level"": 7}"
Включи альбом Imagine Dragons,play_music,"{""album"": ""Imagine Dragons""}"
Поставь радио на УКВ,radio_set,"{""band"": ""FM""}"
Настрой радиостанцию на 101.3,radio_set_station,"{""frequency"": 101.3}"
"Пожалуйста, проложи самый быстрый маршрут до ближайшей заправки, объезжая пробки",nav_start,"{""destination"": ""заправка"", ""route_type"": ""fastest"", ""avoid"": ""traffic""}"
Прокладывай маршрут до работы,nav_start,"{""destination"": ""работа""}"
Выключи дальние,high_beam_set,"{""state"": ""off""}"
Дворники на второй скорости,wipers_set,"{""speed"": 2}"
Авто-дождь режим включи,rain_set,"{""state"": ""on""}"
Просто поболтай,chitchat,
Включи Страна FM,radio_set_station,"{""station"": ""Страна FM""}"
Поставь повторение альбома,media_repeat_set,"{""mode"": ""album""}"
Громче на три ступени,volume_change,"{""delta"": 3}"
Приглуши до нуля,volume_set,"{""level"": 0}"
Открой переднее правое окно наполовину,window_set,"{""position"": ""переднее правое"", ""percent"": 50}"
Опусти заднее левое стекло до конца,window_set,"{""position"": ""заднее левое"", ""percent"": 100}"
Окно водителя опусти на двадцать процентов,window_set,"{""position"": ""водительское"", ""percent"": 20}"
"Сделай климат потеплее, пожалуйста",ac_set,
Включи режим авто для климата,ac_mode_set,"{""mode"": ""auto""}"
Переключи режим на рециркуляцию воздуха,ac_mode_set,"{""mode"": ""recirculation""}"
Убавь силу вентиляции на одну ступень,ac_fan_set,"{""delta"": -1}"
"Максимальная мощность вентилятора, пожалуйста",ac_fan_set,"{""level"": ""max""}"
Включи подогрев водительского кресла на пять,seat_heater_set,"{""seat"": ""водительское"", ""level"": 5}"
Снизь подогрев заднего правого сиденья на две ступени,seat_heater_set,"{""seat"": ""заднее правое"", ""delta"": -2}"
Включи вентиляцию сиденья для пассажира,seat_vent_set,"{""seat"": ""пассажирское"", ""state"": ""on""}"
Убери запотевание заднего окна,defrost_set,"{""target"": ""заднее окно"", ""state"": ""on""}"
Отмени обдув стекол,defrost_set,"{""state"": ""off""}"
Открой панорамную крышу полностью,sunroof_set,"{""percent"": 100}"
Музыка — включи плейлист для дороги,play_music,
"Прекрати музыку, пожалуйста",stop_music,
"Вернись к предыдущей песне, пожалуйста",previous_track,
Добавь громкости,volume_change,
Убавь громкость на пять единиц,volume_change,"{""delta"": -5}"
Громкость сорок процентов,volume_set,"{""percent"": 40}"
Слушать по Bluetooth,media_source_set,"{""source"": ""Bluetooth""}"
Повтор один трек,media_repeat_set,"{""mode"": ""one""}"
Повтори все треки,media_repeat_set,"{""mode"": ""all""}"
Отключи случайное воспроизведение,media_shuffle_set,"{""shuffle"": false}"
Поставь радио на 101.2 FM,radio_set_station,"{""frequency"": ""101.2 FM""}"
Включи Радио Ретро,radio_set_station,"{""station"": ""Ретро ФМ""}"
Как доехать до ближайшей заправки?,nav_start,"{""destination"": ""ближайшая заправка""}"
Отмени навигацию сейчас,nav_cancel,
Установи дворники в интервальный режим,wipers_set,"{""mode"": ""intermittent""}"
Опусти переднее правое окно полностью,window_set,"{""side"": ""front_right"", ""position_percent"": 100}"
Закрой заднее левое стекло,window_set,"{""side"": ""rear_left"", ""position_percent"": 0}"
"Мне жарко, опусти все окна наполовину, чтобы проветрить салон",window_set,"{""side"": ""all"", ""position_percent"": 50}"
Сделай потеплее до двадцати трёх,ac_set,"{""temperature"": 23}"
Автоматический режим кондиционера включи,ac_mode_set,"{""mode"": ""auto""}"
Переключись на рециркуляцию воздуха,ac_mode_set,"{""mode"": ""recirculation""}"
"Убавь скорость вентилятора, пожалуйста",ac_fan_set,"{""delta"": -1}"
Максимальный обдув сейчас,ac_fan_set,"{""level"": ""max""}"
Включи подогрев сиденья водителя на два,seat_heater_set,"{""seat"": ""driver"", ""level"": 2}"
Остудите кресло пассажира,seat_vent_set,"{""seat"": ""passenger"", ""state"": ""on""}"
Вентиляция водительского кресла на максимум,seat_vent_set,"{""seat"": ""driver"", ""level"": ""max""}"
Включить обогрев стекла сзади,defrost_set,"{""target"": ""rear"", ""state"": ""on""}"
Выключи обдув стекол,defrost_set,"{""state"": ""off""}"
Авто фары включи,headlights_set,"{""mode"": ""auto""}"
Поставь интервальные дворники,wipers_set,"{""mode"": ""interval""}"
Активация датчика дождя,rain_set,"{""state"": ""on""}"
"Включи что-нибудь спокойное из моих плейлистов и тихо, пожалуйста",play_music,"{""query"": ""спокойное"", ""volume"": 3}"
Включи Бах,play_music,"{""query"": ""Бах""}"
Сделай повтор альбомов,media_repeat_set,"{""mode"": ""album""}"
Включи случайное воспроизведение,media_shuffle_set,"{""state"": ""on""}"
Включи радио FM,radio_set,"{""band"": ""FM""}"
Настрой радио на 101.2,radio_set_station,"{""frequency"": 101.2}"
Поставь станцию на пятую кнопку,radio_set_station,"{""preset"": 5}"
Навигируй домой,nav_start,"{""destination"": ""home""}"
"Построй оптимальный маршрут в объезд пробок до аэропорта Шереметьево, пожалуйста",nav_start,"{""destination"": ""Аэропорт Шереметьево""}"
Поставь на повтор этот трек,media_repeat_set,"{""mode"": ""track""}"
"Тихо, пожалуйста",volume_set,"{""level"": 2}"
"Мне холодно, включи кондиционер",ac_set,"{""state"": ""on""}"
"Мне жарко, охлади салон",ac_set,"{""state"": ""on""}"
Приоткрой чуть-чуть стекло,window_set,
Опусти окно наполовину,window_set,"{""position"": ""50%""}"
Не открывай окна,window_set,
Приоткрой люк на щель,sunroof_set,
"Пожалуйста, сделай прохладу",ac_set,
Охлади до двадцати градусов,ac_set,"{""temperature"": ""20""}"
"Убавь вентилятор, он шумит",ac_fan_set,
Отключи рециркуляцию,ac_mode_set,
Подогрей сиденье до максимума,seat_heater_set,"{""level"": ""max""}"
"Охладить кресло, пожалуйста",seat_vent_set,
Разморозь стекла полностью,defrost_set,
"Закрой все окна, шум дождя мешает",window_set,
Опусти водительское окно на половину,window_set,"{""position"": ""50%""}"
Проветри водительскую сторону,window_set,
Понизь громкость,volume_change,
Убавь звук до пяти,volume_set,"{""level"": ""5""}"
Сделай громкость ноль,volume_mute_set,
Включи режим повтора,media_repeat_set,
Радио на 102.3,radio_set_station,"{""frequency"": ""102.3""}"
Включи FM 88.7,radio_set_station,"{""frequency"": ""88.7""}"
Проложи маршрут до дома,nav_start,"{""destination"": ""дом""}"
Дождь — включи датчик дождя,rain_set,
Дворники на низкую скорость,wipers_set,"{""speed"": ""low""}"
"Мне душно, открой форточку пожалуйста",window_set,
"Пожалуйста, выключи музыку — хочу тишины",stop_music,
Тише навигация,volume_change,
Сделай кондиционер чуть потише,ac_fan_set,
Подогрей пассажирское сиденье на один,seat_heater_set,"{""seat"": ""пассажир"", ""level"": ""1""}"
Найди ближайшую парковку,nav_start,"{""destination"": ""парковка""}"
"Не мешай, поставь режим тишины",volume_mute_set,
"Хочу отдохнуть, не включай звук",chitchat,
"Спокойно, просто темно и дождь",chitchat,
"Закрой боковые окна, дождь идет",window_set,
Отключи кондиционер на минуту,ac_off,
"Пожалуй, оставь фары приглушёнными",headlights_set,
Закрой заднее правое окно полностью,window_set,"{""side"": ""right"", ""location"": ""rear"", ""position"": ""0%""}"
Подними стекло водителя на двадцать процентов,window_set,"{""side"": ""driver"", ""delta_percent"": ""20%""}"
Сделай кондиционер двадцать градусов,ac_set,"{""temperature"": 20}"
Понизь температуру до семнадцати,ac_set,"{""temperature"": 17}"
Включи автоматический режим обдува,ac_mode_set,"{""mode"": ""auto""}"
Режим обдува — рециркуляция,ac_mode_set,"{""mode"": ""recirculation""}"
Увеличь обороты вентилятора на два,ac_fan_set,"{""delta"": 2, ""direction"": ""increase""}"
Понизь обороты вентилятора на три,ac_fan_set,"{""delta"": 3, ""direction"": ""decrease""}"
Разогрей переднее правое сиденье на максимум,seat_heater_set,"{""side"": ""right"", ""location"": ""front"", ""level"": ""max""}"
"Пожалуйста, нагрей водительское сиденье до средней интенсивности",seat_heater_set,"{""side"": ""left"", ""location"": ""front"", ""level"": ""medium""}"
Охлади заднее сиденье,seat_vent_set,"{""target"": ""rear"", ""state"": ""on""}"
"Включи вентиляцию сидений, слабая",seat_vent_set,"{""level"": ""low""}"
Открой панорамный люк полностью,sunroof_set,"{""type"": ""panoramic"", ""position"": ""100%""}"
"Приоткрой люк, он слегка приоткрыт",sunroof_set,"{""position"": ""slightly_open""}"
Вернись к предыдущему,previous_track,
Радио на волну 101.2,radio_set_station,"{""frequency"": ""101.2""}"
Проклади маршрут до Красной площади,nav_start,"{""destination"": ""Красная площадь""}"
"Отключи звонок, повесь трубку",call_hangup,
Обогрев руля включи,wheel_heater_set,"{""state"": ""on""}"
Пошути что-нибудь,chitchat,
"Расскажи анекдот, я хочу посмеяться",chitchat,
"Мне нужно попасть на Ленинградский проспект, проложи маршрут объездом пробок",nav_start,"{""destination"": ""Ленинградский проспект"", ""avoid"": ""traffic""}"
"Можешь приоткрыть все задние окна чуть-чуть, чтобы проветрить салон, пожалуйста",window_set,"{""target"": ""rear"", ""position"": ""slightly_open""}"
"Сделай температуру в салоне двадцать два градуса и включи рециркуляцию, пожалуйста",ac_set,"{""temperature"": 22, ""mode"": ""recirculation""}"
Набери 8 999 123 45 67,call_start,"{""number"": ""8 999 123 45 67""}"
Переключись на Радио Максимум,radio_set_station,"{""station"": ""Радио Максимум""}"
"Не могу найти припев, следующий трек",next_track,
Понизь громкость до нуля,volume_set,"{""level"": 0}"
Опусти переднее левое окно,window_set,"{""window"": ""front_left"", ""position"": ""down""}"
Подними заднее правое на половину,window_set,"{""window"": ""rear_right"", ""position"": ""half""}"
Приоткрой левое заднее,window_set,"{""window"": ""rear_left"", ""position"": ""vent""}"
Охлади салон на 18,ac_set,"{""temperature"": ""18""}"
Переключи режим обдува в «ноги»,ac_mode_set,"{""mode"": ""feet""}"
Понизь скорость вентилятора на один,ac_fan_set,"{""change"": ""-1""}"
Увеличь обороты вентилятора до трёх,ac_fan_set,"{""speed"": ""3""}"
"Выключи кондиционер, пожалуйста",ac_off,
Остынь кресло пассажира на низкий уровень,seat_heater_set,"{""seat"": ""passenger"", ""level"": ""low""}"
Вентиляция сидений включена?,seat_vent_set,
Увеличь вентиляцию сиденья водителя,seat_vent_set,"{""seat"": ""driver"", ""action"": ""increase""}"
"Обдуй лобовое стекло, разморозь его",defrost_set,"{""target"": ""front"", ""state"": ""on""}"
"Закрывай крышу, пожалуйста",sunroof_close,
Поставь станцию на 101.2 FM,radio_set_station,"{""station"": ""101.2""}"
Найди Rock FM и включи,radio_set,"{""station"": ""Rock FM""}"
Играй мою подборку для дороги,play_music,"{""query"": ""road playlist""}"
Пауза музыку,media_pause,
Сделай потише на пять делений,volume_change,"{""change"": ""-5""}"
Добавь звук до 12,volume_set,"{""level"": ""12""}"
Перемешивание музыки выключи,media_shuffle_set,"{""state"": ""off""}"
Станция «Европа Плюс» пожалуйста,radio_set_station,"{""station"": ""Europa Plus""}"
"Поехали к офису на Ленинском, проложи маршрут",nav_start,"{""destination"": ""Ленинский, офис""}"
Ответь на входящий звонок,call_answer,
Включи дворники на интервалы,wipers_set,"{""mode"": ""intermittent""}"
Поставь дворники на максимум,wipers_set,"{""speed"": ""high""}"
Отключи авто-полив при дожде,rain_set,"{""state"": ""off""}"
Включи музыку Бетховена,play_music,"{""query"": ""Бетховен""}"
Поставь плейлист «утренний кофе» и делай громче понемногу,play_music,"{""query"": ""утренний кофе""}"
Перемешай альбомы,media_shuffle_set,"{""state"": ""on""}"
"Можно спросить, сколько времени?",chitchat,
"Расскажи анекдот, чтобы развеселить",chitchat,
Закрой заднее правое стекло,window_set,"{""window"": ""rear_right"", ""action"": ""close""}"
"Окна вентилируй, пожалуйста",window_set,"{""action"": ""ventilate""}"
Включи климат на 22 градуса,ac_set,"{""temperature"": 22}"
Холодильник в машине выключи (AC off),ac_off,
"Сделай погоню теплее, пожалуйста, плюс два",ac_set,"{""delta_degrees"": 2}"
Переключись на обдув ног и лобового стекла,ac_mode_set,"{""mode"": ""floor_and_defrost""}"
Убавь вентилятор на два шага,ac_fan_set,"{""delta"": 2}"
Подогрей водительское сиденье на три,seat_heater_set,"{""seat"": ""driver"", ""level"": 3}"
"Остынь, отключи подогрев задних кресел",seat_heater_set,"{""seat"": ""rear"", ""action"": ""off""}"
"Вентиляция сидений — включи, пожалуйста",seat_vent_set,"{""action"": ""on""}"
Выключи вентиляцию кресла пассажира,seat_vent_set,"{""seat"": ""passenger"", ""action"": ""off""}"
Запусти обдув по стеклам на максимум,defrost_set,"{""target"": ""windshield"", ""intensity"": ""max""}"
Открой люк на треть,sunroof_set,"{""position_percent"": 33, ""action"": ""open""}"
Сделай солнцезащитный люк чуть приоткрытым,sunroof_set,"{""action"": ""vent""}"
Воспроизведи музыку,play_music,
"Предыдущая песня, пожалуйста",previous_track,
Громче на пару делений,volume_change,"{""delta_steps"": 2}"
Сделай тише до нуля,volume_set,"{""level"": 0}"
Повтори этот альбом бесконечно,media_repeat_set,"{""mode"": ""all""}"
"Радио, FM 101.7 пожалуйста",radio_set_station,"{""band"": ""FM"", ""station"": 101.7}"
Включи радио на УКВ,radio_set,"{""band"": ""FM""}"
"Поехали в ближайшую кофейню, навигация вруби",nav_start,"{""destination"": ""ближайшая кофейня""}"
Ответь на входящий вызов,call_answer,
"Повесь трубку, сбрось вызов",call_hangup,
Подними дальний свет,high_beam_set,"{""state"": ""on""}"
"Опусти дальний, уже не нужно",high_beam_set,"{""state"": ""off""}"
Дворники поставь на интервал каждые пять секунд,wipers_set,"{""mode"": ""interval"", ""interval_seconds"": 5}"
Отключи реагирование на дождь,rain_set,"{""state"": ""off""}"
Какой пробег сегодня?,chitchat,
Ты можешь рассказать анекдот на дорогу?,chitchat,
"Мне холодно в ногах, включи подогрев",seat_heater_set,"{""area"": ""feet"", ""action"": ""on""}"
"Тихо включи музыку, пожалуйста, уровень 15",volume_set,"{""level"": 15}"
Поставь следующую композицию и убавь громкость на один,next_track,"{""follow_up"": ""volume_down_1""}"
Верни предыдущую песню и проиграй с паузы,previous_track,
Помоги найти парковку около центра города и проложи маршрут туда,nav_start,"{""destination"": ""парковка у центра города""}"
Переключи источник на USB 1,media_source_set,"{""source"": ""USB 1""}"
Повтори эту композицию один раз,media_repeat_set,"{""mode"": ""one""}"
Перемешай альбом и сыграй без повторов,media_shuffle_set,"{""shuffle"": true, ""no_repeat"": true}"
Включи радио на среднюю волну AM 720,radio_set_station,"{""band"": ""AM"", ""station"": 720}"
"Навигация: домой, проложи самый быстрый маршрут пешком",nav_start,"{""destination"": ""дом"", ""preference"": ""fastest"", ""mode"": ""walking""}"
Позвони Ивану Петрову,call_start,"{""contact"": ""Иван Петров""}"
"Прими звонок от того, кто звонит",call_answer,
Сбрось этот вызов и отключи звук,call_hangup,"{""mute_after"": true}"
"Разреши мне ехать с включённым дальним светом, пожалуйста",high_beam_set,"{""state"": ""on""}"
Приоткрой левое окно на пару сантиметров,window_set,"{""side"": ""left"", ""position"": ""a_few_cm""}"
Открой правое окно полностью,window_set,"{""side"": ""right"", ""position"": ""fully""}"
Стекла вниз,window_set,"{""target"": ""all"", ""position"": ""down""}"
"Убери запотевание лобового, включи обогрев",defrost_set,"{""zone"": ""front"", ""action"": ""on""}"
Установи температуру на двадцать три,ac_set,"{""temp"": ""23""}"
"Переключи систему на рециркуляцию, пожалуйста",ac_mode_set,"{""mode"": ""recirculation""}"
Включи авто‑режим климата,ac_mode_set,"{""mode"": ""auto""}"
Подними вентилятор на максимум,ac_fan_set,"{""speed"": ""max""}"
Убавь скорость обдува чуть-чуть,ac_fan_set,"{""direction"": ""decrease""}"
Включи подогрев водительского сиденья на три уровня,seat_heater_set,"{""seat"": ""driver"", ""level"": ""3""}"
"Включи вентиляцию передних кресел, пожалуйста",seat_vent_set,"{""seat"": ""front"", ""action"": ""on""}"
Охлади кресло пассажира,seat_vent_set,"{""seat"": ""passenger"", ""action"": ""on""}"
Открой люк наполовину,sunroof_set,"{""position"": ""50%""}"
"Продолжай то, что играло раньше",play_music,
Убавь громкость на четыре деления,volume_change,"{""delta"": ""4""}"
Поставь громкость на семь,volume_set,"{""value"": ""7""}"
Настрой на 101.7 FM,radio_set_station,"{""frequency"": ""101.7""}"
Поставь Дорожное радио,radio_set_station,"{""station"": ""Дорожное радио""}"
"Проложи маршрут к ближайшему кафе, хочу согреться и остановиться ненадолго",nav_start,"{""destination"": ""ближайшее кафе""}"
Поставь фары в авто‑режим,headlights_set,"{""mode"": ""auto""}"
Как долго ещё до следующего поворота?,chitchat,
"Мне холодно, руки мёрзнут",chitchat,
"Добавь три градуса в салоне, пожалуйста, руки замёрзли",ac_set,"{""delta"": ""3""}"
Опусти заднее стекло наполовину,window_set,"{""side"": ""rear"", ""position"": ""50%""}"
"Пожалуйста, закрой люк полностью — холодно и в лицо дует",sunroof_close,"{""action"": ""close""}"
"Прерви музыку, нужно сосредоточиться на крутом повороте",media_pause,
Повтори этот трек,media_repeat_set,"{""mode"": ""track""}"
Открой левое переднее окно на половину,window_set,"{""position"": ""left_front"", ""percent"": 50}"
Опусти окна,window_set,"{""position"": ""all""}"
Чуть приоткрой задние окна,window_set,"{""position"": ""rear"", ""percent"": 10}"
Подними окно,window_set,
Снизь температуру на два градуса,ac_set,"{""delta_celsius"": -2}"
Установи климат на 22,ac_set,"{""degree"": 22}"
"Сделай потеплее, пожалуйста",ac_set,"{""adjust"": ""warmer""}"
Охлади салон до восемнадцати градусов,ac_set,"{""degree"": 18}"
Поставь рециркуляцию,ac_mode_set,"{""mode"": ""recirculation""}"
Переключись в экономичный режим,ac_mode_set,"{""mode"": ""eco""}"
Порыв вентилятора на максимум,ac_fan_set,"{""level"": ""max""}"
Убавь скорость вентилятора на одну ступень,ac_fan_set,"{""delta"": -1}"
Сделай потише поток воздуха,ac_fan_set,
Подогрей водительское сидение на три,seat_heater_set,"{""seat"": ""driver"", ""level"": 3}"
Включи обогрев задних кресел,seat_heater_set,"{""position"": ""rear"", ""state"": ""on""}"
Выключи обогрев пассажира,seat_heater_set,"{""position"": ""passenger"", ""state"": ""off""}"
Понизь мой обогрев до минимального,seat_heater_set,"{""seat"": ""driver"", ""level"": ""low""}"
Отключи охлаждение кресла,seat_vent_set,"{""state"": ""off""}"
"Размораживание лобового, пожалуйста",defrost_set,"{""target"": ""front"", ""state"": ""on""}"
Убери запотевание со стекол,defrost_set,"{""state"": ""on""}"
Сдвинь крышу назад полностью,sunroof_set,"{""direction"": ""back"", ""percent"": 100}"
Проветри салон через люк,sunroof_set,"{""percent"": 10}"
"Плотно закрой крышу, пожалуйста",sunroof_close,
"Хочу что-нибудь бодрое, включи плейлист",play_music,"{""mood"": ""energetic""}"
Запусти мой любимый альбом,play_music,"{""selection"": ""favorite_album""}"
Перейди к следующей песне,next_track,
Переключи трек ещё на один,next_track,"{""count"": 1}"
Верни прошлую композицию,previous_track,
Добавь звук на две отметки,volume_change,"{""delta"": 2}"
Поставь USB,media_source_set,"{""source"": ""usb""}"
Смешай плейлист,media_shuffle_set,"{""state"": ""on""}"
Перейди на FM,radio_set,"{""band"": ""FM""}"
Настройся на 101.2,radio_set_station,"{""frequency"": 101.2}"
Слушай Европу Плюс,radio_set_station,"{""station_name"": ""Европа Плюс""}"
Построй маршрут до дома,nav_start,"{""destination"": ""дом""}"
"На рассвете в пригороде идёт дождь, руки мёрзнут — опусти заднее окно наполовину",window_set,"{""position"": ""50%"", ""side"": ""rear""}"
"Дождь на рассвете моросит, закрой люк почти полностью, тороплюсь",sunroof_set,"{""position"": ""90%""}"
"Выключи кондиционер, мне холодновато",ac_off,
Установи температуру климата на 22 градуса,ac_set,"{""temperature"": ""22""}"
Подними вентилятор на максимум — стёкла в каплях дождя,ac_fan_set,"{""level"": ""high""}"
"Переключи режим на рециркуляцию, дождь снаружи",ac_mode_set,"{""mode"": ""recirculation""}"
"Включи обогрев руля, пальцы уже замерзают",wheel_heater_set,"{""state"": ""on""}"
Разогрей правое переднее сиденье до максимума — холодно очень,seat_heater_set,"{""side"": ""front_right"", ""level"": ""max""}"
"Приоткрой окна, пустим немного свежего воздуха",window_set,
"Включи вентиляцию сиденья, руки мёрзнут",seat_vent_set,"{""state"": ""on""}"
Левая створка вниз,window_set,"{""side"": ""left"", ""position"": ""down""}"
"Закрой все окна, дождь усилился и я тороплюсь",window_set,"{""side"": ""all"", ""state"": ""closed""}"
"Включи обдув лобового стекла, оно начинает запотевать",defrost_set,"{""target"": ""front"", ""state"": ""on""}"
Останови кондиционер сейчас,ac_off,
Переключись в автоматический режим климата,ac_mode_set,"{""mode"": ""auto""}"
Убавь скорость вентилятора на один шаг,ac_fan_set,"{""delta"": ""-1""}"
"Притормози музыку, мне нужно сосредоточиться за рулём",stop_music,
"Поставь паузу, пожалуйста",media_pause,
Прошлая песня,previous_track,
Установи громкость на ноль,volume_set,"{""level"": ""0""}"
Отключи звук полностью,volume_mute_set,"{""state"": ""mute""}"
"Включи FM 101.5, там новости утром",radio_set_station,"{""frequency"": ""101.5""}"
"Переключись на новости в эфире, хочу слушать дорогу",radio_set,"{""station_type"": ""news""}"
"Построй, пожалуйста, маршрут до офиса через короткие улицы — я опаздываю",nav_start,"{""destination"": ""офис"", ""route"": ""shortest_local""}"
"Отмени навигацию, передумал",nav_cancel,
"Позвони Марии, срочно",call_start,"{""contact"": ""Мария""}"
Ответь на телефонный звонок,call_answer,
Сбрось этот звонок,call_hangup,
"Щётки на максимум, дождь льёт сильнее",wipers_set,"{""level"": ""max""}"
Режим дождя — включи автоматическое управление дворниками,rain_set,"{""state"": ""on""}"
Переведи дворники в авто-режим,wipers_set,"{""mode"": ""auto""}"
Подогрев руля наполовину,wheel_heater_set,"{""level"": ""50%""}"
Подними водительское стекло,window_set,"{""side"": ""driver"", ""position"": ""up""}"
Приоткрой люк над головой немного,sunroof_set,
"Включи бодрую музыку, нужно взбодриться в утреннем пригороде",play_music,"{""mood"": ""energetic""}"
Пропусти,next_track,
Убавь громкость на два деления,volume_change,"{""delta"": ""-2""}"
Подключи Bluetooth-источник,media_source_set,"{""source"": ""bluetooth""}"
Повтори текущую песню,media_repeat_set,"{""mode"": ""one""}"
"Перемешай все треки, пожалуйста",media_shuffle_set,"{""state"": ""on""}"
Включи Москву ФМ — там утренние выпуски новостей,radio_set_station,"{""name"": ""Москва ФМ""}"
"Дом, самый быстрый маршрут сейчас, я тороплюсь и на рассвете дождь",nav_start,"{""destination"": ""дом"", ""route"": ""shortest""}"
"Отмени маршрут, срочно — передумал ехать",nav_cancel,
"Прекрати разговор, сбрось вызов",call_hangup,
"Включи обогрев сидений, быстро, руки ледяные",seat_heater_set,"{""state"": ""on""}"
"Проветри салон, приоткрой все форточки",window_set,"{""side"": ""all"", ""state"": ""ajar""}"
"Спасибо, помощь ценю",chitchat,
"Слишком холодно, поговорим потом",chitchat,
Опусти заднее левое окно наполовину,window_set,"{""side"": ""rear_left"", ""position"": ""50%""}"
"Подними окна, жарко",window_set,"{""position"": ""close""}"
Включи кондиционер на восемнадцать градусов,ac_set,"{""temperature"": 18}"
Переключись на рециркуляцию — улица душная и пыльная,ac_mode_set,"{""mode"": ""recirculation""}"
Убавь обдув на два деления,ac_fan_set,"{""level_change"": -2}"
"Только охлаждение, пожалуйста",ac_mode_set,"{""mode"": ""cool""}"
Подогрей водительское сиденье на третий уровень,seat_heater_set,"{""seat"": ""driver"", ""level"": 3}"
Потихоньку открой панорамный люк на треть,sunroof_set,"{""position"": ""33%""}"
Сдвинь люк до упора назад,sunroof_set,"{""position"": ""100%""}"
Прибавь звук,volume_change,
Сделай громкость на семь,volume_set,"{""level"": 7}"
"Перемешать плейлист, пожалуйста",media_shuffle_set,"{""state"": ""on""}"
Настрой УКВ на 101.2,radio_set_station,"{""frequency"": ""101.2""}"
Перейти на радиостанцию Наше радио,radio_set_station,"{""station"": ""Наше радио""}"
Интервал четырёх секунд для дворников,wipers_set,"{""interval_seconds"": 4}"
"Ой, встречка слепит",chitchat,
Какой сегодня душный вечер,chitchat,
Немного приоткрой левое окно — душно и шумно со двора,window_set,"{""side"": ""front_left"", ""position"": ""slightly_open""}"
"Понизь температуру на два градуса, на улице жара",ac_set,"{""delta"": -2}"
"Закрой люк, встречка слепит в глаза",sunroof_close,
Поставь фары в автомат,headlights_set,"{""mode"": ""auto""}"
Включи автоматическое управление дальним светом,high_beam_set,"{""mode"": ""auto""}"
Подключи телефон по Bluetooth и включи музыку,media_source_set,"{""source"": ""Bluetooth""}"
"Поставь мой вечерний плейлист, что играл раньше",play_music,"{""playlist"": ""вечерний""}"
"Не эту, следующая пожалуйста",next_track,
"Понизь громкость, пожалуйста",volume_change,
Приоткрой боковое окно наполовину,window_set,"{""position"": 50}"
"Закрой все окна, быстро",window_set,"{""all"": true}"
Открой левое заднее окно на пару сантиметров,window_set,"{""side"": ""left_rear"", ""position"": ""2cm""}"
"Пожалуйста, закрой окно водителя",window_set,"{""side"": ""driver""}"
Опусти правое переднее окно полностью,window_set,"{""side"": ""right_front"", ""position"": 100}"
Чуть приоткрой стекло,window_set,"{""position"": 10}"
"Включи рециркуляцию, запах с улицы сильный",ac_mode_set,"{""mode"": ""recirculation""}"
Убавь вентилятор на одну ступень,ac_fan_set,"{""level_change"": -1}"
Включи подогрев водительского кресла на вторую ступень,seat_heater_set,"{""seat"": ""driver"", ""level"": 2}"
"Мне холодно, разогрей моё сиденье",seat_heater_set,"{""seat"": ""driver""}"
Отключи подогрев пассажира,seat_heater_set,"{""seat"": ""passenger"", ""state"": ""off""}"
"Обдуй лобовое стекло, снег летит",defrost_set,"{""target"": ""front""}"
Запустите обогрев заднего стекла,defrost_set,"{""target"": ""rear""}"
Включи дефростер и максимум обдува на лобовом,defrost_set,"{""target"": ""front"", ""fan"": ""max""}"
"Поставь что-нибудь энергичное, чтобы встряхнуть",play_music,
Запусти плейлист «по дороге домой»,play_music,"{""playlist"": ""по дороге домой""}"
"Слушание громко мешает, выключи музыку",stop_music,
Понизь громкость немного,volume_change,
Уменьши до трёх делений,volume_set,"{""level"": 3}"
Повтори один трек,media_repeat_set,"{""mode"": ""one""}"
Поставь радио,radio_set,
Проложи маршрут на стоянку,nav_start,"{""destination"": ""парковка""}"
"Поехали к дому, быстрее пожалуйста",nav_start,"{""destination"": ""дом""}"
Найди ближайшую мойку,nav_start,"{""destination"": ""ближайшая мойка""}"
Набери Бориса,call_start,"{""contact"": ""Борис""}"
Зажги фары,headlights_set,
"Авто, активируй датчик дождя",rain_set,"{""sensor"": ""rain""}"
Разогрей руль,wheel_heater_set,"{""state"": ""on""}"
"Тут снег летит, и запахи улицы мешают — не отвлекай меня",chitchat,
"Не отвлекай, я скоро поворачиваю",chitchat,
"Днём на парковке пахнет улицей, давай помолчим",chitchat,
"Нужно быстро свернуть направо, молчи",chitchat,"{""direction"": ""right""}"
Закрой правое переднее окно,window_set,"{""side"": ""right_front""}"
Приоткрой левое стекло на сантиметр,window_set,"{""side"": ""left"", ""distance_cm"": 1}"
"Закрой все окна, пожалуйста — не хочу, чтобы ветер дул и отвлекал меня",window_set,"{""all"": true, ""position"": ""closed""}"
Прикрой окно наполовину,window_set,"{""percent"": 50}"
Опусти заднее стекло полностью,window_set,"{""side"": ""rear"", ""percent"": 100}"
Медленно закрой панорамную крышу,sunroof_close,"{""speed"": ""slow""}"
"Открой люк чуть-чуть, чтобы свежий ветер зашёл, но без шума и ветра в лицо",sunroof_set,"{""percent"": 10}"
Сделай потеплее в салоне до 22 градусов,ac_set,"{""temperature_c"": 22}"
Поставь рециркуляцию и прохладу,ac_mode_set,"{""mode"": ""recirculation"", ""temperature_mode"": ""cool""}"
На второй уровень обдува,ac_fan_set,"{""fan_level"": 2}"
"Подогрев сиденья, ближе к максимуму",seat_heater_set,"{""seat"": ""driver"", ""level"": ""high""}"
"Включи вентиляцию сиденья спереди, пусть немного продует",seat_vent_set,"{""seat"": ""front"", ""state"": ""on""}"
"Отопитель руля, пожалуйста",wheel_heater_set,"{""state"": ""on""}"
Выключи нагрев руля,wheel_heater_set,"{""state"": ""off""}"
Разморозь лобовое стекло сейчас,defrost_set,"{""target"": ""front"", ""state"": ""on""}"
Отключи обдув стекол,defrost_set,"{""state"": ""off""}"
Закрой шторку солнцезащитную над люком,sunroof_set,"{""shade"": ""close""}"
"Накрой люк, пожалуйста, быстро закрой — ветер слишком сильный, не хочу отвлекаться",sunroof_close,"{""speed"": ""fast""}"
Сделай громкость шесть,volume_set,"{""level"": 6}"
Повторять альбом,media_repeat_set,"{""mode"": ""album""}"
Радио на УКВ,radio_set,"{""band"": ""fm""}"
Настрой станцию на 103.5,radio_set_station,"{""frequency"": ""103.5""}"
"Я еду к дому, проложи маршрут туда и обойди пробки, но не отвлекай меня по дороге",nav_start,"{""destination"": ""home"", ""avoid"": ""traffic""}"
"Сбрось разговор, положи трубку",call_hangup,
Переключи на дальний свет,high_beam_set,"{""state"": ""on""}"
"Авто-дворники, режим дождь",rain_set,"{""mode"": ""rain""}"
Увеличь скорость стеклоочистителей на максимум,wipers_set,"{""speed"": ""high""}"
Обогрев сиденья водителя на третьей ступени,seat_heater_set,"{""seat"": ""driver"", ""level"": 3}"
"Провентилируй передние сидения, пожалуйста, чуть-чуть — не хочу лишнего шума",seat_vent_set,"{""seat"": ""front"", ""state"": ""on""}"
"Повтори, пожалуйста, последнюю песню",media_repeat_set,"{""mode"": ""track""}"
"Радио, включи 88.7 FM",radio_set_station,"{""frequency"": ""88.7""}"
"Кто сейчас звонит? Я не хочу смотреть экран, просто скажи имя",chitchat,
"Мне холодно, пожалуйста, подними температуру на пару градусов, чтобы было уютно и я не отвлекался",ac_set,"{""delta_c"": 2}"
"Останови навигацию, пожалуйста, быстро — не хочу смотреть карту",nav_cancel,
Я боюсь отвлечься — включи тихую озвучку навигации,volume_set,"{""level"": 2}"
"Сделай так, чтобы музыка играла негромко, пусть будет фоном и не мешает запахам улицы",play_music,"{""volume"": 3}"
"Боковое окно, откройся, руки мерзнут",window_set,"{""window"": ""side"", ""position"": ""open""}"
Подними стекло справа,window_set,"{""side"": ""right"", ""position"": ""up""}"
"Открой люк, хочу подышать туманом",sunroof_set,"{""position"": ""open""}"
"Пожалуйста, закрой люк — холодно",sunroof_close,
"Подогрей кресло, руки замёрзли",seat_heater_set,
"Проветри кресло, чуть вентиляции",seat_vent_set,
"Пожалуйста, выруби кондиционер",ac_off,
Сделай климат на двадцать два,ac_set,"{""temperature"": 22}"
Убавь печку на два пункта,ac_fan_set,"{""steps"": 2, ""direction"": ""down""}"
Поставь обогрев на максимум,ac_set,"{""mode"": ""max""}"
"Переключи режим на рециркуляцию, воздух уличный влажный",ac_mode_set,"{""mode"": ""recirculation""}"
"Подуй на лобовое, прошу — запотевает",defrost_set,"{""target"": ""front""}"
Активация обдува заднего стекла,defrost_set,"{""target"": ""rear""}"
"Переключи на обдув ног, холодно внизу",ac_mode_set,"{""mode"": ""feet""}"
Сделай обдув на минимум,ac_fan_set,"{""level"": ""min""}"
Музыку,play_music,
"Сделай тише, тихо ехать по серпантину",volume_change,
"Слушай радио, переключи на FM",media_source_set,"{""source"": ""radio""}"
Поставь повтор для плейлиста,media_repeat_set,"{""repeat"": ""on""}"
"Перемешай музыку, пусть будет не по порядку",media_shuffle_set,"{""shuffle"": true}"
"Радио на 101.2, тихая передача",radio_set_station,"{""frequency"": 101.2}"
Переключи на волну УКВ,radio_set,"{""band"": ""FM""}"
"Покажи навигацию до дома — туман, лучше безопасно",nav_start,"{""destination"": ""home""}"
"Позвони жене, сейчас",call_start,"{""contact"": ""жена""}"
"Выключи дальний свет, туман",high_beam_set,"{""state"": ""off""}"
Дворники на слабый режим,wipers_set,"{""level"": ""low""}"
Включи дождевой режим,rain_set,"{""mode"": ""rain""}"
"Авто-режим дворников, пожалуйста",wipers_set,"{""mode"": ""auto""}"
"Подогрей руль, руки мерзнут",wheel_heater_set,
Выключи обогрев руля,wheel_heater_set,"{""state"": ""off""}"
Как тут пахнет — почти как в деревне,chitchat,
Проиграй мой плейлист для спокойной езды,play_music,
"Сделай паузу, хочу нюхать туман",media_pause,
"Следующая песня, пожалуйста, помягче",next_track,
"Верни предыдущий трек, он подходящий",previous_track,
Снизь громкость наполовину,volume_set,"{""level"": 50}"
"Заглуши всё, нужен тишина",volume_mute_set,"{""mute"": true}"
"Источник USB, пожалуйста",media_source_set,"{""source"": ""USB""}"
Перемешать альбом,media_shuffle_set,"{""scope"": ""album""}"
Поставь радио на волну 89.7,radio_set_station,"{""frequency"": 89.7}"
"Не включай дальний, туман густой",high_beam_set,"{""state"": ""off""}"
Дворники включи на максимальную частоту,wipers_set,"{""level"": ""high""}"
"Построй маршрут по серпантину, пожалуйста",nav_start,"{""route"": ""serpentine""}"
"Отмени текущий маршрут, не хочу по той дороге",nav_cancel,
"Вечер такой, туман и запахи с улицы — красиво",chitchat,
Закрой задние стекла,window_set,"{""window"": ""rear"", ""position"": ""close""}"
Опусти переднее правое наполовину,window_set,"{""window"": ""front_right"", ""position"": ""50%""}"
Закрой окна сейчас,window_set,"{""window"": ""all"", ""position"": ""close""}"
Установи 21 градус,ac_set,"{""temperature"": 21}"
"Режим авто, пожалуйста",ac_mode_set,"{""mode"": ""auto""}"
Уменьши скорость вентилятора до двух,ac_fan_set,"{""level"": 2}"
Отруби климат,ac_off,
Подогрей водительское сиденье на три уровня,seat_heater_set,"{""seat"": ""driver"", ""level"": 3}"
Остудить пассажирское кресло,seat_vent_set,"{""seat"": ""passenger"", ""state"": ""on""}"
Разморозь лобовое,defrost_set,"{""target"": ""front"", ""state"": ""on""}"
Поставь что-нибудь энергичное,play_music,"{""mood"": ""energetic""}"
Прибавь громкость на две единицы,volume_change,"{""change"": 2}"
Повтори плейлист,media_repeat_set,"{""state"": ""on""}"
Выключи рандом,media_shuffle_set,"{""state"": ""off""}"
Поставь радиостанцию на 101.5,radio_set_station,"{""frequency"": 101.5}"
Включи Яндекс.Радио,radio_set_station,"{""station"": ""Яндекс.Радио""}"
Навигатор домой,nav_start,"{""destination"": ""дом""}"
Набери +7 912 123 45 67,call_start,"{""phone"": ""+7 912 123 45 67""}"
Включи стеклоочистители,wipers_set,"{""state"": ""on""}"
Авто‑режим дворников на дождь,rain_set,"{""mode"": ""auto""}"
Отключи подогрев заднего правого,seat_heater_set,"{""seat"": ""rear_right"", ""state"": ""off""}"
Как там пробки на МКАДе?,chitchat,
Закрой переднее водительское стекло,window_set,"{""side"": ""front_left""}"
"Опусти все стекла, пожалуйста",window_set,
Подними окна полностью,window_set,
Открой люк над головой,sunroof_set,"{""state"": ""open""}"
Плотно закрой люк,sunroof_close,
Закрой заднее стекло чуть-чуть,window_set,"{""side"": ""rear""}"
Спусти правое переднее наполовину,window_set,"{""side"": ""front_right"", ""position"": ""50%""}"
Останови климат-контроль — хочу тишины,ac_off,
Убавь кондиционер на два градуса,ac_set,"{""delta"": -2}"
Сделай кондиционер теплее до двадцати одного,ac_set,"{""temperature"": 21}"
Выключи обдув сейчас,ac_off,
Уменьши скорость вентилятора наполовину,ac_fan_set,"{""fan_level"": ""50%""}"
"Режим рециркуляции, пожалуйста",ac_mode_set,"{""mode"": ""recirculation""}"
Направь поток на лобовое стекло,defrost_set,"{""state"": ""on"", ""side"": ""front""}"
Подогрей сиденье на максимум,seat_heater_set,"{""level"": ""max""}"
Убавь подогрев пассажирского сиденья,seat_heater_set,"{""seat"": ""passenger"", ""action"": ""decrease""}"
Охлади сиденье водителя вентиляцией,seat_vent_set,"{""seat"": ""driver"", ""state"": ""on""}"
"Проветри салон, включи вентиляцию сидений",seat_vent_set,"{""seat"": ""all"", ""state"": ""on""}"
"Включи ближний свет, на улице туман",headlights_set,"{""mode"": ""low""}"
Выключи дальний — встречная фура ослепляет,high_beam_set,"{""state"": ""off""}"
Переключи дальний в автоматический режим,high_beam_set,"{""state"": ""auto""}"
Снизь громкость — мне нужно послушать тишину,volume_change,
Выруби звук радио,volume_mute_set,"{""state"": ""mute""}"
Приглуши все звуки внутри салона,volume_change,
Добавь громкости на три деления,volume_change,"{""delta"": 3}"
Полностью заглуши музыку,stop_music,
Поставь композицию на паузу,media_pause,
Возврати предыдущую песню,previous_track,
Включи классику в фоновом режиме,play_music,"{""genre"": ""classical""}"
Поставь джазовый альбом,play_music,"{""genre"": ""jazz""}"
Переключись на USB‑источник,media_source_set,"{""source"": ""USB""}"
Переключись на FM радиостанцию,radio_set,"{""band"": ""FM""}"
Найди станцию 97.5,radio_set_station,"{""frequency"": 97.5}"
Включи повтор текущей композиции,media_repeat_set,"{""state"": ""on""}"
"Отменить навигацию, проложенную ранее",nav_cancel,
Прокладывай домой как можно быстрее,nav_start,"{""destination"": ""home""}"
"Повесь трубку, пожалуйста",call_hangup,
Включи дворники на медленный режим — мелкий дождь,wipers_set,"{""speed"": ""low""}"
Включи режим дождя автоматически,rain_set,"{""state"": ""on""}"
Выключи задний дворник,wipers_set,"{""side"": ""rear"", ""state"": ""off""}"
"Подуй горячим на лобовое, стекло запотело после мойки",defrost_set,"{""side"": ""front"", ""mode"": ""hot"", ""state"": ""on""}"
Закрой окна — встречная машина ослепляет,window_set,
"Подними стекла, брызги от мойки мешают видеть",window_set,
"Притуши подсветку приборной панели, слишком ярко",headlights_set,"{""target"": ""dashboard""}"
"Включи дальний, если дорога пуста",high_beam_set,"{""state"": ""on""}"
"Включи обогрев лобового, на стекле пятна воды",defrost_set,"{""side"": ""front"", ""state"": ""on""}"
"Останови музыку и радио, нужно абсолютное молчание",stop_music,
Понизь голос подсказок навигации,volume_change,"{""target"": ""voice_guidance""}"
Уменьши громкость до трёх,volume_set,"{""level"": 3}"
Выключи уведомления звуковые — пусть будет тишина,volume_mute_set,"{""scope"": ""notifications"", ""state"": ""mute""}"
Пауза на секунду и стоп музыки,media_pause,
Тихо… ничего не включай,chitchat,
Подними левое переднее,window_set,"{""window"": ""front_left""}"
Полностью открой люк,sunroof_set,"{""position"": ""open"", ""amount"": ""100%""}"
Включи кондиционер на двадцать градусов,ac_set,"{""temperature"": 20}"
Сделай потише музыку на три деления,volume_change,"{""delta"": -3}"
Сделай громче до семи,volume_set,"{""level"": 7}"
"Без звука, пожалуйста",volume_mute_set,"{""muted"": true}"
Настрой радиостанцию на девяносто два ноль,radio_set_station,"{""frequency"": ""92.0""}"
Радио на AM включи,radio_set,"{""band"": ""AM""}"
Прокладывай маршрут до центра города,nav_start,"{""destination"": ""центр города""}"
Дальний включить,high_beam_set,"{""state"": ""on""}"
Автовлажнение при дожде включи,rain_set,"{""state"": ""on""}"
Подогрев сиденья водителя на два,seat_heater_set,"{""seat"": ""driver"", ""level"": 2}"
Охлаждение сиденья пассажира включи,seat_vent_set,"{""seat"": ""passenger"", ""state"": ""on""}"
"Оттаивание лобового, включи полный режим",defrost_set,"{""target"": ""front"", ""mode"": ""full""}"
Немного подуло холодом — понизь вентилятор на один,ac_fan_set,"{""delta"": -1}"
Режим «авто» для климата включи,ac_mode_set,"{""mode"": ""auto""}"
Хочу экономичный режим кондиционера,ac_mode_set,"{""mode"": ""eco""}"
Подними стекло водителя наполовину,window_set,"{""window"": ""driver"", ""position_percent"": 50}"
Отодвинь крышу назад на треть,sunroof_set,"{""position"": ""open"", ""amount"": ""33%""}"
"Пожалуйста, включи вентиляцию сидений задних — если можно на слабый режим",seat_vent_set,"{""seat"": ""rear"", ""level"": ""low""}"
Убавь громкость до нуля,volume_set,"{""level"": 0}"
"Сделай музыку тише, мне нужно сосредоточиться",volume_change,
Поменяй источник на USB номер один,media_source_set,"{""source"": ""USB1""}"
"Перемешать альбом, пожалуйста",media_shuffle_set,"{""scope"": ""album""}"
"Радио, поставь понравившуюся станцию из списка",radio_set,
Запусти навигацию к ближайшей АЗС и покажи оптимальный маршрут с учетом пробок,nav_start,"{""destination"": ""ближайшая АЗС""}"
"Позвони маме, срочно",call_start,"{""contact"": ""мама""}"
"Ответь на входящий звонок, пожалуйста",call_answer,
Потуши фары,headlights_set,"{""state"": ""off""}"
"Включи дальний, если дорога пустая",high_beam_set,"{""state"": ""on"", ""condition"": ""road_empty""}"
"Дворники на интервалы, раз в пять секунд",wipers_set,"{""mode"": ""interval"", ""interval_seconds"": 5}"
Режим дождь активировать автоматически,rain_set,"{""state"": ""auto""}"
"Подогрей руль и сиденье водителя, пожалуйста",wheel_heater_set,
Что погоды сегодня?,chitchat,
Налейся музыкой — включи мой плейлист «Дальняя дорога» и сделай погромче на два,play_music,"{""playlist"": ""Дальняя дорога"", ""volume_delta"": 2}"
Опусти левое переднее окно,window_set,"{""window"": ""левое переднее""}"
Подними заднее правое окно наполовину,window_set,"{""window"": ""заднее правое"", ""amount"": ""наполовину""}"
Открой окна,window_set,
Поставь температуру кондиционера на 21,ac_set,"{""temperature"": 21}"
"Чтобы было прохладно, установи AC на восемнадцать градусов",ac_set,"{""temperature"": 18}"
Климат выключи,ac_off,
"Включи только вентилятор, без охлаждения",ac_mode_set,"{""mode"": ""вентиляция""}"
Увеличь силу обдува,ac_fan_set,
Подогрей пассажирское сиденье на два,seat_heater_set,"{""seat"": ""пассажира"", ""level"": 2}"
"Приоткрой люк чуть-чуть, чтобы проветрить салон",sunroof_set,"{""action"": ""приоткрыть""}"
Повтор песен включи,media_repeat_set,"{""state"": ""on""}"
Поставь радиостанцию 101.2 FM,radio_set_station,"{""station"": ""101.2""}"
Навигатор — проложи маршрут домой,nav_start,"{""destination"": ""дом""}"
Как тебе погода?,chitchat,
"Пожалуйста, опусти все окна наполовину — хочется проветрить салон",window_set,"{""amount"": ""наполовину"", ""windows"": ""все""}"
"Мне жарко, сделай пожалуйста прохладу и поставь температуру на двадцать два",ac_set,"{""temperature"": 22}"
Рециркуляция,ac_mode_set,"{""mode"": ""рециркуляция""}"
Убавь вентилятор до минимального,ac_fan_set,"{""fan_speed"": ""минимальный""}"
"Мне холодно в спину, включи подогрев заднего сиденья",seat_heater_set,"{""seat"": ""заднее"", ""state"": ""on""}"
Охлаждение сидений выключи,seat_vent_set,"{""state"": ""off""}"
"Если можно, растопи лед на стекле — включи обдув и обогрев",defrost_set,
Включи джаз с USB,play_music,"{""genre"": ""джаз"", ""source"": ""USB""}"
"Не повторяй эту песню, переключись на следующий трек и не возвращайся к ней",next_track,
Снизь громкость на пятёрку,volume_change,"{""amount"": 5, ""direction"": ""down""}"
Включи нашу любимую станцию Русское Радио,radio_set_station,"{""station"": ""Русское Радио""}"
Построй маршрут до ближайшего заправщика и избегай платных дорог,nav_start,"{""destination"": ""заправка"", ""avoid"": ""платные дороги""}"
"Набери, пожалуйста, Петю на мобильный, номер из контактов",call_start,"{""contact"": ""Петя""}"
Открой окно водительское,window_set,"{""side"": ""driver""}"
Приоткрой заднее окно на десять процентов,window_set,"{""side"": ""rear"", ""percent"": 10}"
"Мне холодно, можно включить кондиционер на двадцать градусов, пожалуйста?",ac_set,"{""temperature"": 20}"
Поставь рециркуляцию воздуха,ac_mode_set,"{""mode"": ""recirculation""}"
Увеличь обороты вентилятора немного,ac_fan_set,"{""direction"": ""up""}"
Понизь вентилятор до трёх,ac_fan_set,"{""fan_level"": 3}"
Включи подогрев сиденья водителя на максимум,seat_heater_set,"{""seat"": ""driver"", ""level"": ""max""}"
Подогрей заднее правое кресло на два,seat_heater_set,"{""seat"": ""rear_right"", ""level"": 2}"
"Охлади кресло пассажира, пожалуйста",seat_vent_set,"{""seat"": ""passenger"", ""action"": ""on""}"
Включи обдув стекол передних,defrost_set,"{""target"": ""front"", ""state"": ""on""}"
Открой люк полностью прямо сейчас,sunroof_set,"{""position"": ""full""}"
"Закрой панорамный люк, пожалуйста",sunroof_close,
Приоткрой люк наполовину для проветривания,sunroof_set,"{""percent"": 50}"
Тише на два деления,volume_change,"{""direction"": ""down"", ""amount"": 2}"
Выключи звук немедленно,volume_mute_set,"{""mute"": true}"
"Повтори песню, пожалуйста",media_repeat_set,"{""mode"": ""one""}"
Включи перемешивание композиций,media_shuffle_set,"{""shuffle"": true}"
Настрой FM на 101.5,radio_set_station,"{""band"": ""FM"", ""frequency"": 101.5}"
Проклади маршрут в центр города и покажи варианты объезда,nav_start,"{""destination"": ""центр города""}"
Позвони Сергею,call_start,"{""contact"": ""Сергей""}"
Установи дворники в быстрый режим,wipers_set,"{""speed"": ""high""}"
Отключи режим датчика дождя,rain_set,"{""mode"": ""off""}"
Разогрей руль немного,wheel_heater_set,"{""state"": ""on""}"
"Расскажи анекдот, чтобы скоротать время в дороге",chitchat,
Включи музыку Бейонсе,play_music,"{""artist"": ""Бейонсе""}"
"Настрой станцию на 99,9 FM, если там что-то интересное играет",radio_set_station,"{""band"": ""FM"", ""frequency"": 99.9}"
Переключи на USB-порт,media_source_set,"{""source"": ""USB""}"
Повтори плейлист целиком,media_repeat_set,"{""mode"": ""all""}"
Перемешай плейлист сейчас,media_shuffle_set,"{""shuffle"": true}"
"Лови следующий трек, пожалуйста",next_track,
Громкость на максимум,volume_set,"{""level"": 100}"
"Прокинь маршрут до ближайшей заправки, где дешевое топливо",nav_start,"{""destination"": ""ближайшая заправка""}"
"Назначь вызов маме, пожалуйста",call_start,"{""contact"": ""мама""}"
Тумблер света в режим авто,headlights_set,"{""mode"": ""auto""}"
Опусти стекло водителя на половину,window_set,"{""window"": ""driver"", ""position_percent"": 50}"
"Пожалуйста, приоткрой заднее правое окно",window_set,"{""window"": ""rear_right"", ""action"": ""open"", ""position"": ""slightly""}"
Подними шторку люка на треть,sunroof_set,"{""position"": ""tilt"", ""amount_percent"": 33}"
"Хочу прохладу, сделай кондиционер на 20 градусов",ac_set,"{""temperature_c"": 20}"
Переключи режим вентиляции на рециркуляцию,ac_mode_set,"{""mode"": ""recirculation""}"
"Вентилятор посильнее, пожалуйста",ac_fan_set,"{""action"": ""increase""}"
Поставь потише обдув — уровень два,ac_fan_set,"{""level"": 2}"
Включи обогрев сиденья водителя на максимум,seat_heater_set,"{""seat"": ""driver"", ""level"": ""high""}"
"Остудить кресло переднего пассажира, минимальный режим",seat_vent_set,"{""seat"": ""front_passenger"", ""level"": ""low""}"
"Оттаивание лобового стекла, включай",defrost_set,"{""target"": ""front"", ""action"": ""on""}"
Прогрей заднее стекло,defrost_set,"{""target"": ""rear"", ""action"": ""on""}"
Останови все треки и музыку,stop_music,
Громче на три деления,volume_change,"{""change_steps"": 3}"
Убавь звук на 10 процентов,volume_change,"{""change_percent"": 10}"
Сделай громкость 7,volume_set,"{""level"": 7}"
Переключись на FM-радио,media_source_set,"{""source"": ""fm_radio""}"
Включи радио на волну 101.5 FM,radio_set_station,"{""frequency_mhz"": 101.5}"
Переключись на музыкальное радио,radio_set,"{""band"": ""music""}"
"Поехали до ближайшей заправки, прокладывай маршрут",nav_start,"{""destination"": ""nearest_gas_station""}"
Позвони Антону,call_start,"{""contact"": ""Антон""}"
"Сбрось звонок, повесить трубку",call_hangup,
Автофары режим Авто,headlights_set,"{""mode"": ""auto""}"
Дворники в интервал 3 секунды,wipers_set,"{""mode"": ""intermittent"", ""interval_seconds"": 3}"
Дождевой датчик включи,rain_set,"{""sensor"": ""on""}"
Отапливание руля включи,wheel_heater_set,"{""state"": ""on""}"
"Притормози музыку, просто паузу поставь",media_pause,
Поставь джазовую подборку «Вечерний Джаз»,play_music,"{""playlist"": ""Вечерний Джаз""}"
Переключи источник на Bluetooth телефона,media_source_set,"{""source"": ""bluetooth"", ""device"": ""phone""}"
"Не мешай, выключи звук уведомлений и музыку тоже",volume_mute_set,"{""mute"": true}"
Хочу слушать подкасты — включи USB,media_source_set,"{""source"": ""usb"", ""content"": ""podcasts""}"
Переход к следующей песне и сделай это без плавного затухания,next_track,
Сделай кондиционер на двадцать пять градусов и рециркуляцию,ac_set,"{""temperature_c"": 25, ""mode"": ""recirculation""}"
Выключи климат-контроль и обогрев сидений,ac_off,
"Проветри салон, включи приток свежего воздуха",ac_mode_set,"{""mode"": ""fresh_air""}"
Увеличь скорость вентилятора до пятого уровня,ac_fan_set,"{""level"": 5}"
Нагрей задние сиденья на второй уровень,seat_heater_set,"{""seat"": ""rear"", ""level"": 2}"
Провентилируй мое сиденье чуть-чуть,seat_vent_set,"{""seat"": ""driver"", ""level"": ""low""}"
"Разморозь зеркала и заднее стекло, срочно",defrost_set,"{""target"": ""mirrors_and_rear"", ""action"": ""on""}"
"Понизь громкость — шепотом, пожалуйста",volume_set,"{""level"": ""very_low""}"
Повтори последний радиопередачу,media_repeat_set,"{""target"": ""radio_last""}"
Перемешивание включи для этой очереди,media_shuffle_set,"{""shuffle"": true}"
Включай фары ближнего света на закате,headlights_set,"{""mode"": ""dusk"", ""state"": ""on""}"
"Дождь заканчивается, отключи режим дождя",rain_set,"{""sensor"": ""off""}"
Прогрей руль на низком режиме,wheel_heater_set,"{""level"": ""low""}"
А давай поговорим? Как настроение у машины?,chitchat,
Опусти левое переднее стекло до половины,window_set,"{""side"": ""left_front"", ""position_percent"": 50}"
Стекла вверх,window_set,"{""action"": ""raise""}"
Открой правое заднее окно наполовину,window_set,"{""side"": ""right_rear"", ""position_percent"": 50}"
Снизь температуру до двадцати градусов,ac_set,"{""temperature"": 20}"
Поставь климат в режим рециркуляции,ac_mode_set,"{""mode"": ""recirculation""}"
Auto режим включи,ac_mode_set,"{""mode"": ""auto""}"
Увеличь обороты вентилятора,ac_fan_set,"{""change"": ""increase""}"
Проветри задние сиденья,seat_vent_set,"{""side"": ""rear"", ""action"": ""on""}"
Отключи подогрев руля пожалуйста,wheel_heater_set,"{""state"": ""off""}"
Убери дефрост заднего стекла,defrost_set,"{""target"": ""rear"", ""state"": ""off""}"
Открой панорамную крышу,sunroof_set,"{""state"": ""open""}"
Чуть приоткрой люк,sunroof_set,"{""state"": ""slightly_open""}"
Приостанови трек,media_pause,
Вернись к предыдущему треку,previous_track,
Прибавь звук на три деления,volume_change,"{""change"": ""increase"", ""steps"": 3}"
Убавь громкость,volume_change,"{""change"": ""down""}"
Включи повтор всех песен,media_repeat_set,"{""mode"": ""all""}"
Перемешать плейлист,media_shuffle_set,"{""state"": ""on""}"
Отключи случайный порядок,media_shuffle_set,"{""state"": ""off""}"
Поставь радиостанцию на 101.5 FM,radio_set_station,"{""frequency"": ""101.5"", ""band"": ""FM""}"
Включи радио «Наше»,radio_set,"{""station_name"": ""Наше""}"
Включи навигатор до дома,nav_start,"{""destination"": ""home""}"
Построй маршрут до ближайшей заправки,nav_start,"{""destination"": ""nearest_gas_station""}"
Позвони Ане,call_start,"{""contact"": ""Аня""}"
Установи дворники на интервальный режим,wipers_set,"{""mode"": ""intermittent""}"
Отключи автомат дождя,rain_set,"{""state"": ""off""}"
Подогрей колёса,wheel_heater_set,"{""state"": ""on""}"
"Немного подогрей колёса, пожалуйста",wheel_heater_set,"{""state"": ""on"", ""level"": ""low""}"
"Как дела, автомобиль?",chitchat,
"Можно приоткрыть левое переднее стекло на два сантиметра, пожалуйста?",window_set,"{""side"": ""front_left"", ""amount_cm"": 2, ""action"": ""open""}"
Пусть задние окна полностью опустятся,window_set,"{""side"": ""rear"", ""action"": ""open_full""}"
Не закрывай окна,window_set,
Включи климат,ac_set,"{""state"": ""on""}"
"Режим на рециркуляцию, пожалуйста",ac_mode_set,"{""mode"": ""recirculation""}"
Уменьши скорость вентилятора на два шага,ac_fan_set,"{""delta"": -2}"
Сделай вентиляцию на пассажирском кресле сильной,seat_vent_set,"{""side"": ""front_right"", ""level"": ""high""}"
Провентилируй водительское сиденье,seat_vent_set,"{""side"": ""front_left"", ""state"": ""on""}"
Согрей руль,wheel_heater_set,"{""state"": ""on""}"
"Не закрывай люк, пожалуйста",sunroof_set,
"Сейчас хочется что‑то спокойное, включи, пожалуйста, плейлист «Дождливый вечер»",play_music,"{""playlist"": ""Дождливый вечер""}"
Верни звук назад,volume_mute_set,"{""muted"": false}"
Пусть играет радио вместо Spotify,media_source_set,"{""source"": ""radio""}"
Выключи режим shuffle,media_shuffle_set,"{""state"": ""off""}"
Поставь радио на 101.2,radio_set_station,"{""frequency"": 101.2}"
Настройся на станцию Радио 7,radio_set_station,"{""station"": ""Радио 7""}"
Перейди на цифровое радио DAB,radio_set,"{""band"": ""DAB""}"
Прокладывай маршрут до ТЦ «Афимолл»,nav_start,"{""destination"": ""ТЦ Афимолл""}"
Отмени текущую навигацию и останови маршрут,nav_cancel,
Авто-режим фар,headlights_set,"{""mode"": ""auto""}"
Протри дворники,wipers_set,"{""action"": ""wipe""}"
Поставь дворники на интервалы три,wipers_set,"{""interval_level"": 3}"
Как ты себя чувствуешь?,chitchat,
"Расскажи анекдот, чтобы скрасить дорогу",chitchat,
Открой заднее правое окно,window_set,"{""window"": ""rear_right"", ""action"": ""open""}"
"Прикрой левое переднее, пожалуйста",window_set,"{""window"": ""front_left""}"
Приоткрой люк на два сантиметра,sunroof_set,"{""position"": ""2cm""}"
"Мне холодно в ногах, можно поднять отопление на три градуса и направить поток на ноги, пожалуйста",ac_set,"{""delta"": 3, ""zone"": ""feet""}"
Включи режим обдува лобового стекла,defrost_set,"{""mode"": ""front"", ""action"": ""on""}"
Уменьши мощность вентилятора,ac_fan_set,"{""direction"": ""decrease""}"
Поставь скорость вентилятора на три,ac_fan_set,"{""speed"": 3}"
Подогрей сиденье водителя на средний уровень,seat_heater_set,"{""seat"": ""driver"", ""level"": ""medium""}"
Включи подогрев задних сидений,seat_heater_set,"{""seat"": ""rear"", ""action"": ""on""}"
Вентиляция сидений — включи,seat_vent_set,"{""action"": ""on""}"
Обогревай руль,wheel_heater_set,"{""action"": ""on""}"
Можно включить дворники?,wipers_set,"{""action"": ""on""}"
"Дворники на интервальный режим, раз в три секунды",wipers_set,"{""interval"": ""3s""}"
Автоматический режим дождя включи,rain_set,"{""mode"": ""auto"", ""action"": ""on""}"
Выключи режим дождя,rain_set,"{""action"": ""off""}"
Переключи на ближний свет,headlights_set,"{""mode"": ""low""}"
Подними звук,volume_change,"{""direction"": ""up""}"
Перемешать треки,media_shuffle_set,"{""state"": ""on""}"
Играй музыку,play_music,
Уменьши громкость на две единицы,volume_change,"{""delta"": 2, ""direction"": ""down""}"
Настрой станцию на 101.2 FM,radio_set_station,"{""frequency"": ""101.2""}"
Переключись на 88.5,radio_set_station,"{""frequency"": ""88.5""}"
Поставь волну УКВ,radio_set,"{""band"": ""UKV""}"
"Поехали к ресторану «У моря», объезжая платные дороги",nav_start,"{""destination"": ""ресторан У моря"", ""avoid"": ""tolls""}"
Поставь источник на USB,media_source_set,"{""source"": ""usb""}"
Расскажи что-нибудь интересное,chitchat,
Закрой правое заднее окно наполовину,window_set,"{""side"": ""правое заднее"", ""position_percent"": 50}"
Переднее левое вниз,window_set,"{""side"": ""переднее левое"", ""position_percent"": 100}"
Подними стекло пассажира чуть-чуть,window_set,"{""side"": ""пассажир"", ""position_percent"": 10}"
Опусти левое окно на двадцать процентов,window_set,"{""side"": ""левое"", ""position_percent"": 20}"
Закрой задние правые стекла,window_set,"{""side"": ""задние правые"", ""position_percent"": 0}"
Включи климат на двадцать два,ac_set,"{""temperature"": 22}"
Понизь температуру,ac_set,
"Сделай потеплее, пожалуйста, градусов на четыре",ac_set,"{""temperature_delta"": 4}"
Поставь кондиционер на 18,ac_set,"{""temperature"": 18}"
Охлади до семнадцати градусов,ac_set,"{""temperature"": 17}"
Увеличь на пять градусов,ac_set,"{""temperature_delta"": 5}"
"Сделай климат чуть прохладнее, примерно на три градуса по сравнению с нынешней настройкой",ac_set,"{""temperature_delta"": 3}"
Установи температуру на 23,ac_set,"{""temperature"": 23}"
Максимальное охлаждение,ac_mode_set,"{""mode"": ""max_cool""}"
Поставь скорость вентиляции на три,ac_fan_set,"{""fan_speed"": 3}"
Поменяй поток воздуха на минимум,ac_fan_set,"{""fan_speed"": ""min""}"
Включи подогрев водителя на второй уровень,seat_heater_set,"{""seat"": ""driver"", ""level"": 2}"
Выключи обогрев заднего сиденья,seat_heater_set,"{""seat"": ""rear"", ""level"": 0}"
Немного подогрей моё место,seat_heater_set,"{""seat"": ""driver"", ""level"": 1}"
"Мне холодно внизу, включи подогрев сиденья, пожалуйста, на среднюю мощность",seat_heater_set,"{""seat"": ""driver"", ""level"": ""medium""}"
Вентиляцию сиденья водителя уровень три,seat_vent_set,"{""seat"": ""driver"", ""level"": 3}"
Отключи вентилятор в кресле,seat_vent_set,"{""seat"": ""driver"", ""level"": 0}"
Передний обогрев стекла включи,defrost_set,"{""target"": ""front"", ""action"": ""on""}"
Оттаивание заднего стекла,defrost_set,"{""target"": ""rear"", ""action"": ""on""}"
Открыть люк на треть,sunroof_set,"{""position_percent"": 33}"
Плотно закрой панорамный люк,sunroof_close,
Включи плейлист Дорога,play_music,"{""playlist"": ""Дорога""}"
Пропусти трек,next_track,
Прибавь громкости,volume_change,"{""direction"": ""increase""}"
Убавь на две ступени,volume_change,"{""delta"": 2, ""direction"": ""decrease""}"
Поставь громкость на максимум,volume_set,"{""level"": ""max""}"
Слушай Bluetooth,media_source_set,"{""source"": ""bluetooth""}"
Открой правое переднее окно полностью,window_set,"{""side"": ""right_front"", ""position"": 100}"
Опусти заднее левое стекло наполовину,window_set,"{""side"": ""left_rear"", ""position"": 50}"
Подними боковое стекло водителя,window_set,"{""side"": ""left_front""}"
Плотно закрой окно,window_set,
Сделай кондиционер на двадцать два градуса,ac_set,"{""temperature"": 22}"
Поставь режим рециркуляции воздуха,ac_mode_set,"{""mode"": ""recirculation""}"
Понизь скорость вентилятора до трёх,ac_fan_set,"{""level"": 3}"
"Мне холодно — включи вентиляцию сиденья, пожалуйста",seat_vent_set,"{""seat"": ""driver"", ""state"": ""on""}"
Выключи задний обогрев стекла,defrost_set,"{""target"": ""rear"", ""state"": ""off""}"
Закрой солнцезащитный люк полностью,sunroof_close,
Поставь плейлист утренний джаз,play_music,"{""playlist"": ""утренний джаз""}"
Включи повтор трека,media_repeat_set,"{""state"": ""on""}"
Перемешивание выключить,media_shuffle_set,"{""state"": ""off""}"
Настрой радиостанцию на 101.2,radio_set_station,"{""frequency"": ""101.2""}"
Включи Эхо Москвы,radio_set_station,"{""station"": ""Эхо Москвы""}"
Проклади маршрут до дома,nav_start,"{""destination"": ""дом""}"
Обогрей сиденье пассажира на один,seat_heater_set,"{""seat"": ""passenger"", ""level"": 1}"
Вентилируй задние кресла на максимум,seat_vent_set,"{""seat"": ""rear"", ""level"": 3}"
Разморозь лобовое и зеркала,defrost_set,"{""target"": ""front_and_mirrors"", ""state"": ""on""}"
Воспроизведи альбом beatles abbey road,play_music,"{""album"": ""Abbey Road"", ""artist"": ""The Beatles""}"
Сбавь музыку до нуля,volume_set,"{""level"": 0}"
Включи режим случайного воспроизведения,media_shuffle_set,"{""state"": ""on""}"
Повтори все песни,media_repeat_set,"{""mode"": ""all""}"
Как тебя зовут?,chitchat,
Опусти правое переднее окно,window_set,"{""side"": ""front_right"", ""action"": ""down""}"
Открой панорамный люк наполовину,sunroof_set,"{""position"": ""50%""}"
"Режим обдува — ноги и торс, пожалуйста",ac_mode_set,"{""mode"": ""feet_and_torso""}"
Понизь вентилятор на два шага,ac_fan_set,"{""delta"": ""-2""}"
Притуши музыку,volume_change,"{""direction"": ""down""}"
"Сделай потише, пожалуйста — дети спят и шумят на заднем сиденье",volume_change,"{""direction"": ""down""}"
Переключись на 101.2 FM,radio_set_station,"{""station"": ""101.2""}"
"Включи Радио Шанс, пусть играет негромко",radio_set_station,"{""station"": ""Радио Шанс""}"
"Поставь джаз, тихо, дождь стучит по крыше",play_music,"{""genre"": ""джаз""}"
Сыграй что-нибудь успокаивающее для детей,play_music,"{""mood"": ""успокаивающее""}"
Переключиться на Bluetooth,media_source_set,"{""source"": ""Bluetooth""}"
"Поехали домой — навигатор путается, но веди меня",nav_start,"{""destination"": ""дом""}"
"Прими входящий вызов, не перенаправляй на громкую связь",call_answer,
"Выключи фары, мы в тоннеле едем подземкой",headlights_set,"{""state"": ""off""}"
"Отключи дворники, пусть дождь послушно стучит по окнам",wipers_set,"{""speed"": ""off""}"
Включи автоматический режим дождя,rain_set,"{""mode"": ""auto""}"
Уменьши чувствительность датчика дождя,rain_set,"{""action"": ""decrease""}"
Подогрей руль — руки холодные от дождя,wheel_heater_set,"{""state"": ""on""}"
Включи вентиляцию пассажирского сиденья на два,seat_vent_set,"{""seat"": ""passenger"", ""level"": 2}"
Обдув водительского кресла выключи,seat_vent_set,"{""seat"": ""driver"", ""level"": 0}"
Разморозь лобовое стекло — вижу иней,defrost_set,"{""target"": ""front"", ""state"": ""on""}"
Полностью закрой все окна,window_set,"{""target"": ""all"", ""position"": ""closed""}"
"Открой левое окно чуть-чуть, только маленькая щёлочка",window_set,"{""side"": ""left"", ""position"": ""10%""}"
Понизь громкость на минимум,volume_set,"{""level"": 0}"
Верни громкость на семь,volume_set,"{""level"": 7}"
"Тихо все, пожалуйста",chitchat,
"Найди ближайшую заправку и покажи маршрут, навигатор теряет сигнал в туннеле",nav_start,"{""destination"": ""ближайшая заправка""}"
"Отменить навигацию сейчас, пожалуйста",nav_cancel,
Сколько осталось до туннеля?,chitchat,
Ты слышишь детей на заднем сиденье?,chitchat,
Поставь успокаивающий плейлист для долгой ночной дороги,play_music,"{""playlist"": ""успокаивающий""}"
Пропустить эту песню,next_track,
"Верни предыдущую композицию, та была лучше",previous_track,
"Останови музыку, пожалуйста",stop_music,
"Поставь на паузу — дети шумят, не мешай им отдыхать",media_pause,
Добавь громкости на три шага,volume_change,"{""delta"": 3}"
Переключи источник на AUX,media_source_set,"{""source"": ""AUX""}"
Включи режим 'дождь' для дворников — пусть работают чаще,rain_set,"{""mode"": ""rain""}"
Открой переднее правое окно,window_set,"{""window"": ""front_right"", ""action"": ""open""}"
Немного приоткрой левое заднее окно,window_set,"{""window"": ""rear_left"", ""action"": ""slightly_open""}"
Кондиционер 21,ac_set,"{""temperature"": 21}"
Уменьши вентилятор на два шага,ac_fan_set,"{""delta"": -2}"
Подогрев водительского кресла вкл,seat_heater_set,"{""seat"": ""driver"", ""state"": ""on""}"
Сделай подогрев задних сидений на три,seat_heater_set,"{""seat"": ""rear"", ""level"": 3}"
Вентиляция сиденья пассажира выключи,seat_vent_set,"{""seat"": ""passenger"", ""state"": ""off""}"
Убери разморозку заднего стекла,defrost_set,"{""target"": ""rear"", ""state"": ""off""}"
Шторку люка закрой,sunroof_close,
Поставь источник Bluetooth,media_source_set,"{""source"": ""bluetooth""}"
Повтор включить,media_repeat_set,"{""state"": ""on""}"
Поставь FM 101.5,radio_set_station,"{""band"": ""FM"", ""frequency"": 101.5}"
Включи радио ДФМ,radio_set_station,"{""station"": ""DFM""}"
Навигатор до Красной площади,nav_start,"{""destination"": ""Красная площадь""}"
Авто-дождевые датчики включи,rain_set,"{""state"": ""on""}"
"Подогрей сиденье водителя на максимум, пожалуйста",seat_heater_set,"{""seat"": ""driver"", ""level"": ""max""}"
Охлади сидения,seat_vent_set,"{""seat"": ""all"", ""state"": ""on""}"
"Мне холодно, сделай кондиционер на двадцать два градуса",ac_set,"{""temperature"": 22}"
"Выключи кондиционер, пожалуйста, жарко стало",ac_off,
Поставь музыку рок-плейлист,play_music,"{""playlist"": ""рок""}"
Заглуши звук на пару секунд,media_pause,
Поворачивай на следующую композицию,next_track,
"Назад, ту песню повтори",previous_track,
Установи источник на USB-порт,media_source_set,"{""source"": ""USB""}"
Вкл. режим авто климат-контроля,ac_mode_set,"{""mode"": ""auto""}"
Закрой окно водителя,window_set,"{""window"": ""front_left"", ""action"": ""close""}"
"Когда начнёт мёрзнуть лобовое, пожалуйста включи разморозку на полную мощность, чтобы стекла быстрее оттаяли",defrost_set,"{""target"": ""front"", ""state"": ""on"", ""power"": ""max""}"
"Построй мне маршрут в офис компании на Литейном проспекте, по возможности объезжая пробки",nav_start,"{""destination"": ""Литейный проспект, офис"", ""preferences"": ""avoid_traffic""}"
Как погода сегодня в Москве?,chitchat,
Приоткрой левое переднее наполовину,window_set,"{""side"": ""левое_переднее"", ""percent"": 50}"
Подними задние окна,window_set,"{""target"": ""rear"", ""position"": ""up""}"
"Кондиционер включи, пожалуйста",ac_set,
Сделай прохладнее до 20 градусов,ac_set,"{""temperature"": 20}"
Уменьши скорость вентилятора на два,ac_fan_set,"{""delta"": 2, ""direction"": ""down""}"
Добавь оборотов вентилятору,ac_fan_set,"{""direction"": ""up""}"
Сделай тёплее заднее пассажирское сиденье на два уровня,seat_heater_set,"{""seat"": ""rear_passenger"", ""delta"": 2, ""direction"": ""up""}"
Проветри кресло — включи вентиляцию,seat_vent_set,"{""state"": ""on""}"
"Охлади водительское сиденье, пожалуйста",seat_vent_set,"{""seat"": ""driver"", ""state"": ""on""}"
Оттайка стекла передняя включи,defrost_set,"{""target"": ""front"", ""state"": ""on""}"
Разморозь заднее стекло сейчас,defrost_set,"{""target"": ""rear"", ""state"": ""on""}"
Наклони люк на щель,sunroof_set,"{""position"": ""tilt""}"
Пусти радио,radio_set,
Включи джазовый плейлист,play_music,"{""genre"": ""jazz""}"
Останови трек,stop_music,
Назад к предыдущему треку,previous_track,
Поставь радиостанцию 87.9 FM,radio_set_station,"{""band"": ""FM"", ""frequency"": 87.9}"
"Поехали домой — проложи маршрут до улицы Ленина, 12",nav_start,"{""destination"": ""ул. Ленина, 12""}"
Заверши разговор,call_hangup,
Включи автоматический режим фар,headlights_set,"{""mode"": ""auto""}"
Дворники на первую скорость,wipers_set,"{""speed"": 1}"
Режим дождя включить,rain_set,"{""state"": ""on""}"
Нагрей руль на два уровня,wheel_heater_set,"{""level"": 2}"
Просто поболтай со мной,chitchat,
Как там погода?,chitchat,
"У меня настроение испорчено, развесели меня",chitchat,
"Холодно стало на улице, понизь температуру в салоне до восемнадцати градусов и включи рециркуляцию",ac_set,"{""temperature"": 18, ""mode"": ""recirculation""}"
"На остановке открой все окна чуть-чуть, чтобы проветрить салон и не шуметь слишком сильно",window_set,"{""target"": ""all"", ""position"": ""slightly""}"
"Построй маршрут к ближайшей бензоколонке, избегай платных участков и поставь отметку остановки примерно через двадцать километров",nav_start,"{""destination"": ""ближайшая бензоколонка"", ""avoid"": ""tolls"", ""stop_after_km"": 20}"
"Пожалуйста, включи трек из плейлиста Утреннее настроение с самого начала",play_music,"{""playlist"": ""Утреннее настроение"", ""start"": ""beginning""}"
"Расскажи анекдот или короткую историю, чтобы я не заснул(а) за рулём",chitchat,
Открой левое окно наполовину,window_set,"{""side"": ""left"", ""position"": ""50%""}"
Опусти заднее правое окно полностью,window_set,"{""side"": ""rear_right"", ""position"": ""open""}"
Сделай кондиционер двадцать два,ac_set,"{""temperature"": 22}"
Включи режим авто для кондиционера,ac_mode_set,"{""mode"": ""auto""}"
Убавь вентилятор на две ступени,ac_fan_set,"{""change"": -2}"
Подогрев сиденья водителя на три,seat_heater_set,"{""seat"": ""driver"", ""level"": 3}"
"Разморозь лобовое, пожалуйста",defrost_set,"{""target"": ""front"", ""state"": ""on""}"
Включи задний дефростер,defrost_set,"{""target"": ""rear"", ""state"": ""on""}"
Открой люк на максимум,sunroof_set,"{""position"": ""open""}"
Убавь звук на три,volume_change,"{""change"": -3}"
Включи радио на FM,radio_set,"{""band"": ""FM""}"
Настрой на станцию 101.5,radio_set_station,"{""frequency"": ""101.5""}"
Позвони Петрову,call_start,"{""contact"": ""Петров""}"
Сброси вызов,call_hangup,
Дальний свет на автомат,high_beam_set,"{""mode"": ""auto""}"
Мигни дальним,high_beam_set,"{""action"": ""flash""}"
"Адаптивные дворники, дождь включи",rain_set,"{""state"": ""on""}"
"Подогрей руль, пожалуйста",wheel_heater_set,"{""state"": ""on""}"
Чем пахнет на улице?,chitchat,
"Не хочу отвлекаться, молчи",chitchat,
"Можно чуть потише, на улице слякоть",volume_change,"{""change"": -1}"
"Останови музыку, не отвлекай меня",stop_music,
Переключи радиостанцию вперёд,radio_set,"{""action"": ""next""}"
Сделай громче на пять делений,volume_change,"{""change"": 5}"
Поставь источник — USB,media_source_set,"{""source"": ""USB""}"
Назначь адрес 'офис' в навигатор,nav_start,"{""destination"": ""офис""}"
"Ответь, если звонок от жены",call_answer,"{""contact"": ""жена""}"
Завершить разговор,call_hangup,
Люк приоткрыть,sunroof_set,"{""position"": ""tilt""}"
"Подними стекла, холодно и слякоть",window_set,"{""side"": ""all"", ""position"": ""closed"", ""reason"": ""холодно и слякоть""}"
Отодвинь переднее левое стекло полностью,window_set,"{""side"": ""переднее левое"", ""position"": ""полностью""}"
Приоткрой заднее правое окно на пару сантиметров,window_set,"{""side"": ""заднее правое"", ""position"": ""на пару сантиметров""}"
Закрой шторку панорамной крыши,sunroof_close,"{""part"": ""шторка""}"
Останови кондиционер,ac_off,
Переключи режим климата на рециркуляцию,ac_mode_set,"{""mode"": ""рециркуляция""}"
Подогрей водительское сиденье на вторую ступень,seat_heater_set,"{""seat"": ""водительское"", ""level"": ""2""}"
Включи режим обогрева руля,wheel_heater_set,"{""action"": ""включить""}"
Включи режим авто для дворников,rain_set,"{""mode"": ""авто""}"
Пусть навигатор проложит маршрут до ближайшей заправки,nav_start,"{""destination"": ""ближайшая заправка""}"
Поставь на станцию 101.2 FM,radio_set_station,"{""frequency"": ""101.2"", ""band"": ""FM""}"
Переключись на AM девяносто один,radio_set_station,"{""frequency"": ""91"", ""band"": ""AM""}"
Сыграй рок-плейлист,play_music,"{""genre"": ""рок"", ""type"": ""плейлист""}"
Старт музыки,play_music,
Сделай повтор трека,media_repeat_set,"{""mode"": ""one""}"
Включи перемешивание песен,media_shuffle_set,"{""shuffle"": ""on""}"
Выключи случайный порядок,media_shuffle_set,"{""shuffle"": ""off""}"
Поставь источник USB,media_source_set,"{""source"": ""USB""}"
Понизь громкость радио на три шага,volume_change,"{""delta"": ""3""}"
"Предыдущая композиция, верни назад",previous_track,
Слушать новости на радио,radio_set,"{""program"": ""новости""}"
Запусти навигацию до работы,nav_start,"{""destination"": ""работа""}"
Отмени все навигационные подсказки,nav_cancel,
Какая погода?,chitchat,
Пошути,chitchat,
"Спасибо, хорошая работа",chitchat,
"Опусти левое стекло на пару сантиметров, свет встречки ослепляет",window_set,"{""side"": ""left"", ""amount"": ""2_cm""}"
Немного приоткрой правое окно,window_set,"{""side"": ""right"", ""position"": ""slightly""}"
Закрой окна полностью — дождь усиливается,window_set,"{""side"": ""all"", ""position"": ""closed""}"
"Открой заднее окно, помоги проветрить салон на парковке",window_set,"{""side"": ""rear"", ""position"": ""open""}"
"Включи кондиционер, пожалуйста — влажно и прохладно",ac_set,"{""state"": ""on""}"
Охлади салон до двадцати градусов,ac_set,"{""temperature"": 20}"
"Сделай температуру на два градуса теплее, не хочу мерзнуть",ac_set,"{""delta"": 2}"
"Переключи режим на рециркуляцию, пахнет с улицы",ac_mode_set,"{""mode"": ""recirculation""}"
Убавь вентилятор на одну ступень — шум от шин мешает,ac_fan_set,"{""change"": -1}"
"Повысь скорость обдува до средней, иначе запотеет",ac_fan_set,"{""level"": ""medium""}"
Включи подогрев водительского сиденья на вторую ступень,seat_heater_set,"{""seat"": ""driver"", ""level"": 2}"
"Отпусти обогрев пассажира, не нужно сейчас",seat_heater_set,"{""seat"": ""passenger"", ""state"": ""off""}"
"Активируй вентиляцию сиденья слева, жарко от сумки и одежды",seat_vent_set,"{""seat"": ""left"", ""state"": ""on""}"
Подготовь дефрост — лобовое запотевает на рассвете,defrost_set,"{""target"": ""front"", ""state"": ""on""}"
"Включи обдув стекол, сильный туман от дождя",defrost_set,"{""target"": ""all"", ""state"": ""on""}"
"Убавь разморозку, уже достаточно",defrost_set,"{""action"": ""decrease""}"
"Сдвинь люк чуть в сторону, хочу немного свежего воздуха",sunroof_set,"{""position"": ""tilt_open""}"
"Включи музыку, чтобы заглушить шум шин",play_music,
"Поставь плейлист для утренней дороги, мягкая музыка",play_music,"{""mood"": ""morning""}"
"Включи что-нибудь спокойное, пусть не отвлекает",play_music,"{""mood"": ""calm""}"
Поставь на паузу — подъезжаем к парковке,media_pause,
"Перейди к следующему треку, пожалуйста",next_track,
"Понизь громкость, не хочу отвлекаться",volume_change,"{""delta"": -3}"
"Добавь звук немного, чтобы голос навигатора слышать было лучше",volume_change,"{""delta"": 2}"
Установи уровень на половину,volume_set,"{""level"": ""50%""}"
"Выключи звук, хочу сосредоточиться на парковке",volume_mute_set,"{""mute"": true}"
"Переключись на радио, плохо ловит плейлист",media_source_set,"{""source"": ""radio""}"
"Переключись на радио, хочу новости про погоду",radio_set,"{""band"": ""radio"", ""genre"": ""news""}"
"Найди радиостанцию 101.2, там прогноз дождя",radio_set_station,"{""station"": ""101.2""}"
Поставь «Радио Серебро»,radio_set_station,"{""station"": ""Радио Серебро""}"
Построй маршрут до места парковки поближе к входу,nav_start,"{""destination"": ""parking""}"
"Проклади путь до работы, но учти пробки на рассвете",nav_start,"{""destination"": ""work""}"
"Навигатор, веди к ближайшему укрытию от дождя",nav_start,"{""destination"": ""shelter""}"
"Отмени маршрут, я паркуюсь здесь",nav_cancel,
"Позвони жене, скажи, что припарковался",call_start,"{""contact"": ""жена""}"
"Набери техподдержку парковки, нужна помощь с оплатой",call_start,"{""contact"": ""техподдержка парковки""}"
"Сбрось вызов, не сейчас",call_hangup,
"Включи ближний свет, рассвет ещё и встречка слепит",headlights_set,"{""state"": ""low_beam""}"
"Выключи фары, оставлю габариты",headlights_set,"{""state"": ""off""}"
"Автофары включи, пусть сами решают при рассвете",headlights_set,"{""mode"": ""auto"", ""state"": ""on""}"
"Поставь свет на дневной режим, не ярко",headlights_set,"{""mode"": ""day""}"
"Включи дальний, убери, если кто едет навстречу",high_beam_set,"{""state"": ""on_if_safe""}"
Выключи дальний — встречка ослепляет меня в дождь,high_beam_set,"{""state"": ""off""}"
"Включи дворники на среднюю скорость, дождик моросит",wipers_set,"{""speed"": ""medium""}"
"Автоматические дворники включи, пусть реагируют на дождь",wipers_set,"{""mode"": ""auto""}"
"Останови дворники на парковке, чтобы не мешали при маневре",wipers_set,"{""state"": ""off""}"
"Режим дождя включи, чувствительность выше",rain_set,"{""state"": ""on""}"
"Обогрей руль, холодно на рассвете и в дождь",wheel_heater_set,"{""state"": ""on""}"
Опусти переднее правое окно наполовину,window_set,"{""side"": ""переднее правое"", ""position"": ""50%""}"
Подними заднее левое окно,window_set,"{""side"": ""заднее левое"", ""action"": ""raise""}"
Прикрой панорамный люк на четверть,sunroof_set,"{""position"": ""25%""}"
Поставь охлаждение на двадцать один градус,ac_set,"{""temperature"": ""21""}"
Сделай температуру повыше на три градуса,ac_set,"{""delta"": ""+3""}"
Охлади салон до пятнадцати,ac_set,"{""temperature"": ""15""}"
Выключи кондиционер и вентиляцию,ac_off,
"Режим рециркуляции, включи",ac_mode_set,"{""mode"": ""recirculation""}"
Подогрей пассажирское сиденье на максимум,seat_heater_set,"{""seat"": ""пассажирское"", ""level"": ""max""}"
Отопление водительского сиденья на два,seat_heater_set,"{""seat"": ""водительское"", ""level"": ""2""}"
Вкл вентиляцию сидений,seat_vent_set,
"Остывание сидений, включи",seat_vent_set,
Автоматический режим фар,headlights_set,"{""mode"": ""auto""}"
Включи автоматические дворники,rain_set,"{""state"": ""on""}"
Дворники скорость два,wipers_set,"{""level"": ""2""}"
Воспроизведи что-нибудь спокойное,play_music,"{""mood"": ""спокойное""}"
Сделай тише на два деления,volume_change,"{""delta"": ""-2""}"
Включи радиостанцию 101.2,radio_set_station,"{""frequency"": ""101.2""}"
Поставь радиостанцию на Ретро FM,radio_set_station,"{""station"": ""Ретро FM""}"
Включи режим повтора всего альбома,media_repeat_set,"{""mode"": ""all""}"
Перемешать,media_shuffle_set,"{""state"": ""on""}"
Переход на USB,media_source_set,"{""source"": ""USB""}"
Включи блютуз,media_source_set,"{""source"": ""Bluetooth""}"
Поменяй источник на CD,media_source_set,"{""source"": ""CD""}"
Как поживает автомобиль?,chitchat,
"Подожди, можно музыку потише?",volume_change,"{""direction"": ""down""}"
Охлади водительское сиденье на три,seat_vent_set,"{""seat"": ""водительское"", ""level"": ""3""}"
Опусти правое переднее окно наполовину,window_set,"{""side"": ""front_right"", ""position_percent"": 50}"
Подними заднее левое стекло полностью,window_set,"{""side"": ""rear_left"", ""position_percent"": 100}"
"Пожалуйста, закрой люк сейчас",sunroof_close,
"Хочу прохлады, включи кондиционер и поставь температуру на 20 градусов",ac_set,"{""temperature"": 20}"
Переключи режим обдува на лицо и ноги,ac_mode_set,"{""mode"": ""feet_face""}"
Убавь скорость вентилятора на два деления,ac_fan_set,"{""delta"": -2}"
Включи подогрев сиденья водителя на три,seat_heater_set,"{""side"": ""driver"", ""level"": 3}"
Отключи оттайку заднего стекла,defrost_set,"{""target"": ""rear"", ""state"": ""off""}"
Переключись на AM 720,radio_set_station,"{""station"": ""720"", ""band"": ""AM""}"
Повтори текущий трек,media_repeat_set,"{""mode"": ""track""}"
Сделай звук чуть громче,volume_change,
Убавь громкость на три позиции,volume_change,"{""delta"": -3}"
Сделать источник USB,media_source_set,"{""source"": ""USB""}"
Прокладывай маршрут до офиса,nav_start,"{""destination"": ""офис""}"
"Навигатор, поезжай домой",nav_start,"{""destination"": ""домой""}"
Сбрось этот входящий вызов,call_hangup,
Притуши фары немного,headlights_set,"{""mode"": ""dim""}"
Включи режим дождя для стеклоочистителей,rain_set,"{""state"": ""on""}"
Поставь интервалы дворников через пять секунд,wipers_set,"{""interval_seconds"": 5}"
"Поставь кондиционер на 18 градусов, пожалуйста",ac_set,"{""temperature"": 18}"
Выключи кондиционер и вентилятор салона,ac_off,
Повысить температуру до двадцати пяти градусов,ac_set,"{""temperature"": 25}"
Включи рециркуляцию воздуха в салоне,ac_mode_set,"{""mode"": ""recirculation""}"
Активируй максимальный обогрев салона,ac_mode_set,"{""mode"": ""max_heat""}"
"Подогрей правое сиденье на максимум, пожалуйста",seat_heater_set,"{""side"": ""passenger"", ""level"": ""max""}"
"Проветри салон, пожалуйста, включи интенсивную вентиляцию",ac_fan_set,"{""mode"": ""ventilate""}"
"Найди ближайшую заправку и проложи до неё маршрут, мне нужно заправиться сейчас",nav_start,"{""destination"": ""ближайшая заправка""}"
Включи снова перемешивание плейлиста,media_shuffle_set,"{""state"": ""on""}"
"Повтори этот альбом, пожалуйста",media_repeat_set,"{""mode"": ""album""}"
Уменьши громкость до нуля,volume_set,"{""level"": 0}"
Включи Bluetooth и играй с телефона,media_source_set,"{""source"": ""Bluetooth""}"
"Ты — отличный помощник, спасибо",chitchat,
Закрой левое заднее окно,window_set,"{""window"": ""rear_left"", ""position"": ""closed""}"
Наполовину опусти переднее пассажирское окно,window_set,"{""window"": ""front_passenger"", ""open_percent"": 50}"
Установи температуру на двадцать два градуса,ac_set,"{""temperature"": 22}"
Охлади салон на три градуса,ac_set,"{""temperature_delta"": -3}"
Режим вентиляции — обдув лобового стекла,ac_mode_set,"{""mode"": ""front_defrost""}"
Включи тёплый обогрев сиденья водителя на два,seat_heater_set,"{""seat"": ""driver"", ""level"": 2}"
Отключи подогрев сидений,seat_heater_set,"{""seat"": ""all"", ""level"": 0}"
Вентиляция кресла пассажира максимальная,seat_vent_set,"{""seat"": ""passenger"", ""level"": ""max""}"
Убери обогрев стекол,defrost_set,"{""state"": ""off""}"
Добавь громкость на пять,volume_change,"{""delta"": 5}"
Включи повтор всего плейлиста,media_repeat_set,"{""mode"": ""all""}"
"Поставь радио на 101,2 FM",radio_set_station,"{""frequency"": 101.2, ""band"": ""FM""}"
Переключись на станцию «Европа Плюс»,radio_set_station,"{""station"": ""Европа Плюс""}"
Проложи маршрут до офиса,nav_start,"{""destination"": ""офис""}"
Включи дворники на автомат,wipers_set,"{""mode"": ""auto""}"
Ускорь дворники на среднюю скорость,wipers_set,"{""speed"": ""medium""}"
Разогрей рулевое колесо,wheel_heater_set,"{""state"": ""on""}"
Включи обогрев переднего правого сиденья на три,seat_heater_set,"{""seat"": ""front_right"", ""level"": 3}"
Охлади кресло водителя,seat_vent_set,"{""seat"": ""driver"", ""state"": ""on""}"
"Можно музыку потише, пожалуйста?",volume_change,"{""delta"": ""down""}"
Поставь следующую песню из плейлиста,next_track,
Проиграй трек «Небо» от группы Мята,play_music,"{""track"": ""Небо"", ""artist"": ""Мята""}"
Переключи источник на радиоприёмник,media_source_set,"{""source"": ""radio""}"
"Не выдержать в этом духоте, включи кондиционер",ac_set,
Понизь температуру на пять градусов,ac_set,"{""delta"": ""5""}"
Сделай прохладнее до 19,ac_set,"{""temperature"": ""19""}"
Переключись в рециркуляцию воздуха,ac_mode_set,"{""mode"": ""recirculation""}"
"Автоматический режим, пожалуйста",ac_mode_set,"{""mode"": ""auto""}"
Увеличь скорость вентилятора до трёх,ac_fan_set,"{""level"": ""3""}"
Подогрей сиденье водителя на максимум,seat_heater_set,"{""seat"": ""driver"", ""level"": ""max""}"
"Поддуй на заднее стекло, пожалуйста",defrost_set,"{""target"": ""rear_window"", ""action"": ""on""}"
"Закрой люк, солнце прямо в лоб",sunroof_close,
"Прикрыть люк, слишком ярко",sunroof_close,
Добавь громкость,volume_change,"{""direction"": ""up""}"
Убери звук,volume_mute_set,"{""mute"": ""true""}"
Громкость тридцать процентов,volume_set,"{""level"": ""30%""}"
Пусть повторяется альбом,media_repeat_set,"{""mode"": ""album""}"
Настрой на 102.5,radio_set_station,"{""frequency"": ""102.5""}"
Стоп навигацию,nav_cancel,
Дворники на интервалы,wipers_set,"{""mode"": ""intermittent""}"
Этот утренний туман и солнце в лоб достали,chitchat,
"Понизь шум, убавь громкость",volume_change,"{""direction"": ""down""}"
"Пожалуйста, включи спокойную музыку",play_music,"{""mood"": ""calm""}"
Включи радио на местную волну,radio_set,"{""target"": ""local""}"
Навигатор: проложи маршрут во двор,nav_start,"{""destination"": ""двор""}"
Отмена маршрута,nav_cancel,
Сбавь скорость вентилятора на два шага,ac_fan_set,"{""delta"": ""-2""}"
"Хватит солнца в лоб, закрой люк",sunroof_close,
Разгони вентилятор кондиционера на максимум,ac_fan_set,"{""level"": ""max""}"
Открой немного заднее окно,window_set,"{""target"": ""rear"", ""position"": ""slightly_open""}"
"Опусти пассажирское стекло, хочется свежего воздуха",window_set,"{""target"": ""passenger"", ""action"": ""open""}"
Поверни громкость на максимум,volume_set,"{""level"": ""100%""}"
"Включи обдув на лобовом, с утра влажно",defrost_set,"{""target"": ""windshield"", ""action"": ""on""}"
"Когда ветер с гор дует в салон, закрой все окна и люк, пожалуйста — на серпантине шум невыносим",window_set,"{""position"": 0}"
Опусти заднее правое стекло на половину,window_set,"{""side"": ""rear_right"", ""position_percent"": 50}"
Подними левое переднее стекло,window_set,"{""side"": ""front_left"", ""position_percent"": 100}"
"Закрой люк, пожалуйста, шумно на серпантине",sunroof_close,
Тише музыку,volume_change,"{""delta"": -3}"
"Поставь радио на 101.5 FM, ветер мешает",radio_set_station,"{""frequency"": 101.5}"
Переключи трек,next_track,
Приглуши звук до двух,volume_set,"{""level"": 2}"
Выключи кондиционер — прям шум от ветра,ac_off,
Увеличь обороты вентиляции на максимум,ac_fan_set,"{""level"": 5}"
Охлади салон на пару градусов,ac_set,"{""delta"": 2}"
Выбери режим обдува на лобовое,defrost_set,"{""target"": ""front"", ""state"": ""on""}"
"Включи рециркуляцию, сейчас пыльно",ac_mode_set,"{""mode"": ""recirculation""}"
Хочу тишины,volume_mute_set,"{""mute"": true}"
Приглуши на 50 процентов,volume_set,"{""level_percent"": 50}"
Повтори эту композицию,media_repeat_set,"{""mode"": ""one""}"
Включи навигацию к ближайшей остановке,nav_start,"{""destination"": ""ближайшая остановка""}"
"Сбрось звонок, не сейчас",call_hangup,
Подключись к USB,media_source_set,"{""source"": ""USB""}"
"Сделай громче, пожалуйста",volume_change,"{""delta"": 3}"
"Притуши фары, рассвет",headlights_set,"{""mode"": ""auto""}"
Подогрей сиденье до трёх,seat_heater_set,"{""level"": 3}"
Вентиляция сиденья на максимум,seat_vent_set,"{""level"": 5}"
На серпантине подними обороты дворников,wipers_set,"{""level"": 3}"
Авто-дворники,rain_set,"{""mode"": ""auto""}"
Уменьши интервалы очистки,wipers_set,"{""interval"": ""short""}"
"Верни ту, что была до этого",previous_track,
"Прошу, отключи музыку и закрой окна, ветер на серпантине слишком громкий, хочу тишины",stop_music,
Поставь станцию Радио России,radio_set_station,"{""station"": ""Радио России""}"
Наставь громкость на семь,volume_set,"{""level"": 7}"
"Останови навигацию, я свернул",nav_cancel,
Начни маршрут до дома,nav_start,"{""destination"": ""дом""}"
Отмени повтор,media_repeat_set,"{""mode"": ""off""}"
Сделай вентилятор потише,ac_fan_set,"{""level"": 2}"
Остановить музыку,stop_music,
Мне слышно каждый камень и свист ветра — убавь громкость немедленно,volume_change,"{""delta"": -5}"
"Ответь, это важный звонок",call_answer,
"Отключи кондиционер, слышно мотор",ac_off,
Я хочу тишины и свежего воздуха,chitchat,
"Подними, пожалуйста, переднее левое стекло",window_set,"{""side"": ""front_left"", ""position"": ""up""}"
Наполовину открой все окна,window_set,"{""amount"": ""50%"", ""target"": ""all""}"
Установи двадцать градусов,ac_set,"{""temperature"": ""20""}"
Отключи компрессор,ac_off,
Переключи режим на авто,ac_mode_set,"{""mode"": ""auto""}"
Убавь вентиляцию,ac_fan_set,"{""direction"": ""down""}"
Подогрей передние сиденья,seat_heater_set,"{""target"": ""front""}"
Сделай обогрев заднего правого кресла на три,seat_heater_set,"{""side"": ""rear_right"", ""level"": ""3""}"
Отключи охлаждение пассажирского кресла,seat_vent_set,"{""target"": ""passenger"", ""state"": ""off""}"
Выключи обогрев лобового,defrost_set,"{""target"": ""front"", ""state"": ""off""}"
Громкость установи на семь,volume_set,"{""level"": ""7""}"
Включи повтор песен,media_repeat_set,"{""mode"": ""on""}"
Настрой радио на станцию,radio_set_station,
Прокладывай маршрут до Красной площади,nav_start,"{""destination"": ""Красная площадь""}"
Проложи путь домой,nav_start,"{""destination"": ""домой""}"
Позвони Петру,call_start,"{""contact"": ""Петр""}"
"Не слишком громко, уменьшить пожалуйста звук на половину",volume_change,"{""amount"": ""50%"", ""direction"": ""down""}"
"А можно открыть правое заднее стекло, чуть-чуть?",window_set,"{""side"": ""rear_right"", ""amount"": ""slightly""}"
"Пожалуйста, поставь кондиционер в экономичный режим и понизь температуру на один градус",ac_mode_set,"{""mode"": ""eco"", ""temperature_change"": ""-1""}"
"Включи обогрев сиденья водителя на максимум, мне холодно",seat_heater_set,"{""target"": ""driver"", ""level"": ""max""}"
Перейди на USB источник,media_source_set,"{""source"": ""USB""}"
Переключись на предыдущую радиостанцию,radio_set_station,"{""action"": ""previous""}"
На повторе альбом,media_repeat_set,"{""scope"": ""album""}"
Случайное воспроизведение включить,media_shuffle_set,"{""state"": ""on""}"
Сделай паузу на пару минут,media_pause,"{""duration"": ""2 minutes""}"
"Ты не против, если я попрошу включить дальний свет — мне нужно лучше видеть дорогу",high_beam_set,"{""state"": ""on"", ""reason"": ""better_visibility""}"
Открой стекло водителя,window_set,"{""window"": ""driver"", ""action"": ""open""}"
Подними правый задний стеклоподъёмник,window_set,"{""window"": ""rear_right"", ""action"": ""raise""}"
"Мне слишком холодно в ногах, пожалуйста, поставь температуру двадцать один градус",ac_set,"{""temperature"": ""21""}"
Выключи климат-контроль прямо сейчас,ac_off,
Включи обдув в ноги,ac_mode_set,"{""mode"": ""floor""}"
Увеличь скорость вентилятора на два деления,ac_fan_set,"{""direction"": ""increase"", ""amount"": ""2""}"
"Понизь скорость вентилятора, пожалуйста",ac_fan_set,"{""direction"": ""decrease""}"
Установи вентилятор на четыре,ac_fan_set,"{""level"": ""4""}"
Подогрей заднее левое сиденье на максимум,seat_heater_set,"{""seat"": ""rear_left"", ""level"": ""max""}"
Убери обогрев лобового стекла,defrost_set,"{""target"": ""front"", ""state"": ""off""}"
Поставь на паузу проигрывание,media_pause,
Перейди к следующему треку,next_track,
Вернись к предыдущей композиции,previous_track,
"Сделай потише, пожалуйста",volume_change,"{""direction"": ""down""}"
Повтори текущую композицию,media_repeat_set,"{""state"": ""on""}"
Отключи повтор трека,media_repeat_set,"{""state"": ""off""}"
Поставь станцию 99.5 FM,radio_set_station,"{""frequency"": ""99.5"", ""band"": ""FM""}"
Включи Дорожное радио,radio_set,"{""station_name"": ""Дорожное радио""}"
"Прокладывай маршрут с учётом пробок до дома, пожалуйста, быстрее и короче",nav_start,"{""destination"": ""home"", ""route_preference"": ""fastest""}"
Поехали до ближайшей заправки по маршруту без платных дорог,nav_start,"{""destination"": ""nearest_gas_station"", ""avoid"": ""tolls""}"
"Позвони, пожалуйста, маме по сотовому, номер в контактах у тебя",call_start,"{""contact"": ""мама""}"
Закончи разговор и положи трубку,call_hangup,
Включи фары ближнего света,headlights_set,"{""state"": ""on"", ""type"": ""low_beam""}"
"Выключи дальний свет, пожалуйста",high_beam_set,"{""state"": ""off""}"
Дворники в автоматический режим,wipers_set,"{""mode"": ""auto""}"
Протри лобовое один раз дворниками,wipers_set,"{""action"": ""single""}"
Включи режим работы при дожде,rain_set,"{""state"": ""on""}"
"Подогрей все сиденья, пожалуйста",seat_heater_set,"{""seat"": ""all"", ""state"": ""on""}"
Охлади все кресла прямо сейчас,seat_vent_set,"{""seat"": ""all"", ""state"": ""on""}"
Мне расскажи что-нибудь интересное про машины,chitchat,
Сыграй что-нибудь бодрое с выраженным басом и энергией всю дорогу,play_music,
"Пошути мне анекдот, чтобы развеселить пассажиров",chitchat,
Закрой левое переднее окно,window_set,"{""window"": ""front_left"", ""position"": ""closed""}"
Опусти заднее правое окно наполовину,window_set,"{""window"": ""rear_right"", ""position"": ""50%""}"
Подними пассажирское окно,window_set,"{""window"": ""front_right"", ""position"": ""closed""}"
"Сделай в салоне прохладнее, на 18",ac_set,"{""temperature"": 18}"
Добавь пару градусов к климату,ac_set,"{""temperature_delta"": 2}"
Охлади машину,ac_set,"{""mode"": ""cool""}"
Переключи климат в режим рециркуляции,ac_mode_set,"{""mode"": ""recirculation""}"
Включи автоматический режим кондиционера,ac_mode_set,"{""mode"": ""auto""}"
Подними скорость вентиляции на три,ac_fan_set,"{""fan_level"": 3}"
Уменьши обдув на один,ac_fan_set,"{""fan_delta"": -1}"
Уменьши подогрев переднего пассажира до двух,seat_heater_set,"{""seat"": ""front_passenger"", ""level"": 2}"
Отключи вентиляцию на пассажирском кресле,seat_vent_set,"{""seat"": ""front_passenger"", ""on"": false}"
Приподними люк на щель,sunroof_set,"{""position"": ""tilt""}"
Поставь что-нибудь спокойное,play_music,"{""mood"": ""calm""}"
Запусти плейлист Утро из моего телефона,play_music,"{""playlist"": ""Утро"", ""source"": ""phone""}"
Сбавь звук,volume_change,"{""delta"": -1}"
Громкость двадцать процентов,volume_set,"{""level_percent"": 20}"
Слушать USB,media_source_set,"{""source"": ""USB""}"
Отключи повторы,media_repeat_set,"{""repeat"": false}"
Выключи режим случайного воспроизведения,media_shuffle_set,"{""shuffle"": false}"
Поставь FM 101.2,radio_set_station,"{""band"": ""FM"", ""frequency"": 101.2}"
Настрой AM на восемьсот,radio_set_station,"{""band"": ""AM"", ""frequency"": 800}"
Построй навигацию до ближайшей заправки,nav_start,"{""destination"": ""nearest_gas_station""}"
Включи режим датчика дождя,rain_set,"{""mode"": ""auto""}"
Поставь температуру 20 градусов,ac_set,"{""temperature"": ""20""}"
Понизь вентилятор на одно деление,ac_fan_set,"{""delta"": ""1""}"
Установи скорость вентилятора на максимум,ac_fan_set,"{""level"": ""max""}"
Открой люк на всю ширину,sunroof_set,"{""position"": ""open_full""}"
Небольшое приоткрытие крыши,sunroof_set,"{""position"": ""tilt_slight""}"
Слегка прикрой заднее правое окно,window_set,"{""window"": ""rear_right"", ""position"": ""close_slight""}"
Опусти все окна полностью,window_set,"{""window"": ""all"", ""position"": ""down_full""}"
Поставь спокойную фон музыку,play_music,"{""mood"": ""calm""}"
Установи громкость на шестьдесят процентов,volume_set,"{""level"": ""60%""}"
Активируй случайное воспроизведение,media_shuffle_set,"{""state"": ""on""}"
Включи FM 101.7,radio_set_station,"{""frequency"": ""101.7""}"
"Поедем домой, проложи маршрут",nav_start,"{""destination"": ""home""}"
Отвези меня на ближайшую бензоколонку,nav_start,"{""destination"": ""nearest_gas_station""}"
Сбрось текущий вызов,call_hangup,
Фары — авто,headlights_set,"{""mode"": ""auto""}"
Дальний выключи,high_beam_set,"{""state"": ""off""}"
Дворники на полную мощность,wipers_set,"{""speed"": ""max""}"
Включи вентиляцию пассажира спереди,seat_vent_set,"{""seat"": ""front_passenger"", ""state"": ""on""}"
Немного прибавь подогрев правого заднего сиденья,seat_heater_set,"{""seat"": ""rear_right"", ""change"": ""increase""}"
Убери запотевание лобового,defrost_set,"{""target"": ""front"", ""state"": ""on""}"
Максимальный обогрев руля,wheel_heater_set,"{""level"": ""max""}"
"Следующая, не останавливаясь",next_track,
Сделай громкость по умолчанию,volume_set,"{""level"": ""default""}"
Прекрати воспроизведение музыки,stop_music,
Включи USB1,media_source_set,"{""source"": ""USB1""}"
Настрой УКВ на 87.5,radio_set_station,"{""frequency"": ""87.5""}"
"Навигируй до офиса на Пушкина, 10",nav_start,"{""destination"": ""Пушкина, 10""}"
"Прекрати маршрут, пожалуйста",nav_cancel,
Как твоё настроение?,chitchat,
Опусти правое стекло наполовину,window_set,"{""side"": ""правое"", ""position"": ""50%""}"
Подними левое окно полностью,window_set,"{""side"": ""левое"", ""position"": ""100%""}"
"Мне действительно жарко, опусти температуру климат-контроля до двадцати трёх градусов, пожалуйста",ac_set,"{""temperature"": 23}"
Сделай холоднее,ac_set,"{""change"": ""decrease""}"
"Переключись на рециркуляцию воздуха, закрыть приток с улицы",ac_mode_set,"{""mode"": ""рециркуляция"", ""state"": ""on""}"
Увеличь скорость вентилятора на три шага,ac_fan_set,"{""delta"": 3}"
Понизить вентилятор,ac_fan_set,"{""change"": ""decrease""}"
Подогрев пассажира на три,seat_heater_set,"{""side"": ""пассажир"", ""level"": 3}"
"Ужасно холодно, пожалуйста, включи вентиляцию сидений для задних пассажиров на средний режим",seat_vent_set,"{""side"": ""задние"", ""level"": ""средний"", ""state"": ""on""}"
Обдув лобового включи,defrost_set,"{""target"": ""лобовое"", ""state"": ""on""}"
"Отморозь заднее стекло, прошу",defrost_set,"{""target"": ""заднее"", ""state"": ""on""}"
Закрой панорамный люк полностью,sunroof_close,
Запусти музыку,play_music,
Воспроизведи альбом 'Ночные поездки',play_music,"{""album"": ""Ночные поездки""}"
"Поставь что-нибудь энергичное в плейлист, чтобы не заснуть за рулём, и начни с первой песни",play_music,"{""mood"": ""энергичный""}"
"Следующий трек, быстрее",next_track,
Сбавь громкость на пять пунктов,volume_change,"{""delta"": -5}"
Сделай музыку почти неслышной,volume_set,"{""level"": ""почти_неслышно""}"
Включи Bluetooth как источник медиа,media_source_set,"{""source"": ""bluetooth""}"
Переключись на радио FM,media_source_set,"{""source"": ""radio"", ""band"": ""FM""}"
Включи повтор для текущего трека,media_repeat_set,"{""mode"": ""track""}"
Перемешай все песни,media_shuffle_set,"{""state"": ""on""}"
Выключить перемешивание,media_shuffle_set,"{""state"": ""off""}"
Радио на 87.9,radio_set_station,"{""frequency"": 87.9}"
Перейди на УКВ,radio_set,"{""band"": ""AM""}"
"Прокладывай маршрут до ближайшей заправки, с минимальным временем ожидания на въездах",nav_start,"{""destination"": ""ближайшая заправка""}"
Отключи фары,headlights_set,"{""state"": ""off""}"
Дальний вкл,high_beam_set,"{""state"": ""on""}"
Гасни дальний,high_beam_set,"{""state"": ""off""}"
Включи дождевой датчик,rain_set,"{""state"": ""on""}"
Пусть дворники перейдут в автоматический режим и сами подберут скорость,wipers_set,"{""mode"": ""auto""}"
Подогрев руля на уровень три,wheel_heater_set,"{""level"": 3}"
Активируй подогрев руля,wheel_heater_set,"{""state"": ""on""}"
"Проветри салон, включи вентиляцию",seat_vent_set,"{""side"": ""весь"", ""state"": ""on""}"
"Ноги замерзают, нагрей мне обе подушки сидений на три уровня",seat_heater_set,"{""side"": ""оба"", ""level"": 3}"
Что ты умеешь?,chitchat,
Какая погода впереди?,chitchat,
"Придумай шутку про автомобиль, чтобы я не скучал в пробке",chitchat,"{""topic"": ""автомобиль"", ""type"": ""шутка""}"
Открой водительское окно немножко,window_set,"{""side"": ""driver"", ""amount"": ""slightly""}"
Опусти все стекла чуть-чуть,window_set,"{""side"": ""all"", ""amount"": ""slightly""}"
"Выключи климат-контроль, пожалуйста, не отвлекайся",ac_off,
Установи режим обдува на ноги и торс,ac_mode_set,"{""mode"": ""feet_torso""}"
Повысь скорость вентилятора,ac_fan_set,"{""change"": ""increase""}"
"Охлади сиденье, вентиляция включи",seat_vent_set,"{""action"": ""on""}"
Вентиляцию пассажирского сидения убавь,seat_vent_set,"{""seat"": ""passenger"", ""change"": ""decrease""}"
Запусти обогрев стекла лобового — лед нет,defrost_set,"{""target"": ""front"", ""action"": ""on""}"
Отморозь заднее стекло быстро,defrost_set,"{""target"": ""rear"", ""speed"": ""fast""}"
"Пожалуйста, закрой панорамный люк",sunroof_close,
"Включи фоновую музыку тихо, я смотрю стекло",play_music,"{""volume_hint"": ""low""}"
Сделай погромче чуть-чуть,volume_change,"{""change"": ""+small""}"
Выключи звук совсем,volume_mute_set,"{""mute"": true}"
"Повтори плейлист, пожалуйста",media_repeat_set,"{""state"": ""on""}"
"Смешать треки, включи режим shuffle",media_shuffle_set,"{""state"": ""on""}"
"Включи радиостанцию», — шепотом",radio_set,
Настрой радио на FM 101.2,radio_set_station,"{""band"": ""FM"", ""frequency"": ""101.2""}"
Построй маршрут до дома без пробок,nav_start,"{""destination"": ""home"", ""avoid"": ""traffic""}"
"Отмени навигацию, не хочу смотреть карту",nav_cancel,
Позвони Саше,call_start,"{""contact"": ""Саша""}"
Ответь на входящий звонок тихо,call_answer,"{""volume_hint"": ""low""}"
Подними дворники на интервалы,wipers_set,"{""mode"": ""intermittent""}"
Дворники авто — режим дождь,rain_set,"{""mode"": ""rain""}"
"Подогрей руль, холодно руки",wheel_heater_set,"{""state"": ""on""}"
"Немного закрой левое окно, чтоб не шумело",window_set,"{""side"": ""left"", ""amount"": ""partial""}"
Отключи кондиционер и включи вентиляцию,ac_off,
Режим авто для климатики включи,ac_mode_set,"{""mode"": ""auto""}"
Убавь вентилятор до минимума,ac_fan_set,"{""level"": ""min""}"
Подогрев заднего правого сиденья на максимум,seat_heater_set,"{""seat"": ""rear_right"", ""level"": ""max""}"
Вентиляция кресла водителя на среднее,seat_vent_set,"{""seat"": ""driver"", ""level"": ""medium""}"
"Закрой люк — тихо, я устал",sunroof_close,
Включи плейлист «вечерняя езда»,play_music,"{""playlist"": ""вечерняя езда""}"
Поставь паузу до следующего светофора,media_pause,"{""until"": ""stop""}"
"Следующий альбом, не переключайся вручную",next_track,
Назад на предыдущий трек быстро,previous_track,"{""speed"": ""fast""}"
Сделай громче на два деления,volume_change,"{""change"": 2}"
Установи громкость на ноль — полная тишина,volume_set,"{""level"": 0}"
Выключи звук звонка и медиа одновременно,volume_mute_set,"{""mute"": ""all""}"
Переключись на USB источник,media_source_set,"{""source"": ""USB""}"
Повтори текущую композицию раз за разом,media_repeat_set,"{""mode"": ""track""}"
Включи радио «ночной джаз» если можно,radio_set,"{""genre"": ""ночной джаз""}"
"Настройся на станцию 88.7 FM, тихо",radio_set_station,"{""band"": ""FM"", ""frequency"": ""88.7""}"
Проклади мне маршрут до ближайшей парковки,nav_start,"{""destination"": ""nearest_parking""}"
Отмени маршрут и не показывай подсказки,nav_cancel,
Позвони на работу — Александр,call_start,"{""contact"": ""Александр"", ""context"": ""work""}"
"Подними трубку, если это мама",call_answer,"{""condition"": ""if_mom""}"
Сбрось последний звонок немедленно,call_hangup,"{""which"": ""last""}"
Включи ближний свет и не моргай,headlights_set,"{""mode"": ""low"", ""behavior"": ""steady""}"
Автоматически включи дальний при пустой дороге,high_beam_set,"{""mode"": ""auto_on_empty""}"
Дворники включи раз в десять секунд,wipers_set,"{""interval_seconds"": 10}"
"Режим дождя выключи, сухо на улице",rain_set,"{""state"": ""off""}"
"Подогрев руля выключи, руки в порядке",wheel_heater_set,"{""state"": ""off""}"
"Просто поговори со мной, тихо — скучаю одна",chitchat,
Закрой задние окна,window_set,"{""side"": ""задние""}"
"Воспроизведи что-нибудь спокойное, пожалуйста, чтобы не отвлекаться",play_music,"{""mood"": ""спокойное""}"
"Переключи на радио, быстро",media_source_set,"{""source"": ""radio""}"
Поставь FM,media_source_set,"{""source"": ""FM""}"
Включи повтор этого трека,media_repeat_set,"{""state"": ""on""}"
Радио на 101.2 FM,radio_set_station,"{""station"": ""101.2""}"
Включи станцию Авторадио,radio_set_station,"{""station"": ""Авторадио""}"
Включи навигацию до ближайшей заправки,nav_start,"{""destination"": ""ближайшая заправка""}"
"Прокладывай короткий маршрут, мне нужно повернуть через триста метров без лишних манёвров",nav_start,"{""turn_in_m"": 300}"
Сбрось текущий звонок,call_hangup,
Позвони в офис без задержек,call_start,"{""contact"": ""офис""}"
Установи температуру двадцать два градуса,ac_set,"{""temperature"": 22}"
Вентилятор быстрее,ac_fan_set,
Включи подогрев сидения водителя на максимум,seat_heater_set,"{""side"": ""водителя"", ""level"": 3}"
Включи вентиляцию заднего кресла,seat_vent_set,"{""side"": ""заднее"", ""state"": ""on""}"
"Подогрев руля, включи прямо сейчас",wheel_heater_set,"{""state"": ""on""}"
Оттай лед на лобовом стекле,defrost_set,"{""target"": ""лобовое стекло""}"
Задняя разморозка включена?,defrost_set,"{""target"": ""заднее стекло""}"
"Авто, включи датчик дождя — будет легче самому не махать",rain_set,"{""state"": ""on""}"
Отключи автоматический режим дождя,rain_set,"{""state"": ""off""}"
"Туман сильный, включи противотуманные фары",headlights_set,"{""mode"": ""fog"", ""state"": ""on""}"
"Тихо, не отвлекай меня",chitchat,
Запахи с улицы сильные,chitchat,
Я не хочу отвлекаться сейчас,chitchat,
"Быстро сверни направо на следующем перекрёстке, мне нельзя тормозить и отвлекаться",nav_start,"{""turn"": ""right"", ""urgency"": ""quick""}"
"Понизь музыку, мне нужно слышать голос пассажира",volume_change,
"Приглуши музыку, чтобы слышать снаружи",volume_change,
"Пожалуйста, закрой задние окна полностью.",window_set,"{""window"": ""rear_all"", ""state"": ""close"", ""percent"": 0}"
Приоткрой правое окно чуть-чуть.,window_set,"{""window"": ""front_right"", ""position"": ""slightly""}"
Установи климат на двадцать градусов.,ac_set,"{""temperature"": 20}"
Потеплее.,ac_set,
"Мне жарко, сбрось температуру до восемнадцати градусов и включи рециркуляцию воздуха.",ac_set,"{""temperature"": 18, ""recirculation"": true}"
Переключи на обдув лобового стекла.,ac_mode_set,"{""mode"": ""front_defrost""}"
Поставь климат в режим вентиляции.,ac_mode_set,"{""mode"": ""ventilation""}"
Добавь скорость вентилятора на одну ступень.,ac_fan_set,"{""delta"": 1}"
Понизь обороты вентилятора до минимума.,ac_fan_set,"{""level"": ""min""}"
Фан на третью скорость.,ac_fan_set,"{""level"": 3}"
Уменьши вентилятор наполовину.,ac_fan_set,"{""position"": ""half"", ""percent"": 50}"
"Немного согрей моё место, пожалуйста.",seat_heater_set,"{""seat"": ""driver"", ""level"": ""low""}"
Включи вентиляцию кресла водителя.,seat_vent_set,"{""seat"": ""driver"", ""state"": ""on""}"
Отключи вентиляцию пассажира.,seat_vent_set,"{""seat"": ""passenger"", ""state"": ""off""}"
"Прогрей и разморози лобовое, пожалуйста.",defrost_set,"{""target"": ""front"", ""action"": ""start""}"
Отодвинь люк на пару сантиметров.,sunroof_set,"{""position"": ""slightly_open"", ""amount_cm"": 2}"
"Плотно закрой панорамный верх, пожалуйста.",sunroof_close,"{""state"": ""closed"", ""seal"": ""tight""}"
Запусти что-нибудь спокойное.,play_music,"{""mood"": ""calm""}"
Поставь плейлист для пробежки.,play_music,"{""playlist"": ""running""}"
"Хочу послушать джазовую подборку, смешай композиции и начни с чего-то атмосферного.",play_music,"{""genre"": ""jazz"", ""style"": ""atmospheric"", ""action"": ""start""}"
"Стоп, музыку выключи.",stop_music,
"Перейди к следующей песне, пожалуйста.",next_track,
Верни назад.,previous_track,
Убавь звук наполовину.,volume_change,"{""percent"": 50}"
Громкость 20.,volume_set,"{""level"": 20}"
Настрой на частоту сто одна точка четыре.,radio_set_station,"{""frequency"": 101.4}"
Поставь радио Дача.,radio_set_station,"{""station"": ""Дача""}"
"Проклади, пожалуйста, оптимальный маршрут до аэропорта с избеганием платных дорог и пробок.",nav_start,"{""destination"": ""airport"", ""avoid"": ""tolls_and_traffic""}"
Приоткрой левое переднее окно,window_set,"{""side"": ""front_left"", ""position"": ""slightly_open""}"
Переключи климат на обдув ног,ac_mode_set,"{""mode"": ""foot""}"
Отключи обогрев сидений,seat_heater_set,"{""seat"": ""all"", ""level"": ""0""}"
Отключи обдув заднего стекла,defrost_set,"{""target"": ""rear"", ""on"": false}"
Включи автосвет,headlights_set,"{""state"": ""auto""}"
Понизь чувствительность датчика дождя,rain_set,"{""sensitivity"": ""low""}"
Поставь песню «Маршрут» от Дачи,play_music,"{""song"": ""Маршрут"", ""artist"": ""Дача""}"
Установи громкость на пятнадцать,volume_set,"{""level"": ""15""}"
Поставь источник радио,media_source_set,"{""source"": ""radio""}"
Переключить на FM,radio_set,"{""band"": ""FM""}"
Включи «Наше радио»,radio_set_station,"{""station"": ""Наше радио""}"
Проложи до ближайшей заправки,nav_start,"{""destination"": ""ближайшая заправка""}"
Набери 8 800 555 35 35,call_start,"{""number"": ""8 800 555 35 35""}"
Включи габаритные огни,headlights_set,"{""state"": ""parking_on""}"
"Включи отопление на 21 градус, пожалуйста",ac_set,"{""temperature"": ""21""}"
Открой окна наполовину,window_set,"{""side"": ""all"", ""position"": ""50%""}"
Подними стекло переднего пассажира,window_set,"{""side"": ""front_right"", ""position"": ""closed""}"
Сколько километров до дома?,chitchat,
"Пожалуйста, найди кратчайший путь до офиса с учётом пробок",nav_start,"{""destination"": ""офис"", ""constraints"": ""avoid_traffic""}"
"Я замёрз, сделай потеплее в салоне градусов на пять",ac_set,"{""delta"": ""+5""}"
Приоткрой окно чуть-чуть,window_set,"{""position"": ""slightly_open""}"
Приоткрой шторку люка наполовину,sunroof_set,"{""position"": ""50%""}"
Поставь климат на 22 градуса,ac_set,"{""temperature"": 22}"
Понизь температуру на 2 градуса,ac_set,"{""delta"": -2}"
Переключи режим на обдув лобового стекла,ac_mode_set,"{""mode"": ""windshield""}"
Обогрей задние сиденья на три деления,seat_heater_set,"{""side"": ""rear"", ""level"": 3}"
Охлади пассажирское кресло сейчас,seat_vent_set,"{""side"": ""passenger"", ""state"": ""on""}"
"Включи вентиляцию кресла, если можно",seat_vent_set,"{""state"": ""on""}"
"Оттай заднее стекло, пожалуйста",defrost_set,"{""side"": ""rear"", ""state"": ""on""}"
Активируй автоматическое срабатывание по дождю,rain_set,"{""state"": ""on"", ""mode"": ""auto""}"
Поставь радиостанцию Техно FM,radio_set_station,"{""station"": ""Техно FM""}"
Переключись на FM-диапазон,media_source_set,"{""source"": ""FM""}"
Проигрывай интернет-радио,media_source_set,"{""source"": ""internet_radio""}"
Отключи повтор воспроизведения,media_repeat_set,"{""state"": ""off""}"
Останови музыку немедленно,stop_music,
"Громче на пять, пожалуйста",volume_change,"{""delta"": 5}"
Выставь громкость на 20 процентов,volume_set,"{""level"": 20}"
Набери Мария,call_start,"{""contact"": ""Мария""}"
Ответь на звонок сейчас,call_answer,
Построй маршрут до Красной площади пешком,nav_start,"{""destination"": ""Красная площадь"", ""mode"": ""walking""}"
"Куда дальше? Подскажи, пожалуйста, альтернативный маршрут с меньшим трафиком",chitchat,
"Расскажи анекдот, чтобы развеять скуку",chitchat,
Включи сборник Баха из моей библиотеки,play_music,"{""query"": ""Бах""}"
Прибавь громкость на семь,volume_change,"{""delta"": 7}"
Шторку люка закрой медленно,sunroof_close,"{""speed"": ""slow""}"
"Подожди минуту и включи кондиционер, пожалуйста, стало очень жарко в салоне",ac_set,"{""state"": ""on""}"
"Пожалуйста, сделай немного теплее пассажирскому сиденью",seat_heater_set,"{""side"": ""passenger"", ""level"": ""low""}"
Ты в порядке?,chitchat,
"Прогрей мотор и включи обогрев лобового до минимума, пока мы стоим в пробке",defrost_set,"{""side"": ""front"", ""mode"": ""preheat""}"
"Открой переднее левое окно чуть-чуть, душно",window_set,"{""side"": ""front_left"", ""position"": ""slightly""}"
Проветри салон — все окна на два сантиметра,window_set,"{""side"": ""all"", ""position_cm"": 2}"
"Закрой все окна, пожалуйста — пассажир спит",window_set,"{""side"": ""all""}"
"Нужно свежего воздуха, открой по чуть-чуть по одному окну с каждой стороны",window_set,"{""side"": ""both"", ""position"": ""slightly_each""}"
"Включи кондиционер, но потише",ac_set,
Поставь кондиционер на 18 градусов,ac_set,"{""temperature"": 18}"
"Мне жарко, сделай прохладу",ac_set,
Кондиционер — максимум,ac_set,"{""level"": ""max""}"
"На улице вечер и душно — включи климат на 21 градус, пожалуйста",ac_set,"{""temperature"": 21}"
"Переключи режим на рециркуляцию, чтобы не задувало пыль с двора",ac_mode_set,"{""mode"": ""recirculation""}"
Уменьши вентилятор на одну ступень,ac_fan_set,"{""level_delta"": -1}"
Подними скорость вентилятора на два шага,ac_fan_set,"{""level_delta"": 2}"
Поставь подогрев переднего пассажирского сиденья на средний уровень,seat_heater_set,"{""seat"": ""front_passenger"", ""level"": ""medium""}"
Вентиляция сиденья водителя — максимум,seat_vent_set,"{""seat"": ""driver"", ""level"": ""max""}"
Включи обдув стекол: заднее и лобовое,defrost_set,"{""targets"": [""front"", ""rear""]}"
"Приоткрой люк немного, чтобы вышел перегретый воздух",sunroof_set,"{""position"": ""slightly""}"
"Открой люк полностью, пусть дует сверху",sunroof_set,"{""position_percent"": 100}"
"Закрой люк, чтобы не летела пыль",sunroof_close,
"Включи что-нибудь спокойное, пассажир спит",play_music,"{""genre"": ""calm""}"
"Поставь плейлист ""Вечерняя жара""",play_music,"{""playlist"": ""Вечерняя жара""}"
Запусти мою музыку,play_music,
"Выключи музыку, тихо",stop_music,
"Переключи на следующий, но потише",next_track,
Перемешай музыку,media_shuffle_set,"{""shuffle"": ""on""}"
Переключи радио,radio_set,
Настрой на волну 101.2,radio_set_station,"{""frequency_mhz"": 101.2}"
Поставь станцию Вечерний двор на радио,radio_set_station,"{""station_name"": ""Вечерний двор""}"
Включи автоматический режим датчика дождя,rain_set,"{""state"": ""on""}"
"Как жарко сегодня вечером, не правда ли?",chitchat,
"Пассажир уснул, не шумим",chitchat,
"Вечер, пыльно и душно во дворе — хочется проветрить, но подожду, пассажир спит",chitchat,
Опусти окно водителя чуть-чуть,window_set,
Приоткрой салонное окно на половину,window_set,"{""percent"": ""50""}"
Наклони люк немного,sunroof_set,
Установи температуру на 22 градуса,ac_set,"{""temperature"": ""22""}"
Сделай прохладу на 18,ac_set,"{""temperature"": ""18""}"
Уменьши скорость вентилятора на две ступени,ac_fan_set,"{""delta"": ""2""}"
Повысь вентилятор,ac_fan_set,
Притормози регулятор вентиляции до максимума,ac_fan_set,"{""fan_level"": ""max""}"
Включи подогрев водительского кресла на три,seat_heater_set,"{""side"": ""driver"", ""level"": ""3""}"
Подогрей заднее сиденье,seat_heater_set,"{""side"": ""rear""}"
Вентиляция кресла на максимум,seat_vent_set,"{""level"": ""max""}"
Подними обогрев заднего стекла,defrost_set,"{""target"": ""rear"", ""state"": ""on""}"
Поставь плейлист 'Драйв' на повтор,play_music,"{""playlist"": ""Драйв""}"
Прекрати музыку сейчас,stop_music,
Убавь громкость наполовину,volume_change,"{""percent"": ""50""}"
Сделай тише на пять,volume_change,"{""delta"": ""5""}"
Настрой FM на 101.7,radio_set_station,"{""frequency"": ""101.7""}"
Поставь станцию 'Ретро FM',radio_set_station,"{""station"": ""Ретро FM""}"
Проложи маршрут до работы,nav_start,"{""destination"": ""work""}"
Наведёшь меня домой?,nav_start,"{""destination"": ""home""}"
Авто-режим для дождя,rain_set,"{""mode"": ""auto""}"
Как погода?,chitchat,
"Спасибо, хорошего дня",chitchat,
Уменьши громкость радио на три,volume_change,"{""delta"": ""3"", ""source"": ""radio""}"
Открой окно слева на половину,window_set,"{""side"": ""left"", ""position"": 50}"
Приоткрой правое переднее окно,window_set,"{""side"": ""front_right"", ""position"": 20}"
Полностью открой шторку люка,sunroof_set,"{""position"": 100}"
"Включи рециркуляцию воздуха, пожалуйста",ac_mode_set,"{""mode"": ""recirculation""}"
Режим климата — авто,ac_mode_set,"{""mode"": ""auto""}"
Добавь скорость вентилятора на два,ac_fan_set,"{""delta"": 2}"
Выключи подогрев водительского сиденья,seat_heater_set,"{""seat"": ""driver"", ""level"": 0}"
Подогрей пассажирское сиденье до трёх,seat_heater_set,"{""seat"": ""passenger"", ""level"": 3}"
Охлади заднее левое сиденье,seat_vent_set,"{""seat"": ""rear_left"", ""level"": 2}"
На паузу,media_pause,
Снизь громкость на семь,volume_change,"{""delta"": -7}"
Настрой радио на 92.7 FM,radio_set_station,"{""frequency"": 92.7, ""band"": ""FM""}"
"Построй, пожалуйста, самый быстрый маршрут до офиса с учётом пробок",nav_start,"{""destination"": ""офис""}"
Активируй дальний свет,high_beam_set,"{""state"": ""on""}"
Дворники на интенсивный режим,wipers_set,"{""level"": ""high""}"
Подогрей руль немного,wheel_heater_set,"{""state"": ""on"", ""level"": 2}"
Сделай вентиляцию сиденья на минимум,seat_vent_set,"{""level"": 1}"
"Включи интенсивный обогрев лобового стекла до максимума, на улице холодно",defrost_set,"{""side"": ""front"", ""level"": 5}"
Поставь песню Shape of You,play_music,"{""track"": ""Shape of You""}"
"Следующий, пожалуйста",next_track,
Уменьши громкость вдвое,volume_change,"{""factor"": 0.5}"
Воспроизведи мой плейлист Дорога,play_music,"{""playlist"": ""Дорога""}"
Заглуши аудио,stop_music,
Радио на AM,radio_set,"{""band"": ""AM""}"
Поставь частоту 62.0,radio_set_station,"{""frequency"": 62.0}"
"Я еду домой, проложи маршрут с минимальным временем в пути и без платных дорог",nav_start,"{""destination"": ""домой"", ""avoid_tolls"": true}"
Отменить маршрут,nav_cancel,
Принять,call_answer,
Какой сегодня прогноз погоды — будет ли дождь по дороге к работе?,chitchat,
Открой левое заднее окно,window_set,"{""window"": ""left_rear"", ""action"": ""open""}"
Заднюю правую опусти чуть-чуть,window_set,"{""window"": ""right_rear"", ""position"": ""slightly_down""}"
Прикрой переднее пассажирское окно,window_set,"{""window"": ""front_passenger"", ""action"": ""close""}"
Полностью вниз водительское,window_set,"{""window"": ""driver"", ""position"": ""down""}"
Охлади салон до 19 градусов,ac_set,"{""temperature"": 19}"
Отключи кондиционер полностью,ac_off,
Режим обдува на ноги и лобовое,ac_mode_set,"{""mode"": ""feet_and_defrost""}"
Увеличь скорость вентилятора на максимум,ac_fan_set,"{""level"": ""max""}"
Понизь вентилятор на одну ступень,ac_fan_set,"{""change"": ""-1""}"
Отопление сиденья водителя на три,seat_heater_set,"{""seat"": ""driver"", ""level"": 3}"
Сделай подогрев заднего правого сиденья на минимуме,seat_heater_set,"{""seat"": ""rear_right"", ""level"": 1}"
Включи вентиляцию сиденья переднего пассажира,seat_vent_set,"{""seat"": ""front_passenger"", ""action"": ""on""}"
"Убери обдув стекол, только заднее",defrost_set,"{""target"": ""rear"", ""action"": ""on""}"
Приоткрой люк на солнце,sunroof_set,"{""action"": ""tilt_open""}"
Паузу поставь,media_pause,
Громкость 15 процентов,volume_set,"{""level"": ""15%""}"
Включи FM восемьдесят девять целых два,radio_set_station,"{""frequency"": ""89.2 FM""}"
Позвонить Павлу,call_start,"{""contact"": ""Павел""}"
Противо-дождевой режим стеклоочистителей,wipers_set,"{""mode"": ""rain""}"
Авто-датчик дождя включи,rain_set,"{""action"": ""on""}"
Погрей руль на пару минут,wheel_heater_set,"{""duration"": ""couple_minutes""}"
Можно включить радио и попроще фон?,chitchat,
Как настроение у машины?,chitchat,
Открой окно наполовину,window_set,"{""position"": ""50%""}"
Купи мне тишины — выключи музыку,stop_music,
Переключись на USB-приёмник,media_source_set,"{""source"": ""usb""}"
Вытащи музыку на паузу,media_pause,
Включи повторку альбомов,media_repeat_set,"{""scope"": ""albums"", ""value"": ""on""}"
Приоткрой правое заднее наполовину,window_set,"{""window"": ""rear_right"", ""percent"": 50, ""position"": ""half_open""}"
Сделай в салоне двадцать три градуса,ac_set,"{""temperature"": 23}"
Убавь кондиционер,ac_fan_set,
Поставь вентилятор на четвёртый уровень,ac_fan_set,"{""level"": 4}"
Уменьши обороты вентилятора на два шага,ac_fan_set,"{""delta"": -2}"
Включи подогрев пассажирского сиденья на максимум,seat_heater_set,"{""seat"": ""passenger"", ""level"": ""max""}"
Подогрей моё кресло на два,seat_heater_set,"{""seat"": ""driver"", ""level"": 2}"
Запусти вентиляцию переднего пассажира,seat_vent_set,"{""seat"": ""passenger"", ""action"": ""on""}"
Верни предыдущую дорожку,previous_track,
Убавь звук на три уровня,volume_change,"{""delta"": -3}"
Включи беззвучный режим,volume_mute_set,"{""mute"": true}"
Настройся на FM 101.2,radio_set_station,"{""band"": ""FM"", ""station"": ""101.2""}"
Ищи станцию 87.5,radio_set_station,"{""station"": ""87.5""}"
Проложи маршрут до Кремля с учётом пробок и кратчайшего времени в пути,nav_start,"{""destination"": ""Кремль"", ""preferences"": [""avoid_traffic"", ""fastest""]}"
"Положи трубку, пожалуйста",call_hangup,
Сделай датчик дождя более чувствительным,rain_set,"{""sensitivity"": ""high""}"
"Остуди руль, пожалуйста",wheel_heater_set,"{""state"": ""off""}"
Что за погода снаружи сейчас?,chitchat,
"Мне холодно, включи обогрев салона",ac_mode_set,"{""mode"": ""heat""}"
Пропусти этот трек,next_track,
Повтори эту песню один раз,media_repeat_set,"{""state"": ""single""}"
Включи режим «случайный порядок» для плейлиста,media_shuffle_set,"{""state"": ""on""}"
Найди пункт назначения: дом,nav_start,"{""destination"": ""дом""}"
Подними стекло водителя,window_set,"{""side"": ""driver"", ""action"": ""up""}"
"Открой окно наполовину, чтобы немного проветрить салон",window_set,"{""position"": ""50%""}"
Закрой левое заднее окно плотно,window_set,"{""side"": ""left_rear"", ""position"": ""closed""}"
Сделай вентиляцию немного прохладнее,ac_set,"{""direction"": ""down""}"
Поставь вентилятор на максимум сейчас,ac_fan_set,"{""level"": ""max""}"
"Отогрей сиденье водителя, пожалуйста",seat_heater_set,"{""seat"": ""driver"", ""state"": ""on""}"
Охлади кресло переднего пассажира немножко,seat_vent_set,"{""seat"": ""front_passenger"", ""state"": ""on""}"
Включи вентиляцию сиденья сзади,seat_vent_set,"{""seat"": ""rear"", ""state"": ""on""}"
"Сдвинь люк на всю длину, хочу почувствовать ветер",sunroof_set,"{""position"": ""open""}"
Открой люк на три четверти,sunroof_set,"{""position"": ""75%""}"
Уменьши громкость на пять,volume_change,"{""delta"": -5}"
Поставь радиостанцию на УКВ 101.2,radio_set_station,"{""frequency"": ""101.2""}"
Проклади маршрут до ближайшей заправки и избегай платных дорог,nav_start,"{""destination"": ""nearest_gas""}"
Включи режим дождя для дворников,rain_set,"{""state"": ""on""}"
"Поговори со мной, расскажи что-нибудь",chitchat,
Перестань играть музыку,stop_music,
"Приостанови трек на пару минут, потом продолжи автоматически",media_pause,"{""duration"": ""2 minutes""}"
Включи предыдущую песню снова,previous_track,
Убавь звук чуть-чуть,volume_change,"{""direction"": ""down"", ""delta"": 1}"
Отключи звук на недолгое время,volume_mute_set,
Переключись на USB-накопитель,media_source_set,"{""source"": ""usb""}"
"Смешай треки случайным образом, пожалуйста",media_shuffle_set,"{""state"": ""on""}"
Настрой радиостанцию «Радио Маяк»,radio_set_station,"{""station"": ""Радио Маяк""}"
"Ориентируй меня к дому родителей через самый быстрый путь, без пробок",nav_start,"{""destination"": ""parents_home""}"
Отмени маршрут и останови навигацию сейчас,nav_cancel,
Позвонить семье сейчас,call_start,"{""contact"": ""family""}"
Прими вызов пожалуйста,call_answer,
"Отключи дальний свет, если можно",high_beam_set,"{""state"": ""off""}"
"Запусти режим обогрева лобового стекла и зеркал, на всякий случай",defrost_set,"{""targets"": [""windshield"", ""mirrors""], ""state"": ""on""}"
"Хочу поболтать, расскажи шутку",chitchat,
Подними лобовое стекло,window_set,"{""target"": ""лобовое"", ""action"": ""поднять""}"
Открой крышу полностью,sunroof_set,"{""position"": ""полностью"", ""action"": ""открыть""}"
Остудь салон на два градуса,ac_set,"{""change"": ""-2"", ""unit"": ""градуса""}"
Нагрей до 22 градусов,ac_set,"{""temperature"": ""22"", ""unit"": ""C""}"
Понизь вентилятор наполовину,ac_fan_set,"{""level"": ""50%"", ""wording"": ""наполовину""}"
Включи подогрев водительского сиденья,seat_heater_set,"{""seat"": ""водительское"", ""state"": ""включить""}"
Сделай подогрев переднего пассажира минимальным,seat_heater_set,"{""seat"": ""передний пассажир"", ""level"": ""низкий""}"
Отключи вентиляцию кресел,seat_vent_set,"{""state"": ""выключить""}"
Вентиляция задних сидений на три деления,seat_vent_set,"{""seat"": ""задние"", ""level"": ""3""}"
Убери обдув заднего стекла,defrost_set,"{""target"": ""заднее"", ""state"": ""выключить""}"
Поверни фары в режим ближнего света,headlights_set,"{""mode"": ""ближний""}"
Включи дальний свет на секунду,high_beam_set,"{""action"": ""включить"", ""duration"": ""коротко""}"
"Авто-режим дождя, пожалуйста",rain_set,"{""mode"": ""авто""}"
Паузa,media_pause,
Сделай тише на три шага,volume_change,"{""direction"": ""down"", ""steps"": ""3""}"
Включи случайное перемешивание треков,media_shuffle_set,"{""state"": ""on""}"
Настрой на станцию 101.7,radio_set_station,"{""frequency"": ""101.7"", ""unit"": ""MHz""}"
"Навигируй домой, пожалуйста",nav_start,"{""destination"": ""дом""}"
Протри стекла дворниками чаще,wipers_set,"{""action"": ""увеличить частоту""}"
Режим дождя выкл,rain_set,"{""mode"": ""off""}"
Подогрей колесо на максимум,wheel_heater_set,"{""level"": ""максимум""}"
Поставь плейлист для дороги,play_music,"{""playlist"": ""дорожный""}"
Пропусти на пару треков вперёд,next_track,"{""count"": ""2""}"
Верни назад две песни,previous_track,"{""count"": ""2""}"
"Снизь громкость до нуля, тихо",volume_set,"{""level"": ""0%"", ""note"": ""тихо""}"
Повтори плейлист по кругу,media_repeat_set,"{""mode"": ""all""}"
Случайный режим включи,media_shuffle_set,"{""state"": ""enable""}"
Настрой радио на «Эхо Москвы»,radio_set_station,"{""station_name"": ""Эхо Москвы""}"
Найди ближайшую заправку и проложи маршрут,nav_start,"{""destination"": ""ближайшая заправка""}"
Позвони Петру Иванову,call_start,"{""contact"": ""Петр Иванов""}"
Отвечай на входящие автоматически,call_answer,"{""mode"": ""авто""}"
Сбрось последний вызов,call_hangup,
Приоткрой заднее окно,window_set,"{""side"": ""rear"", ""position"": ""slightly_open""}"
Полностью опусти пассажирское окно,window_set,"{""side"": ""passenger"", ""position"": ""down""}"
Подними левое переднее окно на три четверти,window_set,"{""side"": ""left_front"", ""position"": ""75%""}"
Поставь температуру на двадцать градусов,ac_set,"{""temperature"": ""20""}"
Сделай прохладу — градусов восемнадцать,ac_set,"{""temperature"": ""18""}"
Поставь режим обдува на ноги и торс,ac_mode_set,"{""mode"": ""feet_and_face""}"
Повысь скорость вентилятора на две ступени,ac_fan_set,"{""delta"": ""2""}"
Отключи подогрев сидений водителя,seat_heater_set,"{""seat"": ""driver"", ""state"": ""off""}"
Поставь подогрев заднего правого места на три,seat_heater_set,"{""seat"": ""rear_right"", ""level"": ""3""}"
"Сделайте, пожалуйста, вентиляцию кресла переднего пассажира на минимуме",seat_vent_set,"{""seat"": ""front_passenger"", ""level"": ""low""}"
Протри стекла и включи обдув стекла,defrost_set,"{""target"": ""front"", ""state"": ""on""}"
Отрегулируй обогрев стекла заднего,defrost_set,"{""target"": ""rear"", ""state"": ""on""}"
Открой панорамную крышу наполовину,sunroof_set,"{""position"": ""50%""}"
Сдвинь люк немного назад,sunroof_set,"{""action"": ""tilt_back""}"
Останови проигрывание сейчас,stop_music,
Сделай громкость семьдесят процентов,volume_set,"{""level"": ""70%""}"
Выключи звук — без звука,volume_mute_set,"{""mute"": ""true""}"
Настрой на станцию 101.2 FM,radio_set_station,"{""frequency"": ""101.2"", ""band"": ""FM""}"
"Запусти навигацию до Красной площади, пожалуйста, проложи маршрут без пробок",nav_start,"{""destination"": ""Красная площадь"", ""preferences"": ""avoid_traffic""}"
Автовключение дождя активировать,rain_set,"{""state"": ""on""}"
Нагрей рулевое колесо,wheel_heater_set,"{""state"": ""on""}"
Поменяй источник на USB номер два,media_source_set,"{""source"": ""USB"", ""port"": ""2""}"
Радио на AM и настрой 1206 килогерц,radio_set_station,"{""band"": ""AM"", ""frequency"": ""1206""}"
"Пожалуйста, включи музыку Баха",play_music,"{""query"": ""Бах""}"
"Скучно, расскажи анекдот",chitchat,
Сколько осталось до пункта назначения?,chitchat,
"Сделай так, чтобы левое переднее окно было приоткрыто примерно наполовину, пожалуйста",window_set,"{""side"": ""left_front"", ""position"": 50}"
"Пожалуйста, включи кондиционер на 21 градус",ac_set,"{""temp"": 21}"
Выруби климат,ac_off,
"Убавь обдув, он слишком сильный",ac_fan_set,
Выключи подогрев сиденья водителя,seat_heater_set,"{""side"": ""driver"", ""level"": 0}"
Добавь подогрева на пассажирском — полную мощность,seat_heater_set,"{""side"": ""passenger"", ""level"": 3}"
"Вентиляция в сиденье на минимуме, пожалуйста",seat_vent_set,"{""level"": 1}"
Обдув кресел выключи,seat_vent_set,"{""level"": 0}"
Прикрой панорамный люк наполовину,sunroof_set,"{""position"": 50}"
Закрой верх,sunroof_close,
Проиграй джаз,play_music,"{""genre"": ""джаз""}"
Громкость на двадцать,volume_set,"{""level"": 20}"
Найди станцию 103.5,radio_set_station,"{""frequency"": ""103.5""}"
"Построй, пожалуйста, маршрут до дома по кратчайшему пути, избегая платных дорог",nav_start,"{""destination"": ""дом""}"
Протри дворники один раз,wipers_set,"{""mode"": ""single""}"
Выставь дворники на среднюю скорость,wipers_set,"{""speed"": ""medium""}"
"Расскажи что-нибудь, чтобы я не заскучал в этой пробке, пожалуйста",chitchat,
Какая погода сегодня?,chitchat,
Мне холодно,chitchat,
Подними температуру на пару градусов,ac_set,"{""delta"": 2}"
"Отключи кондиционер, пожалуйста",ac_off,
Режим «максимум охлаждение» включи,ac_mode_set,"{""mode"": ""max_cool""}"
Переключи на внешний воздух,ac_mode_set,"{""mode"": ""fresh_air""}"
Подними обдув на полную,ac_fan_set,"{""level"": ""max""}"
Подогревай пассажирское сиденье на два,seat_heater_set,"{""side"": ""passenger"", ""level"": 2}"
Включи вентиляцию в кресле водителя,seat_vent_set,"{""side"": ""driver"", ""state"": ""on""}"
"Дефрость стекло лобовое прямо сейчас, быстро!",defrost_set,"{""side"": ""front"", ""state"": ""on""}"
Закрой панораму потихоньку,sunroof_close,
"Поставь что-нибудь спокойное для сосредоточенной работы, без слов, пожалуйста",play_music,"{""mood"": ""спокойное""}"
Опусти водительское окно наполовину,window_set,"{""window"": ""driver"", ""position"": ""50%""}"
Открой люк в крыше полностью,sunroof_set,"{""position"": ""100%""}"
Сделай прохладнее на пару градусов,ac_set,
Отключи вентиляцию,ac_off,
Включи оттаивание заднего стекла,defrost_set,"{""target"": ""rear""}"
Увеличь скорость вентилятора на три,ac_fan_set,"{""delta"": ""3""}"
Понизь вентилятор,ac_fan_set,
"Максимальный режим обдува, пожалуйста",ac_fan_set,"{""level"": ""max""}"
Разогрей переднее сиденье водителя,seat_heater_set,"{""seat"": ""driver"", ""state"": ""on""}"
Включи подогрев для пассажира,seat_heater_set,"{""seat"": ""passenger"", ""state"": ""on""}"
Остывание сиденья — включи вентиляцию,seat_vent_set,"{""seat"": ""driver"", ""state"": ""on""}"
Погаси фары,headlights_set,"{""state"": ""off""}"
Выключи дальний свет сейчас,high_beam_set,"{""state"": ""off""}"
Переключись на FM 103.2,radio_set_station,"{""frequency"": ""103.2""}"
Найди станцию Радио Рокс,radio_set_station,"{""station"": ""Радио Рокс""}"
"А можно Spotify, пожалуйста?",media_source_set,"{""source"": ""Spotify""}"
Воспроизведи плейлист джаза,play_music,"{""playlist"": ""джаз""}"
Пауза трека,media_pause,
Добавь громкость на три щелчка,volume_change,"{""delta"": ""3""}"
Убавь громкость вдвое,volume_change,"{""factor"": ""0.5""}"
Поставь громкость на 15,volume_set,"{""level"": ""15""}"
Заткни звук (mute),volume_mute_set,"{""state"": ""mute""}"
Воспроизведи песню «Небо» Земфиры,play_music,"{""title"": ""Небо"", ""artist"": ""Земфира""}"
Включи альбом The Beatles,play_music,"{""artist"": ""The Beatles""}"
Поехали к станции метро Пушкинская,nav_start,"{""destination"": ""станция метро Пушкинская""}"
Навигатор — домой,nav_start,"{""destination"": ""дом""}"
Поставь громче — прямо сейчас!,volume_change,
Переключи источник на USB,media_source_set,"{""source"": ""USB""}"
Я хочу поболтать,chitchat,
Кондиционер 22,ac_set,"{""temperature"": 22}"
Холодно внутри,ac_set,
Вентилятор на три,ac_fan_set,"{""fan_level"": 3}"
"Дефрост заднего стекла, пожалуйста",defrost_set,"{""side"": ""rear"", ""state"": ""on""}"
Тасуй плейлист,media_shuffle_set,"{""shuffle"": ""on""}"
"Радио, пожалуйста",radio_set,
Поставь станцию на 101.5,radio_set_station,"{""station"": ""101.5""}"
"Построй маршрут домой, избегая платных участков и с учётом пробок, спасибо",nav_start,"{""destination"": ""дом"", ""avoid_tolls"": true, ""consider_traffic"": true}"
"Пожалуйста, позвони Ирине, скажи, что я задержусь минут на пятнадцать",call_start,"{""contact"": ""Ирина"", ""delay_minutes"": 15}"
Дальний свет отключи,high_beam_set,"{""state"": ""off""}"
Дворники на быструю,wipers_set,"{""speed"": ""fast""}"
Обогрей руль,wheel_heater_set,"{""state"": ""on""}"
Просто красиво,chitchat,
"Пожалуйста, приоткрой левое переднее окно, только немного",window_set,"{""window"": ""front_left"", ""position_percent"": 10}"
"Пожалуйста, закрой все окна — ветер сильный и жирные капли бьют внутрь",window_set,"{""window"": ""all"", ""state"": ""closed""}"
Открой заднее правое стекло на треть,window_set,"{""window"": ""rear_right"", ""position_percent"": 33}"
"Пожалуйста, выключи кондиционер, тут прохладно и стекла в каплях",ac_off,
"Сделай режим рециркуляции, пожалуйста, чтобы у нас не воняло улицей и нас не продувало",ac_mode_set,"{""mode"": ""recirculation""}"
"Пусть вентиляция дуёт одновременно на верх и низ, но не слишком сильно, пожалуйста",ac_mode_set,"{""mode"": ""face_feet""}"
"Подогрей заднее левое сиденье на максимум, пожалуйста",seat_heater_set,"{""seat"": ""rear_left"", ""level"": 3}"
Вентиляция кресла водителя выключи,seat_vent_set,"{""seat"": ""driver"", ""state"": ""off""}"
"Медленно разогрей лобовое стекло — только не слишком горячо, чтобы капли ушли",defrost_set,"{""side"": ""front"", ""intensity"": ""low""}"
"Дуй ветер, закрой люк полностью и плотно, чтобы не захватило холодный поток",sunroof_close,
"Включи плейлист 'Утро в парке', пусть играет тихо, пока я спокойно просматриваю карту",play_music,"{""playlist"": ""Утро в парке""}"
Поставь на паузу мелодию,media_pause,
"Дай следующую композицию, не задерживайся",next_track,
Хочу вернуться к предыдущему треку,previous_track,
Установи уровень громкости двадцать,volume_set,"{""volume"": 20}"
Выключи звук на время,volume_mute_set,"{""mute"": true}"
Переключись на радио как источник,media_source_set,"{""source"": ""radio""}"
Включи повтор для трека,media_repeat_set,"{""repeat"": ""one""}"
Перемешай все песни в альбоме,media_shuffle_set,"{""shuffle"": true, ""scope"": ""album""}"
"Радио поставь на 88.7 FM, пожалуйста",radio_set_station,"{""station"": ""88.7""}"
"Найди ближайшую автомойку и проложи маршрут туда с минимальным временем ожидания, пожалуйста",nav_start,"{""destination"": ""автомойка"", ""min_wait"": true}"
Отмени маршрут и сбрось точки,nav_cancel,
"Сделай теплее в салоне на два градуса, я мёрзну в тоннеле",ac_set,"{""delta"": ""2""}"
Открой окно переднее правое наполовину,window_set,"{""window"": ""переднее правое"", ""position"": ""наполовину""}"
Притуши свет,headlights_set,
Громкость тише,volume_change,
"Сделай погромче, пожалуйста",volume_change,
Выкрути звук на максимум,volume_set,"{""level"": ""максимум""}"
Переключи на FM 102.5,radio_set_station,"{""band"": ""FM"", ""frequency"": ""102.5""}"
"Поехали домой, навигатор, проложи маршрут напрямую, я опаздываю",nav_start,"{""destination"": ""дом""}"
Автовключение дворников включи,wipers_set,
Остудить сиденье переднее правое,seat_vent_set,"{""seat"": ""переднее правое""}"
Направь обдув на лобовое,defrost_set,"{""target"": ""лобовое""}"
Отодвинь люк на полную,sunroof_set,"{""position"": ""полностью открыт""}"
"Пожалуйста, включи повторы",media_repeat_set,"{""state"": ""on""}"
Включи предыдущую радиостанцию,radio_set,
"Где ты, навигатор? Сколько времени потерял из‑за него?",chitchat,
Быстро включи обогрев стекла заднего,defrost_set,"{""target"": ""заднее"", ""state"": ""on""}"
Уменьши интенсивность вентилятора до двух,ac_fan_set,"{""level"": ""2""}"
Режим авто кондиционера выключи,ac_mode_set,"{""mode"": ""auto"", ""state"": ""off""}"
"Немного дольше подержи подогрев сидений, холодно",seat_heater_set,
Найди ближайшую заправку и веди туда,nav_start,"{""destination"": ""ближайшая заправка""}"
Тихо!,volume_mute_set,"{""mute"": ""on""}"
Поставь плейлист с дорожной музыкой,play_music,"{""playlist"": ""дорожная музыка""}"
"Переключи трек, что последний играл",next_track,
"Верни предыдущую композицию, я пропустил её",previous_track,
"Сделай потеплее на пять градусов, в тоннеле холодно, навигатор тупит",ac_set,"{""delta"": ""5""}"
"Открой окно, чтобы проветрить, быстро",window_set,
Включи шторку люка,sunroof_set,"{""shade"": ""on""}"
"Я застрял в тоннеле, включи ближний свет, пожалуйста, быстрее",headlights_set,"{""mode"": ""ближний""}"
Навигатор снова ведёт не туда — отменяй маршрут,nav_cancel,
Прими звонок от мамы,call_answer,"{""contact"": ""мама""}"
"Повтори голосовую подсказку навигатора, пожалуйста",chitchat,
"Тормози, включи аварийку!",chitchat,
Опусти левое заднее окно наполовину,window_set,"{""side"": ""левое заднее"", ""position"": ""наполовину""}"
Приоткрой стекло пассажира едва-чуть,window_set,"{""side"": ""пассажира"", ""action"": ""приоткрой""}"
Понизь климат на три градуса,ac_set,"{""delta"": ""3""}"
Сделай прохладнее до восемнадцати,ac_set,"{""temperature"": ""18""}"
Переключи на рециркуляцию,ac_mode_set,"{""mode"": ""рециркуляция""}"
Поставь режим 'максимальное обдувание',ac_mode_set,"{""mode"": ""максимальное обдувание""}"
Увеличь обороты вентилятора на две ступени,ac_fan_set,"{""delta"": ""2""}"
Понизь обдув,ac_fan_set,"{""action"": ""понизь""}"
Подогрей правое переднее сиденье на максимум,seat_heater_set,"{""seat"": ""правое переднее"", ""level"": ""максимум""}"
Сделай тёплым сиденье водителя,seat_heater_set,"{""seat"": ""водителя"", ""level"": ""тёплое""}"
Выключи обогрев задних кресел,seat_heater_set,"{""seat"": ""задние"", ""state"": ""off""}"
Отключи охлаждение кресел,seat_vent_set,"{""state"": ""off""}"
Активируй обогрев лобового стекла,defrost_set,"{""zone"": ""лобовое"", ""state"": ""on""}"
Сдвинь панорамный люк немного назад,sunroof_set,"{""action"": ""сдвинь назад"", ""position"": ""немного""}"
Быстро закрой крышу,sunroof_close,
Запусти подборку спокойной музыки для вечерней поездки на два часа,play_music,"{""mood"": ""спокойная"", ""duration"": ""2 часа""}"
Поставь что-нибудь в стиле джаз,play_music,"{""genre"": ""джаз""}"
"Проиграй мой плейлист 'Утро', пожалуйста",play_music,"{""playlist"": ""Утро""}"
Переключи на следующий трек через пять секунд,next_track,"{""delay"": ""5""}"
Поставь звук на двадцать процентов,volume_set,"{""percent"": ""20""}"
Включи волну 88.5,radio_set_station,"{""station"": ""88.5""}"
"Поехали к дому мамы, не через центр",nav_start,"{""destination"": ""дом мамы"", ""avoid"": ""центр""}"
"Проложи мне путь в аэропорт, чтобы объехать пробки и избегать платных дорог, по возможности короче",nav_start,"{""destination"": ""аэропорт"", ""avoid"": ""платные дороги, пробки"", ""preference"": ""короче""}"
Сверни маршрут,nav_cancel,
Набери службу техподдержки,call_start,"{""contact"": ""служба техподдержки""}"
Приоткрой окна немного,window_set,"{""position"": ""слегка приоткрыть""}"
Подними стекло,window_set,"{""action"": ""поднять""}"
Приоткрой панорамную крышу на двадцать процентов,sunroof_set,"{""position"": ""20%""}"
Сделай потише климат,ac_set,
Переведи климат в режим рециркуляции,ac_mode_set,"{""mode"": ""рециркуляция""}"
Включи автоматическое климат-контроль,ac_mode_set,"{""mode"": ""auto""}"
Нагрей кресло водителя на три,seat_heater_set,"{""seat"": ""водитель"", ""level"": ""3""}"
Выкл подогрев руля,wheel_heater_set,"{""action"": ""off""}"
Разморозь переднее стекло,defrost_set,"{""target"": ""переднее"", ""action"": ""включить""}"
Сними дальний,high_beam_set,"{""state"": ""off""}"
Поставь фары в авто,headlights_set,"{""mode"": ""auto""}"
Пусть играет рок-плейлист,play_music,"{""genre"": ""рок""}"
Воспроизведи мой плейлист 'По дороге домой',play_music,"{""playlist"": ""По дороге домой""}"
Включи Яндекс Радио,media_source_set,"{""source"": ""Яндекс Радио""}"
Перемешать музыку,media_shuffle_set,"{""state"": ""on""}"
Убери перемешивание,media_shuffle_set,"{""state"": ""off""}"
Убавь громкость до три,volume_set,"{""level"": ""3""}"
Настрой радио на станцию Эхо,radio_set,"{""station"": ""Эхо""}"
Покажи маршрут до работы,nav_start,"{""destination"": ""работа""}"
Громче на двадцать процентов,volume_change,"{""delta"": ""20%""}"
Открой стекло,window_set,
Опусти правое заднее наполовину,window_set,"{""window"": ""rear_right"", ""percent"": 50}"
Кондиционер на двадцать,ac_set,"{""temperature"": 20}"
Поставь рециркуляцию и кондиционер,ac_mode_set,"{""mode"": ""recirculation""}"
Увеличь обдув чуть-чуть,ac_fan_set,"{""adjust"": ""small_increase""}"
Перед стекла — режим обдува на максимум,defrost_set,"{""target"": ""front"", ""level"": ""max""}"
Добавь громкость на три,volume_change,"{""delta"": 3}"
Громкость шестьдесят процентов,volume_set,"{""percent"": 60}"
Источник Bluetooth,media_source_set,"{""source"": ""Bluetooth""}"
Радио на УКВ сто один точка два,radio_set_station,"{""frequency"": ""101.2""}"
"Проклади маршрут до дома, пожалуйста",nav_start,"{""destination"": ""дом""}"
Фары в режим ближний,headlights_set,"{""mode"": ""low""}"
"Режим дождя, пожалуйста",rain_set,"{""mode"": ""rain""}"
"Подогрев руля включи, пожалуйста",wheel_heater_set,"{""state"": ""on""}"
Можно музыку потихоньку?,play_music,"{""style"": ""soft""}"
Прерви плейлист и остановись,stop_music,
"Приостанови на пару минут, пожалуйста",media_pause,"{""duration_minutes"": 2}"
Следующий трек этого альбома,next_track,"{""scope"": ""album""}"
Сделай громче на десять делений,volume_change,"{""delta"": 10}"
Громкость 22,volume_set,"{""level"": 22}"
Отключи звук микрофона и музыкальные уведомления,volume_mute_set,"{""mute"": ""all""}"
Перейти на USB,media_source_set,"{""source"": ""USB""}"
Повторять одну песню,media_repeat_set,"{""mode"": ""one""}"
"Перемешай альбом, пожалуйста",media_shuffle_set,"{""scope"": ""album""}"
Поищи станцию джаз 90-е,radio_set,"{""query"": ""джаз 90-е""}"
Настрой на радиоволну 738 кГц,radio_set_station,"{""frequency"": ""738"", ""band"": ""AM""}"
Прокладывай до ближайшей заправки без платных дорог,nav_start,"{""destination"": ""ближайшая заправка"", ""avoid"": ""tolls""}"
Набери Сергея Петрова,call_start,"{""contact"": ""Сергей Петров""}"
"Ответь, пожалуйста",call_answer,
Включи дневные ходовые огни,headlights_set,"{""mode"": ""daytime""}"
Дальше яркий свет выключи,high_beam_set,"{""state"": ""off""}"
Убавь стеклоочистители до медленного режима,wipers_set,"{""speed"": ""slow""}"
Авто-режим под дождь активируй,rain_set,"{""mode"": ""auto""}"
Подогрев рулевого вкл на полную,wheel_heater_set,"{""level"": ""high""}"
Расскажи анекдот про автомобили,chitchat,
"Слиться со мной в разговоре не стоит, просто молчи пару минут",chitchat,
"Не шумите, я разговариваю по телефону и мне нужен только GPS",chitchat,
Приоткрой окно водителя наполовину,window_set,"{""side"": ""driver"", ""position"": ""half""}"
Подними окна,window_set,"{""scope"": ""all"", ""action"": ""up""}"
Поставь кондиционер на 22 градуса,ac_set,"{""temperature"": ""22""}"
Сделай чуть потеплее в салоне,ac_set,
"Авто кондиционер в экономичный режим, пожалуйста",ac_mode_set,"{""mode"": ""eco""}"
Увеличь подогрев заднего правого кресла до двух,seat_heater_set,"{""seat"": ""rear_right"", ""level"": ""2""}"
Включи вентиляцию сидений для всех,seat_vent_set,"{""scope"": ""all""}"
Оттай лобовое стекло обдувом,defrost_set,"{""target"": ""front"", ""method"": ""blower""}"
Поставь плейлист джаз,play_music,"{""genre"": ""jazz""}"
Уровень звука пять,volume_set,"{""level"": ""5""}"
Включи повтор всего альбома,media_repeat_set,"{""mode"": ""all""}"
Прокладывай маршрут в аэропорт,nav_start,"{""destination"": ""airport""}"
Отменить навигацию,nav_cancel,
Набери номер 8 915 123 45 67,call_start,"{""phone"": ""8 915 123 45 67""}"
Фары дневного света,headlights_set,"{""mode"": ""day""}"
Подогрев руля вкл,wheel_heater_set,"{""state"": ""on""}"
"Мне жарко в машине, можно сделать кондиционер потише и чуть прохладнее?",ac_set,
"Я опаздываю, проложи быстрый маршрут с минимальным числом светофоров и пробок",nav_start,"{""preference"": ""fastest""}"
Тихо включи плейлист для расслабления и пусть громкость будет на средней,play_music,"{""mood"": ""relaxing"", ""volume_level"": ""medium""}"
Радио на 101,radio_set_station,"{""frequency"": ""101""}"
Отопление задних сидений на максимум,seat_heater_set,"{""seat"": ""rear"", ""level"": ""max""}"
"На морозе лобовое покрывается инеем, пожалуйста, включи обдув лобового стекла и инфракрасный подогрев",defrost_set,"{""target"": ""front"", ""method"": ""infrared""}"
Опусти стекло наполовину,window_set,"{""position"": ""half_open""}"
Авто режим кондиционера,ac_mode_set,"{""mode"": ""auto""}"
Уменьши обороты вентилятора,ac_fan_set,"{""direction"": ""down""}"
Вентилятор на два,ac_fan_set,"{""level"": 2}"
Подогрей водительское кресло на максимум,seat_heater_set,"{""seat"": ""driver"", ""level"": ""max""}"
Сделай тепло на заднем правом сиденье,seat_heater_set,"{""seat"": ""rear_right"", ""state"": ""on""}"
Охлади сиденье пассажира,seat_vent_set,"{""seat"": ""passenger"", ""state"": ""on""}"
Найди станцию «Ретро ФМ»,radio_set_station,"{""station_name"": ""Ретро ФМ""}"
Проложи маршрут до метро Пушкинская,nav_start,"{""destination"": ""метро Пушкинская""}"
Включи дальний режим,high_beam_set,"{""state"": ""on""}"
Включи авто-дождь,rain_set,"{""mode"": ""auto""}"
Подогрей руль сейчас,wheel_heater_set,"{""state"": ""on""}"
Как поживаешь?,chitchat,
Расскажи короткий анекдот,chitchat,
"Можно ли опустить стекло до щели, чтобы проветрить салон?",window_set,"{""position"": ""vent"", ""purpose"": ""airing""}"
"Убавь музыку, я разговариваю",volume_change,"{""direction"": ""down"", ""reason"": ""conversation""}"
Включи песню «Комета» от группы «Небо»,play_music,"{""song"": ""Комета"", ""artist"": ""Небо""}"
Источником поставь USB,media_source_set,"{""source"": ""USB""}"
Переключи на FM диапазон,radio_set,"{""band"": ""FM""}"
Поставь радио на станцию 87.5,radio_set_station,"{""frequency"": ""87.5"", ""band"": ""FM""}"
Найди ближайшую заправку и проложи туда маршрут,nav_start,"{""destination"": ""ближайшая заправка""}"
Позвони номеру +7 912 345-67-89,call_start,"{""phone"": ""+7 912 345-67-89""}"
"Включи обогрев лобового и обдув на максимум, стекло покрыто льдом",defrost_set,"{""target"": ""front"", ""state"": ""on"", ""level"": ""max"", ""reason"": ""ice""}"
Подними температуру в салоне до двадцати пяти,ac_set,"{""temperature"": 25, ""unit"": ""C""}"
"Пожалуйста, выключи радио и включи Bluetooth — хочу музыку с телефона",media_source_set,"{""source"": ""bluetooth"", ""turn_off_radio"": true}"
Поставь трек на паузу,media_pause,
Убавь звук на три щелчка,volume_change,"{""delta"": -3}"
Сделай тише до двадцати процентов,volume_set,"{""level_percent"": 20}"
"Охлаждение, пожалуйста, максимум",ac_mode_set,"{""mode"": ""cool"", ""level"": ""max""}"
Вентилятор на вторую скорость,ac_fan_set,"{""level"": 2}"
Отопление сидений на полный,seat_heater_set,"{""level"": ""high""}"
"Остывание кресла, поставь на минимум",seat_vent_set,"{""level"": ""low""}"
Разморозь стекла,defrost_set,"{""target"": ""front""}"
Нужно растопить лёд на заднем стекле,defrost_set,"{""target"": ""rear""}"
Приоткрой на пару сантиметров,sunroof_set,"{""position"": ""slightly_open""}"
Опусти окно водителя,window_set,"{""side"": ""driver"", ""position"": ""down""}"
Открой заднее правое окно наполовину,window_set,"{""side"": ""rear_right"", ""position"": ""half""}"
Открой левое переднее окно полностью,window_set,"{""side"": ""left_front"", ""position"": ""full""}"
Радио на волну Дорожного,radio_set_station,"{""station"": ""Дорожное""}"
Переключись на FM 101.2,radio_set_station,"{""band"": ""FM"", ""frequency"": ""101.2""}"
Включи спутниковое радио,media_source_set,"{""source"": ""satellite""}"
Проложи короткий путь в центр,nav_start,"{""destination"": ""центр"", ""preference"": ""shortest""}"
Дождевой режим дворников включи,rain_set,"{""state"": ""on""}"
Промой стекло омывателем,wipers_set,"{""action"": ""wash""}"
Дворники на третью скорость,wipers_set,"{""speed"": 3}"
Подогрей передние сиденья два,seat_heater_set,"{""seats"": ""front"", ""level"": 2}"
Перестань играть,stop_music,
"Погромче чуть-чуть, пожалуйста",volume_change,
Звук на максимум,volume_set,"{""level"": ""max""}"
Включи shuffle для альбома,media_shuffle_set,"{""scope"": ""album"", ""state"": ""on""}"
Следующая станция,radio_set,"{""action"": ""next_station""}"
Можно радио погромче?,volume_change,"{""context"": ""radio""}"
Какая сейчас погода по пути?,chitchat,
"Поставь объезд пробок, пожалуйста",nav_start,"{""preference"": ""avoid_traffic""}"
Прими вызов,call_answer,
"Поболтай со мной, скучно",chitchat,
Открой левое окно совсем чуть-чуть,window_set,"{""side"": ""левое"", ""position"": ""чуть-чуть""}"
"Закрой задние окна, пожалуйста",window_set,"{""side"": ""задние"", ""action"": ""закрыть""}"
Опусти водительское на половину,window_set,"{""side"": ""водительское"", ""position"": ""50%""}"
Окно назад до конца,window_set,"{""position"": ""полностью""}"
Поставь климат на двадцать три,ac_set,"{""temperature"": ""23""}"
Отключи кондиционер — холодно в тоннеле,ac_off,
Свежий воздух из улицы,ac_mode_set,"{""mode"": ""внешний""}"
Автоматический режим кондиционера,ac_mode_set,"{""mode"": ""auto""}"
Увеличь вентилятор на одну ступень,ac_fan_set,"{""delta"": ""1""}"
"Вентилятор помедленнее, пожалуйста",ac_fan_set,"{""action"": ""decrease""}"
Подогрев заднего пассажира на вторую ступень,seat_heater_set,"{""side"": ""заднее"", ""level"": ""2""}"
Выключи подогрев кресла вообще,seat_heater_set,"{""action"": ""выключить""}"
"Охлади сидение, включи вентиляцию",seat_vent_set,"{""action"": ""включить""}"
Освежить спинку — вентилятор сиденья средне,seat_vent_set,"{""level"": ""средний""}"
"Продуй лобовое, пожалуйста",defrost_set,"{""target"": ""лобовое"", ""action"": ""включить""}"
Открой люк в крыше чуть-чуть,sunroof_set,"{""position"": ""слегка открыт""}"
Останови музыку прямо сейчас,stop_music,
Прибавь звук чуть-чуть,volume_change,"{""delta"": ""up_small""}"
Сделай погромче на пять,volume_change,"{""delta"": ""5""}"
Уменьши громкость,volume_change,"{""delta"": ""down""}"
Выруби звук полностью,volume_mute_set,"{""mute"": ""true""}"
Перемешивание треков включи,media_shuffle_set,"{""state"": ""on""}"
Настрой радио на диапазон УКВ,radio_set,"{""band"": ""FM""}"
Поставь радиостанцию на семьдесят два ноль,radio_set_station,"{""frequency"": ""72.0""}"
"Поезжай до ближайшей заправки, проложи маршрут",nav_start,"{""destination"": ""заправка"", ""priority"": ""ближайшая""}"
"Отмени навигацию, мы свернули",nav_cancel,
"Убери дальний, подрезают машины",high_beam_set,"{""state"": ""off""}"
Поставь дворники на прерывистый режим,wipers_set,"{""mode"": ""intermittent""}"
"Включи подогрев руля, холодно ночью",wheel_heater_set,"{""action"": ""включить""}"
"Ох, спасибо, ты меня слушаешь?",chitchat,
"Тихо, дети уже спят?",chitchat,
"Ночь, слякоть и тоннель — погоди, включи свет в салоне",chitchat,
Открой водительское окно наполовину,window_set,"{""window"": ""front_left"", ""position"": ""50%""}"
Приоткрой окна,window_set,
Сделай кондиционер холоднее до 20 градусов,ac_set,"{""temperature"": ""20""}"
Выключи климат контроль,ac_off,
Переключи режим кондея на обдув ног,ac_mode_set,"{""mode"": ""feet""}"
"Установи вентилятор на максимальную скорость, пожалуйста",ac_fan_set,"{""level"": ""max""}"
Подогрей сиденье водителя второй уровень,seat_heater_set,"{""seat"": ""driver"", ""level"": 2}"
Охлади пассажирское кресло на первый уровень,seat_vent_set,"{""seat"": ""passenger"", ""level"": 1}"
Оттай обогрев заднего стекла,defrost_set,"{""target"": ""rear"", ""state"": ""on""}"
Включи панорамный люк на щель,sunroof_set,"{""position"": ""tilt""}"
"Покрыть люк, пожалуйста",sunroof_close,
Повтор трека вовключить,media_repeat_set,"{""state"": ""on""}"
Включи радио FM 101.2,radio_set_station,"{""frequency"": ""101.2"", ""band"": ""FM""}"
"Включи радио, поставь FM",radio_set,"{""band"": ""FM""}"
Проложи маршрут до метро Московские ворота,nav_start,"{""destination"": ""метро Московские ворота""}"
Позвони в техподдержку,call_start,"{""contact"": ""техподдержка""}"
Переключись на автоматический режим фар,headlights_set,"{""mode"": ""auto""}"
"Дворники вытирай чаще, пожалуйста",wipers_set,"{""speed"": ""high""}"
Включи режим дождя (авто),rain_set,"{""mode"": ""auto""}"
"А можно, включи тёплое кресло пассажиру на максимум?",seat_heater_set,"{""seat"": ""passenger"", ""level"": ""max""}"
"Разморозь стекла, помоги видимости",defrost_set,
Поставь музыку — что-нибудь спокойное на плейлисте «ночь»,play_music,"{""playlist"": ""ночь""}"
Стоп музыку и звук уведомлений,stop_music,
Поставь на паузу текущую песню и потом продолжи,media_pause,
"Дай следующую, если эта не нравится",next_track,
"Громче, у меня глухой звук",volume_change,"{""reason"": ""muffled""}"
Установи громкость на ноль — мне нужно сосредоточиться,volume_set,"{""level"": 0}"
"Заглуши звук уведомлений, но музыку оставь",volume_mute_set,"{""target"": ""notifications""}"
Переключи источник на USB флешку,media_source_set,"{""source"": ""usb""}"
Повтор альбома включи на вечернюю поездку,media_repeat_set,"{""mode"": ""album""}"
Перемешай весь список воспроизведения,media_shuffle_set,"{""scope"": ""playlist""}"
Переключи на радио DAB,radio_set,"{""band"": ""DAB""}"
Настрой FM 88.5 на дорожные новости,radio_set_station,"{""frequency"": ""88.5"", ""band"": ""FM"", ""topic"": ""дорожные новости""}"
Прокладывай домой по кратчайшему пути и избегай платных дорог,nav_start,"{""destination"": ""дом"", ""route_preference"": ""fastest"", ""avoid"": ""tolls""}"
"Отмени текущую навигацию, перенаправь позже",nav_cancel,
"Сбрось текущий разговор, пожалуйста",call_hangup,
Свободно! включи фары — темнеет,headlights_set,"{""state"": ""on"", ""reason"": ""dark""}"
"Включи дальний, только если никого нет впереди",high_beam_set,"{""condition"": ""no_oncoming_traffic""}"
"Протрите лобовое, идёт сильный дождь",wipers_set,"{""condition"": ""heavy_rain""}"
Автоматика дождя включи и настрой на чувствительность высокий,rain_set,"{""mode"": ""auto"", ""sensitivity"": ""high""}"
"Руль тёплый, пожалуйста",wheel_heater_set,"{""state"": ""on"", ""level"": ""warm""}"
"Расскажи анекдот, чтобы не скучать",chitchat,
Открой заднее окно на треть,window_set,"{""window"": ""rear"", ""position"": ""30%""}"
Закрой переднее пассажирское стекло,window_set,"{""window"": ""front_passenger"", ""position"": ""closed""}"
Подними водительское окно,window_set,"{""window"": ""driver"", ""position"": ""up""}"
Включи кондиционер на 21 градус,ac_set,"{""temperature"": 21}"
Переключись в режим рециркуляции воздуха,ac_mode_set,"{""mode"": ""recirculation""}"
Включи только обогрев,ac_mode_set,"{""mode"": ""heat""}"
Убавь скорость вентилятора на половину,ac_fan_set,"{""fan_speed_percent"": 50, ""direction"": ""down""}"
Выключи кондиционер и обдув,ac_off,
Включи подогрев водительского сиденья на три,seat_heater_set,"{""seat"": ""driver"", ""level"": 3}"
Сделай вентиляцию сиденья прохладной пассажиру,seat_vent_set,"{""seat"": ""passenger"", ""mode"": ""cool""}"
Задний обогрев стекла выключи,defrost_set,"{""target"": ""rear"", ""state"": ""off""}"
Откинь люк,sunroof_set,"{""position"": ""open""}"
Приоткрой панорамный люк наполовину,sunroof_set,"{""type"": ""panoramic"", ""position"": ""50%""}"
Добавь громкость немного,volume_change,"{""change"": ""increase"", ""amount"": ""small""}"
Убавь на три деления,volume_change,"{""delta"": 3, ""direction"": ""down""}"
Включи без звука,volume_mute_set,"{""mute"": true}"
Ставь повтор альбома,media_repeat_set,"{""mode"": ""album""}"
"Перемешай плейлист, пожалуйста",media_shuffle_set,"{""state"": ""on""}"
Включи FM-радио,radio_set,"{""band"": ""FM""}"
Настрой на станцию 103.2 FM,radio_set_station,"{""frequency"": ""103.2"", ""band"": ""FM""}"
Автоматические дворники включи режим дождя,rain_set,"{""state"": ""on""}"
Сделай тёплее пассажиру справа на два градуса,ac_set,"{""zone"": ""right_passenger"", ""delta_degrees"": 2, ""direction"": ""up""}"
Включи плейлист Утро,play_music,"{""playlist"": ""Утро""}"
Сбавь громкость до нуля,volume_set,"{""level"": 0}"
Поставь радио на станцию Эхо Москвы,radio_set_station,"{""station_name"": ""Эхо Москвы""}"
Не повторять треки,media_repeat_set,"{""mode"": ""off""}"
Включи фоновую музыку чуть приглушённую,play_music,"{""style"": ""background"", ""volume_level"": ""soft""}"
Подними передние стекла,window_set,"{""side"": ""front"", ""position"": ""up""}"
Подними водительское окно полностью,window_set,"{""side"": ""driver"", ""position"": ""closed"", ""percent"": 100}"
Поставь температуру на девятнадцать градусов,ac_set,"{""temperature"": 19}"
Сделай прохладнее,ac_set,
Направь обдув в ноги,ac_mode_set,"{""mode"": ""feet""}"
Увеличь скорость вентилятора на три ступени,ac_fan_set,"{""delta"": 3}"
Подогрей переднее пассажирское сиденье на два,seat_heater_set,"{""seat"": ""passenger_front"", ""level"": 2}"
Включи вентиляцию водительского кресла,seat_vent_set,"{""seat"": ""driver"", ""state"": ""on""}"
Оттаиваем стекла — включи обдув для лобового,defrost_set,"{""target"": ""front"", ""state"": ""on""}"
Выключи обогрев лобового стекла,defrost_set,"{""target"": ""front"", ""state"": ""off""}"
Повторять песни,media_repeat_set,"{""state"": ""on""}"
Включи радио на 101.1 FM,radio_set_station,"{""frequency"": ""101.1"", ""band"": ""FM""}"
Проклади маршрут до ближайшей заправки с учётом трафика,nav_start,"{""destination"": ""ближайшая заправка"", ""traffic"": true}"
Сбрось,call_hangup,
Автоматический режим климат-контроля,ac_mode_set,"{""mode"": ""auto""}"
Выруби A/C,ac_off,
"Пожалуйста, сделайте тёплее пассажирское кресло на максимум",seat_heater_set,"{""seat"": ""passenger"", ""level"": ""max""}"
Выключи охлаждение сиденья водителя,seat_vent_set,"{""seat"": ""driver"", ""state"": ""off""}"
"Открой люк полностью, пожалуйста, хочу больше воздуха",sunroof_set,"{""position"": ""open"", ""percent"": 100}"
Поставь последнюю песню Басты,play_music,"{""artist"": ""Баста"", ""selection"": ""latest""}"
Убавь звук на три пункта,volume_change,"{""delta"": -3}"
Переключи на волну 87.5,radio_set_station,"{""frequency"": ""87.5""}"
Закрой переднее стекло,window_set,"{""side"": ""front"", ""state"": ""closed""}"
Приоткрой правое окно на пару сантиметров,window_set,"{""side"": ""right"", ""position"": ""slightly_open""}"
Сделай холоднее на пять градусов,ac_set,"{""delta"": ""5""}"
Снизь температуру,ac_set,
Вырубить кондиционер,ac_off,
Переключи на обогрев стекол,defrost_set,"{""state"": ""on""}"
Сделай тёплым заднее сиденье,seat_heater_set,"{""seat"": ""rear"", ""state"": ""on""}"
"Остыть, выключи подогрев сиденья",seat_heater_set,
Включи охлаждение сиденья пассажира на среднее,seat_vent_set,"{""seat"": ""passenger"", ""level"": ""medium""}"
Обдув на низкой скорости,ac_fan_set,"{""speed"": ""low""}"
Увеличь вентилятор до трёх,ac_fan_set,"{""speed"": ""3""}"
Запусти режим автоподбора мощности вентилятора,ac_fan_set,"{""mode"": ""auto""}"
Открой люк в крыше,sunroof_set,"{""state"": ""open""}"
Поменяй положение люка на наполовину,sunroof_set,"{""position"": ""50%""}"
Пожалуйста закрой шторку панорамной крыши,sunroof_close,"{""target"": ""shade""}"
Поставь повторы,media_repeat_set,"{""state"": ""on""}"
"Радио, FM",radio_set,"{""band"": ""FM""}"
Настрой на станцию восемьдесят семь целых пять,radio_set_station,"{""frequency"": ""87.5""}"
Включи навигацию до дома,nav_start,"{""destination"": ""home""}"
Автоматический режим стеклоочистителей,rain_set,"{""mode"": ""auto""}"
Сними подогрев с руля,wheel_heater_set,"{""state"": ""off""}"
Как погода там?,chitchat,
Можешь рассказать анекдот?,chitchat,
Пожалуйста включи радио на УКВ,radio_set,"{""band"": ""FM""}"
"Почини громкость — чувак, очень тихо",volume_change,
Запусти плейлист 'дорога домой',play_music,"{""playlist"": ""дорога домой""}"
Случайно перемешай альбом,media_shuffle_set,"{""scope"": ""album""}"
"Приоткрой окно, чуть-чуть",window_set,
"Установи обдув на максимум, стекло запотело",ac_fan_set,"{""level"": ""максимум""}"
"Пожалуйста, закрой люк — снег идёт",sunroof_close,
Открой люк на проветривание,sunroof_set,"{""mode"": ""vent""}"
"Включи музыку тихо, не громко",play_music,"{""volume"": ""низкий""}"
Полностью выключи музыку,stop_music,
Прибавь громкость до трёх,volume_set,"{""level"": 3}"
"Переключись на радио, пожалуйста",media_source_set,
Перемешай песни сейчас,media_shuffle_set,
Построй маршрут к ближайшей парковке,nav_start,"{""destination"": ""парковка""}"
Отклони звонок,call_hangup,
"Выключи дальний, кто-то впереди в туннеле",high_beam_set,
Авто-режим дворников при дожде,rain_set,"{""mode"": ""auto""}"
Подогрев сидений на два уровня,seat_heater_set,"{""level"": 2}"
Вентиляцию кресла выключи,seat_vent_set,
Включи режим рециркуляции воздуха,ac_mode_set,
"Разморозь лобовое, срочно",defrost_set,
Направь обдув на лобовое стекло,defrost_set,
"Закрой все окна и люк, на улице снег и ветер",window_set,
Отключи кондиционер — хочу только тепло внутри,ac_off,
Поставь отопление на 20 градусов,ac_set,"{""temperature"": 20}"
Остыть до 15 градусов,ac_set,"{""temperature"": 15}"
"Сделай чуть теплее, пожалуйста",ac_set,
"Останови музыку, хочу тишины",stop_music,
"Пока не включай радио, пусть молчит",volume_mute_set,
Проиграй спокойную музыку на фон,play_music,
Сделай звук наполовину,volume_set,"{""percent"": 50}"
Понизь громкость на 1,volume_change,"{""delta"": -1}"
"Навигация домой, по возможности тихий маршрут",nav_start,"{""destination"": ""дом""}"
"Отмени маршрут и молчи, пожалуйста",nav_cancel,
Прекрати воспроизведение прямо сейчас,stop_music,
"Поставь на паузу, сейчас туннель и мне нужно тишина",media_pause,
Прими звонок — это авария,call_answer,
Позвони службе помощи,call_start,"{""contact"": ""служба помощи""}"
"Включи дальний свет, если дорога пустая",high_beam_set,
"Дворники в авто-режим, снег идёт",wipers_set,"{""mode"": ""auto""}"
Где ближайшая заправка и тихий путь туда?,nav_start,"{""destination"": ""заправка""}"
"Слушать тишину, пожалуйста — выключи музыку и радио",stop_music,
"Серьёзно: полностью выруби звук и закрой окна, мерзко в туннеле",stop_music,
"Мне холодно, подогрей сиденье и руль на максимум",seat_heater_set,
"Эй, зеркало потеет — включи обдув и рециркуляцию",defrost_set,
Открой правое переднее окно наполовину,window_set,"{""side"": ""right_front"", ""percent"": 50}"
Закрой заднее окно,window_set,"{""side"": ""rear"", ""action"": ""close""}"
Опусти левое заднее стекло полностью,window_set,"{""side"": ""left_rear"", ""percent"": 100}"
Подними водительское окно чуть-чуть,window_set,"{""side"": ""driver"", ""percent"": 10}"
Сделай температуру воздуха в салоне двадцать градусов,ac_set,"{""temperature"": 20}"
Убавь климат на три градуса,ac_set,"{""temperature_delta"": -3}"
Включи рециркуляцию и направь воздух в лицо,ac_mode_set,"{""mode"": ""recirculation"", ""vent"": ""face""}"
Режим кондиционера на автомат,ac_mode_set,"{""mode"": ""auto""}"
Понизь вентилятор до половины,ac_fan_set,"{""percent"": 50}"
Сделай потише вентилятор,ac_fan_set,"{""direction"": ""down""}"
Отключи подачу холодного воздуха,ac_off,
Подогрев водительского сиденья на три,seat_heater_set,"{""seat"": ""driver"", ""level"": 3}"
Отключи обогрев заднего пассажирского сиденья,seat_heater_set,"{""seat"": ""rear_passenger"", ""state"": ""off""}"
"Включи вентиляцию кресел, поменьше",seat_vent_set,"{""level"": ""low""}"
Максимально охлади сиденье переднего пассажира,seat_vent_set,"{""seat"": ""front_passenger"", ""level"": ""max""}"
Включи обдув стекла впереди,defrost_set,"{""target"": ""front"", ""state"": ""on""}"
Наклони люк назад для вентиляции,sunroof_set,"{""mode"": ""tilt""}"
Поставь на паузу текущую песню,media_pause,
Сделай тише на две единицы,volume_change,"{""delta"": -2}"
Сделай громкость двенадцать,volume_set,"{""level"": 12}"
Настройся на станцию 101.7,radio_set_station,"{""frequency"": 101.7, ""band"": ""FM""}"
Включи «Русское радио»,radio_set_station,"{""station"": ""Русское радио""}"
Установи скорость дворников на треть,wipers_set,"{""speed_percent"": 33}"
Сколько времени?,chitchat,
"Не мог бы ты, пожалуйста, включить музыку потихоньку — я хочу послушать что-нибудь спокойное",play_music,"{""mood"": ""calm"", ""volume"": ""low""}"
"Отвези меня в аэропорт, пожалуйста, проложи самый быстрый маршрут, избегая платных дорог",nav_start,"{""destination"": ""аэропорт"", ""route_preference"": ""fastest"", ""avoid"": ""tolls""}"
"Пожалуйста, позвони Ивану Петрову на мобильный, номер в контактах",call_start,"{""contact"": ""Иван Петров"", ""device"": ""mobile""}"
"Холодно, сделай пожёстче отопление и температуру на двадцать два",ac_set,"{""temperature"": 22, ""mode"": ""heat""}"
"Закрой все окна и люк, пожалуйста, перед тем как я выйду",window_set,"{""target"": ""all"", ""action"": ""close"", ""include_sunroof"": true}"
Воспроизведи музыку с USB,media_source_set,"{""source"": ""USB""}"
Открой левое окно,window_set,"{""side"": ""left"", ""position"": ""open""}"
Закрой правое заднее стекло,window_set,"{""side"": ""right_rear"", ""position"": ""close""}"
"Хочу проветрить машину, опусти стекла наполовину, пожалуйста",window_set,"{""position"": ""half""}"
Подними все окна вверх,window_set,"{""target"": ""all"", ""position"": ""up""}"
Поставь кондиционер на 20 градусов,ac_set,"{""temperature"": 20}"
Сделай чуть потеплее,ac_set,
Переключись на обдув лобового стекла,ac_mode_set,"{""mode"": ""windshield""}"
Установи вентилятор на пять,ac_fan_set,"{""fan_level"": 5}"
"Пожалуйста, сделай вентилятор слабее, он слишком сильный",ac_fan_set,
Включи обогрев задних сидений,seat_heater_set,"{""seat"": ""rear"", ""state"": ""on""}"
Приоткрой шторку панорамной крыши в вентиляционный режим,sunroof_set,"{""state"": ""vent""}"
Включи плейлист «Дорога домой»,play_music,"{""playlist"": ""Дорога домой""}"
Повысь громкость на три,volume_change,"{""delta"": 3}"
Сделай громче до 40,volume_set,"{""level"": 40}"
Переключись на AM,radio_set,"{""band"": ""AM""}"
Мне нужен кофе перед встречей — построй маршрут до ближайшей кофейни с парковкой,nav_start,"{""destination"": ""кофейня""}"
Фары в режим авто,headlights_set,"{""mode"": ""auto""}"
Поставь режим дождя,rain_set,"{""state"": ""on""}"
Нагрей руль до средней температуры,wheel_heater_set,"{""level"": ""medium""}"
Сделай подогрев водителя на 3,seat_heater_set,"{""seat"": ""driver"", ""level"": 3}"
Охлади заднее сиденье на минимум,seat_vent_set,"{""seat"": ""rear"", ""level"": ""low""}"
"Хочу, чтобы дуло и в ноги, и в руки одновременно",ac_mode_set,"{""mode"": ""feet_hands""}"
"Лобовое в льду, включи разморозку на максимум, пожалуйста",defrost_set,"{""level"": ""high""}"
Приоткрой люк на 5 сантиметров,sunroof_set,"{""tilt_cm"": 5}"
Закрой шторку крыши,sunroof_close,
Включи мою подборку,play_music,"{""playlist"": ""моя подборка""}"
Поставь на паузу текущую композицию,media_pause,
Добавь громкость на 50 процентов,volume_change,"{""delta_percent"": 50}"
"Пожалуйста, выключи звук во всей машине полностью",volume_mute_set,"{""mute"": true}"
"Я замёрзла, можно сделать внутри теплее, пожалуйста?",ac_set,
"Просто поболтаем, как тебе погода?",chitchat,
Опусти заднее левое стекло,window_set,"{""side"": ""rear_left""}"
Подними переднее правое стекло наполовину,window_set,"{""side"": ""front_right"", ""position_percent"": 50}"
Включи кондиционер на двадцать два градуса,ac_set,"{""temperature"": 22}"
"Сделай в салоне прохладнее, пожалуйста",ac_set,
Поставь температуру на 25 градусов,ac_set,"{""temperature"": 25}"
Хочу поменьше жара — включи кондиционер,ac_set,
Добавь скорость вентилятора на две ступени,ac_fan_set,"{""delta"": 2}"
Убавь обдув до минимума,ac_fan_set,"{""level"": ""min""}"
"Сделай меньший обдув, пожалуйста",ac_fan_set,
Подогрей переднее левое сиденье на три,seat_heater_set,"{""seat"": ""front_left"", ""level"": 3}"
Включи подогрев заднего сиденья,seat_heater_set,"{""seat"": ""rear""}"
Включи вентиляцию сиденья справа,seat_vent_set,"{""seat"": ""right""}"
Запусти обогрев стекол,defrost_set,
Включи дефрост лобового стекла,defrost_set,"{""target"": ""front""}"
Сдвинь люк назад наполовину,sunroof_set,"{""position_percent"": 50}"
Приоткрой сдвижной люк на три сантиметра,sunroof_set,"{""position_cm"": 3}"
Включи джазовую станцию,play_music,"{""genre"": ""jazz""}"
Поставь что-нибудь бодрое для поездки,play_music,
Запусти плейлист Работа в музыкальной системе,play_music,"{""playlist"": ""Работа""}"
"Перейди к следующей композиции, пожалуйста",next_track,
Сбавь громкость на пять,volume_change,"{""delta"": 5}"
Добавь звук на три деления,volume_change,"{""delta"": 3}"
Поставь источник AUX,media_source_set,"{""source"": ""aux""}"
Поставь на 101.5 FM,radio_set_station,"{""frequency"": 101.5}"
Найди радиостанцию 95.3,radio_set_station,"{""frequency"": 95.3}"
"Отвези меня в аэропорт, пожалуйста",nav_start,"{""destination"": ""аэропорт""}"
"Можешь построить самый быстрый маршрут до офиса, избегая платных дорог?",nav_start,"{""destination"": ""офис""}"
Набери Иванова Сергея,call_start,"{""contact"": ""Иванов Сергей""}"
Позвонить в техническую поддержку,call_start,"{""contact"": ""техническая поддержка""}"
Что ты умеешь? Расскажи что-нибудь интересное,chitchat,
"Подними, пожалуйста, все окна до щелчка, чтобы было проветривание, но не полностью",window_set,"{""target"": ""все"", ""position"": ""частично""}"
Опусти водительское,window_set,"{""side"": ""водительское"", ""action"": ""опустить""}"
Фары,headlights_set,
Поставь температуру на двадцать два,ac_set,"{""temperature_c"": 22}"
Убавь вентилятор пожалуйста,ac_fan_set,
Поменяй режим на авто,ac_mode_set,"{""mode"": ""auto""}"
Обогрев кресла водителя на два,seat_heater_set,"{""seat"": ""водительское"", ""level"": 2}"
Сделай обогрев заднего правого сиденья максимум,seat_heater_set,"{""seat"": ""заднее правое"", ""level"": ""max""}"
Проветри переднее пассажирское кресло,seat_vent_set,"{""seat"": ""переднее пассажирское"", ""action"": ""on""}"
"Сделай интенсивную разморозку лобового стекла — срочно, перед въездом на трассу",defrost_set,"{""target"": ""лобовое"", ""intensity"": ""high""}"
Убери запотевание стекол,defrost_set,
Приоткрой крышу на пару сантиметров,sunroof_set,"{""position"": ""приоткрыть""}"
"Включи, пожалуйста, мою любимую подборку путешествий и сделай чуть тише",play_music,
Убавь на пять,volume_change,"{""delta"": -5}"
Сделай громкость двадцать,volume_set,"{""level"": 20}"
Случайный порядок песен включи,media_shuffle_set,"{""shuffle"": true}"
Радио 99.5,radio_set_station,"{""frequency"": ""99.5""}"
Навигатор — в гараж,nav_start,"{""destination"": ""гараж""}"
Прерви навигацию,nav_cancel,
"Позвони, пожалуйста, Марии — скажи, что опаздываю минут на десять",call_start,"{""contact"": ""Мария""}"
Переключи фары в автоматический режим,headlights_set,"{""mode"": ""auto""}"
Дворники на три,wipers_set,"{""speed_level"": 3}"
"Эй, как дела?",chitchat,
"Пожалуйста, включи радио на волну Питер FM и оставь её, пока не скажу иначе",radio_set_station,"{""station"": ""Питер FM""}"
Переключи треки назад пожалуйста,previous_track,
Приглуши звук до нуля,volume_set,"{""level"": 0}"
Добавь музыке громкости,volume_change,"{""direction"": ""up""}"
"Воспроизведи, пожалуйста, любую песню Нирваны, первую попавшуюся в списке, и не переключай",play_music,"{""artist"": ""Нирвана""}"
"Пауза на пару минут, пожалуйста",media_pause,"{""duration"": ""пара минут""}"
Сбрось настройки климата к заводским и убери персональные профили,ac_set,"{""action"": ""reset""}"
Включи повтор текущего трека,media_repeat_set,"{""mode"": ""track""}"
"Проветри, на рассвете жарко",window_set,
Приоткрой правое переднее на пятнадцать процентов,window_set,"{""side"": ""front_right"", ""position"": ""15%""}"
"Сделай прохладно, пожалуйста",ac_set,
"Переключи режим на рециркуляцию, едем по пригородной трассе",ac_mode_set,"{""mode"": ""recirculation""}"
Задай режим обдува на ноги и лицо,ac_mode_set,"{""mode"": ""feet_face""}"
Максимально сильный вентилятор,ac_fan_set,"{""level"": ""max""}"
"Охлади переднее сиденье, на улице жара",seat_vent_set,"{""seat"": ""front""}"
Обдуй заднее сиденье,seat_vent_set,"{""seat"": ""rear""}"
"Отморожу заднее стекло, пожалуйста",defrost_set,"{""target"": ""rear"", ""state"": ""on""}"
Открой шторку панорамной крыши,sunroof_set,"{""component"": ""shade"", ""state"": ""open""}"
"Включи музыку, чтобы заглушить шум от шин",play_music,
"Поставь на паузу, хочу послушать тишину",media_pause,
Уровень громкости двадцать,volume_set,"{""level"": 20}"
Сделай звук тише на половину,volume_change,"{""percent"": ""50%""}"
Настроить FM на 101.2,radio_set_station,"{""band"": ""FM"", ""frequency"": 101.2}"
"Построй маршрут домой, едем на рассвете",nav_start,"{""destination"": ""home""}"
Позвони Мише,call_start,"{""contact"": ""Миша""}"
Сбросить звонок,call_hangup,
Поставь дальний,high_beam_set,"{""state"": ""on""}"
Понизь интенсивность дворников,wipers_set,
"Обдуй лобовое на максимум, стекла потеют",defrost_set,"{""target"": ""front"", ""level"": ""max""}"
Сделай подогрев сидений на два для пассажира,seat_heater_set,"{""seat"": ""passenger"", ""level"": 2}"
Уменьшить громкость на семь,volume_change,"{""delta"": -7}"
Сменить станцию на радио Эхо,radio_set_station,"{""station"": ""Эхо""}"
Навигируй до ближайшей заправки,nav_start,"{""destination"": ""nearest_gas_station""}"
Поговорим?,chitchat,
"Теплее сделай климат, пожалуйста",ac_set,
Справа приоткрой окно на три градуса,window_set,"{""side"": ""right"", ""position"": ""small_open""}"
"Умолкни на минуту музыку, хочу слышать рассвет и тишину",media_pause,
Опусти переднее левое окно на половину,window_set,"{""side"": ""front_left"", ""position"": ""50%""}"
Поставь климат на 21 градус,ac_set,"{""temperature"": 21}"
Режим вентиляции на максимальную скорость,ac_fan_set,"{""level"": ""max""}"
Переключи климат на авто,ac_mode_set,"{""mode"": ""auto""}"
"Вентиляция сидений, пожалуйста, минимальная",seat_vent_set,"{""level"": ""low""}"
Оттаивание заднего стекла включи,defrost_set,"{""side"": ""rear"", ""state"": ""on""}"
Передний дефростер на максимум,defrost_set,"{""side"": ""front"", ""level"": ""max""}"
Слышишь музыку? Включи плейлист 'Утро',play_music,"{""playlist"": ""Утро""}"
Громче на 5%,volume_change,"{""direction"": ""up"", ""amount_percent"": 5}"
Снизь громкость,volume_change,"{""direction"": ""down""}"
Включи повтор всех треков,media_repeat_set,"{""mode"": ""all""}"
Настрой радиостанцию на 101.5,radio_set_station,"{""frequency"": ""101.5""}"
Позвонить Марии,call_start,"{""contact"": ""Мария""}"
Отвечай на входящий,call_answer,
Дальний свет выключить,high_beam_set,"{""state"": ""off""}"
Подними дворники до средней скорости,wipers_set,"{""speed"": ""medium""}"
Автоматический дождь — чувствительность повысь,rain_set,"{""sensitivity"": ""high""}"
Подключи подогрев руля,wheel_heater_set,"{""state"": true}"
"Закрой переднее правое, сейчас!",window_set,"{""side"": ""front_right"", ""position"": ""closed""}"
Сделай в салоне потеплее до двадцати пяти,ac_set,"{""temperature"": 25}"
Подогрей заднее левое на максимум,seat_heater_set,"{""seat"": ""rear_left"", ""level"": ""max""}"
Перейди к следующей песне через десять секунд,next_track,"{""delay_seconds"": 10}"
Верни на предыдущую дорожку,previous_track,
Понизь громкость наполовину,volume_set,"{""level_percent"": 50}"
Звук приглуши,volume_change,"{""direction"": ""down"", ""amount_percent"": 20}"
Включи источник Bluetooth,media_source_set,"{""source"": ""Bluetooth""}"
Запусти навигацию до ближайшего кафе и избегай платных дорог,nav_start,"{""destination"": ""ближайшее кафе"", ""avoid"": ""tolls""}"
"Полный свет, пожалуйста",high_beam_set,"{""state"": ""on""}"
Мне не до беседы,chitchat,
Открой заднее окно,window_set,"{""side"": ""заднее"", ""position"": ""открыть""}"
"Дуй только на лобовое, пожалуйста",ac_mode_set,"{""mode"": ""на стекла""}"
Поставь вентиляцию на максимум,ac_fan_set,"{""level"": ""максимум""}"
Нагрей водительское сиденье,seat_heater_set,"{""seat"": ""водительское"", ""state"": ""включить""}"
Подогрей заднее правое кресло на две ступени,seat_heater_set,"{""seat"": ""заднее правое"", ""level"": ""2""}"
Включи вентиляцию сидений сейчас,seat_vent_set,
Обдуй лобовое стекло интенсивно,defrost_set,"{""target"": ""лобовое"", ""intensity"": ""интенсивно""}"
"Верни предыдущий трек, пожалуйста",previous_track,
Настрой FM на 101.2,radio_set_station,"{""band"": ""FM"", ""frequency"": ""101.2""}"
"Построй маршрут до ближайшей заправки, избегай платных дорог и тоннелей",nav_start,"{""destination"": ""ближайшая заправка"", ""avoid"": ""платные дороги, тоннели""}"
Поставь USB как источник,media_source_set,"{""source"": ""USB""}"
Поставь на станцию Радио 7,radio_set_station,"{""station_name"": ""Радио 7""}"
Сделай громче на три щелчка,volume_change,"{""delta"": ""3""}"
Играй рок-плейлист,play_music,"{""playlist"": ""рок""}"
Молчи,stop_music,
"Включи обогрев заднего стекла, там изморозь",defrost_set,"{""target"": ""заднее стекло""}"
Подогрев на максимум,seat_heater_set,"{""level"": ""максимум""}"
"Приоткрой люк чуть-чуть, только проветрить",sunroof_set,"{""position"": ""чуть-чуть""}"
А можно включить случайный порядок?,media_shuffle_set,
Повторять один трек,media_repeat_set,"{""mode"": ""repeat_one""}"
"Давай следующую песню, пожалуйста",next_track,
"Скучно, расскажи что-нибудь интересное о машинах",chitchat,
"Закрой все окна, пожалуйста, туман попадает в салон",window_set,"{""side"": ""все"", ""position"": 0}"
Подними заднее окно полностью,window_set,"{""side"": ""заднее"", ""position"": 100}"
Немного приоткрой левое окно,window_set,"{""side"": ""левое"", ""position"": 20}"
Поставь климат на комфортные двадцать градусов,ac_set,"{""temperature"": 20}"
"Выключи кондиционер, он мне не нужен",ac_off,
Переключи режим на обдув лица и стекол,ac_mode_set,"{""mode"": ""обдув лица и стекол""}"
Уменьши мощность вентилятора до третьей скорости,ac_fan_set,"{""level"": 3}"
Добавь чуть-чуть обогрева кресла водителя,seat_heater_set,"{""seat"": ""водителя"", ""level"": ""low""}"
Включи переднее дефростирование — стекла в туман,defrost_set,"{""side"": ""переднее"", ""state"": ""on""}"
Выруби задний обогрев стекла,defrost_set,"{""side"": ""заднее"", ""state"": ""off""}"
"Открой люк полностью, пусть будет светлее",sunroof_set,"{""position"": 100}"
Включи плейлист для рассвета,play_music,"{""playlist"": ""рассвет""}"
Дальше песня,next_track,
Настрой станцию Ретро FM,radio_set_station,"{""station"": ""Ретро FM""}"
"Навигатор путается, проложи нормальный маршрут до центра",nav_start,"{""destination"": ""центр""}"
"Отмени маршрут, он ведёт криво",nav_cancel,
"Позвони Олегу, он должен нас встретить",call_start,"{""contact"": ""Олег""}"
"Ответь на вызов, если звонит",call_answer,
"Включи фары, на улице туман",headlights_set,"{""state"": ""on""}"
Включи дворники на медленную,wipers_set,"{""speed"": ""low""}"
"Авто-дождь включи, пусть реагирует на влажность",rain_set,"{""mode"": ""auto"", ""state"": ""on""}"
"Подогрей руль, пальцы замерзли",wheel_heater_set,"{""state"": ""on""}"
Подсуши лобовое стекло интенсивно,defrost_set,"{""side"": ""лобовое"", ""intensity"": ""high""}"
"Включи спокойную музыку тихо, солнце в глаза",play_music,"{""genre"": ""спокойная"", ""volume"": ""low""}"
Останови радио и переключись на Bluetooth,media_source_set,"{""source"": ""Bluetooth""}"
"Следующий трек, пожалуйста — этот не подходит для утра",next_track,
Сделай громче на три деления,volume_change,"{""delta"": 3}"
Установи громкость на семнадцать процентов,volume_set,"{""level"": 17}"
Поставь громкость на минимум,volume_set,"{""level"": 0}"
Включи Радио Дача,radio_set_station,"{""station"": ""Радио Дача""}"
Сделай повторы по альбому,media_repeat_set,"{""mode"": ""album""}"
Запусти навигацию до ближайшей заправки,nav_start,"{""destination"": ""ближайшая заправка""}"
"Сбрось вызов, не хочу разговаривать",call_hangup,
"Фары на автомат, чтобы туман меньше мешал",headlights_set,"{""mode"": ""auto""}"
"Включи дальний, если нужно",high_beam_set,"{""state"": ""auto""}"
Дворники один взмах,wipers_set,"{""mode"": ""single""}"
"Активируй датчик дождя, пожалуйста",rain_set,"{""state"": ""on""}"
"Как красиво сегодня, рассвет в тумане...",chitchat,
Приоткрой водительское окно на пару сантиметров,window_set,"{""side"": ""driver"", ""position"": ""a_few_cm""}"
Понизь стекло пассажира,window_set,"{""side"": ""passenger"", ""action"": ""lower""}"
"Закрой боковые окна, не сквозит",window_set,"{""target"": ""side""}"
"Пожалуйста, закрой люк — пассажир спит",sunroof_close,
Не держи люк открытым,sunroof_close,
Охлади салон до девятнадцати градусов,ac_set,"{""temperature"": ""19""}"
"Обдув вниз на ноги и на лобовое, пожалуйста",ac_mode_set,"{""mode"": ""feet_windshield""}"
Повысь скорость вентилятора до трёх,ac_fan_set,"{""level"": ""3""}"
Останови обдув,ac_fan_set,"{""level"": ""0""}"
Отключи подогрев заднего сиденья,seat_heater_set,"{""seat"": ""rear"", ""state"": ""off""}"
"Вентиляцию кресла на минимум, пожалуйста",seat_vent_set,"{""level"": ""low""}"
Включи вентиляцию пассажирского кресла,seat_vent_set,"{""seat"": ""passenger"", ""state"": ""on""}"
Включи что‑нибудь спокойное и фоновое,play_music,"{""mood"": ""calm""}"
"Выключи музыку, не могу думать",stop_music,
"Верни прошлую композицию, пожалуйста",previous_track,
Сбавь на три деления,volume_change,"{""delta"": ""-3""}"
Перемешай плейлист случайно,media_shuffle_set,"{""state"": ""on""}"
"Включи радио, пожалуйста",radio_set,
"Проклади маршрут до офиса, избегая центровых улиц",nav_start,"{""destination"": ""office"", ""avoid"": ""city_centers""}"
Ответь на этот вызов,call_answer,
Руль согрей на второй уровень,wheel_heater_set,"{""level"": ""2""}"
"Убавь музыку, пассажир спит",volume_change,
"Тише, пожалуйста, убавь звук",volume_change,
Переключи на радио как источник,media_source_set,"{""source"": ""radio""}"
Случайно перемешай этот плейлист,media_shuffle_set,"{""state"": ""on""}"
Следующий трек и помедленнее звук,next_track,
Переключи радио на УКВ,radio_set,"{""band"": ""FM""}"
Прокладывай маршрут домой через шоссе,nav_start,"{""destination"": ""home"", ""via"": ""highway""}"
Отключи звук уведомлений на телефоне,volume_mute_set,"{""target"": ""notifications""}"
Подними стекла вверх,window_set,"{""action"": ""up""}"
Запах с улицы раздражает — что ты об этом думаешь?,chitchat,
"Пожалуйста, закрой все окна — шум ветра мешает, пассажир спит",window_set,
Закрой правое окно,window_set,"{""side"": ""правое""}"
"Открой окно чуть-чуть, только проветрить",window_set,"{""position"": ""частично""}"
Опусти стекло назад до середины,window_set,"{""position"": ""наполовину""}"
Заднее окно вверх,window_set,"{""window"": ""заднее""}"
"Выключи кондиционер, пусть будет тише",ac_off,
Оставь климат в режиме рециркуляции — чтобы не свистел ветер,ac_mode_set,"{""mode"": ""recirculation""}"
Поставь режим обдува ног и лица,ac_mode_set,"{""mode"": ""ноги_и_лицо""}"
"Убавь вентилятор на два деления, слишком шумно",ac_fan_set,"{""change"": ""-2""}"
"Максимально тихий вентилятор, пожалуйста",ac_fan_set,"{""level"": ""min""}"
Выключи принудительный обдув,ac_fan_set,
"Включи обогрев сиденья водителя, но негромко гудит мотор",seat_heater_set,"{""seat"": ""водителя"", ""state"": ""on""}"
Ни в коем случае не грею кресло пассажира — он спит,seat_heater_set,"{""seat"": ""пассажира"", ""state"": ""off""}"
Охлади сиденье — вентиляция вкл,seat_vent_set,"{""state"": ""on""}"
Отпустите вентиляцию сиденья на максимум,seat_vent_set,"{""level"": ""max""}"
"Включи обдув лобового стекла, чтобы убрать запотевание",defrost_set,"{""target"": ""лобовое"", ""state"": ""on""}"
"Оттайка заднего стекла, пожалуйста",defrost_set,"{""target"": ""заднее"", ""state"": ""on""}"
"Расслабься, закрой люк — ветер слишком сильный",sunroof_close,
Открой люк на сантиметр для свежего воздуха,sunroof_set,"{""position"": ""немного""}"
"Включи музыку потише, пассажир спит",play_music,
Поставь на паузу — пусть поспят,media_pause,
"Далее трек, если это тихий джаз",next_track,
Громкость на двадцать процентов,volume_set,"{""level"": ""20%""}"
"Выключи звук совсем, пожалуйста — он слишком громкий",volume_mute_set,"{""mute"": ""on""}"
Переключи на Bluetooth — телефон тихий,media_source_set,"{""source"": ""Bluetooth""}"
"Повтори трек, если можно тихо",media_repeat_set,"{""state"": ""on""}"
"Включи случайное воспроизведение, но не громко",media_shuffle_set,"{""state"": ""on""}"
"Переключись на радио, пусть фоновая музыка будет тише",media_source_set,"{""source"": ""radio""}"
"Включи радио на 101.2 FM, но бесшумно",radio_set_station,"{""frequency"": ""101.2""}"
Найди радиостанцию для спокойной ночи,radio_set,
"Запусти навигацию домой, не меняя громкости",nav_start,"{""destination"": ""дом""}"
"Отмени маршрут, пусть будет тише",nav_cancel,
"Позвони маме тихо, через громкоговоритель не надо",call_start,"{""contact"": ""мама""}"
"Ответь на звонок, не клади трубку",call_answer,
"Завершить вызов, пожалуйста",call_hangup,
"Включи фары — темно, но не слепи никого",headlights_set,"{""state"": ""on"", ""intensity"": ""низкий""}"
"Дальний выключи, вдруг кто спит рядом",high_beam_set,"{""state"": ""off""}"
"Протри стекло дворниками раз в минуту, дождя нет, только ветер",wipers_set,"{""mode"": ""intermittent""}"
Режим дождя отключи — он щёлкает и мешает,rain_set,"{""state"": ""off""}"
"Подогрев руля включи, я замерз, но тихо",wheel_heater_set,"{""state"": ""on""}"
Не включай подогрев руля — шум моторчика слышно,wheel_heater_set,"{""state"": ""off""}"
"Хм, холодно и ветрено, можно на минутку отключить всё шумящее?",chitchat,
"Пожалуйста, тише, мне хочется посидеть в тишине",chitchat,
"Мне мешает свист — может, закроем окна и выключим музыку?",chitchat,
"Понизь обороты вентилятора, слышен сильный шелест",ac_fan_set,"{""change"": ""-1""}"
Выключи вентилятор кондиционера полностью,ac_fan_set,"{""state"": ""off""}"
Закрой окно водителя — ветер прямо в ухо свистит,window_set,"{""side"": ""водителя""}"
"Осторожно открой стекло на миллиметр, только воздух пересталок",window_set,"{""position"": ""на_мм""}"
Поставь музыку на минимальную громкость,volume_set,"{""level"": ""min""}"
Приглуши радио на один щелчок,volume_change,"{""change"": ""-1""}"
Сменить источник на USB — на телефоне тишина,media_source_set,"{""source"": ""USB""}"
"Накрой люк полностью и закрой щели, ветер проникает",sunroof_close,
Можем ли мы просто помолчать пару минут?,chitchat,
Завершить музыку и перейти в режим тишины,stop_music,
"Поменяй трек, если можно на что-то спокойное, без баса",next_track,
"Включи повтор альбома, пожалуйста",media_repeat_set,"{""type"": ""album""}"
Отключи случайный порядок воспроизведения,media_shuffle_set,"{""state"": ""off""}"
"Мне жарко, включи кондиционер и выставь двадцать два градуса",ac_set,"{""temperature"": 22}"
Охлади наполовину,ac_set,"{""level"": ""наполовину""}"
Включи обдув ног,ac_mode_set,"{""mode"": ""обдув ног""}"
Поставь скорость вентилятора на максимальную,ac_fan_set,"{""level"": ""максимум""}"
Сделай тёплым заднее правое сиденье,seat_heater_set,"{""seat"": ""заднее правое""}"
"Хочу что-нибудь бодрое и энергичное, включи плейлист для пробежки",play_music,"{""mood"": ""бодрое""}"
Включи любимые треки,play_music,"{""playlist"": ""любимые""}"
Приостанови воспроизведение,media_pause,
Понемногу потише,volume_change,"{""amount"": ""немного""}"
Поставь звук на сорок процентов,volume_set,"{""percent"": 40}"
Сделай радио источником звука,media_source_set,"{""source"": ""radio""}"
Включи Ретро ФМ,radio_set_station,"{""station"": ""Ретро ФМ""}"
"Поехали домой, проложи маршрут пожалуйста",nav_start,"{""destination"": ""домой""}"
Отвези меня в центр города по кратчайшему маршруту без платных дорог,nav_start,"{""destination"": ""центр города"", ""route_preferences"": ""без платных дорог""}"
Набери Антона на мобильный,call_start,"{""contact"": ""Антон""}"
"Как тебя зовут, кстати?",chitchat,
"Ты можешь рассказать шутку, чтобы я не скучал в пробке?",chitchat,
Выключи климатическую систему,ac_off,
Подними температуру до двадцати трёх градусов,ac_set,"{""temperature_c"": 23}"
Поставь режим авто для климата,ac_mode_set,"{""mode"": ""auto""}"
Поставь обдув на максимальную скорость,ac_fan_set,"{""level"": ""max""}"
Увеличь скорость вентилятора на одну ступень,ac_fan_set,"{""delta"": 1}"
Подогрей правое переднее сиденье,seat_heater_set,"{""seat"": ""правое_переднее"", ""state"": ""on""}"
Обогрей сиденье водителя на максимум,seat_heater_set,"{""seat"": ""водитель"", ""level"": ""max""}"
Включи вентиляцию задних сидений,seat_vent_set,"{""seat"": ""задние"", ""state"": ""on""}"
Полностью разморозь стекла,defrost_set,"{""level"": ""max""}"
"Включи задний обогрев, пожалуйста",defrost_set,"{""target"": ""rear"", ""state"": ""on""}"
Запусти передний дефрост,defrost_set,"{""target"": ""front"", ""state"": ""on""}"
Открой окно водителя на один сантиметр,window_set,"{""side"": ""водитель"", ""position_cm"": 1}"
Опусти правое заднее окно наполовину,window_set,"{""seat"": ""правое_заднее"", ""percent"": 50}"
Подними левое окно вверх,window_set,"{""side"": ""левое"", ""direction"": ""up""}"
Добавь громкость на десять процентов,volume_change,"{""delta_percent"": 10}"
Громкость семнадцать,volume_set,"{""level"": 17}"
Включи режим повтора всех треков,media_repeat_set,"{""mode"": ""all""}"
Поставь радио на волну 101.2,radio_set_station,"{""frequency"": ""101.2""}"
Интервальные дворники каждые пять секунд,wipers_set,"{""interval_s"": 5}"
Включи режим «дождь» для дворников,rain_set,"{""state"": ""on""}"
"Понизьте громкость, пожалуйста, мне шумно",volume_change,
Кто сегодня побеждает?,chitchat,
"Мне холодно, сделай так, чтобы в салоне было теплее и включи обдув на максимум, пожалуйста",ac_set,"{""fan_level"": ""max""}"
"Проложи маршрут до Красной площади, объехать пробки и постарайся сделать путь быстрее",nav_start,"{""destination"": ""Красная площадь"", ""avoid_traffic"": true, ""priority"": ""fast""}"
Приоткрой левое,window_set,"{""window"": ""left"", ""position"": ""tilt""}"
Можно опустить переднее стекло,window_set,"{""window"": ""front"", ""action"": ""lower""}"
Хватит проветривать,window_set,
Сделай прохладу сильно,ac_set,"{""mode"": ""cool"", ""level"": ""max""}"
Отключи климат-контроль срочно,ac_off,
Поставь климат на обдув всерьёз,ac_mode_set,"{""mode"": ""face_floor""}"
Установи вентилятор на третий уровень,ac_fan_set,"{""fan_level"": 3}"
"Вентилятор чуть потише, пожалуйста",ac_fan_set,"{""action"": ""decrease""}"
"Садись, подогрей водительское сиденье",seat_heater_set,"{""seat"": ""driver"", ""state"": ""on""}"
Переднему пассажиру на максимум подогрев,seat_heater_set,"{""seat"": ""passenger"", ""level"": ""max""}"
Вентиляцию сидений включи наполовину,seat_vent_set,"{""seat"": ""driver"", ""level"": ""medium""}"
Остыть креслу пассажира,seat_vent_set,"{""seat"": ""passenger"", ""state"": ""on""}"
Приподними люк слегка,sunroof_set,"{""position"": ""tilt_small""}"
Поставь паузу на треке,media_pause,
Добавь громкость побольше,volume_change,"{""action"": ""increase""}"
Сделай потише до уровня три,volume_set,"{""level"": 3}"
Выклю́чи звук — срочно,volume_mute_set,"{""state"": true}"
Поставь повтор альбома,media_repeat_set,"{""mode"": ""album""}"
Случайный порядок включи,media_shuffle_set,"{""state"": ""on""}"
Настрой станцию на девяносто два целых три,radio_set_station,"{""frequency"": 92.3}"
"Навигатор, заведи меня к дому родителей сейчас",nav_start,"{""destination"": ""дом родителей""}"
Отмени маршрут и поехали туда самим,nav_cancel,
Прими звонок,call_answer,
Сделай громче фары,headlights_set,"{""state"": ""on""}"
Дождевые датчики включи,rain_set,"{""state"": ""on""}"
"Помоги — двор мокрый, включи интервальные щётки",wipers_set,"{""mode"": ""intermittent""}"
"Ответь на звонок и скажи, что подъезжаю",call_answer,
"Не отвечай, отложи на голосовую почту",call_hangup,"{""action"": ""voicemail""}"
Пропусти звонок,call_hangup,
"Пожалуйста, включи радио на новости",radio_set_station,"{""program"": ""news""}"
"Ну надо же, прохлада включи",ac_set,"{""mode"": ""quick_cool""}"
Снижай температуру на пару градусов,ac_set,"{""delta_c"": 2}"
"Не громко музыку, пожалуйста!",volume_change,"{""action"": ""decrease""}"
"Переключи трек, у меня звонок",next_track,
Поставь на паузу и ответь на вызов,media_pause,
Вставь навигацию на адрес стройки — надо быстро,nav_start,"{""destination"": ""стройка""}"
Отмени навигацию к даче,nav_cancel,
"Пусть музыка играет тише, еду на работу",volume_set,"{""context"": ""commute""}"
Повтори трек снова,media_repeat_set,"{""mode"": ""track""}"
Перемешай плейлист пожалуйста,media_shuffle_set,
"Привет, как жара?",chitchat,
"Тороплюсь, открой люк и включи кондиционер",sunroof_set,"{""sunroof"": ""open"", ""ac"": ""on""}"
"Коротко: ответь и скажи, что буду через десять минут",call_answer,"{""message"": ""буду через 10 минут""}"
"Громкость на ноль — мне звонят, срочно",volume_mute_set,"{""state"": true}"
Радио на сто восемь FM,radio_set_station,"{""frequency"": 108.0}"
"Музыку включи потихоньку, я тороплюсь и звонят",play_music,
Открой переднее левое окно наполовину,window_set,"{""window"": ""front_left"", ""position_percent"": 50}"
Режим вентиляции в автомат,ac_mode_set,"{""mode"": ""auto""}"
Поставь вентиляцию на рециркуляцию,ac_mode_set,"{""mode"": ""recirculation""}"
Понизь обороты вентилятора,ac_fan_set,
Подогрев водительского сиденья на максимум,seat_heater_set,"{""seat"": ""driver"", ""level"": ""max""}"
Включи обогрев заднего правого сиденья,seat_heater_set,"{""seat"": ""rear_right"", ""state"": ""on""}"
Охлади переднее пассажирское кресло,seat_vent_set,"{""seat"": ""front_passenger"", ""state"": ""on""}"
Отопитель стекол задний выключи,defrost_set,"{""target"": ""rear"", ""state"": ""off""}"
Приоткрой люк над головой на десять процентов,sunroof_set,"{""open_percent"": 10}"
Сделай громкость двадцать процентов,volume_set,"{""volume_percent"": 20}"
Настрой на частоту 101.5 FM,radio_set_station,"{""frequency"": 101.5, ""band"": ""FM""}"
Ищи радиостанцию JAZZ FM,radio_set_station,"{""station_name"": ""JAZZ FM""}"
Дворники на режим дождь,rain_set,"{""mode"": ""rain""}"
"Отменить всё, просто поболтай со мной",chitchat,
Сколько километров до Москвы?,chitchat,
Поставь радио громко,volume_set,"{""target"": ""radio"", ""level"": ""high""}"
Переключись на следующее,next_track,
Проехали — оставь навигацию,nav_cancel,
Поставь обогрев заднего стекла на максимум,defrost_set,"{""target"": ""rear"", ""level"": ""max""}"
Включи случайное воспроизведение альбомов,media_shuffle_set,"{""scope"": ""albums"", ""state"": ""on""}"
"Проклади маршрут до аэропорта Шереметьево, объезжай пробки",nav_start,"{""destination"": ""аэропорт Шереметьево"", ""avoid"": ""traffic""}"
"Слушай, как дела?",chitchat,
Опусти левое переднее стекло на двадцать процентов,window_set,"{""side"": ""левое переднее"", ""position"": ""20%""}"
Закрой все окна — в тоннеле запах улицы,window_set,"{""target"": ""all""}"
"Приоткрой боковое стекло наполовину, быстро",window_set,"{""position"": ""50%""}"
Открой окно водителя на три сантиметра,window_set,"{""side"": ""водителя"", ""position"": ""3cm""}"
Поставь кондиционер на двадцать один градус,ac_set,"{""temperature"": ""21""}"
"Включи рециркуляцию, в тоннеле пахнет снегом и пылью",ac_mode_set,"{""mode"": ""recirculation""}"
"Нагрей сиденье водителя на максимум, руки мерзнут",seat_heater_set,"{""seat"": ""водителя"", ""level"": ""3""}"
Включи обогрев лобового стекла — сильно примерзло,defrost_set,"{""target"": ""лобовое"", ""state"": ""on""}"
Сдвинь люк на пятьдесят процентов,sunroof_set,"{""position"": ""50%""}"
Закрой люк прямо сейчас,sunroof_close,
"Поставь джаз, тихо и спокойно",play_music,"{""genre"": ""джаз""}"
"Выруби музыку, нужно сосредоточиться на повороте",stop_music,
Перейди на FM-диапазон,radio_set,"{""band"": ""FM""}"
"Настрой на 101.2 FM, там новости",radio_set_station,"{""station"": ""101.2""}"
"Построй маршрут до ближайшей заправки, нужно объехать пробку",nav_start,"{""destination"": ""заправка""}"
"Отвези меня в центр города, объезжая пробки",nav_start,"{""destination"": ""центр города"", ""avoid_traffic"": ""true""}"
"Позвони Марии, объясню что опаздываю",call_start,"{""contact"": ""Мария""}"
Включи ближний свет сейчас,headlights_set,"{""state"": ""on""}"
"Поставь дальний, если дорога чистая",high_beam_set,"{""state"": ""on""}"
Режим дождя включи — снег тает на стекле,rain_set,"{""state"": ""on""}"
"Подогрей руль, пальцы мерзнут",wheel_heater_set,"{""state"": ""on""}"
"Запах из улицы сильный, что это?",chitchat,
"Я опаздываю, можно по-быстрому?",chitchat,
Включи утренний плейлист,play_music,"{""playlist"": ""утренний плейлист""}"
"Поставь на паузу музыку, нужно послушать навигатор",media_pause,
"Следующий трек, и быстрее",next_track,
Выключи звук навсегда,volume_mute_set,"{""muted"": true}"
Переключи радио на AM,radio_set,"{""band"": ""AM""}"
Найди станцию 88.5 — моя любимая передача,radio_set_station,"{""station"": ""88.5""}"
"Поехали, навигатор, прокладывай маршрут домой через меньшую пробку",nav_start,"{""destination"": ""дом""}"
Отмени навигатор,nav_cancel,
"Позвони Сергею, скажи, что немного задержусь",call_start,"{""contact"": ""Сергей""}"
"Отвечай на звонок, пожалуйста",call_answer,
Откажись от звонка — похоже спам,call_hangup,
Опусти левое окно,window_set,"{""side"": ""left"", ""position"": ""down""}"
"Закрой все окна, дождь начался",window_set,"{""position"": ""closed""}"
"Пожалуйста, закрой люк — дождь льёт, спешу",sunroof_close,
"Подогрей руль, руки замёрзли",wheel_heater_set,
Поставь подогрев сидений на единицу,seat_heater_set,"{""level"": 1}"
Сделай обдув тёплым — руки мерзнут,ac_mode_set,"{""mode"": ""heat""}"
Вентиляцию на максимум,ac_fan_set,"{""level"": ""max""}"
Выключи климат-контроль сейчас,ac_off,
"Очисти стекла, включи дефрост спереди",defrost_set,"{""target"": ""front""}"
Включи задний дефрост,defrost_set,"{""target"": ""rear""}"
"Дворники: работайте побыстрее, дождь льёт",wipers_set,
Переключи дворники в интервальный режим,wipers_set,"{""mode"": ""intermittent""}"
"Включи фары, в туннеле темно",headlights_set,"{""state"": ""on""}"
Выключи фары — мы уже на солнце,headlights_set,"{""state"": ""off""}"
Врубай дальний свет,high_beam_set,"{""state"": ""on""}"
Гаси дальний,high_beam_set,"{""state"": ""off""}"
Увеличь громкость на два шага,volume_change,"{""steps"": 2}"
"Понизь звук, радио шипит",volume_change,
Сменить радиостанцию,radio_set,
Переключись на FM 101.5,radio_set_station,"{""frequency"": ""101.5""}"
"Навигация до дома, пожалуйста",nav_start,"{""destination"": ""дом""}"
"Прими звонок, я за рулём",call_answer,
Поставь музыку на паузу,media_pause,
"Следующий трек, быстро",next_track,
"Останови музыку, шумно в машине",stop_music,
Перемешай треки в очереди,media_shuffle_set,"{""shuffle"": true}"
Выключи повтор проигрывания,media_repeat_set,"{""repeat"": false}"
Поставь повтор одного трека,media_repeat_set,"{""mode"": ""one""}"
"Поменяй станцию, это шипит на радио",radio_set,
"Быстро включи обогрев лобового стекла, оно запотевает",defrost_set,"{""target"": ""front""}"
Закрой все окна — дождь начался и я спешу,window_set,"{""position"": ""closed""}"
"Открой окно чуть-чуть, нужно вдохнуть свежего воздуха",window_set,"{""position"": 10}"
"Направь воздух на лицо, руки мерзнут",ac_mode_set,"{""direction"": ""face""}"
Переключи на рециркуляцию — сейчас туннель,ac_mode_set,"{""mode"": ""recirculation""}"
Включи аварийку,headlights_set,"{""hazard"": true}"
"Рукам холодно, включи обогрев руля ещё раз",wheel_heater_set,
"Добавь обдув, хочу быстрее согреться",ac_fan_set,
Понизь температуру до двадцати градусов,ac_set,"{""temperature"": 20}"
Сделай кондиционер на восемнадцать,ac_set,"{""temperature"": 18}"
"Хватит зацикливать одну песню, отключи повтор",media_repeat_set,"{""repeat"": false}"
"Ну-ка, быстро закрой люк, дождь идёт и я задерживаюсь на встрече",sunroof_close,
"Просто поговори со мной, нужно отвлечься от шума туннеля",chitchat,
"Открой люк, солнце припекает",sunroof_set,"{""state"": ""open""}"
"Закрой люк, быстро",sunroof_close,"{""state"": ""closed""}"
Приоткрой правое окно на половину,window_set,"{""side"": ""right"", ""percent"": 50, ""state"": ""open""}"
Закрой все окна — пыль летит,window_set,"{""side"": ""all"", ""state"": ""closed""}"
Опусти левое переднее окно немного,window_set,"{""side"": ""left_front"", ""state"": ""open""}"
"Выключи кондиционер, душно",ac_off,
Включи рециркуляцию воздуха — много пыли,ac_mode_set,"{""mode"": ""recirculation""}"
Поставь климат на максимум охлаждения,ac_mode_set,"{""mode"": ""max_cool""}"
Авто режим климата,ac_mode_set,"{""mode"": ""auto""}"
Подогрев сиденья на три,seat_heater_set,"{""level"": 3}"
"Охлади сиденье, жарко от солнца",seat_vent_set,
Включи вентиляцию сидений слева,seat_vent_set,"{""side"": ""left"", ""state"": ""on""}"
Подними обдув до максимума,ac_fan_set,"{""level"": ""max""}"
"Нагрей руль, руки мерзнут",wheel_heater_set,"{""state"": ""on""}"
Опусти шторку люка — солнце в глаза,sunroof_set,"{""shade"": ""closed""}"
Пауза плейлист,media_pause,
Дальше трек,next_track,
Сделай громче на две позиции,volume_change,"{""delta"": 2}"
Убавь громкость сейчас,volume_change,
Переключи на Bluetooth — связь шумит,media_source_set,"{""source"": ""bluetooth""}"
Включи USB-источник,media_source_set,"{""source"": ""usb""}"
Настрой радио на FM 101.2 — шипит,radio_set_station,"{""band"": ""FM"", ""frequency"": ""101.2""}"
"Переключись на радио, там выше частота",radio_set,
Найди станцию talk,radio_set_station,"{""name"": ""talk""}"
Прокладывай маршрут домой срочно,nav_start,"{""destination"": ""home""}"
Отмени навигацию прямо сейчас,nav_cancel,
"Позвони жене, ответь у меня нет времени",call_start,"{""contact"": ""wife""}"
Выключи фары — никого нет на дороге,headlights_set,"{""state"": ""off""}"
Гасни дальний свет,high_beam_set,"{""state"": ""off""}"
"Включи дворники, что-то летит на лобовое",wipers_set,"{""state"": ""on""}"
"Поставь интервальные дворники, легкая пыль",wipers_set,"{""mode"": ""intermittent""}"
Подогрей правое сиденье на максимум,seat_heater_set,"{""side"": ""right"", ""level"": ""max""}"
"Ослабь вентиляцию сидений, помедленнее",seat_vent_set,
Повтор включить для всех треков,media_repeat_set,"{""scope"": ""all""}"
"Включи шифл, пожалуйста",media_shuffle_set,"{""state"": ""on""}"
Сделай тише на половину,volume_change,"{""percent"": 50}"
Сколько минут до дома?,chitchat,
"Солнце слепит, закрой правое окно",window_set,"{""side"": ""right"", ""state"": ""closed""}"
"Радио шипит, понизь громкость",volume_change,
"Эй, выключи музыку, мне надо сосредоточиться",stop_music,
"Мне холодно, пожалуйста сделай так, чтобы в салоне было двадцать три градуса",ac_set,"{""temperature"": 23}"
Шторку люка подними вверх,sunroof_set,"{""position"": ""open""}"
Включи кондиционер в салоне,ac_set,
Сделай температуру двадцать два градуса,ac_set,"{""temperature"": 22}"
Убавь вентилятор на два деления,ac_fan_set,"{""change"": -2}"
Подогрев водительского сиденья на третью ступень,seat_heater_set,"{""seat"": ""driver"", ""level"": 3}"
Отключи подогрев пассажирского сиденья,seat_heater_set,"{""seat"": ""passenger"", ""level"": 0}"
Обдув переднего стекла включи,defrost_set,"{""target"": ""front"", ""state"": ""on""}"
Закрой солнцезащитную шторку полностью,sunroof_close,
Поставь на паузу песню,media_pause,
Увеличь громкость на пять,volume_change,"{""change"": 5}"
Повтори песню,media_repeat_set,"{""mode"": ""one""}"
Включи случайный порядок треков,media_shuffle_set,"{""shuffle"": true}"
Проклади маршрут до работы на короткое время с учётом пробок,nav_start,"{""destination"": ""work"", ""preference"": ""short_time""}"
Включи стеклоочистители на нормальную скорость,wipers_set,"{""state"": ""on"", ""speed"": ""normal""}"
Автоматический режим дождя активируй,rain_set,"{""mode"": ""auto"", ""state"": ""on""}"
Погнали!,chitchat,
"Расскажи шутку, чтобы поднять настроение",chitchat,
Включи обогрев всех сидений на максимум,seat_heater_set,"{""seat"": ""all"", ""level"": ""max""}"
Поставь вентиляцию на минимальную мощность,ac_fan_set,"{""fan"": ""min""}"
Переключи трек на два назад,previous_track,"{""count"": 2}"
Приглуши музыку наполовину,volume_set,"{""level_percent"": 50}"
Слушать подкаст с USB,media_source_set,"{""source"": ""USB""}"
Повтори плейлист постоянно,media_repeat_set,"{""mode"": ""all""}"
Переключись на спутниковую навигацию,nav_start,"{""mode"": ""satellite""}"
"Найди самый быстрый маршрут до аэропорта, избегая платных дорог и больших пробок",nav_start,"{""destination"": ""аэропорт"", ""preference"": ""fastest"", ""avoid"": ""tolls""}"
Убавь кондиционер до девятнадцати градусов,ac_set,"{""temperature"": 19}"
Включи режим ECO для климата,ac_mode_set,"{""mode"": ""eco""}"
Отключи повторение,media_repeat_set,"{""mode"": ""off""}"
Найди радиоканал BBC,radio_set_station,"{""station"": ""BBC""}"
"Пожалуйста, поставь музыку потихоньку, я разговариваю",play_music,"{""manner"": ""softly""}"
Приглуши навигацию,nav_cancel,
Выключи голос навигатора,nav_cancel,
"Отключи все уведомления и музыку, пожалуйста",volume_mute_set,
Радио станция Европа плюс,radio_set_station,"{""station"": ""Европа плюс""}"
Включи тихую классическую радиостанцию,radio_set,
Настрой на 104.5 FM,radio_set_station,"{""frequency"": ""104.5""}"
Добавь повтор,media_repeat_set,
Режим shuffle включи,media_shuffle_set,
Громкость 10,volume_set,"{""level"": 10}"
Выключи музыку и телефон,volume_mute_set,
Позвони дому,call_start,"{""contact"": ""дом""}"
Включи противотуманные фары,headlights_set,"{""mode"": ""противотуманная""}"
Автоматически включай дальний,high_beam_set,"{""mode"": ""auto""}"
Стекло изнутри запотевает — включи обдув,defrost_set,
Закрой крышу,sunroof_close,
Опусти окна чуть-чуть,window_set,
Нагрей сиденье водителя на два,seat_heater_set,"{""position"": ""водитель"", ""level"": 2}"
Кондиционер выключи,ac_off,
Установи климат на 22 градуса,ac_set,"{""temperature"": 22}"
Понизь мощность обдува наполовину,ac_fan_set,"{""level_percent"": 50}"
Дождевой режим,rain_set,
Омывай стекло,wipers_set,"{""action"": ""wash""}"
"Вечер, туман, навигатор опять путается, что ты предлагаешь?",chitchat,
"Тихо, пожалуйста, я хочу ехать в тишине",volume_mute_set,
Прокладывай новый путь до дома молча,nav_start,"{""destination"": ""дом""}"
Покажи ближайший съезд,nav_start,
Не отвечай на звонки сейчас,call_hangup,
Прими все входящие,call_answer,
Поставь джазовый плейлист и убавь звук,play_music,"{""genre"": ""джаз""}"
Повтори композицию,media_repeat_set,"{""mode"": ""one""}"
Я не хочу шум — заглуши навигацию и музыку,volume_mute_set,
Приоткрой водительское окно на 10 процентов,window_set,"{""side"": ""driver"", ""percent"": 10}"
Опусти правое заднее окно полностью,window_set,"{""side"": ""right_rear"", ""percent"": 100}"
Плотно закрой пассажирское стекло,window_set,"{""side"": ""passenger"", ""state"": ""closed""}"
"Наклони люк, чтобы проветрить салон",sunroof_set,"{""mode"": ""tilt""}"
"Выключи климат-контроль полностью, пожалуйста",ac_off,
"Можешь, пожалуйста, понизить температуру в салоне до восемнадцати градусов, мне прохладно",ac_set,"{""temperature"": 18}"
Переведи систему в режим рециркуляции,ac_mode_set,"{""mode"": ""recirculation""}"
Включи экономичный режим климата,ac_mode_set,"{""mode"": ""eco""}"
Поставь скорость вентилятора на максимум,ac_fan_set,"{""level"": ""max""}"
Сделай обдув посильнее,ac_fan_set,
Отключи подогрев сидений водителя и пассажира,seat_heater_set,"{""side"": ""both"", ""state"": ""off""}"
Сделай подогрев на пятёрку,seat_heater_set,"{""level"": 5}"
Вентиляция сиденья справа — минимум,seat_vent_set,"{""side"": ""right"", ""level"": ""min""}"
Отключи обогрев заднего стекла,defrost_set,"{""zone"": ""rear"", ""state"": ""off""}"
"Поставь что‑то спокойное, чтобы не мешало за рулём",play_music,
Прибавь громкость на три,volume_change,"{""delta"": 3}"
"Аудио с телефона, пожалуйста",media_source_set,"{""source"": ""bluetooth""}"
Выключи режим перемешивания,media_shuffle_set,"{""state"": ""off""}"
Включи радио Маяк,radio_set_station,"{""station"": ""Маяк""}"
Настрой FM 101.2 сейчас,radio_set_station,"{""band"": ""FM"", ""frequency"": 101.2}"
"Поехали домой, проложи маршрут туда, пожалуйста",nav_start,"{""destination"": ""дом""}"
"Проложи маршрут до ближайшей заправки, чтобы заехать по пути",nav_start,"{""destination"": ""nearest_gas_station""}"
Набери номер 8 916 123 45 67,call_start,"{""number"": ""89161234567""}"
"Отключи дворники, пожалуйста",wipers_set,"{""state"": ""off""}"
Включи режим дождя для автоматического управления дворниками,rain_set,"{""state"": ""on""}"
"Не буду отвлекать, просто скажи, сколько времени и нужна ли нам зимняя резина сегодня — на улице сильный снег и я не уверен, ехать ли на летней",chitchat,
Опусти левое стекло,window_set,"{""side"": ""левое""}"
Поставь кондиционер в режим авто,ac_mode_set,"{""mode"": ""auto""}"
Уменьши обдув на два шага,ac_fan_set,"{""change"": -2}"
Подогрей сиденье водителя на третью,seat_heater_set,"{""seat"": ""водителя"", ""level"": 3}"
Включи вентиляцию передних сидений,seat_vent_set,"{""location"": ""передние"", ""state"": ""on""}"
"Обдуй лобовое стекло, включи обогрев",defrost_set,"{""target"": ""front"", ""state"": ""on""}"
Раскрой люк полностью,sunroof_set,"{""position"": ""open""}"
Врубить музыку,play_music,
Установи громкость на двенадцать,volume_set,"{""level"": 12}"
Включить перемешивание треков,media_shuffle_set,"{""state"": ""on""}"
Поставь FM на 101.2,radio_set_station,"{""band"": ""FM"", ""frequency"": ""101.2""}"
Найди ближайшую кофейню и веди туда,nav_start,"{""destination"": ""кофейня""}"
Дворники первая скорость,wipers_set,"{""speed"": 1}"
Автовключение дворников при дожде включи,rain_set,"{""state"": ""on""}"
Закрой водительское окно немедленно,window_set,"{""side"": ""водительское""}"
Сделай прохладнее в салоне,ac_set,
Притуши фары,headlights_set,"{""mode"": ""low""}"
Настрой радио на станцию 87.7 FM,radio_set_station,"{""band"": ""FM"", ""frequency"": ""87.7""}"
"Хватит, молчи",volume_mute_set,"{""mute"": true}"
Подними стекло заднего правого,window_set,"{""window"": ""заднее правое"", ""action"": ""закрыть""}"
Опусти передние стекла,window_set,"{""window"": ""передние"", ""action"": ""открыть""}"
Холодитель на двадцать градусов,ac_set,"{""temperature"": ""20""}"
Понизь температуру в салоне на три градуса,ac_set,"{""delta"": ""-3""}"
Поставь климат на комфортный режим 22,ac_set,"{""temperature"": ""22""}"
Отключи климат-контроль сейчас,ac_off,
Переведи на обдув ног и лобового стекла,ac_mode_set,"{""mode"": ""ноги+лобовое""}"
Быстрый обдув лицевой зоны,ac_mode_set,"{""mode"": ""лицо"", ""speed"": ""быстрый""}"
Уменьши скорость вентилятора в салоне,ac_fan_set,"{""action"": ""decrease""}"
Поставь подогрев водительского сиденья на третий уровень,seat_heater_set,"{""seat"": ""водительское"", ""level"": ""3""}"
Сделай подогрев пассажира помягче,seat_heater_set,"{""seat"": ""пассажирское"", ""action"": ""понизить""}"
Включи вентиляцию сиденья водителя на средний,seat_vent_set,"{""seat"": ""водительское"", ""level"": ""средний""}"
Охлади кресло заднего пассажира,seat_vent_set,"{""seat"": ""заднее"", ""action"": ""охладить""}"
Обдув лобового стекла включи,defrost_set,"{""target"": ""лобовое"", ""action"": ""включить""}"
Сними иней с заднего стекла,defrost_set,"{""target"": ""заднее"", ""action"": ""включить""}"
"Прикрой скайруф, пожалуйста",sunroof_close,"{""action"": ""закрыть""}"
Половина люка вперёд,sunroof_set,"{""position"": ""50%""}"
Включи мою плейлистную станцию,play_music,"{""playlist"": ""моя""}"
Выключи звук без уведомлений,volume_mute_set,"{""mute"": ""true"", ""except"": ""уведомления""}"
Поймай волну станции 101.2 FM,radio_set_station,"{""frequency"": ""101.2 FM""}"
"Поехали на север, проложи маршрут к первому посту ДПС",nav_start,"{""destination"": ""первому посту ДПС"", ""direction"": ""север""}"
Притуши дальний,high_beam_set,"{""state"": ""off""}"
Авто-режим дождя включи,rain_set,"{""mode"": ""авто""}"
"Русское утро, снег за окном — не холодно ли в кресле? Включи подогрев",seat_heater_set,"{""seat"": ""общий"", ""action"": ""включить"", ""context"": ""рассвет снег трасса""}"
"Можно музыку потише, я хочу слушать шелест шин по снегу",volume_change,"{""action"": ""decrease"", ""reason"": ""шелест шин""}"
Поставь репродукцию с телефона,media_source_set,"{""source"": ""телефон""}"
"Повторять альбом, пожалуйста",media_repeat_set,"{""mode"": ""альбом""}"
Перемешивание выключи — хочу слушать подряд,media_shuffle_set,"{""state"": ""off""}"
Настрой радио на «Зимняя Дорога»,radio_set_station,"{""station"": ""Зимняя Дорога""}"
"Проложи маршрут до ближайшей заправки — тихо, снег и рассвет вокруг",nav_start,"{""destination"": ""ближайшая заправка"", ""context"": ""рассвет снег трасса""}"
Отменить навигацию к пляжу,nav_cancel,"{""destination"": ""пляж""}"
"Прими входящий звонок, пожалуйста",call_answer,
"Положи трубку, разговор окончен",call_hangup,
"Согласен, красивый рассвет сегодня",chitchat,"{""context"": ""рассвет снег трасса""}"
"Не торопись, дорога скользкая",chitchat,"{""context"": ""скользкая трасса""}"
"Мне нравится, когда снег тихо хрустит под шинами",chitchat,
Опусти левое переднее стекло,window_set,"{""side"": ""left_front"", ""position"": ""down""}"
Сделай теплее на два градуса,ac_set,"{""temperature_delta"": 2}"
Режим обдува — на лобовое стекло,defrost_set,"{""target"": ""windshield""}"
Ночью на серпантине включи подогрев руля,wheel_heater_set,"{""state"": ""on""}"
Подогревай руль на минимум,wheel_heater_set,"{""level"": ""low""}"
Остудить сиденье пассажира,seat_vent_set,"{""side"": ""passenger"", ""state"": ""on""}"
Поставь подогрев водительского сиденья на максимум,seat_heater_set,"{""side"": ""driver"", ""level"": ""max""}"
Выключи подогрев сиденья,seat_heater_set,"{""level"": 0}"
Запусти навигацию до ближайшей стоянки,nav_start,"{""destination"": ""nearest_parking""}"
Зажги ближний свет,headlights_set,"{""mode"": ""low""}"
Переведи систему в режим дождя,rain_set,"{""mode"": ""rain""}"
Подними скорость вентилятора на одну ступень,ac_fan_set,"{""delta"": 1}"
Уменьши вентилятор до нуля,ac_fan_set,"{""level"": 0}"
Музыку включи,play_music,
Установи громкость шестьдесят процентов,volume_set,"{""level_percent"": 60}"
Настрой радио на волну 89.5,radio_set_station,"{""band"": ""FM"", ""frequency"": 89.5}"
Запусти радио,radio_set,"{""state"": ""on""}"
Поставь навигатор до кафе по дороге,nav_start,"{""destination"": ""cafe_nearby""}"
Отложи текущий маршрут,nav_cancel,
Перезвони последнему абоненту,call_start,"{""contact"": ""last_caller""}"
Останови музыку и тишина,stop_music,
Активируй автоматический режим дождя,rain_set,"{""state"": ""on""}"
Подними стекла,window_set,"{""position"": ""up""}"
Открой левое окно на щелчок,window_set,"{""side"": ""left"", ""position"": ""ajar""}"
Включи повтор одной песни,media_repeat_set,"{""mode"": ""one""}"
"Перемешай всё, пожалуйста",media_shuffle_set,"{""state"": ""on""}"
Понизь громкость до десяти,volume_set,"{""level_percent"": 10}"
Слегка прибавь звук,volume_change,
Включи вентиляцию заднего стекла,defrost_set,"{""target"": ""rear"", ""state"": ""on""}"
Переведи кондиционер в экономичный режим,ac_mode_set,"{""mode"": ""eco""}"
Как красиво ночью в снегу,chitchat,
Только задние окна приоткрой,window_set,"{""which"": ""rear"", ""position"": ""ajar""}"
Открой люк на половину,sunroof_set,"{""position_percent"": 50}"
Пусть люк полностью открыт,sunroof_set,"{""position_percent"": 100}"
"Пожалуйста, сделай потише кондиционер на два градуса",ac_set,"{""temperature_change"": -2, ""unit"": ""C""}"
Понизь температуру до 20,ac_set,"{""temperature"": 20}"
Поставь режим рециркуляции,ac_mode_set,"{""mode"": ""recirculation""}"
Переведи на обогрев,ac_mode_set,"{""mode"": ""heating""}"
Ослабь обдув наполовину,ac_fan_set,"{""level_percent"": 50}"
Подогрей сиденье водителя на второй уровень,seat_heater_set,"{""seat"": ""driver"", ""level"": 2}"
Выключи подогрев заднего правого сиденья,seat_heater_set,"{""seat"": ""rear_right"", ""state"": ""off""}"
"Включи обдув стекол, переднее",defrost_set,"{""which"": ""front"", ""state"": ""on""}"
Включи противозапотевание,defrost_set,
Поставь режим авто для фар,headlights_set,"{""mode"": ""auto""}"
"Поставь в очередь, пожалуйста, альбом 'Лучшие песни' и сразу же начни воспроизведение с первой дорожки",play_music,"{""album"": ""Лучшие песни""}"
Воспроизведи «Я тебя люблю»,play_music,"{""track"": ""Я тебя люблю""}"
Сделай громкость 20 процентов,volume_set,"{""percent"": 20}"
"Радио, станция Москва FM",radio_set_station,"{""station"": ""Москва FM""}"
"Мне нужно добраться до аэропорта Шереметьево через МКАД, проложи маршрут, пожалуйста, избегая платных дорог",nav_start,"{""destination"": ""Аэропорт Шереметьево"", ""avoid_tolls"": true}"
Сбросьте вызов,call_hangup,
Включи спутниковую навигацию,nav_start,"{""type"": ""satellite""}"
Позвони по номеру 8 999 123 45 67,call_start,"{""number"": ""89991234567""}"
"Включи повторы, пожалуйста",media_repeat_set,"{""state"": ""on""}"
Выключи перетасовку,media_shuffle_set,"{""state"": ""off""}"
Сделай громкость тише,volume_change,"{""direction"": ""down""}"
Я хочу слушать радио,radio_set,
Проигрывай это по Bluetooth,media_source_set,"{""source"": ""Bluetooth""}"
Неожиданный вопрос: как дела?,chitchat,
Закрой правое заднее окно,window_set,"{""side"": ""rear_right""}"
Подними стекло наполовину,window_set,"{""position"": ""50%""}"
"Проветри салон, пожалуйста, открой по половине оба передних окна",window_set,"{""side"": ""front"", ""count"": ""2"", ""position"": ""50%""}"
Активация кондиционера,ac_set,
Сделай потеплее на три градуса,ac_set,"{""delta"": ""3""}"
Отключи обогрев салона,ac_off,
Переключись в режим авто,ac_mode_set,"{""mode"": ""auto""}"
Включи подогрев сиденья водителя на третий уровень,seat_heater_set,"{""seat"": ""driver"", ""level"": ""3""}"
Выключи подогрев переднего пассажира,seat_heater_set,"{""seat"": ""front_passenger"", ""state"": ""off""}"
"Включи вентиляцию сидений, пожалуйста",seat_vent_set,
Убавь вентиляцию заднего сиденья,seat_vent_set,"{""seat"": ""rear"", ""action"": ""decrease""}"
Наклони люк для вентиляции,sunroof_set,"{""position"": ""tilt""}"
Заглушить звук,volume_mute_set,"{""state"": ""on""}"
Переключить на Bluetooth,media_source_set,"{""source"": ""bluetooth""}"
Поставь на 101.2 FM,radio_set_station,"{""frequency"": ""101.2"", ""band"": ""FM""}"
Проложи маршрут на дачу,nav_start,"{""destination"": ""дача""}"
Дворники на вторую скорость,wipers_set,"{""speed"": ""2""}"
Поставь песню Imagine — John Lennon,play_music,"{""song"": ""Imagine"", ""artist"": ""John Lennon""}"
"Пожалуйста, переключи на следующий трек",next_track,
"Вернись к предыдущей композиции, пожалуйста",previous_track,
Выбери источник USB,media_source_set,"{""source"": ""USB""}"
Включи радио «Эхо»,radio_set_station,"{""station_name"": ""Эхо""}"
Есть ли у нас пропуск по техосмотру?,chitchat,
Включи повтор воспроизведения на весь альбом,media_repeat_set,"{""scope"": ""album"", ""state"": ""on""}"
Закрой правое окно до конца,window_set,"{""side"": ""right"", ""position"": ""closed""}"
"Мне холодно, пожалуйста поставь климат-контроль на двадцать четыре градуса и увеличь обдув",ac_set,"{""temperature"": ""24"", ""fan"": ""increase""}"
Выключи кондей,ac_off,
Обдув на максимум,ac_fan_set,"{""level"": ""max""}"
Добавь пять делений громкости,volume_change,"{""amount"": 5}"
Громкость восемьдесят процентов,volume_set,"{""volume"": ""80%""}"
Включи песню Halo от Beyonce,play_music,"{""artist"": ""Beyonce"", ""title"": ""Halo""}"
Запусти плейлист «Длинная дорога»,play_music,"{""playlist"": ""Длинная дорога""}"
"Построй самый быстрый маршрут до аэропорта и избегай пробок по пути, пожалуйста",nav_start,"{""destination"": ""аэропорт""}"
Проклади маршрут до офиса,nav_start,"{""destination"": ""офис""}"
Щётки — средний режим,wipers_set,"{""level"": ""medium""}"
Автоматический режим для дождя,rain_set,"{""mode"": ""auto""}"
Обдуй лобовое стекло на максимум,defrost_set,"{""target"": ""front"", ""level"": ""max""}"
Отогрей заднее стекло,defrost_set,"{""target"": ""rear"", ""state"": ""on""}"
Открой люк на тридцать процентов,sunroof_set,"{""position"": ""30%""}"
Раскрой панорамную крышу,sunroof_set,"{""position"": ""open""}"
Подогрей водительское сиденье на два уровня,seat_heater_set,"{""seat"": ""driver"", ""level"": 2}"
"Подогрев задних сидений на максимум, пожалуйста",seat_heater_set,"{""seat"": ""rear"", ""level"": ""max""}"
Вентиляция кресел включена,seat_vent_set,"{""state"": ""on""}"
Выключи обогрев водительского сиденья,seat_heater_set,"{""seat"": ""driver"", ""state"": ""off""}"
Переключи кондиционер в авто,ac_mode_set,"{""mode"": ""auto""}"
Переведи систему на обогрев,ac_mode_set,"{""mode"": ""heat""}"
Прекрати проигрывание радио,stop_music,
Включи шансон,play_music,"{""genre"": ""шансон""}"
"Перемешай песни, пожалуйста",media_shuffle_set,"{""shuffle"": ""on""}"
Повторяй весь альбом,media_repeat_set,"{""mode"": ""album""}"
Сделай громкость сто процентов,volume_set,"{""volume"": ""100%""}"
Настрой станцию Радио-Маяк,radio_set_station,"{""station"": ""Радио-Маяк""}"
"Я хочу поговорить о погоде, расскажи что ты знаешь",chitchat,
"Пожалуйста, чуть приоткрой люк",sunroof_set,"{""position"": ""tilt""}"
Поставь кондиционер на двадцать градусов,ac_set,"{""temperature"": 20}"
Снизь температуру до 18,ac_set,"{""temperature"": 18}"
Поставь климат на экономичный режим,ac_mode_set,"{""mode"": ""eco""}"
Сделай тёплыми оба передних сиденья,seat_heater_set,"{""seat"": ""front_both"", ""state"": ""on""}"
Останови подогрев сидений,seat_heater_set,"{""seat"": ""all"", ""state"": ""off""}"
Включи вентиляцию сидений пассажиру,seat_vent_set,"{""seat"": ""passenger"", ""state"": ""on""}"
Охлади задние сиденья,seat_vent_set,"{""seat"": ""rear"", ""state"": ""on""}"
"Отопление руля, включи",wheel_heater_set,"{""state"": ""on""}"
"Очисти лобовое стекло, включи обдув",defrost_set,"{""target"": ""front"", ""state"": ""on""}"
"Сними дальний, пожалуйста",high_beam_set,"{""state"": ""off""}"
Поставь дворники в автоматический режим,wipers_set,"{""mode"": ""auto""}"
Один раз протрись стекла,wipers_set,"{""action"": ""single_sweep""}"
Найди FM 88.7,radio_set_station,"{""frequency"": ""88.7""}"
Назад к предыдущей,previous_track,
Сделай потише до нуля,volume_set,"{""level"": 0}"
Добавь громкости на 15 процентов,volume_change,"{""percent"": 15}"
"Поехали до работы, проложи маршрут",nav_start,"{""destination"": ""work""}"
Отмени маршрут пожалуйста,nav_cancel,
Включи сборник Битлз,play_music,"{""artist"": ""Битлз""}"
"Подключи FM 94.3, пожалуйста",radio_set_station,"{""frequency"": ""94.3""}"
Включи плейлист дорожные хиты,play_music,"{""playlist"": ""дорожные хиты""}"
Я хочу немного поболтать,chitchat,
А ты в курсе погоды?,chitchat,
Закрой боковые окна,window_set,"{""target"": ""side"", ""position"": ""close""}"
Открой окна на десять процентов,window_set,"{""percent"": 10}"
Охлади салон до шестнадцати,ac_set,"{""temperature"": 16}"
Понизь скорость обдува до двух,ac_fan_set,"{""level"": 2}"
Переключись в автоматический режим,ac_mode_set,"{""mode"": ""auto""}"
Включи вентиляцию спинки заднего сиденья,seat_vent_set,"{""seat"": ""rear_back"", ""state"": ""on""}"
Оттайка переднего стекла,defrost_set,"{""target"": ""front"", ""state"": ""on""}"
Включи подогрев заднего стекла,defrost_set,"{""target"": ""rear"", ""state"": ""on""}"
Приоткрой люк на 30 процентов,sunroof_set,"{""percent"": 30}"
Сделай люк в режиме проветривания,sunroof_set,"{""mode"": ""vent""}"
Громкость на ноль,volume_set,"{""level"": 0}"
"Перетасуй треки, пожалуйста",media_shuffle_set,"{""state"": ""on""}"
Настрой на 104.5,radio_set_station,"{""frequency"": 104.5}"
"Потише, пожалуйста",volume_change,"{""direction"": ""down""}"
Воспроизведи последний подкаст,play_music,"{""item"": ""последний подкаст""}"
Открой левое переднее стекло наполовину,window_set,"{""side"": ""левое переднее"", ""position"": ""50%""}"
Подними стекло у водителя,window_set,"{""side"": ""водительское"", ""position"": ""up""}"
Опусти заднее правое,window_set,"{""side"": ""заднее правое"", ""position"": ""down""}"
Выключи обдув на стекло,defrost_set,"{""state"": ""off""}"
"Холоднее на три градуса, пожалуйста",ac_set,"{""temperature_delta"": -3}"
"Режим вентиляции, пожалуйста",ac_mode_set,"{""mode"": ""вентиляция""}"
Охлади пассажирское сидение вентилятором,seat_vent_set,"{""seat"": ""пассажирское"", ""mode"": ""vent""}"
Оттай заднее стекло,defrost_set,"{""target"": ""заднее""}"
Приоткрой панорамный люк на пару сантиметров,sunroof_set,"{""position"": ""пару сантиметров""}"
Открой люк до конца,sunroof_set,"{""position"": ""open""}"
Сделай звук на двадцать процентов,volume_set,"{""percent"": 20}"
Включи Радио Рекорд,radio_set_station,"{""station"": ""Рекорд""}"
Поехали к ближайшей заправке,nav_start,"{""destination"": ""заправка""}"
Авто-режим дальнего света,high_beam_set,"{""mode"": ""auto""}"
"Туман плотный, поезжай осторожнее",chitchat,
"Утро, серпантин и капли на стекле — этот шум меня раздражает, есть идеи?",chitchat,
Шум раздражает,chitchat,
"Поменяй трек, пожалуйста, этот звук от капель портит впечатление",next_track,
Включи местные радиостанции,radio_set,"{""type"": ""local""}"
"Верни предыдущую песню, пожалуйста, она лучше звучала",previous_track,
"На серпантине холодно, подогрей мне водительское сиденье до третьего уровня, пожалуйста",seat_heater_set,"{""seat"": ""водительское"", ""level"": 3}"
"Проветри салон, открой все окна",window_set,
Приоткрой переднее пассажирское окно,window_set,"{""window"": ""переднее пассажирское"", ""position"": ""приоткрыто""}"
"Хватит жары, включи кондиционер на максимум",ac_set,"{""mode"": ""max""}"
Включи режим обдува ног,ac_mode_set,"{""mode"": ""обдув ног""}"
Отключи подогрев водителя,seat_heater_set,"{""seat"": ""водителя"", ""state"": ""off""}"
Поставь вентиляцию пассажира на максимум,seat_vent_set,"{""seat"": ""пассажира"", ""level"": ""max""}"
Приподними люк на вентиляцию,sunroof_set,"{""position"": ""вентиляция""}"
"Раскрой люк полностью, хочу свежего воздуха",sunroof_set,"{""position"": ""полностью""}"
Плотно закрой панораму,sunroof_close,"{""target"": ""панорама""}"
Поставь мою летнюю подборку,play_music,"{""playlist"": ""летняя""}"
"Нужно расслабиться, включи что-нибудь спокойное",play_music,
Верни назад трек,previous_track,
Понизь громкость на два шага,volume_change,"{""steps"": 2}"
"Сделай чуть потише, тут тихо нужно",volume_change,
Громкость — ноль,volume_set,"{""level"": 0}"
Повторяй этот трек,media_repeat_set,
Включи УКВ,radio_set,
Настрой на станцию 101.2,radio_set_station,"{""frequency"": 101.2}"
"Построй маршрут во двор, туда поворачиваем резко",nav_start,"{""destination"": ""двор""}"
Ехать к дому,nav_start,"{""destination"": ""дом""}"
"Найди ближайшую парковку, навигатор меня сбивает",nav_start,"{""destination"": ""парковка"", ""note"": ""навигатор путается""}"
Быстро проложи объезд — навигатор путается на перекрёстке,nav_start,"{""reason"": ""навигатор путается""}"
Прекрати навигацию,nav_cancel,
Позвони Елене,call_start,"{""contact"": ""Елена""}"
"Навигатор опять сбился, где мы вообще?",chitchat,
"Смотри, рассвет и жара — красиво",chitchat,
"Закрой боковые окна, пожалуйста",window_set,"{""window"": ""side"", ""position"": ""close""}"
Полностью открой панорамную крышу,sunroof_set,"{""position"": ""open"", ""percent"": ""100%""}"
Выключи кондиционер немедленно,ac_off,
Поставь климат на двадцать два градуса,ac_set,"{""temperature"": ""22""}"
"Почти ноль вентиляции, убавь поток",ac_fan_set,"{""fan_level"": ""low""}"
Убавь обдув на одну ступень,ac_fan_set,"{""delta"": ""-1""}"
"Охлади пассажирское кресло, пожалуйста",seat_vent_set,"{""seat"": ""passenger"", ""state"": ""on""}"
Включи противотуманки и ближний свет,headlights_set,"{""fog"": ""on"", ""low_beam"": ""on""}"
Установи дворники на автоматический режим,rain_set,"{""mode"": ""auto""}"
"Если начнёт лить, сделай дворники средними",wipers_set,"{""level"": ""medium""}"
"Убери музыку, пассажир спит",stop_music,
Полностью приглуши звук,volume_mute_set,"{""state"": ""on""}"
Уменьши громкость на две ступени,volume_change,"{""delta"": ""-2""}"
Включи джазовую музыку тихо,play_music,"{""genre"": ""jazz"", ""mood"": ""quiet""}"
Переключи на Радио Шансон,radio_set_station,"{""station"": ""Радио Шансон""}"
Поставь FM 109.0,radio_set_station,"{""frequency"": ""109.0""}"
Выбери Bluetooth как источник,media_source_set,"{""source"": ""bluetooth""}"
"Навигатор до ближайшей парковки, поезжай",nav_start,"{""address"": ""ближайшая парковка""}"
"Проклади самый короткий маршрут, мне нужно срочно свернуть",nav_start,"{""route"": ""shortest""}"
Отменить текущий маршрут,nav_cancel,
Позвонить Сергею,call_start,"{""person"": ""Сергей""}"
"Тихо, пожалуйста — пассажир спит",chitchat,
Можно чуть приоткрыть окно слева?,window_set,"{""window"": ""left"", ""percent"": ""10%""}"
Все окна закрой сейчас,window_set,"{""window"": ""all"", ""position"": ""close""}"
Подними стекла во всех дверях,window_set,"{""window"": ""all"", ""position"": ""close""}"
Поставь обдув на ноги,ac_mode_set,"{""mode"": ""feet""}"
"Переключи кондиционер на обогрев, холодно стало",ac_mode_set,"{""mode"": ""heat""}"
Подогрей водительское кресло на половину,seat_heater_set,"{""seat"": ""driver"", ""level"": ""50%""}"
"Фары выключи, на парковке свет не нужен",headlights_set,"{""state"": ""off""}"
Включи дальний свет на минуту,high_beam_set,"{""state"": ""on"", ""duration"": ""1 min""}"
Дворники — три коротких взмаха,wipers_set,"{""times"": ""3""}"
"Убери звук радио, хочу тишины",volume_mute_set,"{""state"": ""on"", ""target"": ""radio""}"
"Переключи на следующую радиостанцию, пожалуйста",radio_set,"{""action"": ""next""}"
Сменить источник на usb,media_source_set,"{""source"": ""usb""}"
Повтори весь плейлист,media_repeat_set,"{""mode"": ""playlist""}"
Перемешай песни в очереди,media_shuffle_set,"{""state"": ""on""}"
"Включи тихую музыку, чтобы не разбудить",play_music,"{""mood"": ""quiet""}"
Кто сейчас звонит?,chitchat,
"Мне нужно повернуть через сто метров направо, проложи через парковку",nav_start,"{""instruction"": ""turn_right_in_100m"", ""via"": ""парковка""}"
Приоткрой левое заднее окно,window_set,"{""side"": ""левое заднее"", ""position"": ""приоткрыть""}"
Полностью опусти правое переднее окно,window_set,"{""side"": ""правое переднее"", ""position"": ""полностью""}"
Подними водительское окно на половину,window_set,"{""side"": ""водительское"", ""percent"": ""50""}"
Включи обогрев сиденья водителя на три,seat_heater_set,"{""seat"": ""водитель"", ""level"": ""3""}"
Повысь скорость вентилятора на два,ac_fan_set,"{""delta"": ""2""}"
Включи режим рециркуляции,ac_mode_set,"{""mode"": ""recirculation""}"
"Вентиляция пассажирского сиденья, пожалуйста",seat_vent_set,"{""seat"": ""пассажир""}"
Радио 101.5,radio_set_station,"{""frequency"": ""101.5""}"
Найди Ретро FM,radio_set_station,"{""name"": ""Ретро FM""}"
Позови Марию,call_start,"{""contact"": ""Мария""}"
Поставь дворники через каждые пять секунд,wipers_set,"{""interval_seconds"": ""5""}"
"Радио шипит, включи следующую песню",next_track,
Включи плейлист Дождливый вечер,play_music,"{""playlist"": ""Дождливый вечер""}"
"Пожалуйста, сделай музыку потише, она мешает",volume_change,
Переключи на предыдущий трек,previous_track,
Включи радио на 103.7,radio_set_station,"{""frequency"": ""103.7""}"
Охлади салон на два градуса,ac_set,"{""delta"": ""2""}"
Включи вентиляцию на полную,ac_fan_set,"{""level"": ""max""}"
Обдув лобового на максимум,defrost_set,"{""intensity"": ""max""}"
Разморозь заднее стекло — оно в каплях,defrost_set,"{""target"": ""заднее""}"
Включи случайное воспроизведение альбома,media_shuffle_set,"{""mode"": ""on"", ""scope"": ""album""}"
"Как красиво в этом туманном дворе, радио шипит",chitchat,
"Ответь, если звонит папа",call_answer,"{""contact"": ""папа""}"
Опусти правое окно,window_set,"{""side"": ""right"", ""position"": ""down""}"
Подними левое заднее окно,window_set,"{""side"": ""left_rear"", ""position"": ""up""}"
Приоткрой переднее пассажирское окно на щель,window_set,"{""side"": ""front_passenger"", ""position"": ""tilt"", ""amount"": ""small""}"
"Проветри салон, пожалуйста",window_set,
"Открой все окна, дети хотят подышать",window_set,"{""scope"": ""all"", ""reason"": ""children_need_air""}"
"Сделай прохладнее, жарко в салоне",ac_set,
Выключи рециркуляцию,ac_mode_set,"{""mode"": ""recirculation"", ""state"": ""off""}"
Режим обдува лобового стекла,defrost_set,"{""target"": ""front""}"
Охлаждение сиденья переднего пассажира,seat_vent_set,"{""seat"": ""front_passenger"", ""state"": ""on""}"
Включи вентиляцию кресел на средний уровень,seat_vent_set,"{""level"": ""medium""}"
"Выключи обогрев руля, он мешает",wheel_heater_set,"{""state"": ""off""}"
"Закрой люк, ветер сильный",sunroof_close,
"Включи музыку, что-нибудь спокойное",play_music,"{""mood"": ""calm""}"
Радио на 101.5 FM,radio_set_station,"{""frequency"": 101.5, ""band"": ""FM""}"
Поехали до дачи быстрее,nav_start,"{""destination"": ""дача"", ""urgency"": ""high""}"
"Отмени маршрут, сразу",nav_cancel,
Режим дождя,rain_set,"{""state"": ""auto""}"
Прогрей заднее сиденье на два,seat_heater_set,"{""seat"": ""rear"", ""level"": 2}"
Охлади сиденья наполовину,seat_vent_set,"{""level_percent"": 50}"
"Поставь спокойную радиостанцию, дети шумят",radio_set,"{""genre"": ""calm""}"
Сбавь звук — дети спят,volume_change,"{""delta"": -3, ""reason"": ""children_sleeping""}"
Сделай голос навигатора громче,volume_change,"{""target"": ""navigation"", ""delta"": 2}"
Повтори указания,chitchat,
Где ближайшая заправка?,nav_start,"{""destination"": ""заправка""}"
Переключи на 98.7,radio_set_station,"{""frequency"": 98.7}"
"Не трогай климат, я сам разберусь",chitchat,
Слушай сказку для детей сейчас,play_music,"{""content"": ""audiobook_children""}"
"Тише музыку, побыстрее до работы",volume_change,"{""delta"": -2, ""reason"": ""focus""}"
Включи навигацию до школы,nav_start,"{""destination"": ""школа""}"
"Хватит болтать, я тороплюсь",chitchat,
Открой правое заднее стекло,window_set,"{""window"": ""right_rear"", ""action"": ""open""}"
Опусти все окна наполовину,window_set,"{""window"": ""all"", ""position"": ""half""}"
Подними стекло водителя полностью,window_set,"{""window"": ""driver"", ""position"": ""up""}"
Закрой окно пассажира,window_set,"{""window"": ""passenger"", ""action"": ""close""}"
"Приоткрой люк на пару сантиметров, пожалуйста",sunroof_set,"{""position"": ""slightly""}"
"Включи кондиционер, стало жарко",ac_set,
Убавь температуру до 18 градусов,ac_set,"{""temperature"": 18}"
Переключись на рециркуляцию,ac_mode_set,"{""mode"": ""recirculation""}"
Поставь режим авто,ac_mode_set,"{""mode"": ""auto""}"
Уменьши скорость вентилятора,ac_fan_set,"{""action"": ""decrease""}"
"Направь воздух вниз, пожалуйста",ac_mode_set,"{""mode"": ""foot""}"
Выключи кондиционер и обогрев салона,ac_off,
Подогрей кресло водителя на максимум,seat_heater_set,"{""seat"": ""driver"", ""level"": ""max""}"
Понизь подогрев пассажира до двух,seat_heater_set,"{""seat"": ""passenger"", ""level"": 2}"
Выключи внешние огни,headlights_set,"{""state"": ""off""}"
Автовключение дворников: режим дождь,rain_set,"{""mode"": ""rain""}"
Убавь громкость на три шага,volume_change,"{""steps"": 3}"
Переключи радио на 101.2 FM,radio_set_station,"{""station"": ""101.2 FM""}"
Включи «Европу Плюс»,radio_set_station,"{""station"": ""Europa Plus""}"
Включи плейлист 'Шоссе' и не мешай,play_music,"{""playlist"": ""Шоссе""}"
Предыдущий,previous_track,
"Сделай громкость на двадцать процентов, чтобы я мог говорить по телефону",volume_set,"{""level"": ""20%""}"
"Прокладывай маршрут объездом, избегай платных дорог и если можно, через парк",nav_start,"{""avoid"": ""tolls"", ""prefer"": ""park""}"
Включи повтор для этой песни,media_repeat_set,"{""scope"": ""track"", ""state"": ""on""}"
"Не нравятся эти шумы, сделай тише моторы",chitchat,
Включи Bluetooth-аудио и проиграй последнюю сессию,media_source_set,"{""source"": ""Bluetooth"", ""action"": ""play_last_session""}"
Переключись на следующий радиоканал,radio_set,
Автоотвечать только для избранных контактов включи,chitchat,
Тихо: притормози и включи аварийку,chitchat,
Открой переднее левое окно,window_set,"{""window"": ""переднее левое"", ""action"": ""open""}"
"Опусти стекло наполовину, пожалуйста",window_set,"{""position"": ""наполовину""}"
Подними заднее правое стекло,window_set,"{""window"": ""заднее правое"", ""action"": ""up""}"
Стёкла на максимум,window_set,"{""position"": ""максимум""}"
Задуй тёплый воздух на ноги,ac_mode_set,"{""mode"": ""на ноги"", ""temperature"": ""тёплый""}"
Включи подогрев сидений для водителя на три,seat_heater_set,"{""seat"": ""водителя"", ""level"": ""3""}"
Сделай вентиляцию на передних креслах,seat_vent_set,"{""seat"": ""передние"", ""action"": ""on""}"
Отогрей рулевое колесо,wheel_heater_set,"{""action"": ""on""}"
Передний обдув отключи,defrost_set,"{""target"": ""передний"", ""action"": ""off""}"
Открой люк на крыше,sunroof_set,"{""action"": ""open""}"
Настрой FM 101.5,radio_set_station,"{""band"": ""FM"", ""frequency"": ""101.5""}"
"Проложи маршрут до офиса, пожалуйста",nav_start,"{""destination"": ""офис""}"
Автоматический дальний выключи,high_beam_set,"{""mode"": ""auto"", ""state"": ""off""}"
Поставь режим дождь,rain_set,"{""mode"": ""дождь""}"
Прогрей колёса,wheel_heater_set,"{""action"": ""on""}"
"Кстати, включи подогрев пассажирского сиденья на два уровня",seat_heater_set,"{""seat"": ""пассажира"", ""level"": ""2""}"
Отключи вентиляцию у водителя,seat_vent_set,"{""seat"": ""водителя"", ""action"": ""off""}"
Нужно разморозить лобовое стекло,defrost_set,"{""target"": ""лобовое"", ""action"": ""on""}"
"Поставь люк обратно, закрой пожалуйста",sunroof_close,"{""action"": ""close""}"
"Я опаздываю, проложи маршрут до ближайшей парковки и веди меня туда",nav_start,"{""destination"": ""ближайшая парковка""}"
"Не переключай музыку, мне нравится эта песня, просто приглуши звук чуть-чуть",volume_change,
Переключись на следующую станцию,radio_set,
Вруби shuffle,media_shuffle_set,"{""state"": ""on""}"
Добавь баса пожалуйста,chitchat,
Где ближайший заправочный пункт?,chitchat,
Пауза на пару минут,media_pause,"{""duration"": ""2 минуты""}"
Сбрось громкость на ноль,volume_set,"{""level"": ""0""}"
Открой левое окно полностью,window_set,"{""side"": ""левое"", ""position"": ""полностью""}"
Можно открыть окно водителя?,window_set,"{""side"": ""переднее левое""}"
"Пожалуйста, приоткрой правое окно на пару сантиметров — душно",window_set,"{""side"": ""правое"", ""position"": ""немного""}"
Остыть внутри салона — включи AC на 20 градусов,ac_set,"{""temperature"": 20}"
Поставь режим обдува на ноги и лобовое,ac_mode_set,"{""mode"": ""ноги+лобовое""}"
Понизить скорость вентилятора,ac_fan_set,
Сделай подогрев пассажирского кресла на вторую ступень,seat_heater_set,"{""side"": ""пассажирское"", ""level"": 2}"
Выключи подогрев заднего сиденья,seat_heater_set,"{""side"": ""заднее"", ""state"": ""выключить""}"
Холодные сиденья — включи вентиляцию переднего пассажира,seat_vent_set,"{""side"": ""передний пассажир"", ""state"": ""включить""}"
Отмени вентиляцию кресел,seat_vent_set,"{""state"": ""выключить""}"
"Обогрев лобового включи, быстро, иначе запотеет",defrost_set,"{""target"": ""лобовое"", ""state"": ""включить""}"
Сделай панорамную крышу наполовину,sunroof_set,"{""position"": ""наполовину""}"
На лето — приподними люк немного,sunroof_set,"{""position"": ""приоткрыть""}"
"Пожалуйста, захлопни панорамный люк",sunroof_close,
Включи какую-нибудь бодрую музыку,play_music,"{""mood"": ""бодрая""}"
Прибавь звук на три пункта,volume_change,"{""delta"": 3}"
Убавь громкость на 50 процентов,volume_change,"{""percent"": 50}"
Громкость — пять,volume_set,"{""level"": 5}"
Поставь уровень звука на максимум,volume_set,"{""level"": ""максимум""}"
Поставь AUX как источник,media_source_set,"{""source"": ""AUX""}"
Повтори список песен,media_repeat_set,"{""state"": ""on""}"
Настройся на станцию 101.2 FM,radio_set_station,"{""frequency"": ""101.2""}"
Ищи станцию Европа Плюс,radio_set_station,"{""station"": ""Европа Плюс""}"
"Поехали до работы, прокладывай маршрут",nav_start,"{""destination"": ""работа""}"
"Навигатор, приведи оптимальный маршрут домой",nav_start,"{""destination"": ""дом""}"
Выключи фары ближнего света,headlights_set,"{""state"": ""выключить"", ""type"": ""ближний""}"
"Автоматический режим дворников, пожалуйста",wipers_set,"{""mode"": ""авто""}"
Включи режим дождь,rain_set,"{""state"": ""включить""}"
Подожми подогрев руля,wheel_heater_set,"{""state"": ""включить""}"
А что ты умеешь?,chitchat,
"Расскажи шутку, чтобы развеять скуку",chitchat,
Немного приоткрой люк,sunroof_set,
"Сделай, пожалуйста, температуру кондиционера шестнадцать градусов",ac_set,"{""temperature"": 16}"
Убавь подогрев водительского кресла на один,seat_heater_set,"{""seat"": ""driver"", ""delta"": -1}"
Поставь станцию Питер FM,radio_set_station,"{""station"": ""Питер FM""}"
Включи подогрев переднего левого сиденья,seat_heater_set,"{""seat"": ""front_left"", ""state"": ""on""}"
Открой панорамный люк до 30 процентов,sunroof_set,"{""percent"": 30}"
Сделай подогрев задних сидений максимум,seat_heater_set,"{""seat"": ""rear"", ""level"": ""max""}"
"Пожалуйста, включи музыку с флешки",media_source_set,"{""source"": ""usb""}"
Следующий трек пожалуйста,next_track,
Закрой сзади все окна,window_set,"{""position"": ""rear"", ""target"": ""all""}"
Установи громкость на 12,volume_set,"{""level"": 12}"
Переходи на FM,radio_set,"{""band"": ""FM""}"
Включи отопитель руля,wheel_heater_set,"{""state"": ""on""}"
Установи дворники на интервалы,wipers_set,"{""mode"": ""intermittent""}"
Как проехать до центра города?,nav_start,
Поставь на повтор весь альбом,media_repeat_set,"{""mode"": ""all""}"
Отключи A/C,ac_off,
Переключи песню назад,previous_track,
"Запусти навигацию, пожалуйста",nav_start,
"Смените источник на Bluetooth, пожалуйста",media_source_set,"{""source"": ""bluetooth""}"
Увеличь скорость вентилятора на 2,ac_fan_set,"{""delta"": 2}"
"Тишина, пожалуйста, выключи музыку",stop_music,
Подготовь маршруты и стартуй GPS,nav_start,
Громкость до нуля,volume_set,"{""level"": 0}"
Выключи охлаждение кресел,seat_vent_set,"{""state"": ""off""}"
Опусти стекло водительское,window_set,"{""side"": ""driver"", ""action"": ""down""}"
Подними заднее левое стекло,window_set,"{""side"": ""rear_left"", ""action"": ""up""}"
Стекла наполовину,window_set,"{""position"": ""50%""}"
Охлади до 18 градусов,ac_set,"{""temperature"": 18}"
Повысь температуру на два градуса,ac_set,"{""delta"": 2}"
Заднее стекло — обдув включи,defrost_set,"{""target"": ""rear"", ""action"": ""on""}"
"Автоматический режим климата, пожалуйста",ac_mode_set,"{""mode"": ""auto""}"
Включи экономичный режим,ac_mode_set,"{""mode"": ""eco""}"
Снизь подогрев переднего пассажира на две ступени,seat_heater_set,"{""seat"": ""front_passenger"", ""delta"": -2}"
Максимальный обогрев задних сидений,seat_heater_set,"{""seat"": ""rear"", ""level"": ""max""}"
Включи вентиляцию кресел,seat_vent_set,"{""target"": ""seats"", ""action"": ""on""}"
Охлади водительское кресло сейчас,seat_vent_set,"{""seat"": ""driver"", ""action"": ""on""}"
Приоткрой панорамную крышу на сантиметр,sunroof_set,"{""position"": ""1cm""}"
Воспроизведи плейлист По дороге,play_music,"{""playlist"": ""По дороге""}"
Добавь громкости на четыре деления,volume_change,"{""delta"": 4}"
Заткни звук,volume_mute_set,"{""mute"": true}"
Проложи маршрут до Красной площади,nav_start,"{""destination"": ""Красная площадь""}"
"Отмени маршрут, который сейчас идёт",nav_cancel,
Дворники раз в пять секунд поставь,wipers_set,"{""interval_seconds"": 5}"
Как далеко до ближайшей заправки?,chitchat,
"Расскажи что-нибудь, чтобы не скучать в пробке, пожалуйста",chitchat,
"Мне жарко в салоне, сделай прохладу до двадцати градусов, пожалуйста",ac_set,"{""temperature"": 20}"
Понизь стекло водителя на 5 сантиметров,window_set,"{""side"": ""driver"", ""position_cm"": 5}"
Выключи климат в салоне,ac_off,
"Мне жарко, включи кондиционер и сделай температуру двадцать два градуса, пожалуйста",ac_set,"{""temperature"": 22}"
Сделай прохладно,ac_mode_set,"{""mode"": ""cool""}"
Поставь скорость вентилятора три,ac_fan_set,"{""level"": 3}"
Нагрей сиденье водителя на максимум,seat_heater_set,"{""seat"": ""driver"", ""level"": ""max""}"
Отморожу стекла,defrost_set,
Открой солнцезащитный люк на треть,sunroof_set,"{""position"": 33}"
Убавь,volume_change,"{""direction"": ""down""}"
Поставь в репит,media_repeat_set,"{""repeat"": ""on""}"
Перемешай все,media_shuffle_set,"{""shuffle"": ""on""}"
Настрой частоту 102.5,radio_set_station,"{""frequency"": 102.5}"
"Поехали домой, проложи маршрут до улицы Лесная 12",nav_start,"{""destination"": ""ул. Лесная 12""}"
Стоп навигация,nav_cancel,
Поставь интервальные,wipers_set,"{""mode"": ""intermittent""}"
Дождевой режим включи,rain_set,"{""state"": ""on""}"
Отменить обогрев руля,wheel_heater_set,"{""state"": ""off""}"
Включи автоматический свет,headlights_set,"{""mode"": ""auto""}"
Включи вентиляцию сидений передних,seat_vent_set,"{""seat"": ""front"", ""state"": ""on""}"
Подогрей правое переднее сиденье на две ступени,seat_heater_set,"{""seat"": ""front_right"", ""delta"": 2}"
"Остынь, выключи кондиционер",ac_off,
Поставь обдув на лобовое,defrost_set,"{""target"": ""front""}"
Сделай музыку тише на три деления,volume_change,"{""direction"": ""down"", ""amount"": 3}"
"Слушай, включи Шансон",play_music,"{""genre"": ""шансон""}"
"Пожалуйста, найди ближайшую заправку",nav_start,"{""destination"": ""ближайшая заправка""}"
"Мне скучно, расскажи шутку",chitchat,
Опусти заднее правое стекло наполовину,window_set,"{""window"": ""rear_right"", ""position"": ""50%""}"
Приоткрой переднее левое,window_set,"{""window"": ""front_left"", ""position"": ""ajar""}"
Поставь климат на 20 градусов,ac_set,"{""temperature"": 20}"
"Отключи рециркуляцию, пожалуйста, сейчас хочется свежего воздуха, не захочешь ли?",ac_mode_set,"{""mode"": ""recirculation"", ""state"": ""off""}"
"Пожалуйста, выключи обогрев заднего сиденья",seat_heater_set,"{""seat"": ""rear"", ""state"": ""off""}"
Провентилируй сиденье пассажира,seat_vent_set,"{""seat"": ""passenger"", ""state"": ""on""}"
Останови вентиляцию сидений,seat_vent_set,"{""state"": ""off""}"
Включи обогрев лобового,defrost_set,"{""target"": ""windshield"", ""state"": ""on""}"
Открой люк на две трети,sunroof_set,"{""position"": ""66%""}"
"Включи музыку, пожалуйста, что-нибудь спокойное для вечерней поездки и чтобы не было слишком громко",play_music,
"Убавь на пять, пожалуйста",volume_change,"{""delta"": -5}"
Установи звук на максимум,volume_set,"{""level"": ""max""}"
Переключи источник на флешку,media_source_set,"{""source"": ""USB""}"
Настрой меня на 101.2 FM,radio_set_station,"{""frequency"": 101.2}"
Переключи на УКВ станцию 88.5,radio_set_station,"{""frequency"": 88.5}"
"Прокладывай маршрут до работы так, чтобы по возможности избегать платных дорог и пробок",nav_start,"{""destination"": ""работа""}"
"Проложи путь домой, пожалуйста",nav_start,"{""destination"": ""дом""}"
Позвони Артёму,call_start,"{""contact"": ""Артём""}"
Установи дворники на максимальную скорость,wipers_set,"{""speed"": ""max""}"
Поставь дворники на первый режим,wipers_set,"{""speed_level"": 1}"
Активируй режим дождь,rain_set,"{""state"": ""on""}"
Отключи авто-датчик дождя,rain_set,"{""state"": ""off""}"
"Расскажи, пожалуйста, интересную историю про автомобильные приключения за последний месяц, если такое было",chitchat,
Сыграй анекдот,chitchat,
А ну-ка развесели меня,chitchat,
Закрой боковые стекла,window_set,"{""side"": ""sides"", ""position"": ""closed""}"
Подними переднее правое окно до конца,window_set,"{""side"": ""front_right"", ""position"": ""closed""}"
Окна — на проветривание,window_set,"{""position"": ""vent""}"
"Пожалуйста, включи кондиционер потихоньку, дети шумят, не хочу их раздражать",ac_set,"{""state"": ""on""}"
"Сделай потеплее, пожалуйста, дети замёрзли",ac_set,"{""adjustment"": ""warmer""}"
Авто режим,ac_mode_set,"{""mode"": ""auto""}"
"Включи рециркуляцию, в тумане не нужно вдыхать",ac_mode_set,"{""mode"": ""recirculation""}"
Повысь скорость вентилятора на единицу,ac_fan_set,"{""delta"": 1}"
Выключи обдув,ac_fan_set,"{""level"": ""off""}"
Включи обогрев сидений водителя на максимум,seat_heater_set,"{""seat"": ""driver"", ""level"": ""max""}"
Поставь подогрев задних сидений на средний,seat_heater_set,"{""seat"": ""rear"", ""level"": ""medium""}"
Отключи подогрев переднего пассажира,seat_heater_set,"{""seat"": ""front_passenger"", ""state"": ""off""}"
Проветри сиденья,seat_vent_set,"{""seat"": ""all"", ""state"": ""on""}"
Включи тёплую разморозку заднего стекла,defrost_set,"{""target"": ""rear"", ""state"": ""on""}"
Открой панорамный люк на четверть,sunroof_set,"{""position"": ""quarter""}"
"Поставь музыку спокойную, джаз что‑нибудь",play_music,"{""genre"": ""jazz"", ""mood"": ""calm""}"
Сделай потише до трёх,volume_set,"{""level"": 3}"
Выкл звук полностью,volume_mute_set,"{""mute"": true}"
Поменяй на радио,media_source_set,"{""source"": ""radio""}"
Включи Радио Дети,radio_set_station,"{""station"": ""Радио Дети""}"
"Прокладывай маршрут домой через серпантин, едь медленно, дети спят",nav_start,"{""destination"": ""дом""}"
Позвони бабушке,call_start,"{""contact"": ""бабушка""}"
"Фары включи, ночь",headlights_set,"{""state"": ""on""}"
Авто дворники,rain_set,"{""mode"": ""auto""}"
Тихая плеер: включи колыбельную,play_music,"{""song"": ""колыбельная""}"
Сменить трек на что‑нибудь более бодрое,next_track,"{""mood"": ""energetic""}"
"Верни назад, пожалуйста",previous_track,
"Поставь источник USB, музыку с флешки",media_source_set,"{""source"": ""usb""}"
Настрой радио на 108.0 FM,radio_set_station,"{""frequency"": ""108.0""}"
Проклади до ближайшей заправки,nav_start,"{""destination"": ""заправка""}"
Не сейчас навигатор,nav_cancel,
"Тише, дети, пожалуйста",chitchat,
"Нам нужно ехать аккуратно по серпантину, пожалуйста, держи дистанцию и не торопись",chitchat,
Выключи радио,radio_set,"{""state"": ""off""}"
Сделай совсем тихо,volume_mute_set,"{""mute"": true}"
Поставь громкость на двадцать,volume_set,"{""level"": 20}"
Выключи магнитолу,radio_set,"{""state"": ""off""}"
Переключи станцию на 101.2,radio_set_station,"{""frequency"": 101.2}"
Переключи на офлайн-режим аудио,media_source_set,"{""source"": ""offline""}"
"Хочу тишины, выключи все звуки",volume_mute_set,"{""mute"": true}"
Понизь громкость на пять пунктов,volume_change,"{""delta"": -5}"
Убавь звук радио,volume_change,
Открой люк — но прикрой его быстро,sunroof_set,
Прикрой люк на половину,sunroof_set,"{""percent"": 50}"
"Закрой все окна, пыль снаружи",window_set,"{""position"": ""closed""}"
Приоткрой только водительское окно на 20%,window_set,"{""percent"": 20}"
Выключи кондиционер — шумит,ac_off,
Поставь вентилятор AC на минимум,ac_fan_set,"{""level"": 1}"
Подогрей сиденье водителя на два,seat_heater_set,"{""level"": 2}"
"Включи вентиляцию сиденья, минимально",seat_vent_set,"{""level"": 1}"
"Подоткрой окно чуть-чуть, но не шумно",window_set,"{""percent"": 10}"
"Убавь радио, оно шипит на парковке",volume_change,
Отключи повторы и перемешивание,media_repeat_set,"{""state"": ""off""}"
"Сверни навигацию, мне тишина нужна",nav_cancel,
Построй маршрут до дома без голосовых подсказок,nav_start,"{""destination"": ""home"", ""voice"": ""off""}"
Уменьши громкость на одно деление,volume_change,"{""delta"": -1}"
"Выключи звук медиа, оставь только систему навигации",volume_mute_set,"{""mute"": true}"
"Понизь басы и громкость, пожалуйста",volume_change,
Отключи радио и спрячь панель звука,radio_set,"{""state"": ""off""}"
Поставь станцию «Эхо»,radio_set_station,"{""station_name"": ""Эхо""}"
Переключись на USB — выключи FM,media_source_set,"{""source"": ""usb""}"
Дворники в покое — дождя нет,wipers_set,"{""state"": ""off""}"
"Колёса тёплые, включи обогрев руля",wheel_heater_set,"{""state"": ""on""}"
"Пожалуйста, тише музыку и разговоры на радио",volume_mute_set,"{""mute"": true}"
"Можно без подсказок GPS, просто маршрут",nav_start,"{""voice"": ""off""}"
Отключи шумы — включи только аварийные оповещения,volume_mute_set,"{""mute"": true}"
"Мне всё равно на радио, останови трансляцию",stop_music,
Не включай перемешивание и повторы,media_repeat_set,"{""state"": ""off""}"
Тихо! Я хочу послушать тишину в машине,chitchat,
Приоткрой заднее правое окно на чуть-чуть,window_set,"{""side"": ""right"", ""position"": ""rear"", ""action"": ""tilt"", ""amount"": ""slightly""}"
Подними передние окна,window_set,"{""position"": ""front"", ""action"": ""raise""}"
"Убавь температуру наполовину, если можно",ac_set,"{""amount"": ""half""}"
Переключи режим на обдув ног,ac_mode_set,"{""mode"": ""floor""}"
Увеличь вентилятор на три деления,ac_fan_set,"{""change"": 3}"
"Ослабь вентилятор, пожалуйста",ac_fan_set,"{""action"": ""decrease""}"
Сделай подогрев на максимум пассажиру справа,seat_heater_set,"{""position"": ""passenger_right"", ""level"": ""max""}"
Охлади спинку водительского кресла,seat_vent_set,"{""position"": ""driver"", ""state"": ""on""}"
"Протри лобовое, включи обогрев стекла",defrost_set,"{""position"": ""front"", ""state"": ""on""}"
Приподними люк на сантиметр,sunroof_set,"{""action"": ""tilt"", ""amount"": ""1cm""}"
"Закрой люк, если он открыт",sunroof_close,
Выкл звук совсем,volume_mute_set,"{""state"": ""mute""}"
Радио — УКВ,radio_set,"{""band"": ""fm""}"
"Поехали домой, проложи маршрут на Красную площадь",nav_start,"{""destination"": ""Красная площадь""}"
Авто-дворники включи при дожде,rain_set,"{""mode"": ""auto""}"
Остывший руль — выключи подогрев,wheel_heater_set,"{""state"": ""off""}"
Просто поболтай со мной во время поездки,chitchat,
"Мне скучно, расскажи анекдот",chitchat,
Поменяй источник на USB-накопитель,media_source_set,"{""source"": ""usb""}"
Отмени шумы и включи режим «тишина» в салоне,ac_mode_set,"{""mode"": ""quiet""}"
Понизь обдув внизу и усиль вверху,ac_mode_set,"{""mode"": ""dual_zone""}"
Поставь вентиляцию на три,ac_fan_set,"{""fan_speed"": 3}"
Включи обогрев сидений только для пассажира,seat_heater_set,"{""position"": ""passenger"", ""state"": ""on""}"
Охлади сиденье водителя на минимуме,seat_vent_set,"{""position"": ""driver"", ""level"": ""low""}"
Разморозь лобовое перед стеклопадом,defrost_set,"{""position"": ""front"", ""mode"": ""precondition""}"
Получи радиостанцию «Эхо Москвы»,radio_set_station,"{""station_name"": ""Эхо Москвы""}"
Поставь плейлист «Утро» и включи на повтор,play_music,"{""playlist"": ""Утро"", ""repeat"": ""on""}"
Переключи на предыдущий подкаст и сделай паузу через минуту,previous_track,
Убавь громкость до нуля — мне звонят,volume_set,"{""level"": ""0""}"
"Случайное перемешивание выключи, пожалуйста",media_shuffle_set,"{""state"": ""off""}"
Я хочу слушать радио УКВ 88.7 или предложи похожее,radio_set_station,"{""frequency"": ""88.7""}"
"Начни маршрут на адрес: улица Пушкина, дом 10, квартира 5",nav_start,"{""destination"": ""ул. Пушкина, д.10, кв.5""}"
Остудь салон до 21 градуса,ac_set,"{""temperature"": 21}"
Максимально включи обогрев водительского сиденья,seat_heater_set,"{""seat"": ""driver"", ""level"": ""max""}"
"Активируй обогрев лобового стекла, пожалуйста",defrost_set,"{""target"": ""front"", ""state"": ""on""}"
"Поставь на паузу трек, который играет",media_pause,
Сделай тише на пять пунктов,volume_change,"{""delta"": 5}"
Выключить звук,volume_mute_set,
Перемешай дорожки,media_shuffle_set,"{""state"": ""on""}"
Настрой радиостанцию на 102.5,radio_set_station,"{""station"": 102.5}"
"Отвези меня в центр города, пожалуйста проложи маршрут",nav_start,"{""destination"": ""city center""}"
Подними заднее правое стекло на двадцать процентов,window_set,"{""side"": ""rear_right"", ""position_percent"": 20}"
"Пожалуйста, выключи кондиционер — стало жарко",ac_off,
Переключись на режим обогрева,ac_mode_set,"{""mode"": ""heat""}"
Включи режим экономии энергии кондиционера,ac_mode_set,"{""mode"": ""eco""}"
Разогрей водительское сиденье до третьего уровня,seat_heater_set,"{""seat"": ""driver"", ""level"": 3}"
Охлади переднее пассажирское сиденье,seat_vent_set,"{""seat"": ""front_passenger"", ""state"": ""on""}"
Закрой все окна немедленно,window_set,"{""target"": ""all"", ""position_percent"": 0}"
Включи плейлист «Утро» на Spotify,play_music,"{""source"": ""spotify"", ""playlist"": ""Утро""}"
Давай следующий трек,next_track,
"Предыдущий трек, пожалуйста",previous_track,
Громче до девяноста процентов,volume_set,"{""percent"": 90}"
Подключи USB как источник воспроизведения,media_source_set,"{""source"": ""usb""}"
Включи радиостанцию Europe Plus,radio_set_station,"{""station_name"": ""Europe Plus""}"
Прокладывай маршрут до аэропорта Шереметьево без платных дорог и пробок,nav_start,"{""destination"": ""Sheremetyevo Airport"", ""avoid"": [""tolls"", ""traffic""]}"
"Прекрати навигацию, это уже не нужно",nav_cancel,
Просто поболтаем — как твои дела?,chitchat,
Закрой заднее левое окно,window_set,"{""window"": ""rear_left"", ""action"": ""close""}"
Приоткрой переднее правое наполовину,window_set,"{""window"": ""front_right"", ""position_percent"": 50}"
Окна,window_set,
Поставь температуру 22 градусов,ac_set,"{""temperature"": 22}"
Вентиляция на лобовое стекло,defrost_set,"{""target"": ""front""}"
Режим авто включи,ac_mode_set,"{""mode"": ""auto""}"
Подогрей водительское кресло,seat_heater_set,"{""seat"": ""driver"", ""state"": ""on""}"
Прогрей передние сиденья на максимум,seat_heater_set,"{""seat"": ""front"", ""level"": ""max""}"
Включи вентиляцию кресла пассажира,seat_vent_set,"{""seat"": ""passenger"", ""state"": ""on""}"
Сделай тише на две ступени,volume_change,"{""steps"": 2}"
Громкость семнадцать процентов,volume_set,"{""level"": 17}"
Источник — радио,media_source_set,"{""source"": ""radio""}"
Поставь волну 101.2,radio_set_station,"{""frequency"": 101.2}"
"Проклади, пожалуйста, самый быстрый маршрут до офиса с учётом пробок",nav_start,"{""destination"": ""office"", ""route_preference"": ""fast"", ""consider_traffic"": true}"
Ополосни стекло,wipers_set,"{""action"": ""spray""}"
Разморозь лобовое полностью,defrost_set,"{""target"": ""front"", ""mode"": ""max""}"
Подними люк полностью и остановись,sunroof_set,"{""position"": ""open_full"", ""stop"": true}"
Пропусти трек пожалуйста,next_track,
Хочу вернуть только что игравшую песню,previous_track,
Приглуши музыку до минимума,volume_set,"{""level"": 0}"
Какой сегодня трафик на МКАД?,chitchat,
Закрой все окна пока я подойду к машине,window_set,"{""target"": ""all"", ""action"": ""close""}"
Приоткрой заднее правое окно чуть-чуть,window_set,"{""side"": ""rear_right"", ""position"": ""slightly""}"
Подними стекло пассажира полностью,window_set,"{""side"": ""passenger"", ""position"": ""100%""}"
Опусти все окна немного,window_set,"{""target"": ""all"", ""position"": ""down_slightly""}"
"Давай на AUTO, пожалуйста",ac_mode_set,"{""mode"": ""auto""}"
Повысь обдув на максимум,ac_fan_set,"{""level"": ""max""}"
Отключи подогрев задних сидений,seat_heater_set,"{""side"": ""rear"", ""state"": ""off""}"
"Вентиляция сиденья, средняя степень",seat_vent_set,"{""level"": ""medium""}"
Разморозь лобовое стекло прямо сейчас,defrost_set,"{""target"": ""front"", ""state"": ""on""}"
Задний обогрев включи,defrost_set,"{""target"": ""rear"", ""state"": ""on""}"
"Прикрой люк чуть-чуть, чтобы не сильно дуло",sunroof_set,"{""action"": ""tilt"", ""position"": ""slightly""}"
"Включи музыку, пожалуйста",play_music,
Громкость — семь,volume_set,"{""level"": 7}"
Верни звук обратно,volume_mute_set,"{""state"": ""unmute""}"
Хочу слушать радио сейчас,media_source_set,"{""source"": ""radio""}"
Настрой на FM 101.5,radio_set_station,"{""band"": ""FM"", ""frequency"": 101.5}"
Найди станцию 87.9,radio_set_station,"{""frequency"": 87.9}"
"Проклади, пожалуйста, маршрут до центра города с учётом пробок и избегая автомагистралей",nav_start,"{""destination"": ""центр города"", ""avoid"": ""highways"", ""consider_traffic"": ""yes""}"
"Отмени навигацию, я передумал",nav_cancel,
Позвони Иване,call_start,"{""contact"": ""Иван""}"
"Заверши разговор, пожалуйста",call_hangup,
Включи дворники на быструю скорость,wipers_set,"{""speed"": ""high""}"
Поставь дворники в интервальный режим,wipers_set,"{""mode"": ""intermittent""}"
"Включи дождевой режим, пусть автоматически реагируют на воду",rain_set,"{""state"": ""on""}"
"Согрей сиденье водителя, мне холодно",seat_heater_set,"{""side"": ""driver"", ""state"": ""on""}"
Хочу слушать Бэтлз через USB,media_source_set,"{""source"": ""USB"", ""artist"": ""Бэтлз""}"
"Добавь громкости немного, я не слышу навигацию",volume_change,"{""direction"": ""up"", ""amount"": ""slightly""}"
Поставь радио на сохранённую вторую станцию,radio_set_station,"{""preset"": 2}"
"Пожалуйста, продолжай воспроизведение",play_music,
"Ох, как красиво! Какие у тебя возможности?",chitchat,
Приоткрой пассажирское стекло на пять сантиметров,window_set,"{""side"": ""пассажирское"", ""position"": ""на пять сантиметров""}"
Сделай немного прохладнее,ac_set,
Режим обогрева включи,ac_mode_set,"{""mode"": ""обогрев""}"
Переведи климат-контроль в авто,ac_mode_set,"{""mode"": ""авто""}"
Установи вентилятор на три,ac_fan_set,"{""level"": ""3""}"
Отключи обогрев заднего пассажирского сидения,seat_heater_set,"{""side"": ""заднее пассажирское"", ""state"": ""off""}"
Провентилируй водительское кресло,seat_vent_set,"{""side"": ""водителя""}"
Охлади переднее сиденье на одну ступень,seat_vent_set,"{""side"": ""переднее"", ""change"": ""1""}"
Дуй на лобовое стекло,defrost_set,"{""target"": ""лобовое""}"
Приоткрой панорамную крышу немного,sunroof_set,"{""position"": ""немного""}"
Сделай громкость на двадцать процентов,volume_set,"{""level"": ""20%""}"
Включи Bluetooth как источник музыки,media_source_set,"{""source"": ""Bluetooth""}"
Включи режим повтора для плейлиста,media_repeat_set,"{""mode"": ""all""}"
Настрой радио на частоту сто ноль три точка два,radio_set_station,"{""station"": ""103.2""}"
Сбрось этот вызов,call_hangup,
"Охлади руль, выключи подогрев руля",wheel_heater_set,"{""state"": ""off""}"
Как зовут заведующую сервисом?,chitchat,
Что погода за бортом?,chitchat,
Прокладывай маршрут на следующую субботу к ресторану на Невском проспекте с учётом платных дорог,nav_start,"{""destination"": ""ресторан на Невском проспекте"", ""time"": ""на следующую субботу""}"
"Пожалуйста, включи тот плейлист мелодий для спокойной езды, который я слушал вчера вечером",play_music,"{""playlist"": ""спокойной езды"", ""time"": ""вчера вечером""}"
Уменьши громкость наполовину,volume_set,"{""level"": ""50%""}"
"Открой люк полностью, пожалуйста",sunroof_set,"{""position"": ""open"", ""percent"": 100}"
Сделай потеплее до двадцати четырёх,ac_set,"{""temperature"": 24}"
Режим вентиляции на рециркуляцию,ac_mode_set,"{""mode"": ""рециркуляция""}"
Убавь вентилятор на один шаг,ac_fan_set,"{""delta"": -1}"
"Добавь оборотов вентилятора, пожалуйста",ac_fan_set,"{""direction"": ""up""}"
"Включи обогрев на пассажирском, средний уровень",seat_heater_set,"{""seat"": ""passenger"", ""level"": 2}"
Отключи подогрев заднего левого сиденья,seat_heater_set,"{""seat"": ""rear_left"", ""state"": ""off""}"
"Включи обдув стекол, на максимум",defrost_set,"{""target"": ""front"", ""level"": ""max""}"
"Подогрей лобовое, мне холодно",defrost_set,"{""target"": ""front""}"
Поставь на паузу композицию,media_pause,
Понизь громкость до семи,volume_set,"{""level"": 7}"
"Радио — FM, пожалуйста",radio_set,"{""band"": ""FM""}"
Поставь мою любимую станцию на 101.2,radio_set_station,"{""frequency"": ""101.2""}"
"Авто-дворники включить, пожалуйста",rain_set,"{""mode"": ""auto"", ""state"": ""on""}"
Подогрев руля — включи,wheel_heater_set,"{""state"": ""on""}"
Лёгкий фоновый разговор: как дела?,chitchat,
"Слушай, расскажи шутку",chitchat,
"Пожалуйста, открой правое заднее окно на четверть, я хочу подышать",window_set,"{""side"": ""правое заднее"", ""position"": 25}"
"Не надо, закрой водительское окно",window_set,"{""side"": ""водительское"", ""action"": ""close""}"
"Подними окна, холодно",window_set,"{""target"": ""all"", ""action"": ""up""}"
"В салоне очень душно, сделай, пожалуйста, так, чтобы было двадцать градусов",ac_set,"{""temperature"": 20}"
"Отключи кондишн, срочно!",ac_off,
Поставь режим обдува только на ноги,ac_mode_set,"{""mode"": ""feet""}"
Уменьши скорость вентилятора до минимума,ac_fan_set,"{""level"": ""min""}"
Отмени подогрев переднего правого сиденья,seat_heater_set,"{""seat"": ""front_right"", ""state"": ""off""}"
Немного подогрей спинку моего сиденья — не сильно,seat_heater_set,"{""seat"": ""driver"", ""level"": 1}"
"Если можно, открой люк на пару сантиметров — хочу проветрить, но не больше",sunroof_set,"{""position"": ""vent""}"
"Прикрой люк, он дует",sunroof_close,"{""action"": ""close_partial""}"
Включи мой плейлист 'утро' из USB,play_music,"{""playlist"": ""утро"", ""source"": ""USB""}"
"Переключи на следующую песню, не задерживайся",next_track,
Поставь радио на AM и настрой на 720,radio_set_station,"{""band"": ""AM"", ""frequency"": ""720""}"
Отвези меня домой,nav_start,"{""destination"": ""home""}"
Набери номер 89161234567,call_start,"{""number"": ""89161234567""}"
"Перестань воспроизводить, пожалуйста",stop_music,
"Прикрой, пожалуйста, окно",window_set,
Опусти стекло пассажира наполовину,window_set,"{""seat"": ""пассажир"", ""position"": ""50%""}"
Сделай охлаждение на 18 градусов,ac_set,"{""temperature"": ""18""}"
Подними температуру на три градуса,ac_set,"{""change"": ""3""}"
Отопление сиденья водителя — среднее,seat_heater_set,"{""seat"": ""водитель"", ""level"": ""среднее""}"
Полный обдув стекла,defrost_set,"{""target"": ""лобовое"", ""level"": ""max""}"
Очисти лобовое от запотевания,defrost_set,"{""target"": ""лобовое""}"
Открой левое переднее окно на четверть,window_set,"{""side"": ""левое переднее"", ""position"": ""25%""}"
Сделай музыку потише,volume_change,
"Добавь громкости, пожалуйста",volume_change,
Выключи весь звук,volume_mute_set,"{""mute"": ""on""}"
Включи следующую песню,next_track,
"Пропусти трек, пожалуйста",next_track,
Переключи повторение,media_repeat_set,
Веди до ближайшей заправки,nav_start,"{""destination"": ""ближайшая заправка""}"
Автоматические фары — включи,headlights_set,"{""mode"": ""auto""}"
Протри дворники разок,wipers_set,"{""action"": ""однократно""}"
Включи интервальные дворники,wipers_set,"{""mode"": ""intermittent""}"
Увеличь чувствительность датчика дождя,rain_set,"{""change"": ""increase""}"
Слегка подогрей сиденье водителя,seat_heater_set,"{""seat"": ""водитель"", ""level"": ""низкий""}"
"Открой люк чуть-чуть, только на щель",sunroof_set,"{""position"": ""tilt""}"
Опусти шторку люка,sunroof_close,"{""target"": ""шторка""}"
Включи плейлист 'Спокойный день',play_music,"{""playlist"": ""Спокойный день""}"
Включи подкаст о дорожных пробках,play_music,"{""title"": ""подкаст о дорожных пробках""}"
Поменяй источник на USB1,media_source_set,"{""source"": ""USB1""}"
Повышай громкость на два шага,volume_change,"{""change"": ""2""}"
Выключи звук уведомлений,volume_mute_set,"{""target"": ""уведомления""}"
Верни прошлую песню,previous_track,
"Тоннель пахнет пылью, лучше пока не открывать окна?",chitchat,
"Не отвлекай меня, просто навигация до дома",nav_start,"{""destination"": ""дом""}"
Немного приоткрой боковое окно,window_set,"{""position"": ""slightly_open""}"
Полностью опусти стекла,window_set,"{""position"": ""100%""}"
Понизь температуру на 3 градуса,ac_set,"{""delta"": ""-3""}"
"Сделай мне прохладнее, пожалуйста",ac_set,
Подними температуру до восемнадцати,ac_set,"{""temperature"": ""18""}"
Переключи на обдув ног и торса,ac_mode_set,"{""mode"": ""feet_and_torso""}"
Включи только обдув лобового стекла,ac_mode_set,"{""mode"": ""front_defog""}"
Проверь и переключи режим на автоматический климат,ac_mode_set,"{""mode"": ""auto""}"
Уменьши обдув на два уровня,ac_fan_set,"{""delta"": ""-2""}"
Подогрев заднего левого сиденья включи,seat_heater_set,"{""seat"": ""rear_left"", ""state"": ""on""}"
"Вентиляция передних кресел, пожалуйста",seat_vent_set,"{""seat"": ""front"", ""state"": ""on""}"
Охлади сиденье пассажира на минимум,seat_vent_set,"{""seat"": ""passenger"", ""level"": ""min""}"
Открой люк над головой на треть,sunroof_set,"{""position"": ""33%""}"
Накрой люк полностью,sunroof_close,
Сдвинь сдвижной люк до упора,sunroof_set,"{""position"": ""open""}"
Перекрой музыку сейчас же,stop_music,
Выключи звук (mute),volume_mute_set,
Повтори одну песню,media_repeat_set,"{""mode"": ""one""}"
Отключи случайную перестановку,media_shuffle_set,"{""state"": ""off""}"
Настрой радио на сто один точка два фм,radio_set_station,"{""frequency"": ""101.2"", ""band"": ""FM""}"
Слушай Радио Рокс,radio_set_station,"{""station_name"": ""Радио Рокс""}"
"Построй маршрут до офиса на Петровке, дом 12",nav_start,"{""destination"": ""офис на Петровке, дом 12""}"
Проложи путь до ближайшей заправки,nav_start,"{""destination"": ""ближайшая заправка""}"
Набери службу поддержки,call_start,"{""contact"": ""служба поддержки""}"
Протрись стеклоочистители на среднюю скорость,wipers_set,"{""level"": ""medium""}"
Поставь дворники в интервальный режим на пять секунд,wipers_set,"{""interval"": ""5s""}"
Выключи реагирование на дождь,rain_set,"{""state"": ""off""}"
"Выключи подогрев руля, пожалуйста",wheel_heater_set,"{""state"": ""off""}"
"Ну что, как дела?",chitchat,
"Расскажи анекдот на ходу, чтобы поднять настроение",chitchat,
Ты понимаешь меня?,chitchat,
Поверни направо,nav_start,"{""direction"": ""направо""}"
Нужно срочно свернуть на следующем съезде,nav_start,"{""timing"": ""на следующем съезде""}"
Отправь меня к ближайшей развязке — быстро,nav_start,"{""destination"": ""ближайшая развязка""}"
Проложи короткий путь по серпантину,nav_start,"{""route"": ""короткий""}"
Забей на навигацию,nav_cancel,
"Охлади салон, пожалуйста",ac_set,
Переключи режим в рециркуляцию,ac_mode_set,"{""mode"": ""рециркуляция""}"
Закрой правое стекло,window_set,"{""side"": ""правое"", ""action"": ""закрыть""}"
Немедленно закрой люк,sunroof_close,
Приоткрой панорамный люк на два сантиметра,sunroof_set,"{""position"": ""2 см""}"
Включи обдув стекол и оттаивание,defrost_set,"{""state"": ""on""}"
"Подожди, ответь на звонок",call_answer,
"Сбрось вызов, я за рулём",call_hangup,
Адаптивный дальний — включи,high_beam_set,"{""mode"": ""adaptive_on""}"
"Музыка громко мешает, приглуши",volume_change,"{""change"": ""lower""}"
Понизь громкость на три деления,volume_change,"{""change"": ""-3""}"
Добавь звук до пятёрки,volume_set,"{""level"": ""5""}"
Переключи на FM 107.3,radio_set_station,"{""station"": ""107.3""}"
Настрой станцию на советскую волну,radio_set_station,"{""station"": ""советская волна""}"
Включи что-то спокойное для концентрации,play_music,"{""mood"": ""спокойное""}"
Переключись на следующий канал радиостанции,radio_set,
"Навигация, веди меня на обочину прямо сейчас",nav_start,"{""destination"": ""обочина""}"
Быстро: поверни к указателю «Агро-отель»,nav_start,"{""destination"": ""Агро-отель""}"
Тише радиопомехи — убавь звук до нуля,volume_set,"{""level"": ""0""}"
Молчать всё! Заглуши аудиосистему,volume_mute_set,"{""state"": ""mute""}"
"Включи обогрев сидений, у меня липкий пот",seat_heater_set,"{""state"": ""on""}"
Отключи подогрев сиденья водителя,seat_heater_set,"{""side"": ""водитель"", ""state"": ""off""}"
Вентиляция сидений на максимум — жарко,seat_vent_set,"{""level"": ""максимум""}"
Подними дворники на среднюю скорость,wipers_set,"{""speed"": ""средняя""}"
"Если пойдёт дождь, включи режим дождя",rain_set,"{""state"": ""on""}"
"Не отвлекайте, болтай что-нибудь коротко",chitchat,
Скажи коротко: сколько километров до развилки и поворачиваю?,chitchat,
Быстро: переключи трек и сделай тише,next_track,
"Закрой люк, радиопомехи сильные",sunroof_close,
"Открой правое окно чуть-чуть, на выдох",window_set,"{""side"": ""правое"", ""position"": ""чуть-чуть""}"
Включи аварийные фары,headlights_set,"{""mode"": ""аварийные""}"
"Опусти задние окна, пожалуйста",window_set,"{""target"": ""rear"", ""action"": ""down""}"
Подними переднее правое стекло,window_set,"{""window"": ""front_right"", ""action"": ""up""}"
"Немного приоткрой окно, чтобы проветрить от пыли",window_set,"{""action"": ""slightly_open""}"
"Закрой все стекла — на улице сухо, пусть пыль не летит внутрь",window_set,"{""action"": ""close"", ""target"": ""all""}"
Приоткрой левое переднее окно немножко,window_set,"{""window"": ""front_left"", ""position"": ""slightly_open""}"
Сделай потеплее до 22 градусов,ac_set,"{""temperature"": 22}"
Убавь скорость вентилятора на три ступени,ac_fan_set,"{""delta"": -3}"
Выключи обдув полностью,ac_fan_set,"{""fan_speed"": 0}"
"Прогрей сиденье водителя, пожалуйста",seat_heater_set,"{""seat"": ""driver"", ""state"": ""on""}"
"Охлади пассажирское кресло, включи вентиляцию",seat_vent_set,"{""seat"": ""passenger"", ""state"": ""on""}"
Подогрей моё сиденье на вторую ступень,seat_heater_set,"{""seat"": ""driver"", ""level"": 2}"
"Включи обогрев лобового стекла, стекло в каплях после мойки и немного потеет",defrost_set,"{""target"": ""windshield"", ""state"": ""on""}"
Включи антизапотевание,defrost_set,"{""state"": ""on""}"
Наполовину открой люк,sunroof_set,"{""position_percent"": 50}"
"Поставь что-то спокойное, плейлист для утра",play_music,
"Убавь громкость, дети шумят",volume_change,"{""delta"": -5}"
Сделай громче на три пункта,volume_change,"{""delta"": 3}"
"Выключи звук полностью, поставь на ноль",volume_mute_set,"{""mute"": true}"
"Слушай новости на волне 95.6, переключись туда",radio_set_station,"{""frequency"": 95.6}"
"Поехали в детский сад, проложи самый спокойный маршрут, где меньше пыли и помедленнее",nav_start,"{""destination"": ""детский сад"", ""preference"": ""calm_less_dust""}"
"Стекло в каплях после мойки, включи дворники помедленнее",wipers_set,"{""speed"": ""low""}"
"Интервал дворников поставь на две секунды, чтобы не размазать капли",wipers_set,"{""interval_seconds"": 2}"
"Включи режим дождя, пусть датчики сами решают",rain_set,"{""state"": ""on""}"
"Подогрей руль, руки замёрзли утром",wheel_heater_set,"{""state"": ""on""}"
"Подогрев руля на максимум, пожалуйста",wheel_heater_set,"{""level"": ""max""}"
Поставь следующую станцию — та веселая песня снова играет,previous_track,
"Пауза, пожалуйста — дети шумят, нужно тише",media_pause,
Сделай фоновую музыку тише на три пункта,volume_change,"{""delta"": -3}"
"Включи Bluetooth и подожди пару секунд, подключись к телефону",media_source_set,"{""source"": ""bluetooth""}"
Ты как? Утро хорошее?,chitchat,
"Пожалуйста, опусти все стекла",window_set,"{""window"": ""all"", ""action"": ""lower""}"
Убавь температуру на три градуса,ac_set,"{""delta"": -3}"
Охлади салон пожалуйста,ac_set,"{""mode"": ""cool""}"
Переключи систему на экономный режим вентиляции,ac_mode_set,"{""mode"": ""eco""}"
Увеличь скорость вентилятора до четырёх,ac_fan_set,"{""level"": 4}"
Выведи тёплый воздух на лобовое стекло,defrost_set,"{""target"": ""front""}"
Разогрей водительское сиденье на максимум,seat_heater_set,"{""seat"": ""driver"", ""level"": ""max""}"
Сделай подогрев пассажирского сидения на два,seat_heater_set,"{""seat"": ""front_passenger"", ""level"": 2}"
Останови подогрев спинки,seat_heater_set,"{""seat"": ""back"", ""on"": false}"
Активация режима «дождь»,rain_set,"{""mode"": ""rain""}"
Поставь автоматический режим дождя,rain_set,"{""mode"": ""auto""}"
"Подожди, выключи музыку",stop_music,
Воспроизведи рок-плейлист,play_music,"{""genre"": ""rock"", ""type"": ""playlist""}"
"Поставь что-нибудь в стиле джаза, но чтобы музыка была спокойной и тихой, я читаю",play_music,"{""genre"": ""jazz"", ""mood"": ""calm"", ""volume"": ""low""}"
Сделай громче на три,volume_change,"{""delta"": 3}"
Громкость пятнадцать,volume_set,"{""level"": 15}"
Отключи повтор три раза,media_repeat_set,"{""on"": false}"
Отключи перемешивание песен,media_shuffle_set,"{""shuffle"": false}"
Настрой радио на 101.3 FM,radio_set_station,"{""frequency"": ""101.3""}"
Слушай радиостанции разговорного формата,radio_set,"{""genre"": ""talk""}"
Навигация до дома,nav_start,"{""destination"": ""home""}"
"Мне нужно доехать до работы, проложи маршрут избегая платных дорог и пробок",nav_start,"{""destination"": ""work"", ""avoid"": [""tolls"", ""traffic""]}"
Прекрати звонок,call_hangup,
Набери экстренную помощь,call_start,"{""contact"": ""экстренная_помощь""}"
"Расскажи мне короткий анекдот, чтобы я не заскучал и не уснул за рулём",chitchat,
Какая сегодня погода за бортом?,chitchat,
Открой весь люк,sunroof_set,"{""amount"": ""full""}"
"Приоткрой люк наполовину, пожалуйста",sunroof_set,"{""amount"": ""half""}"
Сбавь звук на три деления,volume_change,"{""steps"": 3}"
Сделай погромче до семидесяти процентов,volume_set,"{""level"": 70}"
Верни громкость к нулю,volume_set,"{""level"": 0}"
Поставь источник — радио,media_source_set,"{""source"": ""radio""}"
"Слушай, включи FM, пожалуйста",radio_set,"{""band"": ""FM""}"
Найди станцию семьдесят четыре ноль,radio_set_station,"{""frequency"": ""74.0""}"
Выключи повторный режим,media_repeat_set,
Перемешай все треки,media_shuffle_set,
Отмени случайное воспроизведение,media_shuffle_set,
"Мне жарко, сделай в салоне прохладнее и установи кондиционер на 20 градусов",ac_set,"{""temperature"": 20}"
Переключи режим обдува на лобовое стекло,ac_mode_set,"{""mode"": ""front_defog""}"
Убавь вентилятор на два уровня,ac_fan_set,"{""steps"": 2}"
Включи обогрев сиденья водителя,seat_heater_set,"{""seat"": ""driver"", ""state"": ""on""}"
Подогрей пассажирское кресло на максимум,seat_heater_set,"{""seat"": ""passenger"", ""level"": ""max""}"
"Вентиляция сиденья включи, пожалуйста",seat_vent_set,
Включи охлаждение кресла водителя,seat_vent_set,"{""seat"": ""driver"", ""state"": ""on""}"
Убери лед и запотевание со всех стекол,defrost_set,"{""state"": ""on""}"
Включи датчик дождя (авто-режим),rain_set,"{""state"": ""on""}"
Сбросить вызов,call_hangup,
"Навигатор, прокладывай маршрут до дома по кратчайшему пути",nav_start,"{""destination"": ""дом"", ""route"": ""fastest""}"
Отмени маршрут и очисти пункт назначения,nav_cancel,
Набери номер 84951234567,call_start,"{""number"": ""84951234567""}"
Поставь фары на автоматический режим,headlights_set,"{""mode"": ""auto""}"
"Включи обогрев лобового стекла на максимум, чтобы убрать лед",defrost_set,"{""level"": ""max""}"
"Я замёрз, подогрей сиденье водителя, пожалуйста",seat_heater_set,"{""seat"": ""driver"", ""state"": ""on""}"
Как погода по дороге примерно через час?,chitchat,
"Расскажи шутку, хочу посмеяться",chitchat,
Сколько минут до дома осталось по пробкам?,chitchat,
"Спасибо, ты сегодня выручил",chitchat,
Приоткрой стекло на пару сантиметров,window_set,"{""amount"": ""пару сантиметров""}"
Включи кондиционер на двадцать два,ac_set,"{""temperature"": ""22""}"
Убавь температуру в салоне на три градуса,ac_set,"{""delta"": ""-3""}"
Режим климат-контроля — только обдув,ac_mode_set,"{""mode"": ""vent""}"
Остывай — отключи обогрев руля,wheel_heater_set,"{""state"": ""off""}"
Подогрей пассажирское сиденье чуть-чуть,seat_heater_set,"{""seat"": ""front_passenger"", ""level"": ""1""}"
Вентиляцию кресла водителя включи,seat_vent_set,"{""seat"": ""driver"", ""state"": ""on""}"
Отключи вентиляцию заднего левого сиденья,seat_vent_set,"{""seat"": ""rear_left"", ""state"": ""off""}"
Оттаивание заднего стекла выключи,defrost_set,"{""target"": ""rear"", ""state"": ""off""}"
Воспроизведи мою любимую песню — 'Кукушка' Виктора Цоя,play_music,"{""title"": ""Кукушка"", ""artist"": ""Виктор Цой""}"
Переключи на FM 101.2,radio_set_station,"{""frequency"": ""101.2""}"
Воспроизведи следующий трек,next_track,
Уменьши громкость на пятёрку,volume_change,"{""delta"": ""-5""}"
Поставь громкость на 18,volume_set,"{""level"": ""18""}"
Переключиться на USB,media_source_set,"{""source"": ""USB""}"
Повтори трек постоянно,media_repeat_set,"{""mode"": ""one""}"
Прокладывай маршрут до аэропорта,nav_start,"{""destination"": ""аэропорт""}"
Дворники включи на интервал,wipers_set,"{""mode"": ""intermittent""}"
Поставь дворники на скорость три,wipers_set,"{""speed"": ""3""}"
"Включи режим дождя, чувствительность — максимум",rain_set,"{""state"": ""on"", ""sensitivity"": ""high""}"
Отключи дождевой датчик,rain_set,"{""state"": ""off""}"
Включи подогрев руля на второй уровень,wheel_heater_set,"{""level"": ""2""}"
Можно музыку потише? Я разговариваю,volume_change,
Что по погоде?,chitchat,
Приоткрой заднее стекло чуть-чуть,window_set,"{""window"": ""rear"", ""position"": ""open_slightly""}"
Холоднее до 18 градусов,ac_set,"{""temperature"": ""18""}"
Ослабь обдув до минимума,ac_fan_set,"{""level"": ""min""}"
Подогрей передние сиденья на второй уровень,seat_heater_set,"{""seat"": ""front"", ""level"": ""2""}"
"Отдуть стекла, пожалуйста",defrost_set,
Обогрев заднего стекла включи,defrost_set,"{""target"": ""rear""}"
Убавь звук до уровня три,volume_set,"{""level"": ""3""}"
Перемешать песни в плейлисте,media_shuffle_set,"{""state"": ""on""}"
Настрой станцию на 101.2,radio_set_station,"{""frequency"": ""101.2""}"
Активируй режим дождя для стеклоочистителей,rain_set,"{""state"": ""on""}"
Опусти стекла чуть-чуть для проветривания,window_set,"{""position"": ""open_slightly""}"
"Пожалуйста, включи кондиционер помягче",ac_set,"{""mode"": ""soft""}"
"Выключи климат-контроль, дети хотят спать",ac_off,
"Снизь интенсивность вентиляции, дети спят",ac_fan_set,"{""level"": ""low""}"
Охлади заднее сиденье вентиляцией,seat_vent_set,"{""seat"": ""rear"", ""state"": ""on""}"
Плотно прикрой солнцезащитный люк,sunroof_close,"{""position"": ""partial""}"
"Поставь радио потише, жарко и дети шумят",volume_change,"{""direction"": ""down""}"
Громкость 20 процентов,volume_set,"{""percent"": ""20""}"
"Повтори трек, пока дети успокоятся",media_repeat_set,"{""state"": ""on""}"
Включи режим перемешивания плейлиста,media_shuffle_set,"{""state"": ""on""}"
Радио на волну семьдесят семь,radio_set_station,"{""frequency"": ""77.0""}"
Проклади маршрут к ближайшей парковке,nav_start,"{""destination"": ""nearest_parking""}"
Отмени маршрут до парковки,nav_cancel,
Позвони внуку,call_start,"{""contact"": ""внук""}"
Автоматический дальний свет включи,high_beam_set,"{""mode"": ""auto""}"
"Тише, дети уже спят",chitchat,
Поставь температуру на 21 градус,ac_set,"{""temperature"": 21}"
Уменьши обдув до минимального,ac_fan_set,"{""fan_speed"": ""low""}"
Поверни вентилятор на три,ac_fan_set,"{""fan_speed"": 3}"
Подогрей сиденье водителя на три уровня,seat_heater_set,"{""seat"": ""driver"", ""level"": 3}"
Подогрей задние сиденья,seat_heater_set,"{""seat"": ""rear""}"
Включи охлаждение сидений,seat_vent_set,
Оттай лед на лобовом,defrost_set,"{""window"": ""front""}"
Включи обдув стекла заднего,defrost_set,"{""window"": ""rear""}"
"Мне жарко, распахни люк полностью",sunroof_set,"{""position"": ""open""}"
Включи джаз из Spotify,play_music,"{""genre"": ""джаз"", ""source"": ""Spotify""}"
Сделай тише до трёх,volume_set,"{""level"": 3}"
Навигация до Ленинского проспекта десять,nav_start,"{""destination"": ""Ленинский проспект 10""}"
Закончи звонок,call_hangup,
"Сильный обдув на ветровое стекло, пожалуйста — лёд мешает",defrost_set,"{""window"": ""front"", ""intensity"": ""high""}"
Нагрей салон,ac_mode_set,"{""mode"": ""heat""}"
Поставь климат на двадцать четыре,ac_set,"{""temperature"": 24}"
Сделай подогрев на пять,seat_heater_set,"{""level"": 5}"
Убавь громкость на семь,volume_change,"{""delta"": -7}"
Громкость 50 процентов,volume_set,"{""level"": ""50%""}"
Включи песню 'Половина' исполнителя Иванова,play_music,"{""track"": ""Половина"", ""artist"": ""Иванов""}"
Слушай Радио России,radio_set_station,"{""station"": ""Радио России""}"
Отклонить этот звонок молча,call_hangup,
Не отвечай сейчас,call_hangup,
"Подними трубку, ответь",call_answer,
Прими звонок на громкой связи,call_answer,"{""mode"": ""speaker""}"
Сделай паузу в музыке,media_pause,
Прекрати музыку немедленно,stop_music,
Выключи звук в салоне,volume_mute_set,
Полностью отключи музыку и радио,stop_music,
Добавь громкости на три ступени,volume_change,"{""steps"": 3}"
"Выключи кондиционер, мне холодно от ветра",ac_off,
Включи климат на двадцать два градуса,ac_set,"{""temperature"": 22}"
"Поставь обдув на максимум, очень холодно",ac_fan_set,"{""level"": ""max""}"
Режим обогрева стекол включи,defrost_set,
"Закрой все окна, тут сильный ветер",window_set,"{""position"": ""closed"", ""target"": ""all""}"
"Прикрой панорамную крышу, пожалуйста",sunroof_set,"{""position"": ""closed""}"
Открой окно на пару сантиметров,window_set,"{""amount_cm"": 2}"
"Заткни музыку, звонок идёт",stop_music,
"Пожалуйста, ответь и включи громкую связь",call_answer,"{""mode"": ""speaker""}"
Отключи голосовые подсказки навигатора,nav_cancel,
Можешь отключить радио временно?,radio_set,"{""state"": ""off""}"
Переключись на телефон как источник,media_source_set,"{""source"": ""phone""}"
Переключи на радио 101.2 FM,radio_set_station,"{""frequency"": ""101.2""}"
Немного увеличь громкость подсказок навигатора,volume_change,
"Включи обогрев руля, руки ледяные",wheel_heater_set,"{""state"": ""on""}"
"Согрей руль, пожалуйста",wheel_heater_set,"{""state"": ""on""}"
Обогрев руля наполовину,wheel_heater_set,"{""percent"": 50}"
Сделай тёплый режим для передних сидений,seat_heater_set,"{""seat"": ""front"", ""state"": ""on""}"
"Вентиляцию сидений включи, пожалуйста",seat_vent_set,"{""state"": ""on""}"
Охлади кресло наполовину,seat_vent_set,"{""percent"": 50}"
Включи антиобледенение стекол прямо сейчас,defrost_set,
Закрой люк полностью — ветер свищет,sunroof_close,
Открой задние окна слегка,window_set,"{""target"": ""rear"", ""position"": ""open""}"
"Поезжай домой, проложи маршрут до дома",nav_start,"{""destination"": ""home""}"
Отмени маршрут и выключи голосовые подсказки,nav_cancel,
Включай автоматический приём вызовов,call_answer,"{""mode"": ""auto""}"
Отклони этот вызов и не принимай,call_hangup,
Поставь музыку на повтор,media_repeat_set,"{""state"": ""on""}"
Да помолчи ты,chitchat,
"Срочно: ответь на звонок и приглуши музыку, я не слышу из-за ветра",call_answer,
Приоткрой заднее окно на пять сантиметров,window_set,"{""side"": ""rear"", ""position"": ""open"", ""distance_cm"": 5}"
Убавь температуру на два градуса,ac_set,"{""change_degrees"": -2}"
"Отключи обдув и кондиционер, пожалуйста",ac_off,
Включи обдув лица и ног,ac_mode_set,"{""mode"": ""face_feet""}"
Включи подогрев водителя на три,seat_heater_set,"{""seat"": ""driver"", ""level"": 3}"
Выключи подогрев заднего левого сиденья,seat_heater_set,"{""seat"": ""rear_left"", ""state"": ""off""}"
Добавь вентиляцию на водительском,seat_vent_set,"{""seat"": ""driver"", ""state"": ""on""}"
Открой вентиляцию пассажира,seat_vent_set,"{""seat"": ""passenger"", ""state"": ""on""}"
"Стекла запотевают, включи обдув лобового стекла и обогрев",defrost_set,"{""target"": ""front"", ""state"": ""on""}"
Антизапотевание заднего стекла включи,defrost_set,"{""target"": ""rear"", ""state"": ""on""}"
Приподними панорамную крышу,sunroof_set,"{""action"": ""tilt""}"
Открой люк на десять процентов,sunroof_set,"{""percent"": 10}"
"Пожалуйста, закрой панорамную крышу полностью, идёт дождь",sunroof_close,"{""reason"": ""rain""}"
Поставь спокойную музыку без слов,play_music,"{""mood"": ""calm"", ""vocals"": ""no""}"
Аудио с USB,media_source_set,"{""source"": ""USB""}"
Настрой на 98.4,radio_set_station,"{""frequency"": 98.4}"
Найди радиостанцию Радио Рекорд,radio_set_station,"{""station"": ""Радио Рекорд""}"
"Поехали на улицу Ленина, дом 5",nav_start,"{""destination"": ""улица Ленина, дом 5""}"
Позвонить Петру,call_start,"{""contact"": ""Пётр""}"
Подогрей руль на максимум,wheel_heater_set,"{""level"": ""max"", ""state"": ""on""}"
Закрой панорамную крышу пожалуйста,sunroof_close,
Проветри салон: опусти все окна на четверть,window_set,"{""position"": ""25%"", ""scope"": ""all""}"
Закрой правое переднее окно полностью,window_set,"{""side"": ""right_front"", ""position"": ""closed""}"
Открой заднее левое окно немного,window_set,"{""side"": ""rear_left"", ""position"": ""slightly_open""}"
Сделай температуру в салоне двадцать три градуса,ac_set,"{""temperature"": ""23""}"
Понизь климат на два градуса,ac_set,"{""delta"": ""-2""}"
Переключись на экономичный режим кондиционера,ac_mode_set,"{""mode"": ""eco""}"
Убавь вентилятор наполовину,ac_fan_set,"{""fan_speed"": ""50%""}"
Включи вентиляцию на пассажирском кресле слабую,seat_vent_set,"{""seat"": ""passenger"", ""level"": ""low""}"
"Оттайка лобового стекла, пожалуйста",defrost_set,"{""target"": ""front"", ""state"": ""on""}"
Приоткрой шторку люка на двадцать процентов,sunroof_set,"{""position"": ""20%"", ""mode"": ""tilt""}"
Полностью закрой люк и шторку,sunroof_close,"{""close_cover"": ""true""}"
Установи громкость на пятьдесят процентов,volume_set,"{""volume"": ""50%""}"
Поставь FM радио,radio_set,"{""band"": ""FM""}"
Настрой волну на 101.2 FM пожалуйста,radio_set_station,"{""frequency"": ""101.2"", ""band"": ""FM""}"
Запусти навигатор до ближайшей заправки,nav_start,"{""destination"": ""nearest_gas_station""}"
Отмени маршрут и вернись к предыдущему состоянию,nav_cancel,
"Ответь на звонок, если это Андрей",call_answer,"{""contact"": ""Андрей""}"
Отключи вызов,call_hangup,
Выключи внешнее освещение,headlights_set,"{""state"": ""off""}"
Промой стеклоочистители и снизь скорость,wipers_set,"{""action"": ""wash"", ""speed"": ""low""}"
Обогрей руль — холодно,wheel_heater_set,"{""state"": ""on""}"
Потуши подогрев руля,wheel_heater_set,"{""state"": ""off""}"
"Придержи немного музыку, я разговариваю",volume_change,"{""delta"": ""-2""}"
Включи плейлист «вечеринка»,play_music,"{""playlist"": ""вечеринка""}"
Поставь музыку от Би-2,play_music,"{""artist"": ""Би-2""}"
Переключи источник на USB-A,media_source_set,"{""source"": ""USB-A""}"
"Повторять все треки, пожалуйста",media_repeat_set,"{""mode"": ""all""}"
Настрой радиостанцию клуба — 87.9,radio_set_station,"{""frequency"": ""87.9""}"
"Проложи маршрут пешком к офису на Большой улице, адрес: Большая 12",nav_start,"{""destination"": ""Большая 12"", ""mode"": ""walking""}"
"Отмени навигацию, больше не веди меня туда",nav_cancel,
Позвони маме на мобильный,call_start,"{""contact"": ""мама"", ""method"": ""mobile""}"
"Сбрось звонок, прошу",call_hangup,
Автоматический режим фар — включи,headlights_set,"{""mode"": ""auto""}"
Подними дальний на пять секунд,high_beam_set,"{""action"": ""flash"", ""duration"": ""5s""}"
Снегопад — включи дворники на третий режим,wipers_set,"{""speed"": ""3""}"
Включи антидождь (датчик),rain_set,"{""sensor"": ""on""}"
"Расскажи анекдот, чтобы отвлечь меня от пробки",chitchat,
Запусти кондиционер на двадцать градусов,ac_set,"{""temperature"": 20}"
Увеличь скорость вентилятора до пяти,ac_fan_set,"{""level"": 5}"
Нагрей сиденье пассажира на три,seat_heater_set,"{""seat"": ""passenger"", ""level"": 3}"
Поставь радиостанцию 101.7,radio_set_station,"{""frequency"": 101.7}"
Дай дальний,high_beam_set,"{""state"": ""on""}"
Сделай кондиционер прохладнее на три градуса,ac_set,"{""delta"": -3}"
Направь поток на стекло и ноги,ac_mode_set,"{""targets"": [""windshield"", ""feet""]}"
Уменьши обороты вентилятора на один,ac_fan_set,"{""delta"": -1}"
Включи подогрев задних сидений на максимум,seat_heater_set,"{""seat"": ""rear"", ""level"": ""max""}"
Проветри кресло переднего пассажира,seat_vent_set,"{""seat"": ""front_passenger""}"
Растопи иней на стекле,defrost_set,"{""target"": ""front""}"
Открой люк на десять сантиметров,sunroof_set,"{""position_cm"": 10}"
Замри воспроизведение,media_pause,
Перейди к следующей,next_track,
Сбавь громкость на десять,volume_change,"{""delta"": -10}"
Звук через Bluetooth,media_source_set,"{""source"": ""bluetooth""}"
Повтор альбома,media_repeat_set,"{""mode"": ""album""}"
Найди станцию 99.9,radio_set_station,"{""frequency"": 99.9}"
"Проклади маршрут в центр города, объехать пробку если можно",nav_start,"{""destination"": ""city_center"", ""avoid_traffic"": true}"
Закрой окна,window_set,"{""target"": ""all"", ""position"": ""close""}"
"Мне немного прохладно, приоткрой, пожалуйста, окно с водительской стороны",window_set,"{""target"": ""driver"", ""position"": ""ajar""}"
Сделай люк на двадцать процентов,sunroof_set,"{""percent"": 20}"
"Переключи на рециркуляцию, пожалуйста",ac_mode_set,"{""mode"": ""recirculation""}"
Поставь подогрев пассажира слева на два,seat_heater_set,"{""seat"": ""front_left"", ""level"": 2}"
Охлади сиденье заднее правое,seat_vent_set,"{""seat"": ""rear_right"", ""state"": ""on""}"
Режим дождь включи,rain_set,"{""mode"": ""rain""}"
"Нагрей руль, пожалуйста",wheel_heater_set,"{""state"": ""on""}"
"Прокладывай путь до ближайшей заправки, пожалуйста",nav_start,"{""destination"": ""ближайшая заправка""}"
"Хочется джаза, включи что-нибудь спокойное",play_music,"{""genre"": ""джаз""}"
Прекрати проигрывание,stop_music,
"Поставь на паузу до конца разговора, пожалуйста",media_pause,
Как тихо здесь вечером,chitchat,
"Ветер приносит запахи с улицы, пахнет свежей булкой",chitchat,
Настрой датчик дождя на среднюю чувствительность,rain_set,"{""sensitivity"": ""medium""}"
Приоткрыть оба задних окна совсем чуть-чуть,window_set,"{""target"": ""rear_both"", ""percent"": 5}"
Проветри машину: открой люк немного,sunroof_set,"{""percent"": 10}"
Отключи вентиляцию сиденья у меня,seat_vent_set,"{""seat"": ""driver"", ""state"": ""off""}"
Щёлкни люк чуть приоткрой,sunroof_set,"{""position"": ""tilt_open""}"
Люкс закрой,sunroof_close,
"Выключи климат-контроль, не хочу лишнего шума",ac_off,
"Греет колёса, включи подогрев руля",wheel_heater_set,"{""state"": ""on""}"
Почини тёплое сиденье правое на максимум,seat_heater_set,"{""target"": ""right"", ""level"": ""max""}"
"Охлади кресла, вентиляция на среднюю",seat_vent_set,"{""level"": ""medium""}"
"Протри стекла, включи обогрев заднего стекла",defrost_set,"{""target"": ""rear"", ""state"": ""on""}"
"Обдув лобового — включи, пожалуйста",defrost_set,"{""target"": ""front"", ""state"": ""on""}"
"Поставь ту спокойную плейлист, чтобы дети уснули",play_music,"{""mood"": ""calm"", ""context"": ""children""}"
"Поставь на паузу, не хочу отвлекаться",media_pause,
Стоп всё аудио,stop_music,
"Сделай погромче, чтобы заглушить улицу",volume_change,"{""direction"": ""up""}"
"Переключи на радио как фон, плиз",media_source_set,"{""source"": ""radio""}"
Повтори одну песню на цикл,media_repeat_set,"{""mode"": ""track""}"
Включи FM и настрой на сто один точка два,radio_set_station,"{""band"": ""FM"", ""station"": ""101.2""}"
"Включи радио как фон, но тихо",radio_set,"{""state"": ""on"", ""volume"": ""low""}"
"Проклади маршрут до дома, не буду смотреть телефон",nav_start,"{""destination"": ""home""}"
"Позвони маме, пожалуйста",call_start,"{""contact"": ""мама""}"
Фары автомат,headlights_set,"{""mode"": ""auto""}"
"Включи дальний на полосу, коротко",high_beam_set,"{""state"": ""on""}"
Дождевики включи на интервалы средние,wipers_set,"{""mode"": ""intermittent"", ""intensity"": ""medium""}"
Режим дождя — автомат,rain_set,"{""mode"": ""auto""}"
"Подогрей рулевое колесо на максимум, холодно вечером",wheel_heater_set,"{""level"": ""max""}"
"Не хочу отдавать дорогу солнцу, приподними стекла с пассажира",window_set,"{""target"": ""passenger"", ""action"": ""up""}"
Вниз все окна немного — ветер шумит,window_set,"{""target"": ""all"", ""position"": ""slightly_open""}"
"Солнце в лоб, приоткрой дефлекторы и направь воздух наверх",ac_mode_set,"{""mode"": ""deflect_up""}"
Останови кондиционер и переключись на обогрев,ac_set,"{""mode"": ""heating""}"
"Открой люк полностью, дети хотят смотреть на небо",sunroof_set,"{""position"": ""open_full""}"
Закрой люк пока мы паркуемся,sunroof_close,
"Просто тише, пожалуйста",volume_change,
Сменить источник на Bluetooth телефона,media_source_set,"{""source"": ""bluetooth""}"
Повтори плейлист с начала,media_repeat_set,"{""mode"": ""playlist""}"
"Включи перемешивание, чтобы дети не слушали одну песню подряд",media_shuffle_set,"{""state"": ""on""}"
Переведи радио на AM,radio_set,"{""band"": ""AM""}"
Установи станцию на девяносто восемь целых пять,radio_set_station,"{""station"": ""98.5""}"
"Навигируй к ближайшей парковке, я не хочу отвлекаться",nav_start,"{""destination"": ""nearest parking""}"
"Отмени маршрут, вернись к текущему положению",nav_cancel,
"Позвони Сереже, быстро и тихо",call_start,"{""contact"": ""Сережа""}"
Отвечаю — подними громкость микрофона,call_answer,
Положи трубку и выключи звук телефона,call_hangup,
"Фары включи, становится темно в парковке",headlights_set,"{""state"": ""on""}"
"Дальний выкл, светофары рядом",high_beam_set,"{""state"": ""off""}"
"Дворники пошустрее, летят листья",wipers_set,"{""speed"": ""fast""}"
Режим дождя включи — впереди мокро,rain_set,"{""state"": ""on""}"
Подогрей водительское до третьего уровня,seat_heater_set,"{""target"": ""driver"", ""level"": 3}"
Охлади водительское кресло на минимум,seat_vent_set,"{""target"": ""driver"", ""level"": ""min""}"
Я просто болтаю: вечер не лучший для долгих разговоров,chitchat,
"Немного спокойствия, расслабься — и музыку потише",chitchat,
"Убавь голос радио, и открой правое окно на три четверти",window_set,"{""target"": ""right"", ""position"": ""75%""}"
Наполовину открой заднее правое окно,window_set,"{""side"": ""rear_right"", ""position"": ""50%""}"
Опусти окно водителя полностью,window_set,"{""side"": ""front_left"", ""position"": ""100%""}"
Подними задние стекла,window_set,"{""side"": ""rear"", ""state"": ""close""}"
Приоткрой все окна чуть-чуть,window_set,"{""side"": ""all"", ""position"": ""slightly""}"
Сделай потеплее на 3 градуса,ac_set,"{""delta"": 3}"
Температуру на двадцать один градус,ac_set,"{""temperature"": 21}"
Включи режим экономии климата,ac_mode_set,"{""mode"": ""eco""}"
Убавь скорость вентилятора вполовину,ac_fan_set,"{""level"": ""half""}"
Разогрей сиденье водителя на два уровня,seat_heater_set,"{""side"": ""driver"", ""level"": 2}"
Поставь подогрев заднего левого сиденья на максимум,seat_heater_set,"{""side"": ""rear_left"", ""level"": ""max""}"
Закрой панорамную крышу прямо сейчас,sunroof_close,
Сделай звук 30 процентов,volume_set,"{""level"": 30}"
Переключись на станцию 103.5,radio_set_station,"{""frequency"": ""103.5""}"
Найди радиостанцию Русское Радио,radio_set_station,"{""station"": ""Русское Радио""}"
Навигатор — до ближайшей заправки,nav_start,"{""destination"": ""nearest_fuel""}"
Включи песни Битлз,play_music,"{""artist"": ""Битлз""}"
Уменьши громкость пару делений,volume_change,"{""delta"": -2}"
"Мне жарко, понизь температуру климат-контроля на три градуса, пожалуйста",ac_set,"{""delta"": -3}"
Немного приоткрой заднее правое стекло,window_set,"{""window"": ""rear_right"", ""position_percent"": 20}"
"Переключи режим на авто, пожалуйста",ac_mode_set,"{""mode"": ""auto""}"
Переключи обогрев сиденья водителя на вторую ступень,seat_heater_set,"{""side"": ""driver"", ""level"": 2}"
Включи подогрев пассажирского сиденья,seat_heater_set,"{""side"": ""passenger"", ""state"": ""on""}"
Включи вентиляцию сиденья справа на максимум,seat_vent_set,"{""side"": ""passenger"", ""level"": ""max""}"
Включи обогрев лобового стекла и обдув,defrost_set,"{""target"": ""front"", ""state"": ""on""}"
"Пожалуйста, выключи обдув заднего стекла",defrost_set,"{""target"": ""rear"", ""state"": ""off""}"
Покажи маршрут до ближайшей заправки,nav_start,"{""destination"": ""ближайшая заправка""}"
Позвони Алене,call_start,"{""contact"": ""Алена""}"
"Сбрось вызов, положи трубку",call_hangup,
Поставь повторы альбома,media_repeat_set,"{""mode"": ""album"", ""state"": ""on""}"
Настрой радиостанцию на 101.2 FM,radio_set_station,"{""frequency_mhz"": 101.2}"
"Прокладывай маршрут до дома, пожалуйста",nav_start,"{""destination"": ""дом""}"
Поставь дворники на непрерывную работу,wipers_set,"{""mode"": ""continuous""}"
Отключи авто-режим дворников,wipers_set,"{""mode"": ""auto"", ""state"": ""off""}"
Закрой водительское окно,window_set,"{""window"": ""driver"", ""position_percent"": 0}"
"Пожалуйста, сделай потише радио",volume_change,"{""change"": ""down""}"
Добавь громкости на два,volume_change,"{""change"": ""up"", ""step"": 2}"
Режим перемешивания выключи,media_shuffle_set,"{""state"": ""off""}"
Найди ближайшую платную парковку и проложи маршрут до неё,nav_start,"{""destination"": ""ближайшая платная парковка""}"
"Если звонок есть — ответь, пожалуйста",call_answer,
Сбрось звонок сейчас,call_hangup,
Включи радио на станцию Дорожное,radio_set_station,"{""station_name"": ""Дорожное""}"
Что нового?,chitchat,
Поставь кондиционер на минимальную температуру и максимальный обдув,ac_set,"{""temperature"": ""min"", ""fan_speed"": ""max""}"
"Максимум прохлады, включи кондиционер",ac_set,"{""mode"": ""cool"", ""fan_speed"": ""max""}"
Подними обдув на три ступени,ac_fan_set,"{""change"": ""up"", ""steps"": 3}"
Приоткрой крышу на двадцать процентов,sunroof_set,"{""percent"": 20}"
Сделай температуру двадцать три градуса,ac_set,"{""temperature"": 23}"
Включи рециркуляцию и поставь авто,ac_mode_set,"{""modes"": [""recirculation"", ""auto""]}"
Включи обогрев водительского сиденья,seat_heater_set,"{""seat"": ""driver"", ""state"": ""on""}"
Сделай подогрев заднего ряда поменьше,seat_heater_set,"{""seat"": ""rear"", ""action"": ""decrease""}"
Отключи вентиляцию сиденья пассажира,seat_vent_set,"{""seat"": ""passenger"", ""state"": ""off""}"
Включи солнцезащитный люк полностью,sunroof_set,"{""percent"": 100}"
"Пожалуйста, закрой панорамную крышу",sunroof_close,
Настрой частоту на 101.7 FM,radio_set_station,"{""frequency"": ""101.7"", ""band"": ""FM""}"
Переключись на УКВ,radio_set,"{""band"": ""UKV""}"
"Проклади маршрут до дома, пожалуйста, объезжай платные участки и пробки",nav_start,"{""destination"": ""дом"", ""avoid"": [""tolls"", ""traffic""]}"
"Проложи маршрут до ближайшей заправки, пожалуйста, избегай платных дорог",nav_start,"{""destination"": ""заправка"", ""avoid"": ""tolls""}"
Включи дворники на режим семь,wipers_set,"{""level"": 7}"
Включи повтор для плейлиста,media_repeat_set,"{""mode"": ""all""}"
Включи режим перемешать для плейлиста,media_shuffle_set,"{""state"": ""on""}"
"Тихо, пожалуйста — убавь звук",volume_change,
Поменяй на следующий радиоканал,radio_set,"{""action"": ""next_preset""}"
Где ближайшая парковка?,chitchat,
Мне холодно в ногах,chitchat,
Перемотай трек вперёд,next_track,
Сделай громкость ровно пять,volume_set,"{""level"": 5}"
Поменяй источник на AUX,media_source_set,"{""source"": ""AUX""}"
Открой левое окно чуть-чуть,window_set,"{""side"": ""left""}"
До конца распахни окно,window_set,"{""percent"": 100}"
Установи двадцать два градуса в салоне,ac_set,"{""temperature"": 22}"
Поставь кондиционер на восемнадцать градусов,ac_set,"{""temperature"": 18}"
Включи режим обдува лица,ac_mode_set,"{""mode"": ""face""}"
Переключи на охлаждение,ac_mode_set,"{""mode"": ""cool""}"
Прибавь скорость вентилятора на три,ac_fan_set,"{""delta"": 3}"
Уменьши вентилятор на один шаг,ac_fan_set,"{""delta"": -1}"
Отключи подогрев заднего правого сиденья,seat_heater_set,"{""seat"": ""rear_right"", ""state"": ""off""}"
Растопи стекла,defrost_set,
Запусти плейлист для дороги,play_music,"{""playlist"": ""road""}"
Воспроизведи джаз,play_music,"{""genre"": ""jazz""}"
Можешь чуть прибавить звук?,volume_change,"{""direction"": ""up""}"
Настрой на станцию 107.5,radio_set_station,"{""frequency"": 107.5}"
Навигатор до дома,nav_start,"{""destination"": ""home""}"
"Проложи маршрут в центр города, без платных дорог",nav_start,"{""destination"": ""city_center"", ""avoid"": ""tolls""}"
"Поезжай ко мне, адрес в контактах",nav_start,"{""destination"": ""contact:me""}"
Набери Иван Иванов,call_start,"{""contact"": ""Ivan Ivanov""}"
Свяжись с эвакуатором,call_start,"{""contact"": ""tow_service""}"
Я голоден,chitchat,
"Слушай, расскажи анекдот",chitchat,
Опусти водительское стекло наполовину,window_set,"{""side"": ""driver"", ""position"": ""50%""}"
"Проветри, пожалуйста, салон — открой окна на пару минут, если можно",window_set,
Включи климат-контроль,ac_set,"{""state"": ""on""}"
"Хочу, чтобы в салоне было прохладно, поставь двадцать градусов",ac_set,"{""temperature"": 20}"
Сделай жарче на два градуса,ac_set,"{""change"": 2}"
Понизь скорость вентилятора до третьего уровня,ac_fan_set,"{""speed"": 3}"
Включи режим увлажнения,ac_mode_set,"{""mode"": ""humidify""}"
Сделай обогрев пассажира на два шага,seat_heater_set,"{""side"": ""passenger"", ""level"": 2}"
Разморозить лобовое стекло,defrost_set,"{""target"": ""front"", ""action"": ""on""}"
Подави запотевание заднего стекла,defrost_set,"{""target"": ""rear"", ""action"": ""on""}"
Громкость на десять,volume_set,"{""level"": 10}"
"Хочу слушать Серебряный Дождь весь путь домой, переключи радио",radio_set,"{""station"": ""Серебряный Дождь""}"
"Прокладывай маршрут к Красной площади, объехать пробку по возможности",nav_start,"{""destination"": ""Красная площадь"", ""avoid_traffic"": true}"
Переведи на дальний свет,high_beam_set,"{""state"": ""on""}"
Сделай дворники на третью скорость,wipers_set,"{""speed"": 3}"
Включи подогрев руля на два уровня,wheel_heater_set,"{""level"": 2}"
Как погодка?,chitchat,
"Найди мне ближайшую кофейню и проложи маршрут, пожалуйста, быстро, тороплюсь",nav_start,"{""destination"": ""кофейня"", ""urgency"": ""high""}"
Поставь «Несчастный случай» в очередь воспроизведения и пусть будет следующим треком,play_music,"{""track"": ""Несчастный случай""}"
Подними стекло переднего правого окна,window_set,"{""window"": ""front_right"", ""action"": ""up""}"
"Опусти заднее левое, пожалуйста",window_set,"{""window"": ""rear_left"", ""action"": ""down""}"
Открой на половину водительское окно,window_set,"{""window"": ""driver"", ""position_percent"": 50}"
Установи температуру 23 градуса,ac_set,"{""temperature"": 23}"
Поставь вентилятор на третью ступень,ac_fan_set,"{""speed"": 3}"
Выключи кондиционер и обогрев,ac_off,
Включи подогрев сидений водителя на максимум,seat_heater_set,"{""seat"": ""driver"", ""level"": ""max""}"
"Вентиляция задних сидений, включи пожалуйста",seat_vent_set,"{""seat"": ""rear"", ""state"": ""on""}"
Выключи подогрев кресел,seat_heater_set,"{""state"": ""off""}"
Включи заднюю разморозку,defrost_set,"{""target"": ""rear"", ""state"": ""on""}"
Подними шторку люка,sunroof_set,"{""shade"": ""open""}"
Частично приоткрой люк на 10 сантиметров,sunroof_set,"{""position"": ""10cm""}"
Установи громкость 12,volume_set,"{""level"": 12}"
Включи рандом,media_shuffle_set,"{""state"": ""on""}"
Построй маршрут до центра города,nav_start,"{""destination"": ""центр города""}"
Обогреть руль,wheel_heater_set,"{""state"": ""on""}"
"Привет, как дела?",chitchat,
"Построй, пожалуйста, удобный маршрут до ближайшей заправки с минимальным количеством поворотов",nav_start,"{""destination"": ""ближайшая заправка"", ""preference"": ""min_turns""}"
"Включи, пожалуйста, что-нибудь спокойное из моей коллекции, чтобы можно было сконцентрироваться",play_music,
"Пожалуйста, сделай подогрев водительского сиденья чуть теплее, мне холодно",seat_heater_set,"{""seat"": ""driver"", ""action"": ""increase""}"
А давай послушаем что-нибудь заводное,play_music,
"Поставь на FM 88.5, пожалуйста",radio_set_station,"{""frequency"": 88.5}"
Громче музыку на три деления,volume_change,"{""delta"": 3}"
"Я хочу, чтобы стекла были приоткрыты наполовину",window_set,"{""state"": ""half_open""}"
Опусти задние окна,window_set,"{""part"": ""rear"", ""action"": ""lower""}"
Установи вентилятор на максимум,ac_fan_set,"{""level"": ""max""}"
Понизь обороты вентилятора на два шага,ac_fan_set,"{""direction"": ""down"", ""amount"": 2}"
Убери охлаждение сидений,seat_vent_set,"{""state"": ""off""}"
Включи вентиляцию кресла пассажира на минималку,seat_vent_set,"{""seat"": ""passenger"", ""level"": ""low""}"
"Частично приоткрой люк, на вентиляцию",sunroof_set,"{""position"": ""tilt""}"
Поставь повтор трека,media_repeat_set,"{""mode"": ""track""}"
Настрой станцию на сто одну точка два,radio_set_station,"{""frequency"": ""101.2""}"
Проклади маршрут до работы,nav_start,"{""destination"": ""work""}"
"Авто дворники, дождь усилился",rain_set,"{""state"": ""auto""}"
Снимай подогрев руля,wheel_heater_set,"{""state"": ""off""}"
Подогрев сиденья заднего левого на максимум,seat_heater_set,"{""seat"": ""rear_left"", ""level"": ""max""}"
Охладитель кресла водителя выключи,seat_vent_set,"{""seat"": ""driver"", ""state"": ""off""}"
"Навигатор снова ведёт криво, какой шум от ветра, не могу сосредоточиться",chitchat,
"Утро, ветер такой, что резонирует зеркало — бесит",chitchat,
"Парковка тесная, навигатор пляшет — ох, кому это надо?",chitchat,
"Пожалуйста, умолкни, навигатор",chitchat,
"Слишком громкий голос у навигатора, можно потише?",chitchat,
Поставь радио на станции Маяк,radio_set_station,"{""station"": ""Маяк""}"
"Включи джаз и не переключайся, пожалуйста",play_music,"{""genre"": ""jazz""}"
Закрой переднее пассажирское окно,window_set,"{""side"": ""front_passenger"", ""position"": ""closed""}"
"Переключись в режим рециркуляции, пожалуйста",ac_mode_set,"{""mode"": ""recirculation""}"
Включи вентиляцию заднего сиденья,seat_vent_set,"{""seat"": ""rear"", ""state"": ""on""}"
Приоткрой люк совсем чуть-чуть,sunroof_set,"{""position"": ""slightly_open""}"
Сбавь громкость немного,volume_change,"{""direction"": ""down"", ""amount"": ""small""}"
Построй маршрут до ближайшей заправки и объезжай пробки,nav_start,"{""destination"": ""ближайшая заправка"", ""avoid"": ""traffic""}"
"Ну что, хорошая поездка?",chitchat,
Полностью открой все окна,window_set,"{""position"": ""open_all""}"
Снизь температуру в салоне на три градуса за счет кондиционера,ac_set,"{""change"": -3}"
Переключи на автоматический режим,ac_mode_set,"{""mode"": ""auto""}"
Сделай подогрев задних сидений на два,seat_heater_set,"{""seat"": ""rear"", ""level"": 2}"
Выключи охлаждение сидений,seat_vent_set,"{""state"": ""off""}"
Обдуй заднее стекло,defrost_set,"{""target"": ""rear"", ""state"": ""on""}"
Поставь что-то энергичное,play_music,"{""mood"": ""energetic""}"
Перестань воспроизводить плеер,stop_music,
Пропусти эту композицию,next_track,
Сделай тише до двух,volume_set,"{""level"": 2}"
Выключи перемешивание треков,media_shuffle_set,"{""state"": ""off""}"
Настрой радио на Орфей ФМ,radio_set_station,"{""station"": ""Орфей ФМ""}"
"Закрой стекла, пожалуйста",window_set,"{""state"": ""close""}"
Переходи на рециркуляцию воздуха,ac_mode_set,"{""mode"": ""recirculation""}"
Поставь режим обогрева,ac_mode_set,"{""mode"": ""heat""}"
Охлаждение включи,ac_mode_set,"{""mode"": ""cool""}"
Уменьши скорость вентилятора на три ступени,ac_fan_set,"{""delta"": -3}"
Включи подогрев передних сидений на третью степень,seat_heater_set,"{""seat"": ""front"", ""level"": 3}"
Убери подогрев со всех кресел,seat_heater_set,"{""seat"": ""all"", ""state"": ""off""}"
Включи вентиляцию сидений на максимуме,seat_vent_set,"{""level"": ""max""}"
Отключи вентиляторы в креслах,seat_vent_set,"{""state"": ""off""}"
Включи обдув лобового стекла — разморозь его,defrost_set,"{""target"": ""front"", ""state"": ""on""}"
"Разморозь заднее стекло, пожалуйста",defrost_set,"{""target"": ""rear"", ""state"": ""on""}"
Поставь любую музыку,play_music,
Воспроизведи плейлист Утро,play_music,"{""playlist"": ""Утро""}"
Сделай тише на две деления,volume_change,"{""delta"": -2}"
Автоматический режим для дождя включи,rain_set,"{""mode"": ""auto""}"
"Охлади руль, выключи обогрев",wheel_heater_set,"{""state"": ""off""}"
Сколько мне ехать до дома?,chitchat,
Включи музыку Джейми xx,play_music,"{""artist"": ""Джейми xx""}"
Включи повтор для всех треков,media_repeat_set,"{""mode"": ""all""}"
Случайный порядок выкл,media_shuffle_set,"{""state"": ""off""}"
Нужен маршрут мимо платной дороги,nav_start,"{""avoid"": ""toll""}"
Закрой правое переднее стекло,window_set,"{""side"": ""правое переднее""}"
Чуть приоткрой заднее окно,window_set,"{""side"": ""заднее"", ""position"": ""приоткрыть""}"
Увеличь обдув до трёх,ac_fan_set,"{""level"": 3}"
Понизь скорость вентилятора на единицу,ac_fan_set,"{""decrease_by"": 1}"
Подогрей водительское сиденье до максимума,seat_heater_set,"{""seat"": ""водительское"", ""level"": ""максимум""}"
Включи обдув сидений,seat_vent_set,
Активируй обогрев руля,wheel_heater_set,"{""state"": ""включить""}"
Включи обдув на лобовом стекле,defrost_set,"{""target"": ""лобовое""}"
Оттаивание заднего стекла отключи,defrost_set,"{""target"": ""заднее"", ""state"": ""выключить""}"
Приоткрой люк на проветривание,sunroof_set,"{""position"": ""проветривание""}"
"Воспроизведи мою подборку для дороги, начни с самого первого трека",play_music,
Пауза пожалуйста,media_pause,
Убавь звук на три ступени,volume_change,"{""steps"": 3}"
"Включи, пожалуйста, Дорожное FM",radio_set_station,"{""station"": ""Дорожное FM""}"
Настрой на частоту сто один точка пять,radio_set_station,"{""frequency"": 101.5}"
"Построй маршрут до работы, избегая платных дорог и долгих объездов",nav_start,"{""destination"": ""работа""}"
Дождевой режим дворников,rain_set,
Поставь дворники на среднюю скорость,wipers_set,"{""speed"": ""средняя""}"
Один взмах дворников,wipers_set,"{""action"": ""один взмах""}"
"Расскажи что-нибудь смешное, чтобы я не засыпал за рулём",chitchat,
"Скажи, есть ли пробки по дороге к дому и сколько это может занять",chitchat,"{""route"": ""дом""}"
Повтори последнюю песню,media_repeat_set,"{""mode"": ""one""}"
Настрой громкость наполовину,volume_set,"{""level"": 50}"
Где ближайшая заправка и проложи маршрут туда с учётом минимального времени,nav_start,"{""destination"": ""заправка""}"
Позвонить Сергею Ивановичу,call_start,"{""contact"": ""Сергей Иванович""}"
Приоткрой окно пассажиру слева,window_set,"{""side"": ""слева"", ""position"": ""приоткрыть"", ""target"": ""пассажир""}"
Активируй автоматический режим кондиционера,ac_mode_set,"{""mode"": ""авто""}"
Запусти навигацию до ближайшего кафе и построй маршрут без платных дорог,nav_start,"{""destination"": ""кафе"", ""avoid"": ""платные дороги""}"
Открой заднее стекло пожалуйста,window_set,"{""side"": ""заднее"", ""position"": ""open""}"
Добавь три градуса к температуре,ac_set,"{""delta"": 3}"
"Выключи кондиционер, он шумит",ac_off,
Назад на пару секунд,previous_track,
"Разогрей руль, холодно",wheel_heater_set,"{""state"": ""on""}"
Подогрей кресло водителя,seat_heater_set,"{""seat"": ""водителя"", ""state"": ""on""}"
Охлади пассажирское сиденье вентилятором,seat_vent_set,"{""seat"": ""пассажира"", ""state"": ""on""}"
Убавь подогрев до двух,seat_heater_set,"{""level"": 2}"
Включи вентиляцию салона на максимум,ac_fan_set,"{""level"": ""max""}"
Ближний свет фар,headlights_set,"{""mode"": ""low""}"
"Радио шипит, выключи его",radio_set,"{""state"": ""off""}"
Убавь громкость — фон помех мешает,volume_change,"{""direction"": ""down""}"
Поставь на паузу радио пока шум не уйдёт,stop_music,
"Прокладывай маршрут через двор, там короче",nav_start,"{""via"": ""двор""}"
"Набери дорожную службу, есть скользко",call_start,"{""service"": ""дорожная служба""}"
"Ответь, это важно",call_answer,
Снег на стеклах — включи обогрев,defrost_set,"{""target"": ""front""}"
Подними температуру чуть выше,ac_set,"{""direction"": ""up""}"
"Холодно, добавь пять градусов",ac_set,"{""delta"": 5}"
Уменьши громкость радиостанции до четырёх,volume_set,"{""level"": 4}"
"Включи повтор, пожалуйста",media_repeat_set,"{""state"": ""on""}"
Все окна закрыты?,chitchat,
"Боже, как шипит это радио...",chitchat,
"Днём во дворе снег и радио шипит, переключи на следующую песню, пожалуйста, мне это мешает",next_track,
Глуши звук,volume_mute_set,
"Музыку потише, пожалуйста",volume_change,"{""change"": ""down""}"
Понизить звук,volume_change,
"Тише пожалуйста, я сейчас поворачиваю во двор, нужно слышать снег",volume_change,
Прибавь на один,volume_change,"{""change"": ""up"", ""level"": 1}"
Продолжай,play_music,
Найди радиостанцию Вечерняя,radio_set_station,"{""station"": ""Вечерняя""}"
Настрой радио на волну 87.5,radio_set_station,"{""frequency"": 87.5}"
Включи дворники на третью,wipers_set,"{""speed"": 3}"
Оттаить стекла,defrost_set,
Переднее стекло на обдув,defrost_set,"{""zone"": ""front""}"
Поставь обогрев на двадцать два градуса,ac_set,"{""temperature_c"": 22}"
"Закрой все окна, снег поднимается и мне нужно, чтобы было тихо в салоне",window_set,"{""target"": ""all"", ""position"": ""up""}"
Опусти водительское окно,window_set,"{""window"": ""driver"", ""position"": ""down""}"
"Срочно свернуть во двор за углом, быстро и без музыки",nav_start,"{""destination"": ""двор""}"
"Нужно тихо, без звонков",chitchat,
"Помедленнее, снег и скользко",chitchat,
"Пожалуйста, не включай музыку при повороте",chitchat,
Уменьши звук на 50 процентов,volume_set,"{""level_percent"": 50}"
Молча сейчас,volume_mute_set,
"Пожалуйста, молчи минуту — идёт сильный снег, я аккуратно поворачиваю и мне нужна тишина",chitchat,
Приоткрой переднее окно,window_set,"{""position"": ""front""}"
"Пожалуйста, выключи кондиционер прямо сейчас",ac_off,
Установи режим рециркуляции,ac_mode_set,"{""mode"": ""recirculation""}"
Переключи на экономичный режим кондиционера,ac_mode_set,"{""mode"": ""eco""}"
Сделай обдув на максимальную,ac_fan_set,"{""level"": ""max""}"
Включи обогрев пассажирского сиденья на два уровня,seat_heater_set,"{""position"": ""passenger"", ""level"": 2}"
Включи вентиляцию в кресле справа,seat_vent_set,"{""position"": ""right""}"
Убери запотевание: включи обогрев стекол и максимальный обдув,defrost_set,"{""intensity"": ""max""}"
Приоткрой панорамный люк на пять сантиметров,sunroof_set,"{""amount_cm"": 5}"
Поставь что-нибудь спокойное из плейлиста,play_music,
Убавь громкость до половины,volume_set,"{""level_percent"": 50}"
Построй маршрут до ближайшей заправки с учётом объезда пробок,nav_start,"{""destination"": ""nearest_gas_station"", ""avoid"": ""traffic""}"
"Мне скучно, придумай что-нибудь интересное, чтобы не засыпать за рулём",chitchat,
Чуть приоткрой левое окно,window_set,"{""position"": ""left""}"
Поставь вентилятор на третий уровень,ac_fan_set,"{""level"": 3}"
На максимальный обогрев переднего пассажира,seat_heater_set,"{""position"": ""passenger"", ""level"": ""max""}"
Поставь трек на паузу на минуту,media_pause,"{""duration_seconds"": 60}"
Поставь радио на волну 87.5 FM,radio_set_station,"{""frequency"": 87.5, ""band"": ""FM""}"
"Полностью закрой панорамный люк, пожалуйста",sunroof_close,"{""position"": ""fully""}"
"Жарко внутри, включи кондиционер пожалуйста",ac_set,
Открой люк на солнце немного,sunroof_set,"{""position"": ""open"", ""percent"": 30}"
"Выключи кондиционер, хочу тишины",ac_off,
"Отключи климат, утомляет шум",ac_off,
"Включи рециркуляцию, запахи с улицы",ac_mode_set,"{""mode"": ""recirculation""}"
Переключи на обдув ног,ac_mode_set,"{""mode"": ""foot""}"
Убавь вентилятор на одну позицию,ac_fan_set,"{""fan_delta"": -1}"
Отопление лобового включи,defrost_set,"{""target"": ""front"", ""state"": ""on""}"
Подогрев сидений водителя на два,seat_heater_set,"{""seat"": ""driver"", ""level"": 2}"
Погаси подогрев кресла ребёнка,seat_heater_set,"{""seat"": ""rear"", ""state"": ""off""}"
"Охлади сиденье, вентиляция на максимум",seat_vent_set,"{""seat"": ""driver"", ""level"": ""max""}"
Выключи музыку полностью,stop_music,
Дай следующий трек,next_track,
Прибавь звук немного,volume_change,"{""delta"": 1}"
Громкость двенадцать,volume_set,"{""level"": 12}"
Пусть играет с флешки,media_source_set,"{""source"": ""usb""}"
Повтор всего альбома,media_repeat_set,"{""mode"": ""playlist""}"
Отключи случайный режим,media_shuffle_set,"{""state"": ""off""}"
Станция 89.5,radio_set_station,"{""frequency"": ""89.5""}"
Поставь радио «Наше Радио»,radio_set_station,"{""preset"": ""Наше Радио""}"
"Маршрут до дома, не отвлекай меня",nav_start,"{""destination"": ""home""}"
Проклади путь к ближайшей стоянке,nav_start,"{""destination"": ""nearest_parking""}"
"Отвяжи вызов, сбрось",call_hangup,
Убавь дворники до минимума,wipers_set,"{""level"": ""low""}"
Разве они спят? Попроси детей вести себя потише,chitchat,
"Пожалуйста, угомони детей — шёпотом",chitchat,
"На улице жара, а в машине душно — сделай кондиционер на двадцать",ac_set,"{""temperature"": 20}"
"Сделай музыку потише, чтобы дети не проснулись",volume_change,"{""delta"": -4}"
"Включи ближний свет, меня ослепляют встречные фары",headlights_set,"{""mode"": ""low""}"
Выключи дальний — еду по тоннелю и встречка слепит,high_beam_set,"{""state"": ""off""}"
"Пожалуйста, уйми дальний свет прямо сейчас",high_beam_set,"{""state"": ""off""}"
Включи противотуманные фары — сильный ветер и пыль,headlights_set,"{""mode"": ""fog"", ""state"": ""on""}"
"Затемни фары, не хочу слепнуть от встречки",headlights_set,"{""mode"": ""dim""}"
"Подогрей руль на максимум, холодный ветер за окном",wheel_heater_set,"{""level"": 100}"
"Нагрей водительское сиденье, пожалуйста",seat_heater_set,"{""seat"": ""driver"", ""state"": ""on""}"
Убавь обогрев заднего сиденья — жарко в салоне,seat_heater_set,"{""seat"": ""rear"", ""action"": ""decrease""}"
"Открой переднее правое окно, хочу услышать ветер",window_set,"{""side"": ""front_right"", ""action"": ""open""}"
"Закрой задние окна, слишком шумно от шин",window_set,"{""side"": ""rear"", ""action"": ""close""}"
"Приоткрой окно наполовину, в тоннеле душно",window_set,"{""position_percent"": 50, ""action"": ""open""}"
Тише музыку — шум от шин мешает ориентироваться,volume_change,"{""direction"": ""down""}"
"Громкость на максимум, мне нужно услышать навигацию",volume_set,"{""level"": 100}"
Прибавь громкость на три деления,volume_change,"{""delta"": 3}"
"Выключи музыку, я разговариваю по телефону",stop_music,
Поставь на паузу воспроизведение,media_pause,
Переключи источник на радио — поймай волну в тоннеле,media_source_set,"{""source"": ""radio""}"
"Поставь радио на 101.5 FM, быстро",radio_set_station,"{""frequency"": ""101.5""}"
"Отправь меня в центр, срочно туда еду",nav_start,"{""destination"": ""центр""}"
Отмени текущий маршрут — я меняю планы,nav_cancel,
"Позвони маме, и спроси, не беспокоиться ли ей",call_start,"{""contact"": ""мама""}"
"Ответь на звонок, режу встречку, не могу сейчас",call_answer,
"Сбрось вызов, едва вижу дорогу",call_hangup,
"Включи дворники, по стеклу летит вода и пыль",wipers_set,"{""state"": ""on""}"
"Включи режим дождя, пусть щетки сами работают",rain_set,"{""state"": ""on""}"
Щётки на третью скорость — сильный ливень и ветер,wipers_set,"{""speed"": 3}"
"Запусти обдув лобового стекла, запотевает внутри",defrost_set,"{""state"": ""on""}"
"Открой люк, хочется проветриться в туннеле",sunroof_set,"{""state"": ""open""}"
Закрой люк немедленно — встречная пыль летит в лицо,sunroof_close,
"Приоткрой люк для поддува, буквально на вентиляцию",sunroof_set,"{""position"": ""vent""}"
"Включи кондиционер, ночь и душно в салоне",ac_set,"{""state"": ""on""}"
"Выключи климат-контроль, спешу и холодно стало",ac_off,
Охлади салон до 18 градусов — жарко в машине,ac_set,"{""temperature"": 18}"
Переключи климат в режим «авто» — пусть сама регулирует,ac_mode_set,"{""mode"": ""auto""}"
"Поставь вентилятор на максимум, чувствую сквозняк",ac_fan_set,"{""level"": ""max""}"
"Вентилятор на третью, слышу шум шин и ветер",ac_fan_set,"{""speed"": 3}"
"Включи рециркуляцию, встречный воздух слишком резкий",ac_mode_set,"{""mode"": ""recirculation""}"
Выключи рециркуляцию и возьми свежий воздух,ac_mode_set,"{""mode"": ""fresh""}"
Включи обогрев лобового — потеет и видимость падает,defrost_set,"{""target"": ""front"", ""state"": ""on""}"
"Подогрев сидений на вторую ступень, пожалуйста",seat_heater_set,"{""level"": 2}"
"Охлади пассажирское сиденье, жарко справа",seat_vent_set,"{""seat"": ""passenger"", ""state"": ""on""}"
"Проветри салон, открой систему вентиляции на минимуме",ac_set,"{""mode"": ""vent""}"
"Повтори эту песню, она помогает ехать внимательнее",media_repeat_set,"{""mode"": ""track""}"
Включи случайное воспроизведение — пусть музыка меняется,media_shuffle_set,"{""state"": ""on""}"
"Переключи на «Москва FM», пусть сигнал держится в туннеле",radio_set,"{""station"": ""Москва FM""}"
"Выключи звук полностью, слишком сильно мешает шум шин",volume_mute_set,"{""state"": ""on""}"
"Включи звук обратно, мне нужно слушать подсказки навигатора",volume_mute_set,"{""state"": ""off""}"
Сделай тише голос навигации — он заглушает моё общение,volume_change,"{""target"": ""navigation"", ""direction"": ""down""}"
"Громкость медиа на двадцать процентов, чтобы не мешать вниманию",volume_set,"{""percent"": 20}"
"Пропусти рекламу, пожалуйста",next_track,
"Замолчи музыку, нужно послушать шум шин и ориентироваться",stop_music,
"Поставь на паузу видео — цельная дорога, опасно смотреть",media_pause,"{""source"": ""video""}"
"Переключись на USB-источник, там сигналы лучше",media_source_set,"{""source"": ""USB""}"
"Повтори весь плейлист, пусть играет по кругу",media_repeat_set,"{""mode"": ""all""}"
Переключись на следующую радиостанцию — поймай сеть в туннеле,radio_set,"{""action"": ""next""}"
"Тоннель длинный, встречка постоянно слепит — странно",chitchat,
Холодильник в машине не нужен — выключи кондиционер,ac_off,
Установи температуру на двадцать один градус,ac_set,"{""temperature"": ""21""}"
Переведи кондиционер в автоматический режим,ac_mode_set,"{""mode"": ""авто""}"
Понизь вентилятор на 2 ступени,ac_fan_set,"{""delta"": ""-2""}"
Подогрей водительское кресло на средний уровень,seat_heater_set,"{""seat"": ""водительское"", ""level"": ""средний""}"
Выключи обогрев сидений полностью,seat_heater_set,"{""level"": ""выкл""}"
Включи вентиляцию в кресле пассажира,seat_vent_set,"{""seat"": ""пассажирское"", ""state"": ""включить""}"
Активируй быстрый обдув задних сидений,seat_vent_set,"{""seat"": ""задние"", ""mode"": ""быстрый""}"
Протри лобовое стекло обдувом,defrost_set,"{""target"": ""лобовое""}"
Поставь на паузу плейлист,media_pause,
Громкость 12,volume_set,"{""level"": ""12""}"
Выключи звук микрофона и медиаплеера,volume_mute_set,"{""mute_target"": ""все""}"
Включи FM 101.2 пожалуйста,radio_set_station,"{""band"": ""FM"", ""frequency"": ""101.2""}"
Проклади маршрут до ближайшей кофейни,nav_start,"{""destination"": ""ближайшая кофейня""}"
Фары выключи,headlights_set,"{""state"": ""выключить""}"
"Третий режим дворников, пожалуйста",wipers_set,"{""level"": ""3""}"
"Охлади руль, пожалуйста",wheel_heater_set,"{""state"": ""выключить""}"
А ты знаешь моё имя?,chitchat,
Как погода на сегодня?,chitchat,
"Эй, расскажи анекдот",chitchat,
Можно громче чуть-чуть?,volume_change,"{""direction"": ""up"", ""amount"": ""чуть-чуть""}"
Поставь радиоприёмник на частоту 98.7,radio_set_station,"{""frequency"": ""98.7""}"
Включи мой плейлист «утро»,play_music,"{""playlist"": ""утро""}"
Останови проигрывание всех источников,stop_music,
Случайное воспроизведение выкл,media_shuffle_set,"{""state"": ""off""}"
Приоткрой переднее правое окно,window_set,"{""side"": ""переднее правое"", ""action"": ""приоткрыть""}"
"Если не сложно, включи климат-контроль и сделай в салоне прохладу",ac_set,
Поставь кондиционер на 21 градус,ac_set,"{""temperature"": 21}"
Охлади до пятнадцати градусов,ac_set,"{""temperature"": 15}"
Переключи климат в режим экономии,ac_mode_set,"{""mode"": ""eco""}"
Увеличь скорость вентилятора на два шага,ac_fan_set,"{""delta"": 2}"
Подогрей водительское сиденье до третьего уровня,seat_heater_set,"{""seat"": ""водительское"", ""level"": 3}"
Выключи обогрев пассажирского сиденья,seat_heater_set,"{""seat"": ""пассажирское"", ""state"": ""off""}"
"Можешь включить что-нибудь бодрое, чтобы проснуться на этой дороге?",play_music,"{""mood"": ""бодрое""}"
Поставь спокойный джаз на фон,play_music,"{""genre"": ""джаз""}"
"Сделай так, чтобы музыка перестала играть сейчас, пожалуйста",stop_music,
Установи громкость на 40 процентов,volume_set,"{""level"": 40}"
Поставь Радио Русский Хит,radio_set_station,"{""station_name"": ""Радио Русский Хит""}"
Проклади маршрут до Пулково,nav_start,"{""destination"": ""Пулково""}"
"Построй маршрут до МКАД, на двадцать третий километр, с учётом пробок",nav_start,"{""destination"": ""МКАД 23-й километр""}"
"Набери, пожалуйста, маму на её мобильный, это срочно",call_start,"{""contact"": ""мама""}"
Как твои дела?,chitchat,
Сколько градусов на улице?,chitchat,
"Мне хочется послушать что-нибудь спокойное, включи, пожалуйста, плейлист для вечерней поездки",play_music,"{""mood"": ""спокойное""}"
"Приостановь воспроизведение на пару минут, пожалуйста, мне нужно ответить",media_pause,
"Дальше, эта песня не нравится",next_track,
"Верни предыдущую композицию, пожалуйста",previous_track,
Переведи климат-контроль в автоматический режим,ac_mode_set,"{""mode"": ""auto""}"
"Пожалуйста, включи быстрый режим разморозки на лобовое стекло — оно очень запотело",defrost_set,"{""target"": ""лобовое"", ""mode"": ""быстрый""}"
"Открой люк на пару сантиметров, только слегка",sunroof_set,"{""amount"": ""несколько сантиметров""}"
Настрой на 99.5 FM,radio_set_station,"{""frequency"": ""99.5""}"
Подними левое заднее окно наполовину,window_set,"{""side"": ""left"", ""position"": ""rear"", ""percent"": 50}"
Открой панорамную крышу немного,sunroof_set,"{""position"": ""tilt""}"
Ослабь вентилятор на одну ступень,ac_fan_set,"{""delta"": -1}"
Включи подогрев передних сидений,seat_heater_set,"{""seat"": ""front"", ""side"": ""both"", ""state"": ""on""}"
Подогрей правое кресло на вторую ступень,seat_heater_set,"{""seat"": ""front"", ""side"": ""right"", ""level"": 2}"
Охлади пассажирское кресло на всю мощность,seat_vent_set,"{""seat"": ""passenger"", ""level"": ""max""}"
Выключи разморозку заднего стекла,defrost_set,"{""target"": ""rear"", ""state"": ""off""}"
Станция 101.2 FM,radio_set_station,"{""frequency"": 101.2}"
Переключись на «Европа Плюс»,radio_set_station,"{""station"": ""Европа Плюс""}"
"Проложи маршрут до Тверской 7, центр города, избегай платных дорог",nav_start,"{""destination"": ""Тверская 7, центр города"", ""avoid"": ""tolls""}"
"Пожалуйста, проложи маршрут до центра города и избегай мостов",nav_start,"{""destination"": ""центр города"", ""avoid"": ""bridges""}"
Позвонить отцу,call_start,"{""contact"": ""отец""}"
Дальний выключить,high_beam_set,"{""state"": ""off""}"
Дворники на слабую скорость,wipers_set,"{""level"": ""low""}"
"Сделай климат теплее на три градуса и включи подогрев сидений, мне холодно",ac_set,"{""delta"": 3}"
Закрой правое,window_set,"{""side"": ""right"", ""position_percent"": 0}"
Опусти переднее окно наполовину,window_set,"{""side"": ""front"", ""position_percent"": 50}"
Приоткрой окно слева немного,window_set,"{""side"": ""left"", ""position_percent"": 15}"
Полностью опусти заднее правое стекло,window_set,"{""side"": ""rear_right"", ""position_percent"": 100}"
"Можно пониже, до 18",ac_set,"{""temperature"": 18}"
Переключи климат в экономичный режим,ac_mode_set,"{""mode"": ""eco""}"
Поставь авто режим,ac_mode_set,"{""mode"": ""auto""}"
Переведи обдув на рециркуляцию воздуха,ac_mode_set,"{""mode"": ""recirculation""}"
Увеличь мощность вентилятора на три,ac_fan_set,"{""delta"": 3, ""action"": ""increase""}"
Подогрей водительское сиденье на среднюю ступень,seat_heater_set,"{""side"": ""driver"", ""level"": ""medium""}"
Сильно нагрей заднее правое кресло,seat_heater_set,"{""side"": ""rear_right"", ""level"": ""high""}"
Снизь подогрев до нуля,seat_heater_set,"{""level"": 0}"
Отключи обдув кресла водителя,seat_vent_set,"{""side"": ""driver"", ""action"": ""off""}"
"Как ты думаешь, сегодня поместимся в парковку?",chitchat,
Включи стеклоочистители на среднюю скорость,wipers_set,"{""level"": ""medium""}"
Убери громкость на три деления,volume_change,"{""delta"": 3, ""action"": ""decrease""}"
Установи громкость на 20,volume_set,"{""volume"": 20}"
Подключи Bluetooth,media_source_set,"{""source"": ""bluetooth""}"
Настрой на частоту 101.2,radio_set_station,"{""frequency"": 101.2}"
Включи Радио Рокс,radio_set_station,"{""station"": ""Радио Рокс""}"
"Мне нужно срочно доехать до аэропорта, проложи маршрут, пожалуйста",nav_start,"{""destination"": ""аэропорт""}"
"Прокладывай домой, побыстрее",nav_start,"{""destination"": ""дом""}"
Радио на FM 101.2,radio_set_station,"{""frequency"": ""FM 101.2""}"
"Настрой радио на волну 88,5",radio_set_station,"{""frequency"": ""88.5""}"
"Выключи дальний, пожалуйста",high_beam_set,"{""state"": ""off""}"
Сними подогрев с пассажирского,seat_heater_set,"{""seat"": ""passenger"", ""state"": ""off""}"
"Включи обдув лобового стекла, пожалуйста",defrost_set,"{""target"": ""front""}"
Приоткрой шторку в крыше,sunroof_set,"{""shade"": ""open""}"
Закрой окно справа,window_set,"{""side"": ""right"", ""action"": ""close""}"
Не отвлекай меня — навигируй к ближайшему съезду,nav_start,"{""destination"": ""nearest_exit""}"
Прокладывай быстрый маршрут на ближайший съезд,nav_start,"{""preference"": ""fast"", ""destination"": ""nearest_exit""}"
Позвони домой,call_start,"{""contact"": ""дом""}"
Установи дворники на среднюю скорость,wipers_set,"{""speed"": ""medium""}"
"Авто, включи режим дождя",rain_set,"{""state"": ""on""}"
Включи автомат дождевого режима,rain_set,"{""state"": ""on""}"
Запусти подачу воздуха на стекло и убери запотевание,defrost_set,"{""target"": ""front""}"
Охладитель салона — на минимум,ac_set,"{""level"": ""min""}"
"Убавь обдув, чуть поменьше",ac_fan_set,
Поставь вентилятор на половину,ac_fan_set,"{""level"": ""50%""}"
"Переключись в рециркуляцию, чтобы не гонять мокрый воздух",ac_mode_set,"{""mode"": ""recirculation""}"
"Открой люк слегка, чуть-чуть проветрить",sunroof_set,"{""position"": ""vent""}"
"Заткни музыку, пассажир спит",stop_music,
Сделай музыку потише на 10 процентов,volume_change,"{""percent"": 10}"
"Переключи трек, но тихо",next_track,
"Радио, включи новости",radio_set,"{""program"": ""news""}"
Покажи ближайшую АЗС и веди меня туда,nav_start,"{""destination"": ""nearest_gas_station""}"
"Отмени маршрут, просто поеду сам",nav_cancel,
Уменьши яркость фар наполовину,headlights_set,"{""level"": ""50%""}"
Подогрей правое сиденье немного,seat_heater_set,"{""seat"": ""right"", ""level"": ""low""}"
"Обдуй ноги и лобовое, пожалуйста",ac_mode_set,"{""mode"": ""feet_and_front""}"
Поговорим позже,chitchat,
"Открой, пожалуйста, левое окно примерно наполовину, чтобы проветрить салон",window_set,"{""side"": ""left"", ""percent"": 50}"
Немного приоткрой правое заднее стекло — буквально пару сантиметров,window_set,"{""side"": ""rear_right"", ""position"": ""slightly_open"", ""percent"": 10}"
Опусти стекло водителя полностью,window_set,"{""side"": ""driver"", ""percent"": 100}"
"Подними заднее стекло на двадцать процентов, пожалуйста",window_set,"{""side"": ""rear"", ""percent"": 20}"
"Можно установить температуру на двадцать два градуса, пожалуйста, сделай так",ac_set,"{""temperature"": 22}"
Подними обороты вентилятора на два шага,ac_fan_set,"{""delta"": 2}"
"Поставь обдув на максимум, пожалуйста",ac_fan_set,"{""speed"": ""max""}"
Открой люк полностью — хочу почувствовать ветер во время поездки,sunroof_set,"{""percent"": 100}"
"Закрой шторку панорамной крыши, пожалуйста",sunroof_close,
Громкость пятьдесят процентов,volume_set,"{""level"": 50}"
Включи повтор воспроизведения,media_repeat_set,"{""state"": ""on""}"
Включи режим случайного воспроизведения плейлиста,media_shuffle_set,"{""state"": ""on""}"
"Настрой частоту 101.2 FM, пожалуйста",radio_set_station,"{""frequency"": ""101.2""}"
"Поехали в центр города, проложи маршрут и учитывай пробки",nav_start,"{""destination"": ""центр города""}"
Отмени маршрут сейчас,nav_cancel,
Заверши разговор и положи трубку,call_hangup,
Поставь фары в режим авто,headlights_set,"{""mode"": ""auto""}"
"Дворники на интервальном режиме, включай",wipers_set,"{""mode"": ""intermittent""}"
Активируй датчик дождя для дворников,rain_set,"{""state"": ""on""}"
Включи обогрев руля на минимальную мощность,wheel_heater_set,"{""state"": ""on""}"
"Выключи обогрев руля, хватит",wheel_heater_set,"{""state"": ""off""}"
"Охлади кресло пассажира, включи вентиляцию",seat_vent_set,"{""side"": ""passenger"", ""state"": ""on""}"
"Включи обдув передних стекол, чтобы убрать запотевание",defrost_set,"{""target"": ""front"", ""state"": ""on""}"
"Расскажи что-нибудь смешное, хочется посмеяться",chitchat,
Какая будет погода завтра в нашем городе?,chitchat,
"Поставь джазовую станцию, пожалуйста",play_music,"{""genre"": ""джаз""}"
Включи песню Imagine Джона Леннона,play_music,"{""song"": ""Imagine"", ""artist"": ""Джон Леннон""}"
"Пропусти этот трек, пожалуйста",next_track,
"Вернись к предыдущей композиции, если можно",previous_track,
"Сделай тише, пожалуйста",volume_change,"{""direction"": ""down""}"
Отключи кондиционер и вентилятор салона,ac_off,
"Прокладывай маршрут домой на адрес Ленина 22, постарайся объезжать платные дороги",nav_start,"{""destination"": ""Ленина 22""}"
"Набери номер службы спасения, срочно",call_start,"{""contact"": ""служба спасения""}"
"Подними трубку, отвечай на звонок",call_answer,
Заверши текущий вызов и положи трубку,call_hangup,
"Найди рок-радио и включи его, пожалуйста",radio_set_station,"{""genre"": ""рок""}"
Выключи повтор воспроизведения,media_repeat_set,"{""state"": ""off""}"
Люк — полностью открыть,sunroof_set,"{""position_percent"": 100, ""action"": ""open""}"
Закрой панорамный люк сейчас,sunroof_close,
"Верни предыдущую песню, пожалуйста",previous_track,
Сделай погромче на три деления,volume_change,"{""direction"": ""up"", ""steps"": 3}"
Включи радио 103.7 FM,radio_set_station,"{""band"": ""FM"", ""frequency"": 103.7}"
"Найди маршрут: улица Ленина, дом пять",nav_start,"{""destination"": ""улица Ленина, 5""}"
Отмени текущий маршрут,nav_cancel,
Подогрей водительское сиденье до уровня три,seat_heater_set,"{""seat"": ""driver"", ""level"": 3}"
Охлади пассажирское сиденье на максимум,seat_vent_set,"{""seat"": ""passenger"", ""level"": ""max""}"
Включи вентиляцию сиденья водителя на два,seat_vent_set,"{""seat"": ""driver"", ""level"": 2}"
Поставь климат на двадцать три градуса,ac_set,"{""temperature"": 23}"
Установи скорость вентилятора на пять,ac_fan_set,"{""speed"": 5}"
"Расскажи анекдот, пожалуйста",chitchat,
Отключи режим повтора,media_repeat_set,"{""mode"": ""off""}"
Понизь громкость на семь пунктов,volume_change,"{""direction"": ""down"", ""amount"": 7}"
Настрой FM на 98.4,radio_set_station,"{""band"": ""FM"", ""frequency"": 98.4}"
Проклади маршрут до ближайшей заправки без учёта пробок,nav_start,"{""destination"": ""ближайшая заправка""}"
Поменяй аудиовыход на USB,media_source_set,"{""source"": ""USB""}"
"Мне холодно, сделай, пожалуйста, кондиционер на двадцать два градуса и включи рециркуляцию воздуха",ac_set,"{""temperature"": 22}"
"Я замёрз — подними подогрев водительского сиденья до уровня четыре, пожалуйста",seat_heater_set,"{""seat"": ""driver"", ""level"": 4}"
"Найди дорогу к офису компании «Рога и Копыта», улица Большая Дмитровка дом двадцать два, и избегай платных участков",nav_start,"{""destination"": ""офис Рога и Копыта, Большая Дмитровка 22""}"
Подними заднее правое окно полностью,window_set,"{""side"": ""right_rear"", ""position"": ""100""}"
"Хочу прохладу, сделай кондиционер на 18",ac_set,"{""temperature"": ""18""}"
Переведи кондиционер в эко-режим,ac_mode_set,"{""mode"": ""eco""}"
Включи рециркуляцию и авто,ac_mode_set,"{""mode"": ""auto"", ""recirculation"": ""on""}"
Подогрей водительское сидение на две,seat_heater_set,"{""seat"": ""driver"", ""level"": ""2""}"
Сбавь громкость на три,volume_change,"{""delta"": ""-3""}"
Адаптация под дождь включи,rain_set,"{""state"": ""on""}"
Как красиво сегодня,chitchat,
"Тихо стучит дождь, приятно",chitchat,
"Едем аккуратно, скоро поворот",chitchat,
"Нужно быстро свернуть, будь готов",chitchat,
"Можно полегче, не спеши?",chitchat,
"Сделай музыку потише, пожалуйста",volume_change,"{""delta"": ""-2""}"
Поставь радио на «Эхо Москвы»,radio_set_station,"{""station"": ""Эхо Москвы""}"
Отмени маршрут домой,nav_cancel,
Поднимите водительское окно,window_set,"{""side"": ""driver"", ""position"": ""100""}"
Снизь вентиляцию наполовину,ac_fan_set,"{""fan"": ""50""}"
Переключи кондиционер на обдув ног,ac_mode_set,"{""mode"": ""feet""}"
"Рассвет, дождь тихо стучит — еду осторожно",chitchat,
"Опусти все окна наполовину, но потише",window_set,"{""side"": ""all"", ""position_percent"": 50}"
Закрой левое окно,window_set,"{""side"": ""left"", ""position_percent"": 0}"
"Немного приоткрой заднее окно, пассажир спит",window_set,"{""side"": ""rear""}"
"Охлаждение на двадцать градусов, пожалуйста",ac_set,"{""temperature"": 20}"
Сделай салон прохладным до 18,ac_set,"{""temperature"": 18}"
Удали запотевание лобового стекла,defrost_set,"{""zone"": ""front""}"
Понизь вентилятор на один ступень,ac_fan_set,"{""change"": -1}"
Включи подогрев водительского сиденья на средний,seat_heater_set,"{""seat"": ""driver"", ""level"": ""medium""}"
Поставь вентиляцию водительского кресла на минимум,seat_vent_set,"{""seat"": ""driver"", ""level"": ""low""}"
"Приоткрой люк чуть-чуть, тихо, чтобы не будить",sunroof_set,"{""position"": ""slightly""}"
"Следующий трек, но потише",next_track,
Включи спокойную музыку на фон,play_music,"{""mood"": ""calm""}"
"Приглуши звук, пассажир спит",volume_mute_set,"{""mute"": true}"
Снизь громкость мультимедиа до двадцати,volume_set,"{""level"": 20}"
Поставь 103.2 FM,radio_set_station,"{""frequency"": 103.2}"
"Навигируй до ближайшего кафе, тихо, не буди пассажира",nav_start,"{""destination"": ""ближайшее кафе""}"
"Дворники на малую скорость, чуть-чуть капает",wipers_set,"{""speed"": ""low""}"
"Подними стекла, мы в туннеле",window_set,"{""side"": ""all"", ""action"": ""close""}"
"Немного понизь температуру, слишком жарко в машине",ac_set,
Включи AUTO для кондиционера,ac_mode_set,"{""mode"": ""auto""}"
"Поставь джазовую подборку, тихо и ненавязчиво",play_music,"{""genre"": ""джаз""}"
Пропусти текущую композицию,next_track,
"Сменить источник на радио, пожалуйста",media_source_set,"{""source"": ""radio""}"
Найди радиостанцию Эхо,radio_set_station,"{""name"": ""Эхо""}"
"Запусти навигацию до дома, но тихо пожалуйста",nav_start,"{""destination"": ""дом""}"
"Отмени навигацию, не хочу отвлекаться",nav_cancel,
Пассажир спит — не включай разговоры и уведомления,chitchat,
"Жарко в туннеле, сделай прохладно и бесшумно",chitchat,
"Не отвлекай меня, пожалуйста",chitchat,
Закрой заднюю правую форточку,window_set,"{""side"": ""right_rear"", ""position"": ""closed""}"
Поставь кондиционер на двадцать три градуса,ac_set,"{""temperature"": 23}"
"Сделай кондиционер потише, пожалуйста, на 18 градусов",ac_set,"{""temperature"": 18}"
Выключи АС,ac_off,
Поставь обдув на ноги и лобовое стекло,ac_mode_set,"{""mode"": ""feet_and_defrost""}"
"Сделай тёплее пассажирское кресло, уровень два",seat_heater_set,"{""side"": ""passenger"", ""level"": 2}"
Отключи вентиляцию на пассажирском месте,seat_vent_set,"{""side"": ""passenger"", ""state"": ""off""}"
Оттай лобовое стекло,defrost_set,"{""target"": ""front"", ""state"": ""on""}"
Сними обледенение с заднего стекла,defrost_set,"{""target"": ""rear"", ""state"": ""on""}"
"Приоткрой крышу над головой, чуть-чуть",sunroof_set,"{""position"": ""vent""}"
"Следующий трек, давай",next_track,
Убавь звук на два деления,volume_change,"{""change"": ""down"", ""steps"": 2}"
Сделай повтор треков включённым,media_repeat_set,"{""state"": ""on""}"
Настрой меня на станцию 103.5,radio_set_station,"{""frequency"": ""103.5""}"
"Поехали до ближайшей АЗС, проложи маршрут",nav_start,"{""destination"": ""gas_station""}"
"Автоматические дворники включи, пожалуйста",rain_set,"{""mode"": ""auto"", ""state"": ""on""}"
"Ну и погодка сегодня, да?",chitchat,
"Спасибо, ты лучшая система на свете",chitchat,
Сколько ещё километров до цели?,chitchat,
Поменяй источник на USB-1,media_source_set,"{""source"": ""USB1""}"
Включи повтор только для этой песни,media_repeat_set,"{""mode"": ""track""}"
Выключи случайное воспроизведение,media_shuffle_set,"{""state"": ""off""}"
Прокладывай маршрут домой через центр города,nav_start,"{""destination"": ""home"", ""via"": ""city_center""}"
Позвонить последнему абоненту,call_start,"{""action"": ""redial""}"
"Пожалуйста, приостанови музыку и запомни композицию",media_pause,
"Следующая, но потише, пожалуйста",next_track,
Прошлый трек ещё раз,previous_track,
Добавь громкость на пятёрку,volume_change,"{""change"": ""up"", ""steps"": 5}"
Установи уровень громкости на ноль — тишина,volume_set,"{""level"": 0}"
Ты можешь отключить звук уведомлений?,volume_mute_set,"{""target"": ""notifications"", ""mute"": true}"
"Включи радио AM, станция национальная вещательная",radio_set,"{""band"": ""AM"", ""station_name"": ""национальная вещательная""}"
"Пожалуйста, закрой люк и все окна, собираюсь выйти",sunroof_close,
"Подтверди, что фары выключены",headlights_set,
"Хочу, чтобы в салоне было тепло — установи, пожалуйста, кондиционер на двадцать два градуса",ac_set,"{""temperature"": 22}"
Закрой люк на крыше,sunroof_close,
Переключи режим рециркуляции,ac_mode_set,"{""mode"": ""recirculation""}"
"Мне холодно в левую ногу, включи обогрев левого сиденья на третий уровень прямо сейчас",seat_heater_set,"{""side"": ""left"", ""level"": 3}"
"Если можно, включи вентиляцию сидений и поставь её на самый сильный режим, пожалуйста",seat_vent_set,"{""level"": ""max""}"
"Выключи обогрев стекол, пожалуйста",defrost_set,"{""area"": ""front"", ""state"": ""off""}"
Поставь автоматическое переключение дальнего света,high_beam_set,"{""state"": ""auto""}"
"Пожалуйста, поставь дворники в режим интервальной работы с паузой примерно в одну минуту между взмахами",wipers_set,"{""mode"": ""intermittent"", ""interval_seconds"": 60}"
Переключи на радиостанцию Euronews,radio_set_station,"{""station"": ""Euronews""}"
Громче на три уровня,volume_change,"{""direction"": ""up"", ""steps"": 3}"
Переключи на следующую радиостанцию в списке,radio_set,
"Найди и проложи маршрут до ближайшей станции метро, чтобы я доехал туда быстрее",nav_start,"{""destination"": ""метро""}"
"Запусти, пожалуйста, утренний плейлист, тот что называется «Утро», хочу музыку для пробуждения",play_music,"{""playlist"": ""Утро""}"
Сделай паузу,media_pause,
Повтори предыдущую композицию,previous_track,
Прибавь громкость навигации,volume_change,"{""target"": ""navigation"", ""direction"": ""up""}"
Пожалуй сделай музыку погромче,volume_change,"{""target"": ""music"", ""direction"": ""up""}"
Отключи фоновую музыку и включи радио на следующем канале,media_source_set,"{""source"": ""radio""}"
Включи повтор на одну дорожку,media_repeat_set,"{""mode"": ""one""}"
Поставь станцию BBC на 100.5 FM,radio_set_station,"{""station"": ""100.5"", ""name"": ""BBC""}"
Запусти маршрут до дома,nav_start,"{""destination"": ""дом""}"
"Мне холодно, прибавь два градуса, пожалуйста",ac_set,"{""delta"": 2}"
Какая сегодня погода на дороге?,chitchat,
Закрой заднее стекло,window_set,"{""which"": ""rear"", ""action"": ""close""}"
Понизить стекла наполовину,window_set,"{""position_percent"": 50}"
Установи 21°C,ac_set,"{""temperature"": 21}"
Температура 19,ac_set,"{""temperature"": 19}"
Поставь режим обогрев,ac_mode_set,"{""mode"": ""heat""}"
Остывание кресла пассажира,seat_vent_set,"{""seat"": ""passenger"", ""action"": ""on""}"
Подогрев задних сидений выключи,seat_heater_set,"{""seat"": ""rear"", ""action"": ""off""}"
Вентиляция сидений на максимум,seat_vent_set,"{""level_percent"": 100}"
Выключи задний дефростер,defrost_set,"{""target"": ""rear"", ""action"": ""off""}"
Закрой солнцезащитную шторку,sunroof_close,"{""target"": ""shade""}"
Радио на волну 101.5 FM,radio_set_station,"{""frequency"": 101.5, ""band"": ""FM""}"
Навигатор проложи маршрут до дома,nav_start,"{""destination"": ""дом""}"
Позвонить Саше,call_start,"{""contact"": ""Саша""}"
Повесить,call_hangup,
"Выключи фары, пожалуйста",headlights_set,"{""state"": ""off""}"
Охладить руль,wheel_heater_set,"{""state"": ""off""}"
Сколько километров до заправки?,chitchat,
"Сделай так, чтобы в салоне было прохладно и вентилятор дул чуть сильнее",ac_set,
"Мне музыка нужна тихая, пожалуйста убавь громкость со ста до тридцати",volume_set,"{""level"": 30}"
"Пожалуйста, направь меня в ближайшее кафе, чтобы было по пути к центру",nav_start,"{""destination"": ""кафе""}"
"Если будет дождь, включи дворники на среднюю скорость",wipers_set,"{""speed"": ""medium""}"
"Я хочу слушать что-то энергичное, включая рок и электронику, переключись на shuffle",media_shuffle_set,"{""state"": ""on""}"
Приоткрой заднее правое,window_set,"{""window"": ""rear_right"", ""position"": ""slightly_open""}"
"Пожалуйста, закрой водительское окно",window_set,"{""window"": ""driver"", ""position"": ""closed""}"
"Мне жарко, сделай потише кондиционер",ac_set,
Включи экономичный режим кондиционера,ac_mode_set,"{""mode"": ""eco""}"
Выруби AC,ac_off,
Нагрей водительское сиденье на две ступени,seat_heater_set,"{""seat"": ""driver"", ""level"": ""2""}"
Поставь подогрев заднего ряда на максимум,seat_heater_set,"{""seat"": ""rear"", ""level"": ""max""}"
Вентиляция пассажирского сиденья — включи,seat_vent_set,"{""seat"": ""passenger"", ""state"": ""on""}"
"Поставь что-нибудь бодрое, пожалуйста",play_music,
Переключи на блютуз,media_source_set,"{""source"": ""bluetooth""}"
Включи станцию Маяк,radio_set_station,"{""station"": ""Маяк""}"
Прокладка до ближайшего кафе,nav_start,"{""destination"": ""nearest_cafe""}"
Набери скорую,call_start,"{""contact"": ""скорая""}"
"Автовключение дождя, включи",rain_set,"{""mode"": ""auto""}"
"Можно ли чуть приоткрыть люк, буквально на пару сантиметров, пожалуйста?",sunroof_set,"{""position"": ""slight_open""}"
Снизь обдув до минимального,ac_fan_set,"{""level"": ""low""}"
"Не могу видеть ничего через лобовое — включи, пожалуйста, разморозку и обдув на максимум",defrost_set,"{""target"": ""front_windshield"", ""power"": ""max""}"
Повтори этот альбом постоянно,media_repeat_set,"{""scope"": ""album""}"
"Случайный порядок, пожалуйста",media_shuffle_set,
Переключись на Радио России 100.5,radio_set_station,"{""station"": ""Радио России"", ""frequency"": ""100.5""}"
"Перескочи к следующей композиции и сделай это тихо, пожалуйста",next_track,
"Сделай потише, пожалуйста, пассажир спит",volume_change,
Поставь громкость на пять,volume_set,"{""level"": ""5""}"
"Отключи музыку, пусть будет тихо",stop_music,
Воспроизведи джазовую станцию,play_music,"{""genre"": ""джаз""}"
"Включи радио FM 101.2 — не громко, пожалуйста",radio_set_station,"{""frequency"": ""101.2"", ""band"": ""FM""}"
"Включи повторы, пусть играет одно и то же",media_repeat_set,"{""state"": ""on""}"
Перемешать музыку сейчас,media_shuffle_set,"{""state"": ""on""}"
"Пожалуйста, поставь тишину — выключи кондиционер",ac_off,
Снижи температуру на два градуса,ac_set,"{""delta"": ""2""}"
"Вентилятор на минимуме, пожалуйста",ac_fan_set,"{""level"": ""min""}"
Уменьши мощность вентиляции наполовину,ac_fan_set,"{""level"": ""50%""}"
"Прими меры — обдув на лобовое, включи обдув стекол",defrost_set,"{""target"": ""front""}"
"Подогрев руля включи, холодно вечером",wheel_heater_set,"{""state"": ""on""}"
Остудить кресло пассажира,seat_vent_set,"{""seat"": ""passenger"", ""state"": ""on""}"
Опусти стекло справа на треть,window_set,"{""side"": ""right"", ""position"": ""1/3""}"
"Закрой все окна, на улице ветер",window_set,"{""position"": ""closed""}"
Подними левое окно до конца,window_set,"{""side"": ""left"", ""position"": ""up""}"
"Люк в крыше закрой, пожалуйста, тихо едем по серпантину",sunroof_close,
Открой люк чуть-чуть для свежего воздуха,sunroof_set,"{""position"": ""ajar""}"
"Включи дворники на прерывистый режим, моросит дождь",wipers_set,"{""mode"": ""intermittent""}"
"Поменяй режим на дождь — быстрее, пожалуйста",rain_set,"{""state"": ""on""}"
"Фары ближний включи, вечер, видимость падает",headlights_set,"{""mode"": ""low_beam""}"
"Дальний не включай, пассажир спит",high_beam_set,"{""state"": ""off""}"
"Ответь на звонок, но шепотом — громкость отключи",call_answer,
Отклонить звонок сейчас,call_hangup,
"Позвони жене, но без громкой связи",call_start,"{""contact"": ""жена""}"
"Отмени навигацию, лучше ехать по памяти по серпантину",nav_cancel,
"Построй маршрут домой, пожалуйста, но тихо разговаривай",nav_start,"{""destination"": ""дом""}"
"Переключи на FM, тихо и без шумов",radio_set,"{""band"": ""FM""}"
Станция Ретро на радио,radio_set_station,"{""station"": ""Ретро""}"
Включи плейлист для спокойной езды,play_music,"{""playlist"": ""спокойная езда""}"
"Стоп музыку, хочу слушать только тишину дороги",stop_music,
"Перемотай назад, пожалуйста",previous_track,
Добавь в источники USB,media_source_set,"{""source"": ""USB""}"
Отключи шумы: включи режим без звука в салоне,volume_mute_set,"{""mute"": true}"
"Пожалуйста, уменьшить басы и музыку погромче не делать",volume_change,
"Включи режим 'слушать только навигацию', музыку приглуши до двух",volume_set,"{""level"": ""2""}"
Поставь музыку на паузу и закрой люк,media_pause,
Замолчи на время — нужен полный покой в салоне,volume_mute_set,"{""mute"": true}"
"Пожалуйста, включи повтор песни на всю дорогу",media_repeat_set,"{""state"": ""track""}"
"Перемешай альбом, пусть будет случайно и мягко",media_shuffle_set,"{""state"": ""on""}"
Включи режим обдува ног и лобового стекла,ac_mode_set,"{""mode"": ""feet_and_front""}"
"Оттаивание зеркал, включи обогрев",defrost_set,"{""target"": ""mirrors""}"
"Подогрей задние сиденья на уровень два, пожалуйста",seat_heater_set,"{""seat"": ""rear"", ""level"": ""2""}"
"Открой правое окно немного, чтобы не крыло видеть дорогу",window_set,"{""side"": ""right"", ""position"": ""slightly_open""}"
Закрой левое окно полностью — слишком сквозит от ветра,window_set,"{""side"": ""left"", ""position"": ""closed""}"
"Притуши свет приборов и убавь музыку, хочу спокойно ехать",volume_change,
Прерви вызов и отключи микрофон,call_hangup,
"Расскажи что-нибудь спокойное, чтобы не шуметь",chitchat,
Опусти переднее левое окно немного,window_set,"{""side"": ""front_left"", ""position"": ""slightly""}"
Переключи на режим рециркуляции,ac_mode_set,"{""mode"": ""recirculation""}"
Поставь обдув на стекла и ноги,ac_mode_set,"{""mode"": ""windshield_and_feet""}"
"Оттаивание заднего стекла, пожалуйста",defrost_set,"{""target"": ""rear""}"
Поставь джаз,play_music,"{""genre"": ""jazz""}"
Понизь звук немного,volume_change,
Громкость на 15,volume_set,"{""level"": 15}"
Bluetooth,media_source_set,"{""source"": ""bluetooth""}"
Без перемешивания,media_shuffle_set,"{""state"": ""off""}"
Поставь «Эхо Москвы»,radio_set_station,"{""station"": ""Эхо Москвы""}"
Проклади маршрут на ближайшую заправку,nav_start,"{""destination"": ""nearest_gas_station""}"
Навигатор — к дому родителей,nav_start,"{""destination"": ""parents_house""}"
"Навигатор опять путается, очень раздражает",chitchat,
"Снег идёт, серпантин скользкий",chitchat,
"Оставь тишину, музыка мешает сосредоточиться",chitchat,
"Включи что-нибудь спокойное, пожалуйста",play_music,"{""mood"": ""calm""}"
"Давай следующую композицию, эта мешает концентрироваться",next_track,
Можно вернуть назад? та песня понравилась больше,previous_track,
Сбавь на пять,volume_change,"{""delta"": -5}"
"Мне холодно, подними температуру на два градуса",ac_set,"{""delta"": 2}"
Дворники на раз,wipers_set,"{""mode"": ""single""}"
"Стекла запотевают, включи обдув и обогрев, чтобы видно было",defrost_set,"{""target"": ""all"", ""actions"": ""blow_and_heat""}"
USB,media_source_set,"{""source"": ""USB""}"
Открой форточку со стороны водителя,window_set,"{""side"": ""driver"", ""position"": ""vent""}"
Стекло вверх,window_set,"{""position"": ""up""}"
"Закрой люк сейчас, пожалуйста",sunroof_close,
Сделай в салоне теплее на три градуса,ac_set,"{""delta"": ""3""}"
Поставь режим авто для кондиционера,ac_mode_set,"{""mode"": ""auto""}"
Включи слабый подогрев для пассажира,seat_heater_set,"{""seat"": ""passenger"", ""level"": ""low""}"
Растопи лед на лобовом стекле,defrost_set,"{""target"": ""front"", ""action"": ""max""}"
"Давай что-то спокойное, включи музыку",play_music,
Громче на два деления,volume_change,"{""change"": ""+2""}"
"Приглуши звук, пожалуйста",volume_change,"{""change"": ""decrease""}"
Bluetooth источник,media_source_set,"{""source"": ""bluetooth""}"
Выключи режим повтора,media_repeat_set,"{""mode"": ""off""}"
"Перемешай музыку, пожалуйста",media_shuffle_set,"{""shuffle"": ""on""}"
"Настрой на 99,5 FM",radio_set_station,"{""frequency"": ""99.5""}"
Поставь Радио Ретро,radio_set_station,"{""station_name"": ""Ретро""}"
Проложи маршрут во двор дома,nav_start,"{""destination"": ""yard""}"
Сделай звонок в службу эвакуации,call_start,"{""contact"": ""служба эвакуации""}"
Протри лобовое одним движением,wipers_set,"{""mode"": ""single""}"
Установи дворники на быструю скорость,wipers_set,"{""speed"": ""high""}"
Авто режим дворников на дождь,rain_set,"{""mode"": ""auto""}"
"Я замёрз, помоги чем можешь",chitchat,
"Утро снежное, молчу и еду",chitchat,
Нагрей пассажирское сиденье до третьего уровня,seat_heater_set,"{""seat"": ""passenger"", ""level"": ""3""}"
Разморозь лобовое стекло на максимум,defrost_set,"{""target"": ""front"", ""level"": ""max""}"
Плавно опусти левое стекло,window_set,"{""side"": ""left"", ""position"": ""down""}"
Включи звук (отмени беззвучный режим),volume_mute_set,"{""mute"": ""off""}"
Поставь кондиционер в автоматический режим,ac_mode_set,"{""mode"": ""auto""}"
Уменьшите скорость вентилятора,ac_fan_set,
Поставь подогрев задних сидений на максимум,seat_heater_set,"{""seat"": ""rear"", ""level"": ""max""}"
Вентиляция сиденья водителя на низкий,seat_vent_set,"{""seat"": ""driver"", ""level"": ""low""}"
Понизь громкость на два деления,volume_change,"{""direction"": ""down"", ""steps"": 2}"
Пусть играет по кругу,media_repeat_set,"{""repeat"": ""all""}"
Включи 101.2,radio_set_station,"{""frequency"": ""101.2""}"
Поехали в аэропорт,nav_start,"{""destination"": ""аэропорт""}"
Дальний свет — вкл,high_beam_set,"{""state"": ""on""}"
Включи дворники на медленный,wipers_set,"{""speed"": ""low""}"
Автовключение дворников при дожде,rain_set,"{""mode"": ""auto""}"
"Смотри, пожалуйста, включи кондиционер и сделай температуру комфортной, примерно двадцать два градуса",ac_set,"{""temperature"": 22}"
"Мне жарко, открой левое окно наполовину",window_set,"{""window"": ""left_front"", ""position"": ""50%""}"
"Я еду в центр города, проложи, пожалуйста, маршрут без платных дорог",nav_start,"{""destination"": ""центр города"", ""avoid_tolls"": true}"
"Пожалуйста, поставь музыку Эд Ширана и добавь её в очередь",play_music,"{""artist"": ""Эд Ширан""}"
Переключись на USB и включи трек с флешки,media_source_set,"{""source"": ""USB""}"
"Включи перемешивание плейлиста, пожалуйста",media_shuffle_set,"{""shuffle"": true}"
Не повторять песни,media_repeat_set,"{""repeat"": ""off""}"
Добавь станцию Дорожное радио 90.1,radio_set_station,"{""station"": ""Дорожное радио"", ""frequency"": ""90.1""}"
Приоткрой заднее правое немного,window_set,"{""side"": ""заднее правое"", ""amount"": ""немного""}"
Поставь температуру 21 градус,ac_set,"{""temperature"": 21}"
Включи рециркуляцию и холод,ac_mode_set,"{""recirculation"": true, ""mode"": ""cool""}"
Обогрев сиденья водителя на треть,seat_heater_set,"{""seat"": ""водитель"", ""percent"": 33}"
Включи вентиляцию сидений на максимум,seat_vent_set,"{""level"": ""max""}"
"Дуй на лобовое, включи дефрост",defrost_set,"{""side"": ""front"", ""state"": ""on""}"
Сделай тише до уровня три,volume_set,"{""level"": 3}"
Выключи беззвучный режим,volume_mute_set,"{""muted"": false}"
Слушай повтор,media_repeat_set,"{""state"": ""on""}"
Выключи повторы,media_repeat_set,"{""state"": ""off""}"
Перемешать дорожки,media_shuffle_set,"{""state"": ""on""}"
Переключись на волну «Дорожное радио»,radio_set_station,"{""station"": ""Дорожное радио""}"
Запусти навигацию домой,nav_start,"{""destination"": ""Дом""}"
"Проложи маршрут до заправки по кратчайшему пути, избегай платных дорог",nav_start,"{""destination"": ""заправка"", ""route"": ""shortest"", ""avoid_tolls"": true}"
Дальний свет включить,high_beam_set,"{""state"": ""on""}"
Исключи дальний,high_beam_set,"{""state"": ""off""}"
Поставь дворники на авто-режим,rain_set,"{""mode"": ""auto""}"
Увеличь скорость дворников до третьей,wipers_set,"{""level"": 3}"
Добавь пять градусов к климату,ac_set,"{""delta"": 5}"
Хочу джаз,play_music,"{""genre"": ""джаз""}"
"Поставь, пожалуйста, мой плейлист 'Утренний драйв', чтобы ехалось веселее",play_music,"{""playlist"": ""Утренний драйв""}"
"Сильно замёрз, пожалуйста, включи подогрев задних сидений на максимум",seat_heater_set,"{""seat"": ""задние"", ""level"": ""max""}"
Включи режим повтора один трек,media_repeat_set,"{""mode"": ""one""}"
Поговори со мной,chitchat,
Включи кондиционер на 21,ac_set,"{""temperature"": 21}"
"Мне жарко, сделай пожалуйста 22 градуса в салоне",ac_set,"{""temperature"": 22}"
"Переключи на рециркуляцию, дождь на трассе",ac_mode_set,"{""mode"": ""recirculation""}"
Поставь обогрев сиденья водителя на максимум,seat_heater_set,"{""seat"": ""driver"", ""level"": ""max""}"
"Отогрей лобовое, быстро",defrost_set,"{""window"": ""front"", ""speed"": ""fast""}"
"Давай музыку, что-нибудь бодрое",play_music,"{""mood"": ""upbeat""}"
Режим перемешать,media_shuffle_set,"{""state"": ""on""}"
Включи радиоприемник,radio_set,
"Навигатор, домой быстрее по трассе",nav_start,"{""destination"": ""домой"", ""route"": ""fastest""}"
Автомат дождя включи,rain_set,"{""state"": ""on""}"
"Ой, солнце в лоб, как быстро ехать?",chitchat,
Приоткрой окно водителя на четверть — дует в лицо,window_set,"{""window"": ""driver"", ""position"": ""25%""}"
"Отключи рециркуляцию, хочется свежего воздуха",ac_mode_set,"{""mode"": ""outside_air""}"
Хватит кондиционера,ac_off,
Обогрев заднего правого на 2,seat_heater_set,"{""seat"": ""rear_right"", ""level"": 2}"
"Включи вентиляцию сиденья, пожалуйста, мокрый после дождя",seat_vent_set,"{""state"": ""on""}"
"Прогрей стекла быстро, вижу запотевание",defrost_set,"{""window"": ""front"", ""speed"": ""fast""}"
"Открой люк на треть, но не слишком",sunroof_set,"{""position"": ""33%""}"
"Хочу закрыть люк, сейчас солнце в лоб",sunroof_close,
"Пожалуйста, включи плейлист утренний",play_music,"{""playlist"": ""утренний""}"
"Пойдем на волну 87.5, там новости",radio_set_station,"{""frequency"": ""87.5""}"
Только пассажирское окно открой чуть-чуть,window_set,"{""window"": ""passenger"", ""position"": ""slightly_open""}"
Сделай температуру 23 градуса,ac_set,"{""temperature"": 23}"
Переведи климат в автоматический режим,ac_mode_set,"{""mode"": ""auto""}"
Понизь скорость вентилятора на одну ступень,ac_fan_set,"{""delta"": -1}"
Включи обдув лобового стекла на максимум,defrost_set,"{""target"": ""front"", ""intensity"": ""max""}"
Пассажирское — вентиляция минимум,seat_vent_set,"{""seat"": ""passenger"", ""level"": 1}"
Чуть приоткрой панорамный люк,sunroof_set,"{""position"": ""slightly_open""}"
Увеличь громкость до максимума,volume_set,"{""level"": ""max""}"
Включи непрерывные дворники,wipers_set,"{""mode"": ""continuous""}"
Выключи дождевой датчик,rain_set,"{""state"": ""off""}"
Включи повтор всех композиций,media_repeat_set,"{""mode"": ""all""}"
Какая сейчас температура в салоне?,chitchat,
Как проехать до ближайшей заправки?,nav_start,"{""destination"": ""ближайшая заправка""}"
Немного приоткрой крышу,sunroof_set,
"Сбавь громкость, пожалуйста",volume_change,
Громкость на семьдесят,volume_set,"{""level"": 70}"
"Включи рециркуляцию, пожалуйста",ac_mode_set,"{""mode"": ""recirculation""}"
Переключи климат в эконом-режим,ac_mode_set,"{""mode"": ""eco""}"
Поставь вентилятор на вторую скорость,ac_fan_set,"{""level"": 2}"
Убавь обдув на один уровень,ac_fan_set,"{""delta"": 1, ""direction"": ""down""}"
Отруби подогрев пассажира,seat_heater_set,"{""seat"": ""пассажир"", ""state"": ""off""}"
Проветри салон: включи вентиляцию,seat_vent_set,"{""state"": ""on""}"
Обдув лобового стекла,defrost_set,"{""target"": ""лобовое""}"
Убери запотевание с заднего стекла,defrost_set,"{""target"": ""заднее""}"
Добавь громкость на три ступени,volume_change,"{""delta"": 3}"
Сделай погромче до сорока,volume_set,"{""level"": 40}"
Прокрути в цикле альбом,media_repeat_set,"{""repeat"": ""album""}"
Включи волну 101.2,radio_set_station,"{""frequency"": 101.2}"
Найди маршрут до работы,nav_start,"{""destination"": ""работа""}"
Обогрев руля на максимум,wheel_heater_set,"{""level"": ""max""}"
Хочу слушать джаз,play_music,"{""genre"": ""джаз""}"
Можешь включить подкасты?,media_source_set,"{""source"": ""podcasts""}"
"Останови воспроизведение, пожалуйста",stop_music,
Поменяй песню — не нравится,next_track,
Тише будет?,volume_change,
"Мне жарко, снизь пожалуйста температуру в салоне на два градуса",ac_set,"{""delta"": 2, ""direction"": ""down""}"
"Расскажи анекдот, чтобы немного развеселить меня",chitchat,
"Пожалуйста, найди ближайшую заправку и проложи кратчайший маршрут",nav_start,"{""destination"": ""ближайшая заправка"", ""route"": ""shortest""}"
"Эй, включи радио на Москву ФМ и поставь громкость на двадцать",radio_set_station,"{""station"": ""Москва ФМ"", ""volume"": 20}"
опусти заднее правое окно чуть-чуть,window_set,"{""window"": ""rear_right"", ""position"": ""slightly_open""}"
сделай потеплее в салоне на два градуса,ac_set,"{""temperature_c"": 2, ""relative"": true}"
"выключи климат-контроль, не хочу отвлекаться",ac_off,
переключи систему на рециркуляцию,ac_mode_set,"{""mode"": ""recirculation""}"
уменьши мощность вентилятора на три деления,ac_fan_set,"{""delta"": -3}"
теплее сидение водителя на два,seat_heater_set,"{""seat"": ""driver"", ""level"": 2}"
убери обогрев заднего стекла,defrost_set,"{""zone"": ""rear"", ""state"": ""off""}"
автоматы включи дальний свет,high_beam_set,"{""state"": ""auto""}"
закрой все окна — на парковке холодно,window_set,"{""window"": ""all"", ""position"": ""closed""}"
музыку поглуши,volume_change,"{""delta"": -5}"
громкость на пятнадцать,volume_set,"{""level"": 15}"
поставь радиоприёмник на «Эхо Москвы»,radio_set_station,"{""station_name"": ""Эхо Москвы""}"
включи FM сто девяносто одно ноль,radio_set_station,"{""frequency_mhz"": ""191.0""}"
вставь фон — повторять трек,media_repeat_set,"{""mode"": ""one""}"
"хочу, чтобы треки шли в случайном порядке",media_shuffle_set,"{""state"": ""on""}"
проиграй плейлист для утренней поездки,play_music,"{""playlist"": ""утренний""}"
убавь звук на три шага,volume_change,"{""delta"": -3}"
ты можешь переключиться на радио сам?,media_source_set,"{""source"": ""radio""}"
не отвлекай меня — проложи маршрут домой,nav_start,"{""destination"": ""дом""}"
"позвони жене тихо, не шуметь",call_start,"{""contact"": ""жена"", ""ring_volume"": ""low""}"
"сбрось разговор, закончить вызов",call_hangup,
включи повторение на радио,media_repeat_set,"{""state"": ""on""}"
перемешай радио треки,media_shuffle_set,"{""state"": ""on""}"
радио на городской эфир,radio_set,"{""mode"": ""city""}"
снизь яркость приборов,headlights_set,"{""interior"": ""dim""}"
подними яркость фар,headlights_set,"{""state"": ""bright""}"
"не отвлекай, включи обогрев руля и кресел",wheel_heater_set,"{""steering"": ""on"", ""seats"": ""on""}"
подогрей заднее сиденье на минимум,seat_heater_set,"{""seat"": ""rear"", ""level"": 1}"
проветри салон чуть-чуть — открыть переднюю форточку,window_set,"{""window"": ""front_vent"", ""position"": ""slightly_open""}"
открой приточную щель на половину,ac_fan_set,"{""position"": ""50%""}"
включи вентиляцию сидений на максимум — холодно снаружи,seat_vent_set,"{""level"": ""max""}"
"полное закрытие люка и окон, снег тает на стеклах",window_set,"{""window"": ""all"", ""position"": ""closed""}"
"шумоизоляция и тихая музыка, пожалуйста",play_music,"{""mood"": ""soft""}"
сделай стилизацию плейлиста под рассвет — спокойная музыка,play_music,"{""playlist"": ""рассвет_спокойный""}"
"громкость на ноль, звук в фон",volume_set,"{""level"": 0}"
оставь меня в тишине на минуту,stop_music,"{""duration_s"": 60}"
не хочу разговаривать — отклони входящие,call_hangup,"{""action"": ""decline_all""}"
включи автоматический режим дворников,wipers_set,"{""mode"": ""auto""}"
"убери влагу с лобового стекла, давай интенсивнее",defrost_set,"{""zone"": ""front"", ""level"": ""high""}"
закрой боковые окна полностью и не открывай до выезда,window_set,"{""window"": ""all"", ""position"": ""closed"", ""lock"": ""true""}"
включи Bluetooth и поставь мой утренний треклист,media_source_set,"{""source"": ""bluetooth"", ""playlist"": ""утренний""}"
"быстро найди ближайшую парковку и проложи маршрут, не отвлекай меня голосом",nav_start,"{""destination"": ""ближайшая парковка"", ""voice_guidance"": ""minimal""}"
"тишина и тепло, только тихая музыка",play_music,"{""mood"": ""ambient_soft""}"
Опусти заднюю правую,window_set,"{""side"": ""rear_right""}"
Приоткрой водительское,window_set,"{""side"": ""driver""}"
Поставь температуру на 22,ac_set,"{""temperature"": 22}"
Установи режим авто,ac_mode_set,
Вентилятор на максимуме,ac_fan_set,"{""level"": ""max""}"
Понизь скорость вентилятора на два деления,ac_fan_set,"{""delta"": 2}"
"Остывший, включи вентиляцию кресла пассажира",seat_vent_set,"{""seat"": ""passenger""}"
Направь дефрост на стекла и зеркала,defrost_set,"{""targets"": [""windscreen"", ""mirrors""]}"
Слушай канал 90,radio_set_station,"{""frequency"": ""90 FM""}"
Поехали в центр,nav_start,"{""destination"": ""центр""}"
Промой лобовое,wipers_set,"{""action"": ""wash""}"
Спасибо,chitchat,
Ты слышишь меня?,chitchat,
"Построй, пожалуйста, оптимальный маршрут с учётом пробок и объездов через ближайшую магистраль до аэропорта",nav_start,"{""destination"": ""аэропорт""}"
Мне холодно в ногах — можно включить подачу тёплого воздуха в область ног и поднять общую температуру на три градуса?,ac_set,"{""area"": ""feet"", ""temperature_change"": 3}"
"Пожалуйста, включи что-нибудь спокойное из плейлиста для дороги и сделай потише, у ребёнка спит",play_music,"{""volume"": ""down""}"
"Хочу послушать новости — включи радиостанцию, которая вещает на девяносто девятой частоте, и добавь её в избранное",radio_set_station,"{""frequency"": ""99 FM"", ""favorite"": true}"
Приоткрой пассажирское окно наполовину,window_set,"{""window"": ""right_front"", ""action"": ""open"", ""position"": ""50%""}"
"Немного приоткрой правое заднее окно, пожалуйста, я хочу проветрить",window_set,"{""window"": ""right_rear"", ""action"": ""open""}"
Сделай двадцать градусов для водителя,ac_set,"{""temperature"": 20, ""zone"": ""driver""}"
Фан на максимум,ac_fan_set,"{""level"": ""max""}"
Подогрей заднее левое сиденье,seat_heater_set,"{""seat"": ""rear_left"", ""state"": ""on""}"
"Полностью открой панорамный люк, пожалуйста, хочу подышать свежим воздухом",sunroof_set,"{""action"": ""open"", ""position"": ""100%""}"
Сделай источник Bluetooth,media_source_set,"{""source"": ""Bluetooth""}"
Едем в офис — проложи мне путь на Ленина 12,nav_start,"{""destination"": ""Ленина 12""}"
Активируй режим дождя для щёток,rain_set,"{""state"": ""on""}"
Как погода за бортом?,chitchat,
Приоткрой левое заднее на десять процентов,window_set,"{""window"": ""left_rear"", ""action"": ""open"", ""position"": ""10%""}"
Переключи в режим авто,ac_mode_set,"{""mode"": ""auto"", ""state"": ""on""}"
Установи скорость вентилятора на три,ac_fan_set,"{""level"": 3}"
Сбрось подогрев сидений,seat_heater_set,"{""seat"": ""all"", ""state"": ""off""}"
Закрой чуть-чуть люк,sunroof_close,"{""position"": ""slightly""}"
Ответь на этот звонок,call_answer,
Приоткрой левое переднее стекло чуть-чуть,window_set,"{""side"": ""левое переднее"", ""position"": ""чуть-чуть""}"
Открой боковое окно пассажира,window_set,"{""side"": ""пассажирское"", ""position"": ""открыть""}"
Сделай потеплее до двадцати двух,ac_set,"{""temperature"": ""22"", ""unit"": ""℃""}"
Сбавь вентилятор полностью,ac_fan_set,"{""level"": ""0""}"
Отключи кондиционер и проветри салон,ac_off,
Режим обдува на лицо и ноги,ac_mode_set,"{""mode"": ""лицо и ноги""}"
Сделай подогрев пассажирского сиденья на максимум,seat_heater_set,"{""seat"": ""пассажирское"", ""level"": ""максимум""}"
Убавь подогрев заднего левого сиденья на одну ступень,seat_heater_set,"{""seat"": ""заднее левое"", ""change"": ""-1""}"
Включи вентиляцию сидений для второго ряда,seat_vent_set,"{""row"": ""второй"", ""state"": ""включить""}"
Оттаивание стекол — включи обогрев лобового,defrost_set,"{""target"": ""лобовое"", ""state"": ""включить""}"
Приоткрой крыша на проветривание,sunroof_set,"{""position"": ""проветривание""}"
Должен ли люк быть закрыт? Закрой его,sunroof_close,
Сделай громче на два шага,volume_change,"{""change"": ""+2""}"
Повторять плейлист,media_repeat_set,"{""mode"": ""playlist""}"
Включи рандом в воспроизведении,media_shuffle_set,"{""state"": ""on""}"
"Поехали в центр города, навигация на место назначения",nav_start,"{""destination"": ""центр города""}"
"Сбрось разговор, вешай трубку",call_hangup,
Автораспознавание дождя — включи режим автоматического дворника,rain_set,"{""mode"": ""авто""}"
Остудить руль нельзя? Выключи обогрев руля,wheel_heater_set,"{""state"": ""выключить""}"
"Мне нравится этот трек, включи похожую музыку чуть тише и без рекламы",play_music,"{""preference"": ""похожая"", ""volume"": ""чуть тише"", ""ad_free"": true}"
"Пожалуйста, найди ближайшую заправку и проложи маршрут к ней, чтобы можно было заехать по пути",nav_start,"{""destination"": ""ближайшая заправка""}"
"Сделай радио громче на три деления, не сильно громко, но слышно",volume_change,"{""change"": ""+3""}"
"Переключись на USB, там плейлист с дорожной музыкой",media_source_set,"{""source"": ""USB""}"
Повтори одну песню несколько раз,media_repeat_set,"{""mode"": ""one""}"
Перемешай альбом и поставь внимательное прослушивание,media_shuffle_set,"{""scope"": ""альбом""}"
Тихо — сбавь громкость до двух,volume_set,"{""level"": ""2""}"
Трек назад,previous_track,
"Следующий, быстрее, давай",next_track,
"Скажи, какие станции сохранены, а затем поставь ту, что на третьем месте",radio_set_station,"{""action"": ""activate_third""}"
Случайно попалась реклама — выключи музыку и включи навигацию на ближайшее кафе,nav_start,"{""destination"": ""ближайшее кафе""}"
Хочу поговорить — расскажи анекдот,chitchat,
Сколько километров до следующей заправки?,chitchat,
"Пожалуй, выключи музыку и включи телефонную связь — надо позвонить коллеге",call_start,
"Закрой окна, открой кондиционер на двадцать градусов и включи циркуляцию",ac_set,"{""temperature"": ""20"", ""mode"": ""циркуляция"", ""action"": ""закрыть окна""}"
Подними переднее стекло,window_set,"{""side"": ""front"", ""position"": ""up""}"
Закрой окно с пассажирской стороны,window_set,"{""side"": ""passenger"", ""position"": ""close""}"
"Сделай потеплее, плюс пять",ac_set,"{""delta_c"": 5}"
"Сделай так, чтобы в салоне было прохладнее — где-то наполовину",ac_set,"{""intensity_percent"": 50}"
Режим обдува на ноги,ac_mode_set,"{""mode"": ""feet""}"
Уменьши обороты вентилятора на одну ступень,ac_fan_set,"{""delta"": -1}"
Подогрей водительское сиденье до среднего уровня,seat_heater_set,"{""seat"": ""driver"", ""level"": ""medium""}"
Включи вентиляцию пассажирского сиденья,seat_vent_set,"{""seat"": ""passenger"", ""state"": ""on""}"
Охлади правое переднее сиденье,seat_vent_set,"{""seat"": ""front_right"", ""action"": ""cool""}"
Растопи лёд на лобовом стекле,defrost_set,"{""target"": ""front""}"
Останови треки прямо сейчас,stop_music,
Поставь проигрывание на паузу,media_pause,
Увеличь громкость,volume_change,"{""direction"": ""up""}"
Радио на стоя девяносто девять точка пять,radio_set_station,"{""frequency"": 99.5}"
"Прокладка маршрута до аэропорта, пожалуйста",nav_start,"{""destination"": ""аэропорт""}"
Протри дворники одним движением,wipers_set,"{""mode"": ""wipe_once""}"
Активируй режим «дождь» для автоматического управления стеклоочистителями,rain_set,"{""state"": ""on""}"
Какая сейчас погода за бортом?,chitchat,
"Мне холодно — включи отопление салона, пожалуйста, сделай потеплее",ac_set,"{""mode"": ""heat""}"
"Пожалуйста, добавь громкости немного — хочу слышать разговор",volume_change,"{""direction"": ""up"", ""amount"": ""small""}"
"Не мешай, заглуши музыку",stop_music,
"Сколько времени по маршруту до дома, проложи мне путь и по возможности оптимизируй его",nav_start,"{""destination"": ""дом""}"
Закрой правое заднее окно полностью,window_set,"{""window"": ""right_rear"", ""position"": ""closed""}"
Хватит музыку,stop_music,
Включи кондиционер на двадцать один градус,ac_set,"{""temperature"": 21}"
Вентилятор подними на максимум,ac_fan_set,"{""level"": ""max""}"
Подогрей правое переднее сиденье на два,seat_heater_set,"{""seat"": ""right_front"", ""level"": 2}"
Оттайка лобового стекла включи,defrost_set,"{""target"": ""front"", ""state"": ""on""}"
Включить дальний,high_beam_set,"{""state"": ""on""}"
Установи скорость дворников на среднюю,wipers_set,"{""speed"": ""medium""}"
Слушай Пугачёву,play_music,"{""artist"": ""Пугачёва""}"
Добавь громкость на пять делений,volume_change,"{""delta"": 5}"
Переход на следующую радиостанцию,radio_set,"{""action"": ""next_station""}"
"Где ближайшая заправка, веди туда",nav_start,"{""destination"": ""gas_station"", ""qualifier"": ""nearest""}"
"Не сейчас, отмена навигации",nav_cancel,
Слушай радио FM,media_source_set,"{""source"": ""FM""}"
Перемешать все,media_shuffle_set,"{""state"": ""on""}"
Громкость сорок,volume_set,"{""level"": 40}"
Понизьте температуру до семнадцати,ac_set,"{""temperature"": 17}"
Сделай обогрев сидений на максимум,seat_heater_set,"{""seat"": ""all"", ""level"": ""max""}"
Охладь левое заднее сиденье наполовину,seat_vent_set,"{""seat"": ""left_rear"", ""level"": ""50%""}"
"Включи подогрев задних сидений, пожалуйста",seat_heater_set,"{""seat"": ""rear"", ""state"": ""on""}"
Выключи вентилятор,ac_fan_set,"{""state"": ""off""}"
Просто поговори со мной,chitchat,
Закрой все окна сейчас,window_set,"{""side"": ""all"", ""state"": ""close""}"
Опусти правое наполовину,window_set,"{""side"": ""right"", ""percent"": 50}"
"Подними заднее стекло, пожалуйста",window_set,"{""side"": ""rear"", ""state"": ""up""}"
Окна вверх,window_set,"{""state"": ""up""}"
Поставь климат на восемнадцать градусов,ac_set,"{""temperature"": 18}"
"Выключи кондиционер, не отвлекаясь",ac_off,
Увеличь вентиляцию на два деления,ac_fan_set,"{""delta"": 2}"
Понизь скорость вентилятора,ac_fan_set,"{""action"": ""decrease""}"
Режим обдува — только на ноги и лобовое,ac_mode_set,"{""mode"": ""feet_and_defrost""}"
Спустите температуру на два градуса,ac_set,"{""delta"": -2}"
Поставь паузу сейчас,media_pause,
Перемешай плейлист на авто,media_shuffle_set,"{""state"": ""on""}"
Радио на частоту 101.5,radio_set_station,"{""frequency"": ""101.5""}"
"Включи FM, пожалуйста",radio_set,"{""band"": ""fm""}"
"Навигатор — направь домой, самый безопасный маршрут",nav_start,"{""destination"": ""home""}"
Фары включи ближний свет,headlights_set,"{""state"": ""on"", ""mode"": ""low""}"
Дворники на средний режим,wipers_set,"{""level"": ""medium""}"
"Включи интервальные дворники, пожалуйста",wipers_set,"{""mode"": ""intermittent""}"
Выключи подогрев пассажирского сиденья,seat_heater_set,"{""side"": ""passenger"", ""state"": ""off""}"
"Оттайка заднего стекла, включи её",defrost_set,"{""side"": ""rear"", ""state"": ""on""}"
"Приоткрой люк чуть-чуть, не больше десяти процентов",sunroof_set,"{""percent"": 10}"
Соединиться по Bluetooth с телефона,media_source_set,"{""source"": ""bluetooth""}"
Перемешивание выкл,media_shuffle_set,"{""state"": ""off""}"
Поставь радио на 87.9,radio_set_station,"{""frequency"": ""87.9""}"
Сделай тишину в салоне,volume_mute_set,"{""state"": ""mute""}"
"Слушай, просто молчи какое-то время, я еду по серпантину и не хочу отвлекаться",chitchat,
"Проклади маршрут в объезд серпантина, чтобы не тратить время на остановки и не отвлекаться на пробки",nav_start,"{""note"": ""avoid_serpentine""}"
"Не включай подсветку салона и не включай музыку, мне нужно сосредоточиться",chitchat,
Включи фары и оставь дальний автоматом,headlights_set,"{""state"": ""on"", ""auto_high"": ""preferred""}"
"Закрой окна, пожалуйста",window_set,
Открой люк немного — хочу свежего воздуха,sunroof_set,"{""position"": ""slight""}"
Закрыть правое заднее окно,window_set,"{""window"": ""right_rear"", ""action"": ""close""}"
"Хватит сквозняка, закрой все окна",window_set,
"Хочу прохлады, включи кондиционер",ac_set,
Выключи климат-контроль — хочу тишины,ac_off,
Кондиционер на минимум,ac_set,"{""level"": ""min""}"
Переключи режим AC на рециркуляцию,ac_mode_set,"{""mode"": ""recirculation""}"
Режим обдува вверх и в лицо,ac_mode_set,"{""mode"": ""face_up""}"
Уменьши вентилятор до третьей скорости,ac_fan_set,"{""fan_speed"": 3}"
"Повысь скорость вентилятора, пожалуйста",ac_fan_set,"{""direction"": ""up""}"
Отключи обогрев сидений у всех,seat_heater_set,"{""seats"": ""all"", ""state"": ""off""}"
Холодный воздух в кресло — включи вентиляцию сиденья,seat_vent_set,"{""seat"": ""driver"", ""state"": ""on""}"
Включи обдув на максимум для стекол,defrost_set,"{""intensity"": ""max""}"
Подними солнцезащитный люк до середины,sunroof_set,"{""position"": ""50%""}"
"Включи музыку, но потише, пожалуйста",play_music,
Стоп — тишина нужна,stop_music,
"Следующая песня, но не громко",next_track,
Сделай потише на два шага,volume_change,"{""direction"": ""down"", ""steps"": 2}"
Поменяй источник на телефон,media_source_set,"{""source"": ""phone""}"
"Повтор включи, пожалуйста",media_repeat_set,"{""state"": ""on""}"
Перемешивание треков — выключи,media_shuffle_set,"{""state"": ""off""}"
"Навигатор, проложи домой, тихо пожалуйста",nav_start,"{""destination"": ""home""}"
Отмени маршрут — я передумал,nav_cancel,
Включить режим дождь,rain_set,"{""state"": ""on""}"
"Хочу тишины, давай поболтаем про погоду",chitchat,
Мне нравится запах свежего снега,chitchat,
"Тихо, пожалуйста — убавь музыку и закрой окно рядом со мной",window_set,
Можно радио потише и фары ближний свет?,radio_set,
"Шум улицы мешает — включи вентиляцию сидения, но тихо",seat_vent_set,"{""state"": ""on""}"
"Сделай климат чуть теплее, на теплую одежду",ac_set,"{""adjustment"": ""warmer""}"
Открой окно пассажира на тридцать процентов,window_set,"{""window"": ""passenger"", ""position"": ""30%""}"
"Пожалуйста, поставь радио на мою любимую станцию",radio_set,
Переключи медиа на USB,media_source_set,"{""source"": ""USB""}"
"Осуши лобовое стекло, пожалуйста",defrost_set,
"Подогрей руль, холодно утром",wheel_heater_set,"{""state"": ""on""}"
Максимальный подогрев руля,wheel_heater_set,"{""level"": ""максимум""}"
"Понизь громкость, этот ветер мешает",volume_change,"{""direction"": ""down""}"
Сделай тише музыку на тридцать процентов,volume_change,"{""percent"": 30}"
Полностью приглуши звук в салоне,volume_mute_set,
Выключи музыку сейчас,stop_music,
"Включи радио, хочется новостей по утрам",radio_set,
Переключись на радиостанцию Наше,radio_set_station,"{""station"": ""Наше""}"
Поставь 101.4 FM,radio_set_station,"{""frequency"": ""101.4""}"
Прокладывай маршрут до дома с учётом пробок,nav_start,"{""destination"": ""дом""}"
Позвони Оле на мобильный,call_start,"{""contact"": ""Оля""}"
"Включи вентиляцию кресла водителя, пожалуйста",seat_vent_set,"{""seat"": ""водитель"", ""state"": ""on""}"
"Оттаи лобовое, видно плохо из-за запотевания",defrost_set,
Подними переднее левое стекло,window_set,"{""window"": ""переднее левое"", ""action"": ""raise""}"
Приоткрой водительское окно наполовину,window_set,"{""window"": ""водительское"", ""position"": ""наполовину""}"
Закрой все окна — слишком шумно на улице,window_set,"{""window"": ""all"", ""action"": ""close""}"
Открой правое заднее окно полностью,window_set,"{""window"": ""правое заднее"", ""position"": ""open""}"
"Закрой окна, ветер дует прямо в салон",window_set,"{""reason"": ""ветер""}"
"Включи джазовую музыку, утро неспешное",play_music,"{""genre"": ""джаз""}"
"Поставь следующий плейлист, не выбирай ручной режим",play_music,
Выбери USB в качестве источника звука,media_source_set,"{""source"": ""USB""}"
Переключись на Bluetooth-музыку,media_source_set,"{""source"": ""Bluetooth""}"
"Сделай звук на три, пожалуйста",volume_set,"{""level"": 3}"
Тихий режим: отключи уведомления звуковые,volume_mute_set,
"Смахни влагу с лобового и включи обдув на максимум, иначе я ничего не вижу",defrost_set,
"Дворники в прерывистом режиме, когда начнётся дождь",wipers_set,"{""mode"": ""intermittent""}"
"Отключи датчик дождя, он постоянно реагирует на брызги",rain_set,"{""state"": ""off""}"
"Включи автоматические дворники, пусть сами решают",wipers_set,"{""mode"": ""auto""}"
"Подогрей заднее стекло, слышу скрип и вижу霜",defrost_set,"{""target"": ""rear""}"
"Прокладывай маршрут до ближайшего магазина, пробок много по Ленинградке",nav_start,"{""destination"": ""магазин""}"
Отмени навигацию и останови голосовые подсказки,nav_cancel,
"Прикрой люк, шум ветра мешает разговору",sunroof_close,
Погаси фары — с утра на стоянке достаточно света,headlights_set,"{""state"": ""off""}"
"Отклоняй входящие вызовы без звука, сейчас не до разговоров",call_hangup,
Как холодно сегодня на улице?,chitchat,
"Ветер сегодня такой, что запотело всё лобовое",chitchat,
"Эх, этот шум с улицы меня раздражает",chitchat,
"Утро тихое, только ветер да завывания за окнами",chitchat,
"Похоже, сегодня пригород — тихий, но ветрено",chitchat,
Приоткрой правое переднее окно на два сантиметра,window_set,"{""side"": ""front_right"", ""amount_cm"": 2}"
Подними заднее окно,window_set,"{""side"": ""rear"", ""position"": ""up""}"
Немного прикрой боковое стекло,window_set,"{""target"": ""side"", ""position"": ""partial""}"
Сделай в салоне прохладнее,ac_set,
Добавь к кондиционеру два градуса,ac_set,"{""delta_c"": 2}"
Переключи на обдув лица,ac_mode_set,"{""mode"": ""face""}"
"Максимальный обдув, пожалуйста",ac_fan_set,"{""level"": ""max""}"
Нагрей водительское сиденье на три,seat_heater_set,"{""seat"": ""driver"", ""level"": 3}"
Оттай фронтальное стекло,defrost_set,"{""target"": ""front"", ""state"": ""on""}"
Задёрни панорамный люк наполовину,sunroof_set,"{""position_percent"": 50}"
Громкость до семидесяти процентов,volume_set,"{""level_percent"": 70}"
Сделай погромче до двадцати,volume_set,"{""level"": 20}"
Настрой радио на FM,radio_set,"{""band"": ""FM""}"
Включи станцию Ретро FM,radio_set_station,"{""station"": ""Ретро FM""}"
Найди 101.2 FM,radio_set_station,"{""frequency"": ""101.2"", ""band"": ""FM""}"
Какой сегодня пробег?,chitchat,
Мне нравится эта песня,chitchat,
Поболтай со мной,chitchat,
Немедленно верни предыдущую,previous_track,
Опусти заднее левое окно полностью,window_set,"{""side"": ""rear_left"", ""position_percent"": 100}"
Приоткрой окно на пару сантиметров,window_set,"{""position_cm"": 2}"
"Режим обогрева, пожалуйста",ac_mode_set,"{""mode"": ""heat""}"
Переключись на охлаждение,ac_mode_set,"{""mode"": ""cool""}"
"Остыть, пожалуйста — выключи подогрев сидений",seat_heater_set,"{""action"": ""off"", ""seat"": ""all""}"
Вентиляция сидений включена на минимуме,seat_vent_set,"{""level"": 1}"
Продуй лицо — включи вентиляцию кресла пассажира,seat_vent_set,"{""seat"": ""passenger"", ""action"": ""on""}"
Выключи дефростер заднего стекла,defrost_set,"{""target"": ""rear"", ""on"": false}"
Открой люк на дачную вентиляцию,sunroof_set,"{""position"": ""vent""}"
Закрой панораму полностью,sunroof_close,"{""position"": ""closed""}"
"Назад трек, пожалуйста",previous_track,
Звук чуть потише,volume_change,"{""delta"": -2}"
Поставь повторение на одну песню,media_repeat_set,"{""mode"": ""track""}"
Настрой на станцию сто один точка пять,radio_set_station,"{""frequency"": 101.5}"
"Поехали до ближайшей кофейни, проложи маршрут",nav_start,"{""destination"": ""кофейня рядом""}"
"Отмени маршрут, который сейчас ведёт",nav_cancel,
Позвонить Ольге,call_start,"{""contact"": ""Ольга""}"
Переход на дальний свет,high_beam_set,"{""state"": true}"
Дождевые датчики — включи дворники на авто,wipers_set,"{""mode"": ""auto""}"
"Активируй режим дождя, чувствительность высокая",rain_set,"{""sensitivity"": ""high""}"
Выкл. режим дождя,rain_set,"{""enabled"": false}"
Охлади рулевое колесо,wheel_heater_set,"{""on"": false}"
"Пожалуйста, помолчи на минуту",chitchat,
"Закрой все окна, дождь шумит сильнее",window_set,"{""window"": ""all"", ""position"": ""closed""}"
Опусти заднее правое стекло,window_set,"{""window"": ""rear_right"", ""position"": ""open""}"
"Подними стекла, пожалуйста, шум от дождя раздражает",window_set,"{""window"": ""all"", ""position"": ""closed""}"
Включи климат на двадцать один градус,ac_set,"{""temperature"": 21}"
Понизь температуру на три градуса — слишком душно в салоне,ac_set,"{""delta"": -3}"
Авто режим климата включи,ac_mode_set,"{""mode"": ""auto""}"
"Поставь вентилятор на максимум, шум от дождя мешает слышать навигатор",ac_fan_set,"{""level"": ""max""}"
Убавь скорость вентилятора на одно деление,ac_fan_set,"{""delta"": -1}"
Нагрей водительское сиденье на комфортный уровень,seat_heater_set,"{""seat"": ""driver"", ""level"": ""on""}"
Обогрев заднего правого кресла на среднюю ступень,seat_heater_set,"{""seat"": ""rear_right"", ""level"": ""medium""}"
Вентиляция пассажирского кресла — максимум,seat_vent_set,"{""seat"": ""passenger"", ""level"": ""max""}"
"Отключи вентиляцию сидений, пожалуйста",seat_vent_set,"{""level"": ""off""}"
"Включи обдув лобового стекла, ужасная видимость из‑за дождя",defrost_set,"{""target"": ""front"", ""state"": ""on""}"
Выключи подогрев заднего стекла,defrost_set,"{""target"": ""rear"", ""state"": ""off""}"
Открой люк полностью — пусть хоть немного проветрит салон,sunroof_set,"{""position"": ""open"", ""degree"": ""full""}"
"Закрой люк, дождь начинает попадать внутрь",sunroof_close,
"Включи музыку, хочу перебить монотонный шум навигатора",play_music,
"Сделай потише на два деления, навигатор орёт в динамики",volume_change,"{""delta"": -2}"
Перемешивание плейлиста включи,media_shuffle_set,"{""mode"": ""on""}"
Радио на частоте 101.2,radio_set_station,"{""frequency"": 101.2}"
"Включи FM, чтобы заглушить раздражающий писк от навигатора",radio_set,"{""band"": ""FM""}"
"Поехали до ближайшей заправки, навигатор опять путается",nav_start,"{""destination"": ""nearest_gas_station""}"
Отмени маршрут — он ведёт в объезд по ненужной дороге,nav_cancel,
"Позвони Ольге, она может подсказать дорогу",call_start,"{""contact"": ""Ольга""}"
"Включи фары, дождь сильный",headlights_set,"{""state"": ""on""}"
Выключи фары — едем через тоннель,headlights_set,"{""state"": ""off""}"
Дальний свет включи на обгоне,high_beam_set,"{""state"": ""on""}"
"Выключи дальний, едва не ослепил встречных",high_beam_set,"{""state"": ""off""}"
"Дворники на третий режим, дождь усилился",wipers_set,"{""level"": 3}"
Режим дождя авто включи,rain_set,"{""mode"": ""auto""}"
"Подогрей руль, холодно и руки мерзнут от руля",wheel_heater_set,"{""state"": ""on""}"
"Выключи подогрев руля, хватит",wheel_heater_set,"{""state"": ""off""}"
"Что за шум на скорости, всё дребезжит и навигатор булькает",chitchat,
"Навигатор снова нас запутал, он показывает какую‑то странную дорогу",chitchat,
"Мне нравится дождь, но когда навигатор начинает кричать, это раздражает",chitchat,
"Отключи повтор плейлиста, пусть играет спокойно",media_repeat_set,"{""mode"": ""off""}"
"Переключись на Bluetooth, музыка должна быть с телефона",media_source_set,"{""source"": ""bluetooth""}"
"Поставь радио на 98.7 FM, может там новости пробьют навигаторный шум",radio_set_station,"{""frequency"": 98.7, ""band"": ""FM""}"
"Навигатор, домой — и по возможности без объездов, он сегодня глючит",nav_start,"{""destination"": ""home""}"
Прекрати навигацию немедленно,nav_cancel,
"Кто звонит сейчас, фонит на заднем фоне и не понять",chitchat,
Открой стекло с пассажирской стороны,window_set,"{""side"": ""passenger"", ""action"": ""open""}"
Подыми все стекла немного,window_set,"{""side"": ""all"", ""action"": ""ventilate"", ""amount"": ""slightly""}"
Опусти окно водителя на половину,window_set,"{""side"": ""driver"", ""position"": ""50%""}"
Установи климат на 24,ac_set,"{""temperature"": ""24""}"
Мне жарко — сделай потише отопление кондиционера,ac_set,
Перестань дуть кондиционер,ac_off,
Включи обдув только снаружи,ac_mode_set,"{""mode"": ""fresh_air""}"
Установи режим обогрева сидений,ac_mode_set,"{""mode"": ""heat""}"
Повысь вентилятор на максимум,ac_fan_set,"{""level"": ""max""}"
Поставь вентилятор на среднюю мощность,ac_fan_set,"{""level"": ""medium""}"
Сделай вентилятор чуть сильнее,ac_fan_set,"{""delta"": ""small_increase""}"
Подогрей моё правое сиденье,seat_heater_set,"{""side"": ""right"", ""state"": ""on""}"
Активируй тёплые сиденья для водителя на два,seat_heater_set,"{""side"": ""driver"", ""level"": ""2""}"
"Сделай заднее левое сиденье тёплым, пожалуйста",seat_heater_set,"{""side"": ""left_rear"", ""state"": ""on""}"
Включи вентиляцию сидений водителя,seat_vent_set,"{""side"": ""driver"", ""state"": ""on""}"
Отогрей лобовое стекло — быстро,defrost_set,"{""target"": ""front"", ""mode"": ""quick""}"
"Поставь авторазморозку на максимум, лёд на стекле",defrost_set,"{""mode"": ""max""}"
Приоткрой люк на крыше,sunroof_set,"{""action"": ""tilt_open""}"
Слегка продуй люк сверху,sunroof_set,"{""action"": ""vent""}"
"Пожалуйста, захлопни люк",sunroof_close,
Запусти плейлист для поездки,play_music,
Открой любимую станцию и играй,play_music,
Громкость — двадцать,volume_set,"{""level"": ""20""}"
"Пожалуйста, громкость ноль",volume_set,"{""level"": ""0""}"
Отмени беззвучный режим,volume_mute_set,"{""mute"": false}"
"Слушать радио, пожалуйста",media_source_set,"{""source"": ""radio""}"
"Включи радио, настрой на новости",radio_set,
Поставь станцию 101.5,radio_set_station,"{""frequency"": ""101.5""}"
Настрой на двадцать два канал,radio_set_station,"{""station"": ""22""}"
Поехали к дому — навигация,nav_start,"{""destination"": ""дом""}"
Построй маршрут до аэропорта с объездом платных дорог,nav_start,"{""destination"": ""аэропорт"", ""avoid"": ""tolls""}"
"Набери маму, пожалуйста",call_start,"{""contact"": ""мама""}"
Переходи в дневной режим фар,headlights_set,"{""mode"": ""day""}"
Поставь интервальный режим для дождя,wipers_set,"{""mode"": ""intermittent""}"
Что ты можешь сделать для меня сейчас?,chitchat,
"Скучно, расскажи шутку",chitchat,
Немного опусти правое окно,window_set,"{""side"": ""right"", ""degree"": ""slightly""}"
Подними температуру до 22 градусов,ac_set,"{""temperature_c"": 22}"
"Сбрось запотевание лобового стекла, разморозь его",defrost_set,"{""target"": ""front""}"
Отключи обогрев задних сидений,seat_heater_set,"{""seat"": ""rear"", ""state"": ""off""}"
"Мне жарко на правом боку, пожалуйста включи вентиляцию пассажира на слабом уровне",seat_vent_set,"{""seat"": ""passenger"", ""state"": ""on"", ""level"": ""low""}"
"Открой панорамную крышу на треть, но не полностью, оставь маленький зазор",sunroof_set,"{""percent"": 33}"
Верни назад песню,previous_track,
Сделай громкость 15,volume_set,"{""level"": 15}"
Настрой станцию на 107.5,radio_set_station,"{""frequency"": 107.5}"
"Построй маршрут до Курского вокзала с учётом самых быстрых дорог, пожалуйста",nav_start,"{""destination"": ""Курский вокзал""}"
Сколько километров осталось до ближайшей заправки и не нужно ли мне дозаправиться?,chitchat,
"Можно включить музыку потише, у меня звонит ребёнок",volume_change,"{""direction"": ""down""}"
"Поменяй трек, пожалуйста",next_track,
Добавь громкости до максимума,volume_set,"{""level"": 100}"
Отключи музыку и дай мне тишину,stop_music,
Слушай радио RFM,radio_set_station,"{""station"": ""RFM""}"
Пусти джаз через USB,media_source_set,"{""source"": ""USB"", ""genre"": ""джаз""}"
"Останови воспроизведение, минутка",stop_music,
Поставь на паузу на секунду,media_pause,"{""duration"": ""секунду""}"
"Сделай рециркуляцию, пожалуйста",ac_mode_set,"{""mode"": ""recirculation""}"
Холодный воздух направь на лобовое и ноги,ac_mode_set,"{""mode"": ""windshield_and_feet""}"
"Мне плохо — понизь музыку и включи что-нибудь спокойное, пожалуйста",chitchat,
"Открой, пожалуйста, правое заднее окно",window_set,"{""side"": ""right_rear"", ""action"": ""open""}"
Щас душно — включи кондиционер на двадцать два градуса,ac_set,"{""temperature"": 22}"
"Выключи климат контроль, пожалуйста",ac_off,
Переключи режим кондиционера на автомат,ac_mode_set,"{""mode"": ""auto""}"
"Подогрей сиденье водителя на максимум, мерзну",seat_heater_set,"{""seat"": ""driver"", ""level"": ""high""}"
Оттащи лед с лобового — включи обогрев стекла,defrost_set,"{""target"": ""front"", ""state"": ""on""}"
Приоткрой люк на десять сантиметров,sunroof_set,"{""position"": ""10cm""}"
"Закрой крышу, пожалуйста",sunroof_close,
"Повтори трек, пожалуйста",media_repeat_set,"{""mode"": ""track""}"
А ну поставь радио,radio_set,
Настрои FM на сто один точка две,radio_set_station,"{""frequency"": ""101.2""}"
"Прокладывай маршрут домой, тороплюсь",nav_start,"{""destination"": ""дом""}"
"Позвони Оле, пожалуйста",call_start,"{""contact"": ""Оля""}"
Включи режим дождя (авто-дворники),rain_set,"{""state"": ""on""}"
"Подогрей руль, мерзнут руки от руля",wheel_heater_set,"{""state"": ""on""}"
"Просто поболтай со мной, скучно в пробке",chitchat,
Музыку тише,volume_change,"{""delta"": -2}"
Увеличь звук пожалуста,volume_change,"{""delta"": 3}"
Включи подогрев заднего левого сиденья на два,seat_heater_set,"{""seat"": ""rear_left"", ""level"": 2}"
"Ох, погаси музыку — душно и жарко",stop_music,
"Поставь что-нибудь спокойное, джаз прошу",play_music,"{""genre"": ""jazz""}"
Поставь на паузу — быстро,media_pause,
Переключи трек назад,previous_track,
Сделай громче до пятнадцати,volume_set,"{""level"": 15}"
Отключи звук на секундочку,volume_mute_set,"{""mute"": true}"
Повтор включи (альбом),media_repeat_set,"{""mode"": ""album""}"
"Хочу перемешивание, вруби shuffle",media_shuffle_set,"{""shuffle"": true}"
Наладь FM-радио на местную волну,radio_set,"{""band"": ""FM""}"
Найди станцию на девяносто девять целых пять,radio_set_station,"{""frequency"": ""99.5""}"
Прокладывай маршрут в ближайший гараж,nav_start,"{""destination"": ""гараж""}"
"Отмени маршрут, измени планы",nav_cancel,
Телефони по делу — позвони в офис,call_start,"{""contact"": ""офис""}"
Отвечай на звонок автоматически,call_answer,
"Зажги габариты, видимость плохая",headlights_set,"{""mode"": ""parking"", ""state"": ""on""}"
Дальний свет выключи — встречка,high_beam_set,"{""state"": ""off""}"
Включи короткие интервалы дворников,wipers_set,"{""mode"": ""interval""}"
"Автомат дождя включи, на стекле снег",rain_set,"{""state"": ""on"", ""reason"": ""snow""}"
Нагрей руль до комфортного уровня,wheel_heater_set,"{""level"": ""comfort""}"
"Слушай, ну расскажи анекдот, хочу отвлечься",chitchat,
Включи окно водительское наполовину,window_set,"{""side"": ""driver"", ""position"": ""50%""}"
"Пожалуй, опусти заднее правое наполовину",window_set,"{""side"": ""right_rear"", ""position"": ""50%""}"
Хочу прохладу — кондиционер на 18 градусов,ac_set,"{""temperature"": 18}"
Выключи климат на время,ac_off,
Поменяй режим на рециркуляцию,ac_mode_set,"{""mode"": ""recirculation""}"
"Открой левое окно наполовину, душно и в тоннеле душок",window_set,"{""side"": ""left"", ""position"": ""50%""}"
Закрой все окна — запахи улицы пробиваются,window_set,"{""position"": ""closed""}"
Приоткрой правое,window_set,"{""side"": ""right"", ""position"": ""ajar""}"
Щёлкни на водительское окно полностью,window_set,"{""side"": ""driver"", ""position"": ""100%""}"
Давай чуть-чуть открой заднее окно,window_set,"{""side"": ""rear"", ""position"": ""small""}"
"Хочу включить кондиционер, на улице жара, скорее",ac_set,"{""state"": ""on""}"
"Выключи климатку — терпеть нельзя, неприятный запах",ac_off,
Понизь температуру на двадцать градусов,ac_set,"{""temperature"": ""20""}"
"Сделай кондиционер на восемнадцать, холодно в туннеле",ac_set,"{""temperature"": ""18""}"
"Убери охлаждение полностью, душно, но не холодно",ac_off,
"Переключись на рециркуляцию, запахи с улицы сильные",ac_mode_set,"{""mode"": ""recirculation""}"
Поставь режим обдува на лобовое стекло,ac_mode_set,"{""mode"": ""defrost_front""}"
"Авто-режим климат-контроля, я тороплюсь",ac_mode_set,"{""mode"": ""auto""}"
Увеличь вентилятор на максимум — душно ночью в туннеле,ac_fan_set,"{""fan_speed"": ""max""}"
"Подогрей сиденье водителя на максимум, холодно после тоннеля",seat_heater_set,"{""seat"": ""driver"", ""level"": ""3""}"
Нагрей пассажирское сиденье чуть-чуть,seat_heater_set,"{""seat"": ""passenger"", ""level"": ""1""}"
"Отключи подогрев сидений, сейчас жарко",seat_heater_set,"{""level"": ""0""}"
Включи вентиляцию кресла водителя — душно,seat_vent_set,"{""seat"": ""driver"", ""state"": ""on""}"
Освежи пассажирский ковш воздухом,seat_vent_set,"{""seat"": ""passenger"", ""state"": ""on""}"
Прекрати вентиляцию сидений,seat_vent_set,"{""state"": ""off""}"
"Обдуй лобовое, запотевает, тоннель сырой",defrost_set,"{""area"": ""front"", ""state"": ""on""}"
"Открой люк полностью, хочу свежего воздуха после туннеля",sunroof_set,"{""position"": ""open_full""}"
"Прикрой панорамный люк, запахи улицы неприятные",sunroof_set,"{""position"": ""closed""}"
Закрой люк — душно и ночью сквозняк,sunroof_close,
"Вруби музыку, быстрая песня, я тороплюсь",play_music,
Поставь на паузу — я перегружаюсь от запахов,media_pause,
"Следующий трек, что-то поспокойнее",next_track,
"Сделай громче, пульс ускоряется, нужно громче",volume_change,"{""change"": ""increase""}"
"Переключи на радио, хочется новостей по дороге",media_source_set,"{""source"": ""radio""}"
Повтори трек постоянно — поможет сосредоточиться,media_repeat_set,"{""state"": ""on""}"
"Включи перемешивание, давай всё подряд",media_shuffle_set,"{""state"": ""on""}"
"Построй маршрут домой, быстро, ночной тоннель по пути",nav_start,"{""destination"": ""home""}"
"Отмени навигацию, я спешу и ехать в другую сторону",nav_cancel,
"Позвони жене, скажи, что опаздываю",call_start,"{""contact"": ""жена""}"
"Включи ближний свет, на улице ночь",headlights_set,"{""state"": ""on""}"
"Включи дальний, когда выезжаем из туннеля",high_beam_set,"{""state"": ""on""}"
"Отключи дальний свет, едет машина впереди",high_beam_set,"{""state"": ""off""}"
"Протри дворники, по крыше вода после проезда туннеля",wipers_set,"{""action"": ""wipe""}"
"Авто-дворники включи, дождь начался вдруг",rain_set,"{""mode"": ""auto""}"
"Подогрей руль, руки потеют от жары",wheel_heater_set,"{""state"": ""on""}"
"Остынь, пожалуйста, — разговор с ассистентом (маленький диалог)",chitchat,
Ты слышишь этот запах в туннеле?,chitchat,
"Быстро открой правое переднее окно, очень пахнет бензином",window_set,"{""side"": ""right_front"", ""position"": ""open""}"
"Понизи кондиционер на два градуса, стало жарковато",ac_set,"{""temperature"": ""-2""}"
"Поставь вентилятор на средний уровень, пожалуйста",ac_fan_set,"{""fan_speed"": ""medium""}"
"Громче на три деления, музыку не слышно в туннеле",volume_change,"{""change"": ""+3""}"
Переключи на USB источник музыки,media_source_set,"{""source"": ""USB""}"
Верни предыдущий трек — этот раздражает,previous_track,
Поставь громкость на двадцать процентов,volume_set,"{""level"": ""20%""}"
"Музыку хватит, стоп, я сосредоточусь на дороге",stop_music,
"Повтор выключи, хочу случайный порядок",media_repeat_set,"{""state"": ""off""}"
"Включи радио на 87.5, там важные объявления",radio_set_station,"{""station"": ""87.5""}"
Приоткрой заднее правое окно на десять процентов,window_set,"{""side"": ""заднее правое"", ""position"": 10}"
"Открой окна, пожалуйста",window_set,
Закрой переднее левое,window_set,"{""side"": ""переднее левое"", ""position"": 0}"
Режим кондиционера на рециркуляцию,ac_mode_set,"{""mode"": ""рециркуляция""}"
Включи авто режим климат-контроля,ac_mode_set,"{""mode"": ""auto""}"
Ослабь вентилятор на один уровень,ac_fan_set,"{""delta"": -1}"
Нагрей водительское сиденье на два,seat_heater_set,"{""side"": ""водительское"", ""level"": 2}"
Включи подогрев заднего пассажирского кресла,seat_heater_set,"{""side"": ""заднее пассажирское"", ""state"": ""on""}"
Поставь подогрев пассажира на максимум,seat_heater_set,"{""side"": ""пассажира"", ""level"": ""макс""}"
Охлади моё место — вентиляция сиденья на среднее,seat_vent_set,"{""side"": ""моё"", ""level"": ""среднее""}"
Вентиляция водительского кресла выключи,seat_vent_set,"{""side"": ""водительское"", ""state"": ""off""}"
Включи охлаждение переднего пассажира на минимальную,seat_vent_set,"{""side"": ""переднего пассажира"", ""level"": ""мин""}"
Выруби задний дефростер,defrost_set,"{""target"": ""задний"", ""state"": ""off""}"
Обдуй лобовое и заднее стекло,defrost_set,"{""target"": ""лобовое и заднее"", ""state"": ""on""}"
Раскрой панорамный люк полностью,sunroof_set,"{""position"": 100}"
"Приоткрой крышу сверху на пару сантиметров, чтобы проветрить",sunroof_set,"{""position"": ""пару сантиметров""}"
Переключи на частоту 88.5,radio_set_station,"{""frequency"": ""88.5""}"
Прокладывай маршрут к ближайшей заправке,nav_start,"{""destination"": ""ближайшая заправка""}"
Авто фары включить,headlights_set,"{""mode"": ""auto""}"
Адаптивные дворники в режим дождь,rain_set,"{""mode"": ""rain""}"
Промежуток дворников поставь на две секунды,wipers_set,"{""interval_seconds"": 2}"
Какой сегодня прогноз погоды?,chitchat,
Сколько километров до ближайшего магазина?,chitchat,
Поставь радио на FM 104.2,radio_set_station,"{""band"": ""FM"", ""frequency"": 104.2}"
Активируй радио,radio_set,
"Построй маршрут до моего дома, пожалуйста",nav_start,"{""destination"": ""дом""}"
Опусти пассажирское окно,window_set,"{""side"": ""пассажирское"", ""action"": ""down""}"
Сделай климат на двадцать два градуса,ac_set,"{""temperature"": 22}"
Нагрей водительское сиденье на два деления,seat_heater_set,"{""seat"": ""водительское"", ""level"": 2}"
Включи вентиляцию заднего сиденья на максимальную,seat_vent_set,"{""seat"": ""заднее"", ""level"": ""max""}"
Установи громкость на семьдесят процентов,volume_set,"{""volume"": 70, ""unit"": ""percent""}"
Сбавь громкость чуть-чуть,volume_change,"{""direction"": ""down""}"
"Нет, не эта — следующая композиция, пожалуйста",next_track,
Настрой радиоприёмник на FM 88.6,radio_set_station,"{""band"": ""FM"", ""frequency"": 88.6}"
Прокладывай маршрут до ближайшей заправки и учитывай пробки,nav_start,"{""destination"": ""ближайшая заправка"", ""consider_traffic"": true}"
"Домой, пожалуйста",nav_start,"{""destination"": ""дом""}"
Хватит навигации,nav_cancel,
"Набери, пожалуйста, папу",call_start,"{""contact"": ""папа""}"
Включи габарный свет,headlights_set,"{""mode"": ""parking"", ""state"": ""on""}"
Прекрати работу дворников,wipers_set,"{""state"": ""off""}"
Сделай подогрев руля на максимум,wheel_heater_set,"{""level"": ""max""}"
Открой переднее правое окно на 20 процентов,window_set,"{""side"": ""переднее правое"", ""position"": 20, ""unit"": ""percent"", ""action"": ""open""}"
Опусти переднее стекло полностью,window_set,"{""window"": ""front"", ""position"": ""fully_open""}"
"Пожалуйста, подними задние окна немного",window_set,"{""window"": ""rear"", ""action"": ""raise"", ""amount"": ""slightly""}"
"Отключи систему кондиционирования, пожалуйста",ac_off,
"Мне немного прохладно, можно установить кондиционер на 21 градус, пожалуйста?",ac_set,"{""temperature"": ""21""}"
Переключи климат на обдув стекол,ac_mode_set,"{""mode"": ""defog""}"
Хочу тёплое сиденье сзади справа,seat_heater_set,"{""seat"": ""rear_right"", ""level"": ""1""}"
Включи вентиляцию сидений сзади,seat_vent_set,"{""seat"": ""rear"", ""state"": ""on""}"
Отключи охлаждение сиденья водителя,seat_vent_set,"{""seat"": ""driver"", ""state"": ""off""}"
"Прогрей лобовое стекло, пожалуйста",defrost_set,"{""target"": ""front"", ""state"": ""on""}"
"Можешь открыть панорамную крышу на треть, чтобы проветрить машину, но не полностью?",sunroof_set,"{""position"": ""33%""}"
Сдвинь люк назад на пару сантиметров,sunroof_set,"{""action"": ""slide_back"", ""amount"": ""slightly""}"
Добавь громкость на два деления,volume_change,"{""delta"": ""+2""}"
Настрой станцию на 101.5 FM,radio_set_station,"{""frequency"": ""101.5"", ""band"": ""FM""}"
Включи повтор плейлиста,media_repeat_set,"{""state"": ""on""}"
Прокладывай маршрут до аэропорта Шереметьево,nav_start,"{""destination"": ""Шереметьево"", ""type"": ""airport""}"
Протри дворники одним взмахом,wipers_set,"{""action"": ""single""}"
Включи радио на станцию «Маяк»,radio_set_station,"{""station_name"": ""Маяк""}"
"Не кричи, убавь звук до нуля",volume_set,"{""level"": ""0""}"
Опусти стекло водителя на 30 процентов,window_set,"{""side"": ""driver"", ""position_percent"": 30}"
Поставь температуру двадцать три,ac_set,"{""temperature_c"": 23}"
Установи обдув только на ноги,ac_mode_set,"{""mode"": ""feet""}"
Убавь вентилятор до третьей скорости,ac_fan_set,"{""level"": 3}"
Включи обдув для переднего стекла,defrost_set,"{""target"": ""front"", ""state"": ""on""}"
Поставь фары в авто режим,headlights_set,"{""mode"": ""auto""}"
Проклади маршрут до центра города,nav_start,"{""destination"": ""центр города""}"
Включи Радио Ретро FM,radio_set_station,"{""station"": ""Ретро FM""}"
Включи плейлист Дорожные песни,play_music,"{""playlist"": ""Дорожные песни""}"
Поставь музыку Баха,play_music,"{""artist"": ""Бах""}"
Перестань воспроизводить музыку,stop_music,
Перемешай мои композиции,media_shuffle_set,"{""state"": ""on""}"
Подогрев всех сидений на максимум,seat_heater_set,"{""seats"": ""all"", ""level"": ""max""}"
Охлаждение сиденья водителя на низкий,seat_vent_set,"{""seat"": ""driver"", ""level"": ""low""}"
Как настроение?,chitchat,
"Пожалуйста, открой окно пассажира",window_set,"{""side"": ""passenger"", ""action"": ""open""}"
Включи подогрев руля на максимум,wheel_heater_set,"{""level"": ""max""}"
"Пожалуйста, сделай громкость пять, чтобы не мешать пассажирам, спасибо",volume_set,"{""level"": 5}"
Опусти левое заднее окно полностью,window_set,"{""side"": ""left_rear"", ""position_percent"": 100}"
Немного приоткрой переднюю форточку,window_set,"{""side"": ""front"", ""position_percent"": 10}"
"Мне холодно, сделай кондиционер на двадцать четыре градуса и дуй на лицо",ac_set,"{""temperature"": 24, ""direction"": ""face""}"
Понизь температуру до восемнадцати градусов,ac_set,"{""temperature"": 18}"
Поставь обдув на три,ac_fan_set,"{""fan_speed"": 3}"
Сделай максимум подогрева для переднего пассажира,seat_heater_set,"{""seat"": ""passenger"", ""level"": ""max""}"
Охлади заднюю лавку,seat_vent_set,"{""seat"": ""rear"", ""state"": ""on""}"
Выключи обдув на стеклах,defrost_set,"{""state"": ""off""}"
"Проветри салон, открой окна чуть-чуть",window_set,"{""side"": ""all"", ""position_percent"": 10}"
Найди и включи радиостанцию Москва ФМ,radio_set_station,"{""station"": ""Москва ФМ""}"
"Пожалуйста, проложи маршрут до ближайшей круглосуточной заправки с минимальным временем в пути",nav_start,"{""destination"": ""nearest_gas_station"", ""preference"": ""shortest_time""}"
Отмени прокладку маршрута,nav_cancel,
Ехать домой,nav_start,"{""destination"": ""home""}"
Позвони Юле,call_start,"{""contact"": ""Юля""}"
Выкл звонок,call_hangup,
Прими,call_answer,
"Позвони, пожалуйста, маме",call_start,"{""contact"": ""мама""}"
Убери дальний свет,high_beam_set,"{""state"": ""off""}"
Выключи стеклоочистители,wipers_set,"{""state"": ""off""}"
"Авто дворники, пожалуйста",rain_set,"{""mode"": ""auto""}"
Установи режим для дождя,rain_set,"{""mode"": ""rain""}"
"Подогрей руль, мерзнут руки",wheel_heater_set,"{""state"": ""on""}"
Поставь повтор одной песни,media_repeat_set,"{""mode"": ""one""}"
Хочется поболтать о погоде,chitchat,"{""topic"": ""weather""}"
Приоткрой правое переднее окно на пять сантиметров,window_set,"{""side"": ""front_right"", ""amount_cm"": 5}"
Наполовину опусти заднее левое окно,window_set,"{""side"": ""rear_left"", ""position"": ""half""}"
Можно ли открыть люк?,sunroof_set,
"Отодвинь люк назад чуть-чуть, чтобы проветрить салон",sunroof_set,"{""direction"": ""back"", ""amount"": ""slightly""}"
"Холодный режим, пожалуйста",ac_mode_set,"{""mode"": ""cool""}"
Сделай вентилятор сильнее,ac_fan_set,"{""direction"": ""up""}"
Выключи обдув салона,ac_off,
Нужен сильный подогрев для пассажира спереди,seat_heater_set,"{""seat"": ""front_passenger"", ""action"": ""increase""}"
Охлади кресло заднего правого,seat_vent_set,"{""seat"": ""rear_right"", ""state"": ""on""}"
Разморозь стекла сейчас,defrost_set,
Переднее стекло — обдув на максимум,defrost_set,"{""target"": ""front"", ""level"": ""max""}"
"Приостанови трек, пожалуйста",media_pause,
Плюс громкость,volume_change,"{""direction"": ""up""}"
Настрой на FM 101.2,radio_set_station,"{""band"": ""FM"", ""frequency"": ""101.2""}"
Вези меня домой через короткий путь и избегай пробок,nav_start,"{""destination"": ""home"", ""route_preference"": ""short_avoid_traffic""}"
Отмени маршрут навигации,nav_cancel,
Переключись на дальний ближнего нет смысла сейчас,high_beam_set,"{""state"": ""on""}"
"Дождевой режим включи, пожалуйста",rain_set,"{""state"": ""on""}"
"Да что за музыка вообще, откуда это взялось?",chitchat,
"Поставь радио на автопоиск, пусть найдёт самые громкие станции по FM и AM",radio_set,"{""action"": ""autosearch""}"
"Переключи на пресет номер три, я туда раньше сохраняла станцию",radio_set_station,"{""preset"": 3}"
Прокладывай маршрут до ближайшей заправки с учётом времени на трассе,nav_start,"{""destination"": ""nearest_gas_station""}"
Могу принять звонок? Сейчас не самое удобное время,call_answer,
Переключить источник на Bluetooth телефона Сергея,media_source_set,"{""source"": ""bluetooth"", ""device"": ""Сергей""}"
"Повтори плейлист полностью, пожалуйста",media_repeat_set,"{""mode"": ""playlist""}"
"Перемешай музыку в плейлисте, хочу случайный порядок",media_shuffle_set,"{""state"": ""on""}"
"Почти полная громкость, сделай около девяноста процентов",volume_set,"{""level_percent"": 90}"
"Сделай тише, ребенок спит",volume_change,
Подними заднее правое стекло полностью,window_set,"{""side"": ""rear_right"", ""position_percent"": 100}"
"Проветри салон, опусти по чуть-чуть водительское и пассажирское окна",window_set,"{""sides"": [""driver"", ""passenger""], ""action"": ""slightly_open""}"
"Мне душно, понизь температуру салона на четыре градуса, пожалуйста",ac_set,"{""change_degrees"": -4}"
Сделай салон чуть теплее,ac_set,
Поставь климат в режим Max охлаждения,ac_mode_set,"{""mode"": ""max""}"
Авто-режим для климата включи,ac_mode_set,"{""mode"": ""auto""}"
Отключи обдув салона,ac_fan_set,"{""level"": 0}"
Сделай тёплое пассажирское сиденье на два,seat_heater_set,"{""seat"": ""passenger"", ""level"": 2}"
Вентиляция задних сидений — включи на единицу,seat_vent_set,"{""seat"": ""rear"", ""level"": 1}"
Останови обогрев кресел,seat_heater_set,"{""level"": 0}"
"Отогрей заднее стекло, пожалуйста",defrost_set,"{""side"": ""rear"", ""state"": ""on""}"
"Приоткрой панорамный люк немного, чтобы проветрить салон",sunroof_set,"{""position"": ""slightly_open""}"
Включи плейлист Утро и проиграй его,play_music,"{""playlist"": ""Утро""}"
Убавь громкость на три пункта,volume_change,"{""change"": -3}"
"Слушать с Bluetooth, пожалуйста",media_source_set,"{""source"": ""bluetooth""}"
Включи общий повтор плейлиста,media_repeat_set,"{""mode"": ""repeat_all""}"
Перемешай все песни в очереди,media_shuffle_set,"{""state"": true}"
Найди и включи Эхо Москвы на радио,radio_set,"{""station_name"": ""Эхо Москвы""}"
"Проложи маршрут домой, избегай платных дорог",nav_start,"{""destination"": ""home"", ""avoid_tolls"": true}"
Выключи ближний свет фар,headlights_set,"{""state"": ""off""}"
Поставь дальний свет в автоматический режим,high_beam_set,"{""state"": ""auto""}"
"Дворники — интервал, пожалуйста",wipers_set,"{""mode"": ""intermittent""}"
"Подогрей рулевое колесо, пожалуйста, мне холодно",wheel_heater_set,"{""state"": ""on""}"
"А давай поболтаем, расскажи что-нибудь интересное",chitchat,
"Останови плейлист, пожалуйста",stop_music,
"Приглуши всё, пассажир спит",volume_mute_set,
Молчание,media_pause,
Тихое радио — Европа Плюс,radio_set_station,"{""station"": ""Европа Плюс""}"
Убавь звук на пятёрку,volume_change,"{""delta"": 5}"
На максимум,volume_set,"{""level"": 100}"
"Сделай тише музыку, пожалуйста, пассажир спит",volume_change,
Перемотай назад,previous_track,
Прокладывай маршрут к ближайшей стоянке,nav_start,"{""destination"": ""ближайшая стоянка""}"
"Следующую песню, но потише",next_track,
Откл. звук звонка,volume_mute_set,"{""target"": ""ringer""}"
Сбавь громкость медиа на три уровня,volume_change,"{""delta"": 3}"
Поменяй режим на обдув ног,ac_mode_set,"{""mode"": ""feet""}"
Увеличь вентилятор на два,ac_fan_set,"{""delta"": 2}"
Обороты вентилятора помедленнее,ac_fan_set,
Подогрей заднее пассажирское сиденье,seat_heater_set,"{""seat"": ""rear_passenger"", ""state"": ""on""}"
Охлади кресло,seat_vent_set,"{""state"": ""on""}"
Вентиляция сидений выкл,seat_vent_set,"{""state"": ""off""}"
"Закрой окно, здесь снег летит",window_set,"{""position"": ""closed""}"
Включи дворники в автомат,wipers_set,"{""mode"": ""auto""}"
Увеличь скорость дворников на один,wipers_set,"{""delta"": 1}"
"Не разговаривай, мне нравится тишина",chitchat,
"Можешь слегка приоткрыть левое окно, чтобы проветрить салон?",window_set,"{""side"": ""left"", ""position"": ""slightly_open""}"
"Остывай, пожалуйста, до 18",ac_set,"{""temperature"": 18}"
Сделай в салоне прохладно,ac_set,
"Жарко, включи, пожалуйста, кондиционер и держи температуру около 20 градусов",ac_set,"{""temperature"": 20}"
Кондиционер вкл,ac_set,
Увеличь вентилятор до максимума,ac_fan_set,"{""level"": ""max""}"
Подогрей переднее сиденье,seat_heater_set,"{""position"": ""front""}"
Включи обогрев правого кресла на три,seat_heater_set,"{""side"": ""right"", ""level"": 3}"
Убавь подогрев водительского сиденья до одного,seat_heater_set,"{""side"": ""driver"", ""level"": 1}"
Оттай лед с лобового стекла,defrost_set,"{""target"": ""front""}"
Приподними люк,sunroof_set,"{""mode"": ""tilt""}"
"Можно полностью открыть панорамный люк, пожалуйста, хочется свежего воздуха",sunroof_set,"{""position"": ""open""}"
Включи плейлист По дороге,play_music,"{""playlist"": ""По дороге""}"
Сделай чуть громче,volume_change,
Громкость на семёрку,volume_set,"{""level"": 7}"
Установи громкость 20 процентов,volume_set,"{""percent"": 20}"
Сделай источник радио,media_source_set,"{""source"": ""radio""}"
Тюнься на 101.5 FM,radio_set_station,"{""station"": 101.5}"
"Мне нужно доехать до аэропорта, проложи, пожалуйста, самый быстрый маршрут",nav_start,"{""destination"": ""аэропорт"", ""route"": ""fastest""}"
Набери +7 916 555 1234,call_start,"{""number"": ""+79165551234""}"
Выключи свет спереди,headlights_set,"{""state"": ""off""}"
Дворники на медленно,wipers_set,"{""speed"": ""low""}"
Автоматический режим дворников включи,wipers_set,"{""mode"": ""auto""}"
Какой сегодня маршрут?,chitchat,
Мне жарко,chitchat,
Открыть люк,sunroof_set,"{""position"": ""open""}"
Люк закрой,sunroof_close,
Максимальная вентиляция,ac_fan_set,"{""fan_speed"": ""max""}"
Подогрев водительского сиденья,seat_heater_set,"{""seat"": ""driver"", ""state"": ""on""}"
Охлади переднее пассажирское сидение,seat_vent_set,"{""seat"": ""front_passenger"", ""state"": ""on""}"
Настрой на 88.5,radio_set_station,"{""frequency"": 88.5}"
Прокладывай маршрут к работе,nav_start,"{""destination"": ""work""}"
Переключи на дальний,high_beam_set,"{""state"": ""on""}"
Авто режим дождя,rain_set,"{""mode"": ""auto""}"
"Включи, пожалуйста, спокойную музыку для дороги и не слишком громко",play_music,
Я хочу послушать джаз,play_music,"{""genre"": ""jazz""}"
"Включай перемешивание, пожалуйста",media_shuffle_set,"{""shuffle"": true}"
Радио станция — Европа Плюс,radio_set_station,"{""station"": ""Европа Плюс""}"
"Отвези меня домой, пожалуйста, по возможности объезжай пробки и платные дороги",nav_start,"{""destination"": ""home"", ""route"": ""avoid_tolls""}"
Подними стекла наполовину,window_set,"{""position"": ""up"", ""amount"": ""half""}"
Хватит шутить,chitchat,
"Расскажи мне что-нибудь, чтобы отвлечь от пробки и поднять настроение",chitchat,
Перезвони через пять минут,call_start,"{""delay_minutes"": 5}"
Приглуши фон,volume_change,"{""direction"": ""down"", ""delta"": 1}"
Свяжись с техподдержкой,call_start,"{""contact"": ""техподдержка""}"
Приоткрой левое окно,window_set,"{""side"": ""left"", ""action"": ""vent""}"
Открой правое переднее окно на 30 процентов,window_set,"{""side"": ""front_right"", ""percent"": 30}"
Сделай двадцать три градуса,ac_set,"{""temperature"": 23}"
Выключи обогрев переднего пассажира,seat_heater_set,"{""seat"": ""front_passenger"", ""state"": ""off""}"
Провентилируй кресло пассажира,seat_vent_set,"{""seat"": ""front_passenger"", ""state"": ""on""}"
Наклони люк наполовину,sunroof_set,"{""percent"": 50}"
Включи FM 101.5,radio_set_station,"{""band"": ""FM"", ""frequency"": 101.5}"
Поставь на повтор,media_repeat_set,"{""state"": ""on""}"
"Хочу на дачу, построй, пожалуйста, маршрут с объездом пробок",nav_start,"{""destination"": ""дача"", ""avoid"": ""traffic""}"
Включи мой плейлист 'Утро' и сделай громкость на пять,play_music,"{""playlist"": ""Утро"", ""volume"": 5}"
Найди и поставь джазовое радио на 98.3 FM,radio_set_station,"{""genre"": ""jazz"", ""band"": ""FM"", ""frequency"": 98.3}"
Срочно позвони жене,call_start,"{""contact"": ""жена""}"
Прикрой люк полностью,sunroof_close,"{""position"": ""closed""}"
Прогрей сиденье водителя на три,seat_heater_set,"{""seat"": ""driver"", ""level"": 3}"
Открыть люк наполовину,sunroof_set,"{""position"": ""наполовину""}"
Понизь температуру до 18 градусов,ac_set,"{""temperature"": 18}"
Убавь музыку,volume_change,
Включи Москву ФМ,radio_set_station,"{""station"": ""Москва ФМ""}"
Дворники — максимум,wipers_set,"{""speed"": ""max""}"
Проветри водительское сиденье,seat_vent_set,"{""seat"": ""driver"", ""state"": ""on""}"
Климат — авто,ac_mode_set,"{""mode"": ""auto""}"
"Мне нужно срочно отогреть лобовое стекло, оно полностью обледенело от холода",defrost_set,"{""state"": ""on""}"
Добавь громкость на два,volume_change,"{""delta"": 2}"
Установи звук на семь,volume_set,"{""level"": 7}"
Мне нужно тишина — выключи звук,volume_mute_set,"{""mute"": true}"
Подключись к Bluetooth,media_source_set,"{""source"": ""Bluetooth""}"
"Прокладывай маршрут на дачу, там снег, руки замерзают, дороги скользкие",nav_start,"{""destination"": ""дача""}"
"Пожалуйста, включи обдув лобового стекла — видимость почти нулевая из-за снега",defrost_set,"{""state"": ""on"", ""target"": ""windshield""}"
"Холодно, руки мерзнут",chitchat,
"Пожалуйста, потише: на улице снег, ночь, мне нужно спокойно сосредоточиться",chitchat,
"Какая сегодня ночь, тихо и снежно",chitchat,
"Расскажи что-нибудь интересное, чтобы я не засыпал в этой тихой снежной ночи",chitchat,
Обогрей сиденье пассажира до уровня один,seat_heater_set,"{""seat"": ""passenger"", ""level"": 1}"
Охлади водительское кресло на единицу,seat_vent_set,"{""seat"": ""driver"", ""level"": 1}"
Открой окно водителя на одну пятую,window_set,"{""seat"": ""driver"", ""position_percent"": 20}"
"Подними все стекла, пожалуйста",window_set,"{""state"": ""up""}"
"Поменяй композицию, пожалуйста, шумно вокруг",next_track,
"Верни предыдущую песню, та была лучше",previous_track,
Установи громкость на максимум,volume_set,"{""level"": ""max""}"
"Тихо. Ночь, снег за окном, руки мерзнут — включи обогрев сиденья",seat_heater_set,"{""seat"": ""driver"", ""state"": ""on""}"
Приоткрой окно на половину,window_set,"{""position"": ""50%""}"
"Сделай кондиционер посильнее, в салоне душно",ac_set,"{""action"": ""increase""}"
"Переключись на рециркуляцию, очень душно здесь",ac_mode_set,"{""mode"": ""recirculation""}"
"Поставь климат на обдув ног, пожалуйста",ac_mode_set,"{""mode"": ""foot""}"
Останови климатическую систему прямо сейчас,ac_off,
Вентиляция сиденья пассажира включена? Включи её,seat_vent_set,"{""seat"": ""passenger"", ""state"": ""on""}"
"Выключи подогрев руля, жарко",wheel_heater_set,"{""state"": ""off""}"
"Обдуй лобовое стекло, оно мокро от снега",defrost_set,"{""target"": ""front""}"
"Разморозь заднее стекло, скоро не видно дорогу",defrost_set,"{""target"": ""rear""}"
"Открой люк немножко, пусть войдёт свежий воздух",sunroof_set,"{""position"": ""slightly_open""}"
Закрой люк сейчас — снег летит в салон,sunroof_close,"{""reason"": ""snow""}"
Музыку врубай,play_music,
Громкость вниз,volume_change,"{""direction"": ""down""}"
Сделай потише — шум с трассы мешает,volume_change,"{""action"": ""decrease"", ""reason"": ""road_noise""}"
Убавь до двадцати процентов громкость,volume_set,"{""level"": ""20%""}"
Включи случайное воспроизведение плейлиста,media_shuffle_set,"{""state"": ""on""}"
Поставь FM-режим,radio_set,"{""band"": ""FM""}"
"Включи навигацию до ближайшей заправки, пожалуйста",nav_start,"{""destination"": ""nearest_fuel_station""}"
Проклади маршрут до гостиницы в следующем городе — мне нужно переночевать,nav_start,"{""destination"": ""hotel_next_city""}"
Отмени текущий маршрут и пересчитай по пробкам,nav_cancel,
"Позвони жене, скажи, что опоздаю из‑за снега",call_start,"{""contact"": ""жена""}"
"Включи дальний, вижу плохо на трассе",high_beam_set,"{""state"": ""on""}"
"Выключи дальний, другой водитель моргает",high_beam_set,"{""state"": ""off""}"
Разомни дворники — снег оставляет полосы,wipers_set,"{""action"": ""wipe_once""}"
Включи дворники на средний режим,wipers_set,"{""speed"": ""medium""}"
"Включи датчик дождя, пусть сам подстраивается",rain_set,"{""state"": ""on""}"
Увеличь чувствительность датчика дождя на максимум,rain_set,"{""sensitivity"": ""max""}"
"Включи музыку потише, мешает шум двигателя",play_music,"{""volume"": ""lower"", ""reason"": ""engine_noise""}"
"Переключи источник на Bluetooth, телефон уже подключен",media_source_set,"{""source"": ""Bluetooth""}"
"Повтори весь плейлист, пожалуйста",media_repeat_set,"{""mode"": ""playlist""}"
Включи радио на «Ретро FM» — там мало разговоров,radio_set_station,"{""station"": ""Ретро FM""}"
Проклади маршрут в объезд пробки на 10 километрах,nav_start,"{""option"": ""avoid_traffic""}"
"Ответь, это важный звонок — не откладывай",call_answer,"{""note"": ""important""}"
"Перезвони Вове, он писал минут двадцать назад",call_start,"{""contact"": ""Вова""}"
Уменьши громкость на три щелчка,volume_change,"{""steps"": ""3""}"
"Сделай звук совсем тише, до минимального уровня",volume_set,"{""level"": ""minimal""}"
"Мне жарко в салоне, выключи подогрев сидений",seat_heater_set,"{""action"": ""off""}"
"Поболтай со мной, я нервничаю из‑за долгой поездки и шума",chitchat,
"Немного пожалуйся на погоду: поздний вечер, снег и холодно вокруг",chitchat,
Слишком шумно в машине — чем-то это бесит,chitchat,
Режим обдува — на ноги и стекло,ac_mode_set,"{""mode"": ""feet_and_defrost""}"
Включи вентиляцию заднего левого сиденья,seat_vent_set,"{""seat"": ""rear_left"", ""state"": ""on""}"
Разморозь стекло,defrost_set,"{""target"": ""front"", ""state"": ""on""}"
Оттаять заднее стекло,defrost_set,"{""target"": ""rear"", ""state"": ""on""}"
Дождь — прерывистые дворники,wipers_set,"{""mode"": ""intermittent""}"
Включи дворники на максимальную скорость,wipers_set,"{""speed"": ""high""}"
Погрей руль,wheel_heater_set,"{""state"": ""on""}"
Убери приглушение,volume_mute_set,"{""mute"": false}"
Переключиться на радио,media_source_set,"{""source"": ""radio""}"
Музыка с USB,media_source_set,"{""source"": ""usb""}"
"Поехали домой, проклади маршрут",nav_start,"{""destination"": ""домой""}"
Построй маршрут до аэропорта Шереметьево,nav_start,"{""destination"": ""аэропорт Шереметьево""}"
Позвони Ивану Сергеевичу,call_start,"{""contact"": ""Иван Сергеевич""}"
А давай поболтаем,chitchat,
Включи любимый плейлист,play_music,"{""playlist"": ""любимый""}"
Переключи трек на следующую композицию через 10 секунд,next_track,"{""delay_seconds"": 10}"
Поставь радио на AM 720,radio_set_station,"{""band"": ""AM"", ""frequency"": 720}"
"Можно включить обогрев стекла, пожалуйста?",defrost_set,"{""target"": ""front"", ""state"": ""on""}"
Выключи звук навигатора,volume_mute_set,"{""target"": ""navigation""}"
"Отключи навигацию, я слушаю дорогу",nav_cancel,
"Прокладывай маршрут домой через объезд, пожалуйста",nav_start,"{""destination"": ""дом"", ""via"": ""объезд""}"
Отмени маршрут и молчи,nav_cancel,
Ослабь подогрев переднего пассажира,seat_heater_set,"{""side"": ""passenger"", ""action"": ""decrease""}"
Вентиляцию сиденья справа включи,seat_vent_set,"{""side"": ""right"", ""state"": ""on""}"
Опусти стекло водительской двери на три сантиметра,window_set,"{""side"": ""driver"", ""position_cm"": 3}"
"Приоткрой окно, но немного — капли мешают",window_set,
Закрой все окна — снег летит,window_set,"{""target"": ""all"", ""action"": ""close""}"
Подними дворники в интервал,wipers_set,"{""mode"": ""intermittent""}"
"Быстрые дворники, пожалуйста",wipers_set,"{""speed"": ""fast""}"
Снизь чувствительность датчика дождя,rain_set,"{""sensitivity"": ""low""}"
Дай ближний свет,headlights_set,"{""mode"": ""low""}"
Уменьши температуру на два градуса,ac_set,"{""delta"": -2}"
Включи приток свежего воздуха,ac_mode_set,"{""mode"": ""outside_air""}"
Уменьши обороты вентилятора наполовину,ac_fan_set,"{""percent"": 50}"
"Пожалуйста, отключи музыку — хочу тишины",stop_music,
Включи что‑нибудь спокойное для серпантина,play_music,"{""mood"": ""calm""}"
"Поставь паузу, начался гололёд",media_pause,
"Молчи, навигатор, не отвлекай",volume_mute_set,"{""target"": ""navigation""}"
"Не подсказывай маршрут, сам разберусь",nav_cancel,
"Убери капли с лобового, включи обогрев и дворники",defrost_set,"{""state"": ""on""}"
Полный обдув лобового на максимум,defrost_set,"{""level"": ""max""}"
Звук радио тише,volume_change,"{""target"": ""radio""}"
Открой стекло водительской на пять процентов,window_set,"{""side"": ""driver"", ""position_percent"": 5}"
"Закрой люк полностью, снег летит вовнутрь",sunroof_close,
Очисти стекла сейчас,wipers_set,"{""action"": ""clean""}"
Включи спутниковую навигацию и построй новый путь,nav_start,
"Навигатор путается, пересчитай маршрут в объезд серпантина",nav_start,"{""note"": ""avoid_serpentine""}"
"Как красиво, но навигатор опять ошибся",chitchat,
"Снег тихо падает, мне хочется тишины",chitchat,
"Навигатор меня запутал, я сердит",chitchat,
Опусти стекло водителя на двадцать процентов,window_set,"{""side"": ""водителя"", ""position"": ""20%""}"
"Сделай охлаждение чуть сильнее, градусов на два",ac_set,"{""change"": ""-2""}"
Обдув пожалуйста на ноги и лицо,ac_mode_set,"{""mode"": ""ноги и лицо""}"
Увеличь скорость вентилятора до максимума,ac_fan_set,"{""level"": ""максимум""}"
Понизь вентилятор на треть,ac_fan_set,"{""change"": ""-33%""}"
Подогрей сиденье пассажира,seat_heater_set,"{""seat"": ""пассажир"", ""state"": ""вкл""}"
Отключи обогрев переднего левого сиденья,seat_heater_set,"{""seat"": ""переднее левое"", ""state"": ""выкл""}"
Вентиляция сиденья водителя на максимум,seat_vent_set,"{""seat"": ""водителя"", ""level"": ""максимум""}"
"Включи обдув спинки и сидения, пожалуйста",seat_vent_set,"{""zones"": ""спинка и сидение""}"
"Оттайка лобового стекла, включи",defrost_set,"{""target"": ""лобовое"", ""state"": ""вкл""}"
Очисти заднее стекло от инея,defrost_set,"{""target"": ""заднее"", ""state"": ""вкл""}"
Приоткрой люк на вентиляцию,sunroof_set,"{""mode"": ""вентиляция""}"
Радио на волну 101.2 FM,radio_set_station,"{""frequency"": ""101.2""}"
Отмени навигацию пожалуйста,nav_cancel,
"Привет, как у тебя дела?",chitchat,
Какой сегодня трафик на пути домой?,chitchat,
Проложи маршрут к ближайшей заправке,nav_start,"{""destination"": ""заправка""}"
Поставь станцию Радио Рекорд,radio_set_station,"{""station"": ""Радио Рекорд""}"
Останови музыку сейчас,stop_music,
Поставь громче на пять,volume_change,"{""change"": 5}"
Отмотай плейлист на три трека назад,previous_track,"{""count"": 3}"
"Срочно включи обогрев сидений на максимум, холодно",seat_heater_set,"{""target"": ""все сиденья"", ""level"": ""максимум""}"
Опусти водительское окно на двадцать процентов,window_set,"{""side"": ""front_left"", ""position"": ""20%""}"
Приоткрой заднее левое окно,window_set,"{""side"": ""rear_left"", ""position"": ""slightly_open""}"
Открой все стекла на максимум,window_set,"{""side"": ""all"", ""position"": ""100%""}"
Поставь двадцать два градуса,ac_set,"{""temperature"": ""22""}"
Авто режим кондиционера включи,ac_mode_set,"{""mode"": ""auto""}"
Разогрей пассажирское сиденье на максимум,seat_heater_set,"{""seat"": ""passenger"", ""level"": ""high""}"
Нагрей водительское кресло до два,seat_heater_set,"{""seat"": ""driver"", ""level"": ""2""}"
Охлади спинку водителя,seat_vent_set,"{""seat"": ""driver"", ""state"": ""on""}"
Отморозь заднее стекло,defrost_set,"{""target"": ""rear"", ""state"": ""on""}"
Прекрати обогрев стекол,defrost_set,"{""state"": ""off""}"
Поставь плейлист хиты,media_source_set,"{""source"": ""плейлист хиты""}"
Включи звук снова,volume_mute_set,"{""mute"": ""off""}"
Повторять все,media_repeat_set,"{""mode"": ""all""}"
Настрой радио на 102.5,radio_set_station,"{""frequency"": ""102.5""}"
Поехали в центр города,nav_start,"{""destination"": ""центр города""}"
Переключи на волну Радио Ностальжи,radio_set_station,"{""station"": ""Радио Ностальжи""}"
Расскажи мне анекдот пока еду,chitchat,
Выключи подогрев сидений водителя,seat_heater_set,"{""seat"": ""водитель"", ""level"": 0}"
Добавь подогрев заднего правого сиденья на два,seat_heater_set,"{""seat"": ""заднее правое"", ""delta"": 2}"
Расморозь лобовое стекло,defrost_set,"{""target"": ""лобовое"", ""state"": ""on""}"
"Поставь рок-плейлист и погромче, пожалуйста",play_music,"{""playlist"": ""рок""}"
Уменьши звук,volume_change,
Включи Bluetooth-источник,media_source_set,"{""source"": ""Bluetooth""}"
Настрой FM на сто один целых пять,radio_set_station,"{""frequency"": 101.5}"
Наведёшь меня до дома?,nav_start,"{""destination"": ""дом""}"
Маршрут до ближайшей заправки,nav_start,"{""destination"": ""заправка"", ""proximity"": ""ближайшая""}"
Позвони Оле С.,call_start,"{""contact"": ""Оля С.""}"
Выруби дальний,high_beam_set,"{""state"": ""off""}"
Автоматические фары включи,headlights_set,"{""mode"": ""auto""}"
"Мне холодно, сделай потеплее, пожалуйста",ac_set,"{""adjust"": ""warmer""}"
Можно музыку потише?,volume_change,"{""adjust"": ""quieter""}"
Переключи на следующую станцию,radio_set,"{""action"": ""next_station""}"
"Мне нужно доехать до офиса, проложи пожалуйста самый быстрый маршрут с учётом пробок",nav_start,"{""destination"": ""офис"", ""preference"": ""fastest"", ""consider_traffic"": true}"
Холодно в ногах — включи обдув в зону ног на максимум и потеплей,ac_mode_set,"{""zone"": ""ноги"", ""fan_level"": ""max""}"
Поставь радио на станцию Радио Маяк,radio_set_station,"{""station"": ""Радио Маяк""}"
Прокомментируй погоду,chitchat,
"Включи обогрев лобового, пожалуйста",defrost_set,"{""target"": ""лобовое"", ""state"": ""on""}"
Открой боковое окно справа,window_set,"{""side"": ""правое""}"
"Пожалуйста, отключи кондиционер и переключись на вентилятор",ac_mode_set,"{""mode"": ""вентилятор""}"
"Подними стекла, пожалуйста",window_set,"{""target"": ""all_windows"", ""action"": ""raise""}"
Чуть-чуть приоткрой окно пассажира,window_set,"{""window"": ""passenger"", ""action"": ""open"", ""amount"": ""slightly""}"
Закрой стекло водителя наполовину,window_set,"{""window"": ""driver"", ""position"": ""half""}"
Частично открой люк на крыше,sunroof_set,"{""position"": ""partial""}"
"Плотно закрой люк, пожалуйста",sunroof_close,
Поставь температуру двадцать градусов,ac_set,"{""temperature"": 20}"
Уменьши температуру на три градуса,ac_set,"{""delta"": 3, ""direction"": ""decrease""}"
Включи режим обдува на лобовое стекло,defrost_set,"{""target"": ""front_windshield"", ""action"": ""on""}"
Убавь подогрев заднего пассажира,seat_heater_set,"{""seat"": ""rear"", ""action"": ""decrease""}"
Выключи вентиляцию на моём кресле,seat_vent_set,"{""seat"": ""driver"", ""action"": ""off""}"
Выключи свет,headlights_set,"{""action"": ""off""}"
"Построй, пожалуйста, маршрут с учётом пробок до ближайшей кофейни на улице Ленина дом двенадцать",nav_start,"{""destination"": ""улица Ленина, дом 12"", ""avoid_traffic"": true}"
Поставь на волну 101.2 FM,radio_set_station,"{""frequency"": ""101.2""}"
Слушать джаз,play_music,"{""genre"": ""джаз""}"
Отключи режим shuffle,media_shuffle_set,"{""action"": ""off""}"
Наставь радио на FM,radio_set,"{""band"": ""FM""}"
"Случайную песню, пожалуйста",play_music,"{""mode"": ""random""}"
"Пожалуйста, сделай громкость ноль",volume_set,"{""level"": 0}"
"Ты можешь рассказать анекдот, чтобы я не засыпал за рулём?",chitchat,
Приоткрой заднее окно на пятьдесят процентов,window_set,"{""window"": ""rear"", ""position_percent"": 50}"
Накрой люк целиком,sunroof_close,"{""target"": ""sunroof"", ""action"": ""close"", ""position"": ""closed""}"
"Приоткрой крышу машины чуть-чуть, пожалуйста",sunroof_set,"{""target"": ""sunroof"", ""action"": ""tilt"", ""amount"": ""slightly""}"
Сделай климат прохладнее на три градуса,ac_set,"{""delta"": -3}"
Автоматический режим климата,ac_mode_set,"{""mode"": ""auto""}"
Понизь вентилятор до максимума,ac_fan_set,"{""fan_speed"": ""max""}"
Включи обогрев сиденья водителя на средний уровень,seat_heater_set,"{""seat"": ""driver"", ""level"": ""medium""}"
"Вентиляция сидений, слева назад — максимум",seat_vent_set,"{""seat"": ""rear_left"", ""level"": ""max""}"
Включи обдув лобового стекла и боковых зеркал,defrost_set,"{""target"": [""front_window"", ""mirrors""], ""action"": ""on""}"
Выключить обогрев заднего стекла,defrost_set,"{""target"": ""rear_window"", ""action"": ""off""}"
Автоматический режим фар включи,headlights_set,"{""mode"": ""auto""}"
Разогрей руль — быстро и сильно,wheel_heater_set,"{""level"": ""high""}"
Поставь радио на станцию 101.2 FM,radio_set_station,"{""frequency"": 101.2, ""band"": ""FM""}"
Включи радиостанцию Дорожное радио,radio_set,"{""station_name"": ""Дорожное радио""}"
Переключись на следующую песню,next_track,
Громче до двадцати процентов,volume_set,"{""volume_percent"": 20}"
Запусти навигацию до Красной площади,nav_start,"{""destination"": ""Красная площадь""}"
Отмени маршрут и вернись на начальный экран,nav_cancel,
Включи повтор радиостанции,media_repeat_set,"{""state"": ""on""}"
Переключи источник на USB-порт спереди,media_source_set,"{""source"": ""USB_front""}"
"Громкость — пятёрку, пожалуйста",volume_set,"{""level"": 5}"
"Тихо, отключи музыку и не включай",stop_music,
"Пожалуйста, пропусти эту композицию",next_track,
"Верни предыдущее, эту мне нравится",previous_track,
Случайным образом — перемешай плейлист,media_shuffle_set,"{""state"": ""on""}"
Радио на FM девяносто восемь ноль,radio_set_station,"{""frequency"": 98.0, ""band"": ""FM""}"
Вруби на всю — музыка громкая и бодрая,volume_change,"{""set"": ""max""}"
Сделай режим кондиционера экономичным,ac_mode_set,"{""mode"": ""eco""}"
"Помоги, где ближайшая заправка?",nav_start,"{""query"": ""nearest gas station""}"
"Не мешай, веду переговоры",chitchat,
"Как дела у тебя, ассистент?",chitchat,
Включи режим антизапотевания лобового стекла на полную,defrost_set,"{""target"": ""front_window"", ""level"": ""max""}"
"Закрой переднее правое, пожалуйста",window_set,"{""side"": ""front_right"", ""action"": ""close""}"
Наполовину приоткрой все окна,window_set,"{""position"": ""half"", ""side"": ""all""}"
Убери окно назад полностью,window_set,"{""action"": ""close"", ""position"": ""full""}"
Открой чуть-чуть пассажирское окно,window_set,"{""side"": ""front_right"", ""position"": ""slightly_open""}"
Включи климат на максимум холод,ac_set,"{""mode"": ""cool"", ""level"": ""max""}"
Понизь температуру до девятнадцати,ac_set,"{""temperature"": ""19""}"
"Хочу прохладно, поставь 18 градусов",ac_set,"{""temperature"": ""18""}"
Отключи кондиционер сейчас,ac_off,
Установи режим обогрева салона,ac_mode_set,"{""mode"": ""heat""}"
"Режим авто включи, пожалуйста",ac_mode_set,"{""mode"": ""auto""}"
Повысь скорость вентилятора на один шаг,ac_fan_set,"{""change"": ""up"", ""steps"": ""1""}"
Убавь обдув — поменьше,ac_fan_set,"{""change"": ""down""}"
Фан на тройку,ac_fan_set,"{""level"": ""3""}"
Подогрей моё сиденье на две деления,seat_heater_set,"{""side"": ""driver"", ""level"": ""2""}"
Включи тёплую подушку на пассажире,seat_heater_set,"{""side"": ""passenger"", ""state"": ""on""}"
Максимальный обогрев для водительского кресла,seat_heater_set,"{""side"": ""driver"", ""level"": ""max""}"
Вентиляцию сидений включи,seat_vent_set,"{""state"": ""on""}"
Отключи охлаждение сиденья,seat_vent_set,"{""state"": ""off""}"
Разморозь стекла спереди и сзади,defrost_set,"{""target"": ""front_and_rear"", ""state"": ""on""}"
Сними обогрев заднего стекла,defrost_set,"{""target"": ""rear"", ""state"": ""off""}"
Сделай люк наполовину,sunroof_set,"{""position"": ""half""}"
Включи рок-плейлист для дороги,play_music,"{""genre"": ""rock"", ""context"": ""road""}"
Поставь что-то спокойное для концентрации,play_music,"{""mood"": ""calm""}"
"Запусти мой список ""Утро""",play_music,"{""playlist"": ""Утро""}"
Дай предыдущую композицию,previous_track,
Установи громкость пять процентов,volume_set,"{""percent"": ""5""}"
Перемешивание включи,media_shuffle_set,"{""state"": ""on""}"
"Навигатор — туда, где мой офис",nav_start,"{""destination"": ""офис""}"
Позови Машу,call_start,"{""contact"": ""Маша""}"
"Пожалуйста, подними фары на дальний",high_beam_set,"{""state"": ""on""}"
Открой водительское окно на половину,window_set,"{""window"": ""driver"", ""position"": 50}"
Опусти заднее левое,window_set,"{""window"": ""rear_left"", ""position"": 0}"
"Можешь чуть приоткрыть люк, пожалуйста?",sunroof_set,"{""position"": 20}"
"Не торопясь, пожалуйста, установи кондиционер на комфортные двадцать два градуса",ac_set,"{""temperature"": 22}"
Переведи на режим рециркуляции воздуха,ac_mode_set,"{""mode"": ""recirculation""}"
Хочу режим обдува ног,ac_mode_set,"{""mode"": ""foot""}"
Уменьши скорость вентилятора на три,ac_fan_set,"{""delta"": -3}"
Отопление сиденья водителя уровень два,seat_heater_set,"{""seat"": ""driver"", ""level"": 2}"
Включи вентиляцию кресел на полную мощность,seat_vent_set,"{""level"": ""max""}"
"Подогрей все задние сиденья, пожалуйста",seat_heater_set,"{""seat"": ""rear_all"", ""level"": ""on""}"
Протри стекло обдувом — включи обогрев лобового стекла,defrost_set,"{""target"": ""front"", ""state"": ""on""}"
Установи интенсивность обдува лобового на максимум,defrost_set,"{""target"": ""front"", ""level"": ""max""}"
"Включи звук, пожалуйста",volume_mute_set,"{""mute"": false}"
Повторять все треки,media_repeat_set,"{""repeat"": ""all""}"
Повторять только одну песню,media_repeat_set,"{""repeat"": ""one""}"
Включи навигацию: веди меня домой,nav_start,"{""destination"": ""home""}"
"Проклади маршрут до офиса, пожалуйста",nav_start,"{""destination"": ""office""}"
Включи дворники на слабую скорость,wipers_set,"{""speed"": ""low""}"
Дворники в интервальном режиме,wipers_set,"{""mode"": ""interval""}"
А можно Радио Шансон сейчас?,radio_set_station,"{""station"": ""Радио Шансон""}"
Поставь спокойную фоновую музыку: джаз,play_music,"{""genre"": ""джаз""}"
Прекрати музыку и дай тишину вокруг,stop_music,
"Следующая, пожалуйста",next_track,
Сколько километров до дома осталось?,chitchat,
Кто здесь главный водитель?,chitchat,
"Пожалуйста, закрой все окна — дождь начался",window_set,"{""side"": ""all"", ""action"": ""close""}"
"Приоткрой заднее окно наполовину, мне немного душно",window_set,"{""side"": ""rear"", ""position"": 50, ""action"": ""open""}"
Прикрой правое окно на 25 процентов,window_set,"{""side"": ""right"", ""position"": 25}"
"Открыть панорамную крышу примерно на треть, пожалуйста",sunroof_set,"{""position"": 33, ""action"": ""open""}"
Включи рециркуляцию и направь воздух к ногам,ac_mode_set,"{""modes"": [""recirculation"", ""foot""]}"
"Максимальный обдув, на полную мощность вентилятор",ac_fan_set,"{""level"": ""max""}"
Разогрей заднее кресло на три деления,seat_heater_set,"{""seat"": ""rear"", ""level"": 3}"
Охлади кресло переднего пассажира,seat_vent_set,"{""seat"": ""passenger"", ""state"": ""on""}"
"Выключи вентиляцию кресел, пожалуйста",seat_vent_set,"{""state"": ""off""}"
Выключи фары после парковки,headlights_set,"{""state"": ""off""}"
"Выключи дальний, переключись на ближний",high_beam_set,"{""state"": ""off""}"
"Включи дворники, идёт дождь",wipers_set,"{""state"": ""on""}"
"Автоматический режим дождя включи, пусть датчик сам управляет",rain_set,"{""mode"": ""auto""}"
Уменьши частоту дворников до средней скорости,wipers_set,"{""speed"": ""medium""}"
"Максимальный обдув на лобовое стекло, быстро высуши его",defrost_set,"{""target"": ""windshield"", ""level"": ""max"", ""state"": ""on""}"
"Разморозь, пожалуйста, заднее стекло полностью",defrost_set,"{""target"": ""rear"", ""state"": ""on"", ""level"": ""max""}"
Поставь плейлист Утро и сделай громкость чуть тише,play_music,"{""playlist"": ""Утро""}"
Стоп музыку немедленно,stop_music,
Убавь громкость на семь единиц,volume_change,"{""delta"": -7}"
Громкость 35 процентов,volume_set,"{""level"": 35}"
Переключи источник на Bluetooth — телефон подключен,media_source_set,"{""source"": ""Bluetooth""}"
Включи случайное воспроизведение всех треков,media_shuffle_set,"{""state"": ""on""}"
"Поехали — проложи маршрут до Красной площади, мне нужен кратчайший путь",nav_start,"{""destination"": ""Красная площадь"", ""route"": ""shortest""}"
"Отмени текущий маршрут, уже не нужно",nav_cancel,
Установи радио на третий пресет,radio_set,"{""preset"": 3}"
"Включи повтор для всего альбома, пожалуйста",media_repeat_set,"{""mode"": ""all""}"
Переключи источник на USB-накопитель,media_source_set,"{""source"": ""USB""}"
Перемешай все треки в библиотеке,media_shuffle_set,"{""state"": ""on"", ""scope"": ""library""}"
"Поставь кондиционер на 19, я замёрз",ac_set,"{""temperature"": 19}"
"Как там погода за окном, расскажи вкратце",chitchat,
"Расскажи шутку, чтобы я не заскучал за рулём",chitchat,
"Найди ближайшее кафе и проложи ко мне маршрут туда, хочется кофе",nav_start,"{""destination"": ""nearest_cafe""}"
Настрой AM на 720 килогерц,radio_set_station,"{""frequency"": 720, ""band"": ""AM""}"
"Пожалуйста, приоткрой форточку чуть-чуть, чтобы проветрить салон",window_set,"{""position"": 10, ""action"": ""open""}"
опусти переднее правое окно на половину,window_set,"{""side"": ""front_right"", ""position_percent"": 50}"
"не дуло, закрой заднее стекло пожалуйста",window_set,"{""side"": ""rear"", ""position"": ""closed""}"
включи печку,ac_set,
"хочу тепло в салоне, прибавь температуру на три градуса",ac_set,"{""delta_degrees"": 3}"
переключи режим на recirculation,ac_mode_set,"{""mode"": ""recirculation""}"
режим вентиляции на обдув стекол,ac_mode_set,"{""mode"": ""defog""}"
увеличь силу вентилятора,ac_fan_set,"{""action"": ""increase""}"
"тише вентилятор, на два деления вниз",ac_fan_set,"{""delta"": 2}"
включи подогрев сидений водителя,seat_heater_set,"{""seat"": ""driver"", ""state"": ""on""}"
сделай подогрев пассажира на четыре,seat_heater_set,"{""seat"": ""passenger"", ""level"": 4}"
"подожди, хочу подогреть обе передние спинки на минимум",seat_heater_set,"{""seat"": ""both_front"", ""level"": 1}"
вентиляция сиденья выключи,seat_vent_set,"{""state"": ""off""}"
обдув на среднюю мощность,seat_vent_set,"{""level"": ""medium""}"
включи обогрев стекол — переднее и заднее,defrost_set,"{""front"": true, ""rear"": true}"
отключи дефростер заднего стекла,defrost_set,"{""rear"": false}"
приоткрой панорамную крышу чуть-чуть,sunroof_set,"{""position"": ""tilt""}"
громкость шесть,volume_set,"{""level"": 6}"
найди станцию 101.7 FM,radio_set_station,"{""station"": ""101.7""}"
"поехали к дому, проложи маршрут на улицу Лесную 12",nav_start,"{""destination"": ""улица Лесная 12""}"
высокие фары выключи,high_beam_set,"{""state"": ""off""}"
режим дождя поставь на автомат,rain_set,"{""mode"": ""auto""}"
"обогрей руль, руки замёрзли",wheel_heater_set,"{""state"": ""on""}"
а можно музыку потише? шум от шин мешает,volume_change,"{""action"": ""decrease""}"
"включи плейлист для спокойной езды, пожалуйста",play_music,"{""playlist"": ""chill""}"
поставь на повтор эту песню,media_repeat_set,"{""mode"": ""one""}"
"перемешай всё, пусть будет разнообразно",media_shuffle_set,"{""shuffle"": true}"
"немного побольше громкость, но не слишком",volume_change,"{""action"": ""increase"", ""magnitude"": ""small""}"
радио на Ретро FM включи,radio_set_station,"{""station"": ""Ретро FM""}"
запусти маршрут до парковки торгового центра,nav_start,"{""destination"": ""парковка торгового центра""}"
отмени текущую прокладку пути,nav_cancel,
позвать такси — позвони в службу,call_start,"{""contact"": ""такси""}"
включи дальний на секунду,high_beam_set,"{""action"": ""pulse""}"
"протри стекло, дворники включи на низкую",wipers_set,"{""speed"": ""low""}"
"задержи обдув стекол, очень заносит снег",defrost_set,"{""action"": ""hold""}"
"снизу подогрев кресла сделай чуть теплее, руки мерзнут",seat_heater_set,"{""action"": ""increase""}"
абсолютно спокойно: включи лёгкую музыку и подогрев руля,play_music,
"Опусти стекло водителя наполовину, пожалуйста",window_set,"{""side"": ""driver"", ""position"": ""50%""}"
Установи кондиционер на 21 градус,ac_set,"{""temperature_c"": 21}"
"Холоднее, на два градуса",ac_set,"{""temperature_delta"": -2}"
Включи автоматический режим,ac_mode_set,"{""mode"": ""auto""}"
Сделай вентиляцию пассажирского кресла на среднюю,seat_vent_set,"{""seat"": ""passenger"", ""level"": ""medium""}"
Отмени подогрев рулевого колеса,wheel_heater_set,"{""state"": ""off""}"
Поставь громкость на десять,volume_set,"{""level"": 10}"
Добавь громкости на пять единиц,volume_change,"{""delta"": 5}"
Включи FM на 101.2,radio_set_station,"{""frequency_mhz"": 101.2}"
Настрой радио на Спорт‑FM,radio_set_station,"{""station"": ""Спорт-FM""}"
Построй маршрут к ближайшей бензоколонке,nav_start,"{""destination"": ""АЗС""}"
Увеличь скорость щёток,wipers_set,
Можно поднять температуру в салоне до двадцати пяти градусов?,ac_set,"{""temperature_c"": 25}"
"Мне нужно ехать к новому кафе на углу, проложи маршрут пешком и избегай платных дорог",nav_start,"{""destination"": ""новое кафе на углу"", ""mode"": ""walking"", ""avoid"": ""tolls""}"
А можно помедленнее музыку?,volume_change,
"Поставь следующую песню, срочно!",next_track,
"Не переключай, пожалуйста",chitchat,
Какой сейчас радиоканал?,chitchat,
"Вруби тёплый климат, мне холодно",ac_set,"{""mode"": ""heat""}"
Подготовь автомобиль к автоматическому прогреву,chitchat,
"Пожалуйста, включи повторный режим только для этой песни",media_repeat_set,"{""scope"": ""track"", ""state"": ""on""}"
"Сделай громче, но не превышай семьдесят процентов",volume_set,"{""level_percent"": 70}"
Найди и позвонить Петру,call_start,"{""contact"": ""Пётр""}"
"Закрой лобовое, пожалуйста",window_set,"{""window"": ""front"", ""position"": ""close""}"
"Открой все окна, чтобы проветрить",window_set,"{""window"": ""all"", ""position"": ""open""}"
Сделай рециркуляцию воздуха,ac_mode_set,"{""mode"": ""recirculation""}"
Установи вентилятор на третью скорость,ac_fan_set,"{""level"": 3}"
Включи подогрев передних сидений на среднюю,seat_heater_set,"{""seat"": ""front"", ""level"": ""medium""}"
Выключи обогрев заднего кресла,seat_heater_set,"{""seat"": ""rear"", ""state"": ""off""}"
Выключи антизапотевание,defrost_set,"{""state"": ""off""}"
Включи дальний на пару секунд,high_beam_set,"{""state"": ""on""}"
Промой стеклоочистители,wipers_set,"{""action"": ""wash""}"
Установи дворники на первую скорость,wipers_set,"{""level"": 1}"
"Стоп, музыку!",stop_music,
Включи повтор всего,media_repeat_set,"{""mode"": ""all""}"
Найди станцию Ретро FM,radio_set_station,"{""name"": ""Ретро FM""}"
Настрой радиоприёмник на 95.8,radio_set_station,"{""frequency"": ""95.8""}"
Позвони 89123456789,call_start,"{""number"": ""89123456789""}"
"Включи плейлист ""Ночной шоссе""",play_music,"{""playlist"": ""Ночной шоссе""}"
Включи подогрев задних кресел на вторую ступень,seat_heater_set,"{""seat"": ""rear"", ""level"": 2}"
Опусти все боковые окна наполовину,window_set,"{""windows"": ""sides"", ""position_percent"": 50}"
Фары на автомат,headlights_set,"{""mode"": ""auto""}"
"Поменяй трек на следующий, тихо",next_track,
Вернись к прошлой песне,previous_track,
Поговорим немного,chitchat,
Подними правое заднее окно наполовину,window_set,"{""side"": ""right_rear"", ""position"": ""50%""}"
"Переднее левое, чуть опусти",window_set,"{""side"": ""front_left"", ""position"": ""slightly_down""}"
Закрой стекло водителя,window_set,"{""side"": ""driver"", ""position"": ""closed""}"
Убери солнце — закрой люк,sunroof_close,
Открой панорамную крышу на треть,sunroof_set,"{""position"": ""33%""}"
Поставь двадцать один градус,ac_set,"{""temperature"": 21}"
Пусть дует только на ноги,ac_mode_set,"{""mode"": ""foot""}"
Понизь вентилятор на одну,ac_fan_set,"{""delta"": -1}"
Включи обогрев сидений,seat_heater_set,
Охлади задние кресла,seat_vent_set,"{""seat"": ""rear"", ""action"": ""on""}"
Подсади вентиляцию в передние сиденья,seat_vent_set,"{""seat"": ""front"", ""action"": ""on""}"
"Обдув стекол передних, включи",defrost_set,"{""target"": ""front"", ""state"": ""on""}"
Дефрост заднего стекла выключи,defrost_set,"{""target"": ""rear"", ""state"": ""off""}"
"Не подогревай колёса, пожалуйста",wheel_heater_set,"{""state"": ""off""}"
Включи свет,headlights_set,"{""state"": ""on""}"
Фары — автоматический режим,headlights_set,"{""mode"": ""auto""}"
"Выключи дальний, быстро",high_beam_set,"{""state"": ""off""}"
Протри стекло — дворники на одну,wipers_set,"{""level"": 1}"
Поставь следующую композицию,next_track,
Bluetooth включи,media_source_set,"{""source"": ""bluetooth""}"
Случайное воспроизведение отключи,media_shuffle_set,"{""state"": ""off""}"
Поставь FM 101.7,radio_set_station,"{""frequency"": ""101.7""}"
Переключись на волны радиостанции 'Эхо',radio_set,"{""station_name"": ""Эхо""}"
"Навигатор, поведи меня домой",nav_start,"{""destination"": ""дом""}"
Построить маршрут до работы,nav_start,"{""destination"": ""работа""}"
Набери +7 999 1112233,call_start,"{""number"": ""+79991112233""}"
Скучно здесь,chitchat,
"Шторм на дороге, включи дворники на максимум",wipers_set,"{""level"": ""max""}"
"Пожалуйста приглуши музыку, детишки спят",volume_change,"{""direction"": ""down"", ""context"": ""children_sleep""}"
Опусти левое переднее стекло наполовину,window_set,"{""window"": ""left_front"", ""position"": ""50%""}"
Приоткрой заднее окно немного,window_set,"{""window"": ""rear"", ""action"": ""ajar""}"
Убери запотевание лобового стекла,defrost_set,"{""target"": ""front"", ""state"": ""on""}"
Открой люк в режим проветривания,sunroof_set,"{""mode"": ""vent""}"
"Отопрри люк наполовину, пожалуйста",sunroof_set,"{""position"": ""50%""}"
Убавь громкость до шести,volume_set,"{""level"": 6}"
"Построй маршрут до ближайшего съезда, навигатор путается",nav_start,"{""destination"": ""next_exit""}"
"Отмени текущий маршрут, навигатор считает странно",nav_cancel,
Ответь на звонок пожалуйста,call_answer,
Подними громкость на десять процентов,volume_change,"{""delta"": 10, ""unit"": ""percent""}"
Включи автопилот климат-контроля (режим авто),ac_mode_set,"{""mode"": ""auto""}"
"Выключи климат и вентилятор, спокойно",ac_off,
Проветри салон — приоткрой два окна немного,window_set,"{""count"": 2, ""action"": ""ajar""}"
Пусть обдув работает только на лобовое стекло,ac_mode_set,"{""zone"": ""front""}"
"Музыка потише, здесь туман и дорога мокрая",volume_change,"{""direction"": ""down""}"
Переключи на USB-плеер,media_source_set,"{""source"": ""usb""}"
Включи Bluetooth-адаптер для музыки,media_source_set,"{""source"": ""bluetooth""}"
"Попробуй проложить объездную — вокруг затора, пожалуйста",nav_start,"{""action"": ""reroute"", ""reason"": ""traffic""}"
Отмени навигацию и покажи карту на экране,nav_cancel,
Сбавь скорость дворников на одну ступень,wipers_set,"{""delta"": -1}"
Выключи автоматическое включение дворников,rain_set,"{""auto"": ""off""}"
Сделай звук на максимум,volume_set,"{""level"": 100}"
"Мне холодно, добавь отопления чуть-чуть",ac_set,"{""adjust"": ""warmer""}"
Как красиво в тумане вечернем — держи руль аккуратно,chitchat,
Открой левое переднее стекло,window_set,"{""side"": ""левое переднее""}"
Приподними водительское стекло на половину,window_set,"{""side"": ""водительское"", ""position"": ""50%""}"
Охлаждение на 20 градусов,ac_set,"{""temperature"": ""20""}"
Сделай климат попрохладнее,ac_set,
Режим обдува на ноги и лицо,ac_mode_set,"{""mode"": ""ноги и лицо""}"
Подогрев сидений для водителя на два,seat_heater_set,"{""seat"": ""водитель"", ""level"": ""2""}"
Сделай обогрев переднего пассажира на максимум,seat_heater_set,"{""seat"": ""передний пассажир"", ""level"": ""max""}"
"Вентиляция кресел, убери",seat_vent_set,"{""action"": ""off""}"
Охлаждение сидений на средний уровень,seat_vent_set,"{""level"": ""средний""}"
Подними обдув стекол задних,defrost_set,"{""target"": ""задние""}"
Открой крышу на треть,sunroof_set,"{""position"": ""33%""}"
Включи плейлист для пробки,play_music,"{""playlist"": ""для пробки""}"
Сделай громкость 10,volume_set,"{""level"": ""10""}"
Радио на частоту 92.7,radio_set_station,"{""frequency"": ""92.7""}"
Включи стеклоочистители на скорость две,wipers_set,"{""speed"": ""2""}"
Немного пообщаемся,chitchat,
Сделай тише навигацию,volume_change,"{""target"": ""навигатор"", ""direction"": ""down""}"
Поставь музыку из USB,media_source_set,"{""source"": ""USB""}"
Переиграй предыдущую дорожку,previous_track,
Включи приглушённый свет фар,headlights_set,"{""mode"": ""low""}"
"Сделай обдув на стекло и ноги, чуть потише",ac_mode_set,"{""areas"": ""стекло и ноги"", ""fan"": ""пониже""}"
"Закрой люк, пожалуйста — тоннель впереди",sunroof_close,
"Выключи кондиционер, в тумане влажно",ac_off,
Переведи режим климата в рециркуляцию,ac_mode_set,"{""mode"": ""recirкуляция""}"
"Поставь обдув побольше, вентиляция средняя",ac_fan_set,"{""level"": ""увеличить""}"
Убавь вентилятор до двух делений,ac_fan_set,"{""level"": ""2""}"
Включи обогрев водительского сиденья на максимум,seat_heater_set,"{""seat"": ""водительское"", ""level"": ""максимум""}"
"Остыть, пожалуйста — отключи подогрев сидений",seat_heater_set,"{""action"": ""выключить""}"
Вентиляция сиденья пассажира на средний уровень,seat_vent_set,"{""seat"": ""пассажирское"", ""level"": ""средний""}"
"Разморозь лобовое стекло, впереди встречка слепит",defrost_set,"{""target"": ""лобовое"", ""action"": ""включить""}"
"Поставь обдув на заднее стекло, если можно",defrost_set,"{""target"": ""заднее"", ""action"": ""включить""}"
"Открой люк чуть-чуть, на пару сантиметров",sunroof_set,"{""position"": ""несколько_см""}"
Закрой люк срочно,sunroof_close,
"Следующий трек, и потише чуть",next_track,
"Аудио с телефона, Bluetooth пожалуйста",media_source_set,"{""source"": ""bluetooth""}"
Останови радио и включи плеер,media_source_set,"{""action"": ""switch_to_player""}"
Радио FM поставить на 101.2,radio_set_station,"{""band"": ""FM"", ""frequency"": ""101.2""}"
Включи радиоприёмник на AM,radio_set,"{""band"": ""AM""}"
"Начни навигацию до ближайшей заправки — навигатор путаный, помоги ему",nav_start,"{""destination"": ""ближайшая заправка""}"
"Отмени маршрут, навигатор сбился",nav_cancel,
"Поставь дальний, жалко встречку ослепляет",high_beam_set,"{""state"": ""on""}"
"Выруби дальний, встречка ослепляет",high_beam_set,"{""state"": ""off""}"
"Включи дворники на медленный режим, дождь мелкий",wipers_set,"{""speed"": ""медленный""}"
"Авто-дворники включить, туман поднялся",wipers_set,"{""mode"": ""auto""}"
Выключи тёплый руль,wheel_heater_set,"{""state"": ""off""}"
"Сделай тише, слушать навигацию неудобно в тумане",volume_change,"{""change"": ""decrease""}"
"Громче навигатор, чтобы слышать указания в тоннеле",volume_change,"{""change"": ""increase""}"
Заблокируй входящие звонки пока еду через тоннель,call_hangup,
Переключи на предыдущую радиостанцию — шум мешает,radio_set_station,"{""action"": ""previous""}"
Включи плейлист «Спокойная дорога»,play_music,"{""playlist"": ""Спокойная дорога""}"
"Поставь музыку потише, встречка ослепляет и надо сосредоточиться",volume_set,"{""volume"": ""низкий""}"
Переключи трек и не объясняй почему — просто переключи,next_track,
"Пауза — навигатор опять путается, дай мне сосредоточиться",media_pause,
"Не играй в случайном порядке, отключи шаффл",media_shuffle_set,"{""shuffle"": ""off""}"
Повтор альбома включи на время поездки,media_repeat_set,"{""mode"": ""album""}"
"Ну что, как погода в тоннеле?",chitchat,
"Туман сегодня такой, что навигатор запутался, не переживай",chitchat,
Серьёзно — кто светит встречкой?,chitchat,
Громко,volume_change,"{""change"": ""increase""}"
"Включи радио на 88.5 FM, может там погромче будет",radio_set_station,"{""band"": ""FM"", ""frequency"": ""88.5""}"
"Переключись на USB, песни с флешки",media_source_set,"{""source"": ""USB""}"
"Включи рециркуляцию, воздух на улице влажный и туман",ac_mode_set,"{""mode"": ""рециркуляция""}"
Немного проветри — открой правое переднее окно на пять сантиметров,window_set,"{""side"": ""правое переднее"", ""position"": ""5 см""}"
Автоматический режим вентиляции,ac_mode_set,"{""mode"": ""auto""}"
Увеличь скорость вентилятора на две,ac_fan_set,"{""delta"": 2}"
Сделай вентиляцию сиденья пассажира на среднее,seat_vent_set,"{""seat"": ""passenger"", ""level"": ""medium""}"
Включи дворники в режим интервал,wipers_set,"{""mode"": ""intermittent""}"
Поставь FM на волну 101.2,radio_set_station,"{""band"": ""FM"", ""frequency"": ""101.2""}"
Настрой на AM 720,radio_set_station,"{""band"": ""AM"", ""frequency"": ""720""}"
Включи радио на Москву FM,radio_set,"{""station"": ""Москва FM""}"
"Поехали домой, навигация",nav_start,"{""destination"": ""домой""}"
Добавь случайный порядок треков,media_shuffle_set,"{""state"": ""on""}"
Сделай громче музыку на 10 процентов,volume_change,"{""percent"": 10}"
Полная тишина,volume_mute_set,"{""mute"": true}"
А можно радио посильнее?,volume_change,
Запусти Вестрайд по Bluetooth,media_source_set,"{""source"": ""bluetooth"", ""track"": ""Вестрайд""}"
"Включи дальний свет на трассе, если нужно",high_beam_set,"{""state"": ""on""}"
Протри лобовое — включи обогрев,defrost_set,"{""target"": ""front"", ""state"": ""on""}"
"Подожди, не снимать руку с руля",chitchat,
Какой сегодня пробок ждать?,chitchat,
Следующая радиостанция,radio_set,"{""action"": ""next_station""}"
Приоткрой окно пассажира на три сантиметра,window_set,"{""side"": ""пассажир"", ""position"": ""3см""}"
Опусти заднее окно наполовину,window_set,"{""side"": ""rear"", ""position_percent"": 50}"
Подними окно водителя,window_set,"{""side"": ""driver"", ""action"": ""raise""}"
Проветрить салон,ac_set,
Поставь обдув ног,ac_mode_set,"{""mode"": ""foot""}"
Направь воздух на лобовое стекло,defrost_set,"{""target"": ""front_windshield""}"
Включи обогрев зеркал и стекла,defrost_set,"{""targets"": [""mirrors"", ""glass""]}"
"Пожалуйста, включи дефрост",defrost_set,"{""action"": ""on""}"
Уменьши температуру подогрева до два,seat_heater_set,"{""level"": 2}"
Охлади сиденье водителя на максимум,seat_vent_set,"{""side"": ""driver"", ""level"": ""max""}"
Активируй вентилируемые сиденья заднего ряда,seat_vent_set,"{""side"": ""rear""}"
Повтор всех треков,media_repeat_set,"{""mode"": ""all""}"
Выключи случайный порядок воспроизведения,media_shuffle_set,"{""shuffle"": false}"
Поставь станцию на 92.0,radio_set_station,"{""frequency"": 92.0, ""band"": ""FM""}"
Вези меня до метро Площадь Революции,nav_start,"{""destination"": ""метро Площадь Революции""}"
Остынь руль,wheel_heater_set,"{""action"": ""off""}"
"Слушай, ты кто?",chitchat,
Давай окна на проветривание,window_set,"{""mode"": ""vent""}"
Приподними пассажирское окно наполовину,window_set,"{""window"": ""passenger"", ""position"": ""50%""}"
"Заднее стекло закрыть, пожалуйста",window_set,"{""window"": ""rear"", ""state"": ""closed""}"
Плотно закрой люк — ветер мешает,sunroof_close,
Люк на десять процентов закрой,sunroof_set,"{""percent"": ""10%""}"
Хочу тёплый руль,wheel_heater_set,
Слегка подогрей сидение пассажира,seat_heater_set,"{""seat"": ""passenger"", ""level"": ""low""}"
"Вентиляция сиденья, пожалуйста",seat_vent_set,
Выключи вентиляцию на водительском,seat_vent_set,"{""seat"": ""driver"", ""state"": ""off""}"
"Выключи кондиционер — мне жарко улично, но в машине прохладно",ac_off,
Режим обдува на лобовое,ac_mode_set,"{""target"": ""windshield""}"
Вентилятор дай погромче,ac_fan_set,"{""action"": ""increase""}"
Подними обдув на треть,ac_fan_set,"{""level"": ""33%""}"
Запусти обдув стекол,defrost_set,
Отморозь лобовое стекло,defrost_set,"{""window"": ""windshield""}"
Сделай свет тусклее,headlights_set,"{""level"": ""low""}"
Дождевой режим вкл,rain_set,"{""state"": ""on""}"
Переключись на спутниковое радио,media_source_set,"{""source"": ""satellite""}"
Добавь звук на пять,volume_change,"{""delta"": ""5""}"
Останови навигацию,nav_cancel,
"Слушай, не мешай — тишина нужна",chitchat,
"Мне холодно, согрей пожалуйста",chitchat,
"Тише музыку, пожалуйста",volume_change,
Радио на максимум громкости,volume_set,"{""level"": ""max""}"
"Не отвечай, занято",call_hangup,
Включи подогрев сиденья третьей степени на водительском,seat_heater_set,"{""seat"": ""driver"", ""level"": ""3""}"
Приоткрой окна наполовину,window_set,"{""position"": ""half_open"", ""percent"": ""50%""}"
Опусти переднее левое окно на четверть,window_set,"{""side"": ""front_left"", ""percent"": ""25%"", ""action"": ""lower""}"
Поставь температуру на двадцать три градуса,ac_set,"{""temperature"": ""23""}"
Увеличь мощность вентилятора,ac_fan_set,"{""action"": ""increase""}"
Режим экономии включи,ac_mode_set,"{""mode"": ""eco"", ""state"": ""on""}"
Отогрей лобовое стекло,defrost_set,"{""zone"": ""front"", ""state"": ""on""}"
Добавь громкости на два шага,volume_change,"{""amount"": ""2""}"
Радио FM включи,radio_set,"{""band"": ""FM""}"
"Проложи маршрут в центр города, избегай платных дорог",nav_start,"{""destination"": ""city center"", ""avoid"": ""tolls""}"
"Дворники, средняя скорость",wipers_set,"{""speed"": ""medium""}"
Подогрей заднее левое сиденье наполовину,seat_heater_set,"{""seat"": ""rear_left"", ""level"": ""50%""}"
"Слушай, расскажи анекдот, чтобы поднять настроение",chitchat,
"А можно немного тише, музыка давит на уши",volume_change,"{""direction"": ""down""}"
Поставь радио на станцию Европа Плюс,radio_set_station,"{""station"": ""Европа Плюс""}"
Перемешай список воспроизведения,media_shuffle_set,"{""shuffle"": ""on""}"
Найди ближайшую заправку и покажи на карте,nav_start,"{""destination"": ""nearest gas station""}"
"Сколько времени потребуется, чтобы добраться до работы сейчас, учитывая пробки?",chitchat,
"Я голоден, посоветуй ближайшее место где можно быстро перекусить и припарковаться",chitchat,
"Пожалуйста, включи подсветку салона на минимальную яркость",chitchat,
Переключи систему на рециркуляцию воздуха,ac_mode_set,"{""mode"": ""recirculation""}"
Увеличь силу вентилятора до максимума,ac_fan_set,"{""level"": ""max""}"
Убавь обдув до двух,ac_fan_set,"{""level"": 2}"
Нагрей водительское сиденье на три деления,seat_heater_set,"{""seat"": ""driver"", ""level"": 3}"
Открой вентиляцию кресла пассажира,seat_vent_set,"{""seat"": ""passenger""}"
"Приоткрой окна, чтобы проветрить салон",window_set,"{""target"": ""all"", ""purpose"": ""ventilate""}"
"Стоп музыку, пожалуйста",stop_music,
Убавь звук немножко,volume_change,"{""direction"": ""down""}"
Плей что-нибудь спокойное,play_music,"{""style"": ""calm""}"
Переключи радио на 101.5 FM,radio_set_station,"{""frequency"": ""101.5""}"
Включи FM 87.9 пожалуйста,radio_set_station,"{""frequency"": ""87.9""}"
Проложи маршрут до ближайшего ресторана,nav_start,"{""destination"": ""ресторан""}"
Позвони маме сейчас,call_start,"{""contact"": ""мама""}"
Выключи автоматический режим дождя,rain_set,"{""state"": ""off""}"
"Включи вентиляцию салона вместо окон, если можно",ac_set,"{""mode"": ""vent""}"
Добавь громкости на пять шагов,volume_change,"{""delta"": 5}"
"Пожалуйста, поставь музыку на паузу, я перезвоню через минуту",media_pause,
Можно включить тихую музыку в салоне?,play_music,"{""mood"": ""soft""}"
"Почему-то музыка не играет, включи источник AUX",media_source_set,"{""source"": ""aux""}"
"Пожалуйста, выключи повтор и случайный порядок воспроизведения",media_repeat_set,"{""state"": ""off""}"
Приподними заднее стекло чуть-чуть,window_set,"{""side"": ""заднее"", ""action"": ""tilt"", ""amount"": ""чуть-чуть""}"
Температура двадцать два,ac_set,"{""temperature"": 22}"
Убавь кондиционер до восемнадцати,ac_set,"{""temperature"": 18}"
Проветри салон и выключи охлаждение,ac_off,
Поставь режим обдува на ноги,ac_mode_set,"{""mode"": ""feet""}"
Увеличь вентиляцию в салоне,ac_fan_set,"{""change"": ""increase""}"
Включи подогрев заднего левого сиденья на средний,seat_heater_set,"{""seat"": ""заднее левое"", ""level"": ""medium""}"
"Остывай, пожалуйста, подогрев пассажира",seat_heater_set,"{""seat"": ""пассажирское"", ""level"": ""off""}"
Вентиляция сидений на минимуме,seat_vent_set,"{""level"": ""low""}"
Включи охлаждение водительского кресла на два,seat_vent_set,"{""seat"": ""водительское"", ""level"": 2}"
Выключи обогрев стекла заднего окна,defrost_set,"{""target"": ""заднее"", ""action"": ""off""}"
Приоткрой панорамную крышу на вентиляцию,sunroof_set,"{""action"": ""tilt""}"
Настрой меня на сто один точка пять FM,radio_set_station,"{""frequency"": ""101.5"", ""band"": ""FM""}"
Включи радио AM,radio_set,"{""band"": ""AM""}"
"Поехали домой на навигаторе, адрес: улица Ленина, дом 10",nav_start,"{""destination"": ""улица Ленина, дом 10""}"
Свет в автомат режим,headlights_set,"{""state"": ""auto""}"
Дворники поливают водой,rain_set,"{""state"": ""on""}"
"Как дела, машина?",chitchat,
Сколько топлива осталось?,chitchat,
"Притормози и включи дворники, идёт сильный дождь",wipers_set,"{""mode"": ""on"", ""context"": ""heavy_rain""}"
"Мне холодно в салоне, сделай потеплее на пять градусов",ac_set,"{""delta_degrees"": 5}"
Наполовину открой боковые окна,window_set,"{""action"": ""open_half"", ""side"": ""боковые""}"
Поехали на заправку адрес: проспект Мира 45,nav_start,"{""destination"": ""проспект Мира, 45""}"
Вставь случайную песню из моей библиотеки,play_music,"{""source"": ""library"", ""mode"": ""random""}"
Стихийное сообщение — расскажи шутку,chitchat,
Сделай громче на четверть,volume_change,"{""change"": ""increase"", ""percent"": 25}"
"Увеличь вентиляцию в пассажирском кресле, пожалуйста",seat_vent_set,"{""seat"": ""passenger"", ""intensity"": ""high""}"
"Воспроизведи что-нибудь спокойное, чтобы не отвлекаться",play_music,
Стихни музыку,volume_change,"{""delta"": -3}"
Переключись на Yandex Music,media_source_set,"{""source"": ""Yandex Music""}"
"Не отвлекай меня, просто веди домой",chitchat,
Включи подогрев сиденья на максимум,seat_heater_set,"{""level"": ""max""}"
Охлади кресло водителя вентиляцией,seat_vent_set,"{""seat"": ""driver"", ""intensity"": ""high""}"
Включи антизапотевание для стекол,defrost_set,
"Открой люк чуть-чуть, только немного",sunroof_set,"{""position"": ""10%""}"
"Прокладывай маршрут до офиса, объезжай тоннели",nav_start,"{""destination"": ""офис"", ""avoid"": ""tunnels""}"
Если звонит начальник — ответь автоматически,chitchat,
Пауза на секунду,media_pause,"{""duration_seconds"": 1}"
Добавь громкость на четыре — слышу плохо от шин,volume_change,"{""delta"": 4}"
"Выключи музыку, хочу сосредоточиться",stop_music,
Переключи источник на радио FM,media_source_set,"{""source"": ""radio""}"
Настрой радио на Volna FM,radio_set_station,"{""station"": ""Volna FM""}"
"Поехали домой, начни навигацию и не говори лишнего",nav_start,"{""destination"": ""дом""}"
Ответь на входящий звонок немедленно,call_answer,
Дворники на интервальный режим,wipers_set,"{""mode"": ""intermittent""}"
"Не хочу отвлекаться, сделай кондиционер тихим и прохладным",ac_set,
"Пожалуйста, приоткрой окно наполовину",window_set,"{""position"": ""half""}"
"Закрой все окна, чтобы снег не летел внутрь",window_set,"{""all"": true}"
Установи обдув на третий уровень,ac_fan_set,"{""level"": 3}"
Поставь кондиционер на максимум,ac_set,"{""level"": ""max""}"
"Сделай кондиционер потише, чтобы не отвлекать меня",ac_set,
"Выключи кондиционер, не нужен",ac_off,
Поставь режим охлаждения,ac_mode_set,"{""mode"": ""cool""}"
Максимальный обдув,ac_fan_set,"{""level"": ""max""}"
Сделай обдув чуть тише и поменьше,ac_fan_set,
"Охлади до восемнадцати градусов, пожалуйста",ac_set,"{""temperature"": 18}"
Поставь кондиционер на 22°C,ac_set,"{""temperature"": 22}"
Включи подогрев сиденья,seat_heater_set,
Обогрев кресла второй уровень,seat_heater_set,"{""level"": 2}"
Охлаждение кресла на максимум,seat_vent_set,"{""level"": ""max""}"
Прогрей и разморозь лобовое стекло,defrost_set,"{""target"": ""front""}"
Приоткрой панорамный люк в режиме 'tilt',sunroof_set,"{""position"": ""tilt""}"
"Сделай дворники интервальными, снег мелкий",wipers_set,"{""mode"": ""intermittent""}"
Включи плейлист 'тихая ночь',play_music,"{""playlist"": ""тихая ночь""}"
"Мне не нужно радио, просто спокойная музыка для езды",play_music,
Настрой радио на 97.5,radio_set_station,"{""frequency"": 97.5}"
Включи 88.3 FM,radio_set_station,"{""frequency"": 88.3}"
"Проклади маршрут домой, пожалуйста",nav_start,"{""destination"": ""home""}"
Прокладка маршрута к ближайшей парковке,nav_start,"{""destination"": ""nearest_parking""}"
Набери офис Сидорова,call_start,"{""contact"": ""Сидоров""}"
"Мне жарко и душно, не отвлекай меня, просто тихая дорога",chitchat,
Открой пассажирское окно,window_set,"{""window"": ""front_right""}"
Подними заднее окно пожалуйста,window_set,"{""window"": ""rear"", ""action"": ""raise""}"
"Мне холодно, сделай потеплее",ac_set,"{""direction"": ""warmer""}"
Поверни вентилятор на максимум,ac_fan_set,"{""level"": ""max""}"
Подогрей водительское сидение на средний уровень,seat_heater_set,"{""seat"": ""driver"", ""level"": ""medium""}"
Вентиляция пассажирского сиденья на минимум,seat_vent_set,"{""seat"": ""passenger"", ""level"": ""low""}"
"Согрей, пожалуйста, руль",wheel_heater_set,"{""action"": ""on""}"
"Поставь последний плейлист, пожалуйста",play_music,
Прекрати воспроизведение немедленно,stop_music,
Сделай тише немного,volume_change,"{""direction"": ""down""}"
Соедини по Bluetooth,media_source_set,"{""source"": ""bluetooth""}"
Поставь радиостанцию 101.5,radio_set_station,"{""frequency"": ""101.5""}"
"Навигатор, доведи меня до ближайшей заправки",nav_start,"{""destination"": ""nearest_gas_station""}"
Набери номер +7 999 123 45 67,call_start,"{""phone"": ""+79991234567""}"
Немного нагрей руль,wheel_heater_set,"{""level"": ""low""}"
Запусти разморозку стекол,defrost_set,
Закрой люк наполовину,sunroof_set,"{""position"": ""half""}"
"Как ты сегодня, ассистент?",chitchat,
Ты умеешь шутить? Скажи что-нибудь смешное,chitchat,
Приоткрой заднее окно наполовину,window_set,"{""side"": ""rear"", ""position"": ""half_open""}"
Понизь температуру кондиционера на три градуса,ac_set,"{""delta"": -3}"
Включи режим авто для климат-контроля,ac_mode_set,"{""mode"": ""auto""}"
Увеличь обдув на максимум,ac_fan_set,"{""level"": ""max""}"
Нагрей водительское сиденье на полную,seat_heater_set,"{""seat"": ""driver"", ""level"": ""max""}"
Включи вентиляцию на пассажирском сиденье,seat_vent_set,"{""seat"": ""passenger"", ""state"": ""on""}"
Сделай подогрев заднего правого сиденья на два деления,seat_heater_set,"{""seat"": ""rear_right"", ""level"": 2}"
Воспроизведи что-нибудь,play_music,
Включи повтор сейчас,media_repeat_set,"{""state"": ""on""}"
Настрой FM 101.2,radio_set_station,"{""frequency"": 101.2, ""band"": ""FM""}"
Найди станцию Jazz FM,radio_set_station,"{""station"": ""Jazz FM""}"
Проложи маршрут к следующей заправке,nav_start,"{""destination"": ""gas_station""}"
Установи интервал дворников на 5 секунд,wipers_set,"{""interval_s"": 5}"
Выключи дождевой сенсор,rain_set,"{""state"": ""off""}"
Какая сегодня погода на улице?,chitchat,
"Ну что, едем?",chitchat,
"Включи музыку погромче, пожалуйста, хочу подпевать",play_music,
Поставь следующую композицию через тридцать секунд,next_track,"{""delay_s"": 30}"
"Верни предыдущую мелодию, пожалуйста",previous_track,
Сделай звук на ноль,volume_set,"{""level"": 0}"
"Открой окна, душно",window_set,"{""target"": ""all"", ""action"": ""open""}"
Найди адрес ресторана «Белая лошадь» и проложи маршрут,nav_start,"{""destination"": ""ресторан Белая лошадь""}"
Закрой левое переднее полностью,window_set,"{""window"": ""front_left"", ""position_percent"": 0}"
Открой стекло задней двери,window_set,"{""window"": ""rear_door"", ""position"": ""open""}"
"Очень жарко в машине, сделай, пожалуйста, потише и включи кондиционер на 22 градуса",ac_set,"{""temperature"": 22}"
Сделай плюс два градуса,ac_set,"{""delta"": 2}"
Снизь до 20 градусов,ac_set,"{""temperature"": 20}"
"Включи обдув ног, чтобы ноги погрели",ac_mode_set,"{""mode"": ""feet""}"
"Убавь обороты вентилятора, пожалуйста",ac_fan_set,"{""action"": ""decrease""}"
"Подогрев передних сидений, пожалуйста",seat_heater_set,"{""seats"": ""front"", ""state"": ""on""}"
Сделай подогрев водителя на максимум,seat_heater_set,"{""seats"": ""driver"", ""level"": ""max""}"
Выключи обдув стекла,defrost_set,"{""state"": ""off""}"
Приоткрой шторку люка чуть-чуть,sunroof_set,"{""position_percent"": 10}"
Играй через Bluetooth,media_source_set,"{""source"": ""bluetooth""}"
"Маршрут до офиса, пожалуйста",nav_start,"{""destination"": ""офис""}"
"Отмени навигацию, уже не нужно",nav_cancel,
Позвони Дмитрию,call_start,"{""contact"": ""Дмитрий""}"
"Расскажи анекдот, пожалуйста, мне скучно в пробке",chitchat,
Подними стекло пассажира наполовину,window_set,"{""side"": ""front_right"", ""position"": ""50%""}"
"Плотно закрой панорамный люк, пожалуйста",sunroof_close,
Понизь градусы до восемнадцати,ac_set,"{""temperature"": 18}"
"Убавь вентилятор, пожалуйста",ac_fan_set,"{""adjust"": ""decrease""}"
Остуди кресло пассажира,seat_vent_set,"{""side"": ""front_right"", ""action"": ""on""}"
"Нужно разморозить лобовое стекло, включи обдув на максимум",defrost_set,"{""target"": ""front_windshield"", ""intensity"": ""max""}"
Сделай громкость пятнадцать,volume_set,"{""level"": 15}"
Установи станцию 101.2 FM,radio_set_station,"{""frequency"": ""101.2"", ""band"": ""FM""}"
Поехали на ближайшую заправку,nav_start,"{""destination"": ""nearest_gas_station""}"
"Проклади маршрут до Красной площади, избегай платных дорог",nav_start,"{""destination"": ""Красная площадь"", ""avoid"": ""tolls""}"
Открой все окна на пару сантиметров для проветривания,window_set,"{""side"": ""all"", ""position"": ""small_open""}"
"Немного нагрей задние сиденья до третьего уровня, пожалуйста",seat_heater_set,"{""side"": ""rear"", ""level"": 3}"
Выключи разморозку лобового стекла,defrost_set,"{""state"": ""off""}"
Отодвинь панорамную крышу на половину,sunroof_set,"{""position"": ""50%""}"
Закрой люк плотно,sunroof_close,
"Включи что-нибудь спокойное, нужно фон для работы",play_music,"{""mood"": ""calm""}"
Переключись на волну 89.5,radio_set_station,"{""frequency"": ""89.5""}"
Поставь паузу и запомни позицию,media_pause,
Свяжись с контактом 'Помощь',call_start,"{""contact"": ""Помощь""}"
Закрой все стекла сейчас,window_set,"{""target"": ""all""}"
Приоткрой правое заднее на двадцать процентов,window_set,"{""position"": ""right_rear"", ""percent"": 20}"
Похолоднее в салоне,ac_set,
Сделай температуру 22 градуса,ac_set,"{""temperature"": 22}"
Поставь климат на двадцать пять,ac_set,"{""temperature"": 25}"
Отключи кондиционер и вентилятор,ac_off,
Режим обдува на ноги и стекла,ac_mode_set,"{""mode"": ""feet_windscreen""}"
Уменьши скорость вентилятора на два деления,ac_fan_set,"{""delta"": 2}"
Нагрей передние сиденья на третий уровень,seat_heater_set,"{""side"": ""front"", ""level"": 3}"
Сделай подогрев заднего правого сиденья минимальным,seat_heater_set,"{""position"": ""rear_right"", ""level"": 1}"
Прошу активировать вентиляцию водительского сиденья,seat_vent_set,"{""position"": ""driver"", ""state"": ""on""}"
Приоткрой панорамный люк чуть-чуть,sunroof_set,"{""position"": ""tilt_small""}"
Поставь на паузу плеер,media_pause,
Назад — предыдущая песня,previous_track,
Громкость на семьдесят процентов,volume_set,"{""percent"": 70}"
Убери беззвучный режим,volume_mute_set,"{""state"": ""off""}"
Поставь повтор для текущего альбома,media_repeat_set,"{""mode"": ""album""}"
Поставь радио на FM 102.5,radio_set_station,"{""frequency"": 102.5, ""band"": ""FM""}"
Слушай УКВ канал 88.1,radio_set_station,"{""frequency"": 88.1, ""band"": ""FM""}"
Переключи радио на автомобильные новости,radio_set,"{""station"": ""автомобильные новости""}"
"Проклади маршрут до Тверской 7, квартира 12",nav_start,"{""destination"": ""Тверская 7, кв.12""}"
Протрите стекло дворниками на средней скорости,wipers_set,"{""speed"": ""medium""}"
Авто-дворники включи режим дождя,rain_set,"{""mode"": ""rain_auto""}"
Включи тёплую мойку стекол,wipers_set,"{""wash"": ""heated""}"
"Нагрей рулевое колесо, пожалуйста",wheel_heater_set,"{""state"": ""on""}"
"Почему светофор всегда красный, когда я спешу?",chitchat,
Включи джаз-плейлист «Вечерний дым»,play_music,"{""playlist"": ""Вечерний дым"", ""genre"": ""джаз""}"
"Хватит музыку, выключи плеер",stop_music,
"Поставь на паузу, мне звонят",media_pause,
Переключи на следующую песню и убавь громкость,next_track,
Снизь температуру до двадцати одного,ac_set,"{""temperature"": 21}"
"Мне жарко, опусти температуру чуть-чуть",ac_set,
"Оттаивание заднего окна, пожалуйста",defrost_set,"{""target"": ""rear""}"
Опусти правое переднее стекло наполовину,window_set,"{""position_percent"": 50, ""side"": ""right_front""}"
Пусть люк откроется на 50 процентов,sunroof_set,"{""percent"": 50}"
Автоматические дальние включи,high_beam_set,"{""state"": ""auto""}"
Понизь громкость на три,volume_change,"{""delta"": -3}"
Прибавь немного,volume_change,
Сделай громче до двадцати,volume_set,"{""level"": 20}"
Врубай музыку,play_music,
Повтор выкл,media_repeat_set,"{""repeat"": false}"
Без рандома,media_shuffle_set,"{""shuffle"": false}"
Настрой на 101.5 FM,radio_set_station,"{""frequency"": ""101.5 FM""}"
Поставь станцию «Ночной драйв»,radio_set_station,"{""station"": ""Ночной драйв""}"
Прокладывай маршрут в центр города,nav_start,"{""destination"": ""центр города""}"
Набери 8-915-123-45-67,call_start,"{""number"": ""8-915-123-45-67""}"
Подогрев сиденья на два включи,seat_heater_set,"{""level"": 2}"
Включи охлаждение кресла,seat_vent_set,
Ночь и ветра много,chitchat,
Туннель давит — поехали быстрее?,chitchat,
"Стекло в каплях после мойки, мерзко",chitchat,
Мне жарко и душно,chitchat,
Не хочу отвлекаться,chitchat,
Поставь фары в режим AUTO,headlights_set,"{""mode"": ""auto""}"
Опусти правое заднее стекло наполовину,window_set,"{""window"": ""rear_right"", ""percent"": 50}"
"Мне жарко, можно сделать в салоне двадцать один градус, пожалуйста",ac_set,"{""temperature"": 21, ""zone"": ""all""}"
Поставь люк полностью открытым,sunroof_set,"{""position"": ""open"", ""percent"": 100}"
Понизь температуру водителя до 18,ac_set,"{""temperature"": 18, ""zone"": ""driver""}"
Включи режим eco в климате,ac_mode_set,"{""mode"": ""eco""}"
Увеличь вентилятор на два деления,ac_fan_set,"{""delta"": 2}"
Сделай скорость вентилятора максимальной,ac_fan_set,"{""speed"": ""max""}"
Убери нагрев на пассажирском сиденье,seat_heater_set,"{""seat"": ""passenger"", ""state"": ""off""}"
Включи вентиляцию сиденья пассажира на минимум,seat_vent_set,"{""seat"": ""passenger"", ""level"": 1}"
"Автоматический режим дождя включи, если начнётся дождь",rain_set,"{""mode"": ""auto"", ""state"": ""on""}"
Выключи дальний свет прямо сейчас,high_beam_set,"{""state"": ""off""}"
Переключи на Bluetooth источник,media_source_set,"{""source"": ""bluetooth""}"
Включи режим перемешивания композиций,media_shuffle_set,"{""state"": ""on""}"
"Пожалуйста, включи мой утренний плейлист, тот что для пробежек",play_music,"{""playlist"": ""утренний плейлист""}"
Включи станцию 101.2 FM,radio_set_station,"{""frequency"": ""101.2"", ""band"": ""FM""}"
Включи preset номер три,radio_set_station,"{""preset"": 3}"
Проложи маршрут до аэропорта терминала B,nav_start,"{""destination"": ""аэропорт терминал B""}"
"Отвези меня домой, пожалуйста",nav_start,"{""destination"": ""дом""}"
Позвонить на работу сейчас,call_start,"{""contact"": ""работа""}"
Как погода сегодня в городе?,chitchat,
"Расскажи-ка анекдот, чтобы немного развеселить меня",chitchat,
Отключи перемешивание треков,media_shuffle_set,"{""state"": ""off""}"
Поставь джазовую подборку,play_music,"{""genre"": ""джаз""}"
Добавь пару градусов к текущей температуре салона,ac_set,"{""delta"": 2}"
Понизь до девятнадцати градусов,ac_set,"{""temperature"": 19}"
Максимум подогрева на заднем левом сиденье,seat_heater_set,"{""seat"": ""rear_left"", ""level"": ""max""}"
Выключи обогрев стекол салона полностью,defrost_set,"{""target"": ""all"", ""state"": ""off""}"
"Сделай так, чтобы все окна были приоткрыты на пару сантиметров для проветривания салона",window_set,"{""window"": ""all"", ""action"": ""vent"", ""amount_cm"": 2}"
Не отвлекайте меня — включите навигацию до ближайшей заправки,nav_start,"{""destination"": ""ближайшая заправка""}"
"Включи радио, оно шипит, но нужно слушать новости",radio_set,
Настрой на частоту 102.5,radio_set_station,"{""station"": ""102.5""}"
"Построй маршрут в аэропорт и молчи со мной, пожалуйста",nav_start,"{""destination"": ""аэропорт""}"
Позвони Ольге срочно,call_start,"{""contact"": ""Ольга""}"
"Включи обогрев заднего стекла, пожалуйста",defrost_set,"{""side"": ""заднее""}"
Разморозь лобовое стекло быстро,defrost_set,"{""side"": ""лобовое""}"
"Включи кондиционер, холодно и туманно",ac_set,
"Выключи кондиционер, хватает",ac_off,
Установи температуру на 21 градус,ac_set,"{""temperature"": ""21""}"
"Холодно, убавь на две степени",ac_set,"{""delta"": ""две""}"
Увеличь вентилятор на максимум,ac_fan_set,"{""level"": ""max""}"
Подогрев сидений на вторую ступень,seat_heater_set,"{""level"": ""2""}"
Выключи вентиляцию сиденья пассажира,seat_vent_set,"{""seat"": ""пассажира"", ""state"": ""off""}"
"Нагрей руль, руки замёрзли",wheel_heater_set,"{""state"": ""on""}"
"Включи дворники, моросит дождь",wipers_set,"{""state"": ""on""}"
Установи скорость дворников на три,wipers_set,"{""level"": ""3""}"
"Врубить музыку, но не громко",play_music,
Переход к следующему треку,next_track,
Прокрутить назад,previous_track,
Переключись на USB-плеер,media_source_set,"{""source"": ""USB""}"
"Радио шипит, сбавь громкость",volume_change,
Настрой радио на Ретро FM,radio_set_station,"{""station"": ""Ретро FM""}"
Прекрати голосовые подсказки навигатора,nav_cancel,
"Подними трубку, прошу",call_answer,
Завершить вызов,call_hangup,
"Не отвлекай меня, еду в тумане",chitchat,
"Поговорим позже, я за рулём",chitchat,
"Шум в эфире, переключи станцию, пожалуйста",radio_set,
"Мне не по себе, оставь тишину в салоне",chitchat,
Громче немного,volume_change,
Убавь до двадцати процентов,volume_set,"{""level"": 20}"
Настройся на 101.5 FM,radio_set_station,"{""frequency"": 101.5}"
"Сделай прохладу, восемнадцать градусов",ac_set,"{""temperature"": 18}"
Погаси климат-контроль,ac_off,
Подогрев сидений уровень три для задних,seat_heater_set,"{""seat"": ""rear"", ""level"": 3}"
Выключи охлаждение заднего сиденья,seat_vent_set,"{""seat"": ""rear""}"
Растопи лёд на заднем стекле,defrost_set,"{""target"": ""rear""}"
"Плотно закрой люк, сейчас",sunroof_close,
"Включи джазовую подборку, пожалуйста",play_music,"{""genre"": ""jazz""}"
Громкость тридцать,volume_set,"{""level"": 30}"
Плейер на Bluetooth,media_source_set,"{""source"": ""bluetooth""}"
Слушай радио на FM,radio_set,"{""band"": ""FM""}"
Поставь станцию восемьдесят семь точка семь,radio_set_station,"{""frequency"": 87.7}"
Набери +79261234567,call_start,"{""number"": ""+79261234567""}"
Закрой связь,call_hangup,
Задние окна опусти,window_set,"{""target"": ""rear"", ""position"": ""down""}"
"Пожалуйста, закрой все окна",window_set,"{""target"": ""all"", ""state"": ""close""}"
Переключи режим климата на обогрев,ac_mode_set,"{""mode"": ""heat""}"
Запусти дефрост заднего стекла,defrost_set,"{""target"": ""rear"", ""state"": ""on""}"
"Убери запотевание на лобовом, пожалуйста",defrost_set,"{""target"": ""front"", ""state"": ""on""}"
Воспроизведи плейлист Дорожные хиты,play_music,"{""playlist"": ""Дорожные хиты""}"
Дворники на три скорости,wipers_set,"{""speed"": 3}"
Отопление руля выключи,wheel_heater_set,"{""state"": ""off""}"
"Мне холодно, сделай потеплее на пару градусов",ac_set,"{""delta"": 2}"
"Пожалуйста, открой окно пассажира слегка",window_set,"{""target"": ""passenger"", ""position"": ""slightly""}"
Хочу тишины — выключи музыку и радио,stop_music,
Построй кратчайший маршрут на парковку рядом с торговым центром и избегай платных дорог,nav_start,"{""destination"": ""парковка рядом с торговым центром"", ""avoid"": ""tolls""}"
"Мне нужно добраться до аэропорта, не через центр и побыстрее",nav_start,"{""destination"": ""аэропорт"", ""avoid"": ""center"", ""preference"": ""fastest""}"
Какая сегодня погода по дороге?,chitchat,
"На паузу, пожалуйста",media_pause,
"Можешь вернуть предыдущую песню, я передумал",previous_track,
Открой заднее правое окно до максимума,window_set,"{""side"": ""right"", ""position"": ""rear"", ""percent"": 100}"
Приоткрой окно,window_set,
"Спасибо, ты выручил",chitchat,
"Обдув на лицо и ноги, пожалуйста",ac_mode_set,"{""mode"": ""face_and_feet""}"
Сделай обогрев задних кресел поменьше,seat_heater_set,"{""seat"": ""rear""}"
Включи вентиляцию всех кресел,seat_vent_set,"{""scope"": ""all""}"
Воспроизведи классику,play_music,"{""genre"": ""classical""}"
Включи плейлист «Дорожный»,play_music,"{""playlist"": ""Дорожный""}"
Радио на частоту 101.2 FM,radio_set_station,"{""frequency"": 101.2, ""band"": ""FM""}"
Построй маршрут до почты,nav_start,"{""destination"": ""почта""}"
Дворники на быструю скорость,wipers_set,"{""speed"": ""high""}"
Поставь громкость на двенадцать,volume_set,"{""level"": 12}"
Переключи источник на USB-1,media_source_set,"{""source"": ""USB-1""}"
Повтори альбом целиком,media_repeat_set,"{""mode"": ""album""}"
Наставь станцию на «Маяк»,radio_set_station,"{""station_name"": ""Маяк""}"
"Начни маршрут до дома через М4, объедь пробки и выбери самый быстрый путь",nav_start,"{""destination"": ""дом""}"
Какую сегодня погоду в городе?,chitchat,
Подними стекло пассажира на двадцать процентов,window_set,"{""window"": ""front_passenger"", ""position"": 20, ""action"": ""raise""}"
Сделай температуру кондиционера двадцать два градуса,ac_set,"{""temperature"": 22}"
Убавь вентилятор на два,ac_fan_set,"{""direction"": ""decrease"", ""amount"": 2}"
Подогрей моё сиденье на три,seat_heater_set,"{""seat"": ""driver"", ""level"": 3}"
Включи обогрев стекла,defrost_set,"{""target"": ""front"", ""action"": ""on""}"
Сними обледенение заднего стекла,defrost_set,"{""target"": ""rear"", ""action"": ""on""}"
Приподними только заднюю часть люка,sunroof_set,"{""mode"": ""tilt_rear""}"
Перейди на следующий трек без вопросов,next_track,
Слушать Bluetooth,media_source_set,"{""source"": ""bluetooth""}"
Повторить всё,media_repeat_set,"{""mode"": ""all""}"
Проклади маршрут до аэропорта,nav_start,"{""destination"": ""аэропорт""}"
"Прокладывай маршрут на улицу Ленина, 10",nav_start,"{""destination"": ""улица Ленина, 10""}"
Набери +7 912 345-67-89,call_start,"{""number"": ""+79123456789""}"
Переключи дальний на автомат,high_beam_set,"{""state"": ""auto""}"
Протри стекло дворниками три раза,wipers_set,"{""cycles"": 3}"
Подогрев руля на максимум,wheel_heater_set,"{""level"": ""max""}"
Как у нас дела?,chitchat,
"Поставь на паузу эту композицию, пожалуйста",media_pause,
Можешь переключить на предыдущую песню?,previous_track,
Сделай звук потише процентов на двадцать,volume_change,"{""delta"": 20, ""unit"": ""percent""}"
"Хочу прохладу, включи кондиционер",ac_set,"{""state"": ""on""}"
Режим экономии для климата,ac_mode_set,"{""mode"": ""eco""}"
Переключись в автоматический режим кондиционера,ac_mode_set,"{""mode"": ""auto""}"
Поставь обороты вентилятора на максимум,ac_fan_set,"{""level"": ""max""}"
Подогрев сиденья водителя на средний,seat_heater_set,"{""seat"": ""driver"", ""level"": ""medium""}"
Охлади сиденье пассажира полностью,seat_vent_set,"{""seat"": ""passenger"", ""level"": ""high""}"
"Оттаять стекла, передний обогрев",defrost_set,"{""target"": ""front"", ""state"": ""on""}"
Задний обогрев стекла — врубай,defrost_set,"{""target"": ""rear"", ""state"": ""on""}"
Переключи трек вперед,next_track,
Случайный порядок воспроизведения,media_shuffle_set,"{""state"": ""on""}"
"Радио на волну 'Эхо', пожалуйста",radio_set_station,"{""station_name"": ""Эхо""}"
"Навигатор, поехали до Красной площади",nav_start,"{""destination"": ""Красная площадь""}"
Автовключение дождя активируй,rain_set,"{""mode"": ""auto""}"
Деактивируй датчик дождя,rain_set,"{""mode"": ""off""}"
"Пожалуйста, приглуши музыку",volume_change,
"Давай следующую песню, и побыстрее",next_track,
"Верни прошлый трек, пожалуйста",previous_track,
Поставь музыку с USB,media_source_set,"{""source"": ""USB""}"
Хочу слушать подкасты с онлайн-сервиса,media_source_set,"{""source"": ""online""}"
Продолжай играть,play_music,
Останови радио,radio_set,"{""state"": ""off""}"
Очисти лобовое от инея,defrost_set,"{""target"": ""front"", ""intensity"": ""max""}"
"Холоднее в салоне, уменьшай температуру на три градуса",ac_set,"{""delta"": -3}"
Подними окно пассажира до половины,window_set,"{""side"": ""passenger"", ""position"": ""50%"", ""action"": ""raise""}"
Включи климат‑контроль на 22 градуса,ac_set,"{""temperature"": ""22""}"
Охлаждение на максимум,ac_mode_set,"{""mode"": ""max_cool""}"
Выключи обдув вообще,ac_fan_set,"{""level"": ""0""}"
Подогрей переднее пассажирское сиденье на уровень два,seat_heater_set,"{""seat"": ""front_passenger"", ""level"": ""2""}"
Включи вентиляцию в водительском кресле,seat_vent_set,"{""seat"": ""driver"", ""state"": ""on""}"
Останови вентиляцию на пассажирском,seat_vent_set,"{""seat"": ""passenger"", ""state"": ""off""}"
Включи разморозку лобового стекла,defrost_set,"{""side"": ""front"", ""state"": ""on""}"
"Сними лед с заднего стекла, пожалуйста",defrost_set,"{""side"": ""rear"", ""state"": ""on""}"
Включи навигацию до аэропорта Шереметьево и проложи маршрут с учётом пробок,nav_start,"{""destination"": ""Аэропорт Шереметьево""}"
Поставь фары в автоматический режим,headlights_set,"{""mode"": ""auto""}"
Включить дальний свет,high_beam_set,"{""state"": ""on""}"
Активируй режим дождя для дворников,rain_set,"{""state"": ""on""}"
"Охлади руль, отключи подогрев",wheel_heater_set,"{""state"": ""off""}"
"Как думаешь, какая погода сегодня?",chitchat,
Расскажи какую-нибудь шутку,chitchat,
Сделай погромче на пять делений,volume_change,"{""change"": ""up"", ""amount"": ""5""}"
Найди волну Эхо Москвы,radio_set_station,"{""station"": ""Эхо Москвы""}"
"Проложи маршрут к улице Ленина дом пятнадцать, избегай платных дорог",nav_start,"{""destination"": ""ул. Ленина, 15"", ""avoid"": ""tolls""}"
"Спасибо, ты лучший",chitchat,
"Приоткрой правое окно на пять сантиметров, руки мёрзнут",window_set,"{""side"": ""right"", ""position_cm"": 5}"
Приоткрой форточку — чуть воздуху в туман,window_set,"{""side"": ""vent"", ""position"": ""slightly_open""}"
Убавь климат на один градус,ac_set,"{""temperature_c"": -1}"
"Холоднее, пожалуйста, градусов на три",ac_set,"{""delta_c"": -3}"
"Нагрей до двадцати пяти, руки совсем мёрзнут",ac_set,"{""temperature_c"": 25}"
Выключи кондиционер — не хочу лишних шумов,ac_off,
Отключи систему климат-контроля,ac_off,
"Переключи на рециркуляцию, в тумане лучше не гонять внешний воздух",ac_mode_set,"{""mode"": ""recirculation""}"
Включи кондиционер на обдув ног,ac_mode_set,"{""mode"": ""floor""}"
"Максимальная скорость вентилятора, холодно на трассе",ac_fan_set,"{""fan_level"": ""max""}"
Уменьши обдув на один шаг,ac_fan_set,"{""delta"": -1}"
Включи обогрев заднего сиденья — дети замёрзли,seat_heater_set,"{""seat"": ""rear"", ""state"": ""on""}"
"Поставь подогрев на максимум, руки совсем холодные",seat_heater_set,"{""level"": ""max""}"
Сделай тёплее пассажирское кресло на средний режим,seat_heater_set,"{""seat"": ""passenger"", ""level"": ""medium""}"
"Включи обдув стекол, морозец и туман",defrost_set,"{""target"": ""front"", ""state"": ""on""}"
"Распахни люк немного, хочу свежего воздуха, но осторожно на трассе",sunroof_set,"{""action"": ""tilt_open"", ""position"": ""slightly""}"
"Приоткрой крышу на пару сантиметров, но не отвлекай меня",sunroof_set,"{""action"": ""open"", ""position_cm"": 2}"
Немедленно закрыть крышу,sunroof_close,
"Включи музыку, что-нибудь спокойное для фона в тумане",play_music,"{""mood"": ""calm""}"
"Давай музыку — голос не перебивай разговоры, тихо и ровно",play_music,"{""volume_preference"": ""low""}"
"Проиграй мою подборку на дороге, не хочу возиться с телефоном",play_music,"{""source"": ""playlist""}"
Приостанови трек на секунду,media_pause,
Не та песня — вперёд,next_track,
"Назад, к прошлой песне",previous_track,
Громче на два шага,volume_change,"{""delta_steps"": 2}"
Сбавь звук раз и навсегда,volume_change,"{""delta_steps"": -1}"
"Сделай потише, руки холодные, не хочу отвлекаться",volume_change,"{""reason"": ""hands_cold""}"
Поставь уровень звука на три,volume_set,"{""level"": 3}"
"Верни звук, включи без звука нет",volume_mute_set,"{""mute"": false}"
Переключи источник на Bluetooth — телефон в кармане,media_source_set,"{""source"": ""bluetooth""}"
Повтор включи для этого альбома,media_repeat_set,"{""state"": ""on""}"
"Перемешать плейлист, пусть играет по-другому",media_shuffle_set,"{""state"": ""on""}"
Переключись на цифровое радио DAB,radio_set,"{""band"": ""DAB""}"
"Поставь FM 87.5, возможно связь лучше на трассе",radio_set_station,"{""frequency_mhz"": 87.5}"
Поездка домой: проложи маршрут по трассе без разворотов,nav_start,"{""destination"": ""home"", ""preferences"": ""highway""}"
"Навигатор — домой, не отвлекать меня на каждом перекрёстке",nav_start,"{""destination"": ""home"", ""voice_guidance"": ""minimal""}"
Проклади маршрут до ближайшей стоянки в тумане,nav_start,"{""destination"": ""nearest_parking""}"
"Отмени маршрут, я сам разберусь",nav_cancel,
"Позвони Саше, скажи, что еду по трассе",call_start,"{""contact"": ""Саша""}"
"Набери Костю, быстро и тихо",call_start,"{""contact"": ""Костя"", ""tone"": ""quiet""}"
"Подними трубку, пожалуйста",call_answer,
"Сбрось разговор, отвлекать не буду",call_hangup,
Включи ближний свет — туман сильный,headlights_set,"{""mode"": ""low_beam"", ""state"": ""on""}"
"Включи дальний, если нужно подсветить дорогу",high_beam_set,"{""state"": ""on""}"
Автоматический дальний не нужен сейчас,high_beam_set,"{""state"": ""off""}"
"Включи дворники на среднюю скорость, дорога мокрая",wipers_set,"{""speed"": ""medium""}"
Поставь режим дождя — чувствительность высокая,rain_set,"{""sensitivity"": ""high""}"
"Включи подогрев руля, руки почти не чувствую",wheel_heater_set,"{""state"": ""on""}"
Опусти левое стекло чуть-чуть,window_set,"{""side"": ""левое"", ""position"": ""немного""}"
Отогрей мне руль,wheel_heater_set,"{""action"": ""включить""}"
Мне холодно в руках — побольше обдув в ноги,ac_fan_set,"{""direction"": ""ноги"", ""intensity"": ""увеличить""}"
Выключи всякую музыку,stop_music,
Включи спокойную музыку из плейлиста «Утро»,play_music,"{""playlist"": ""Утро""}"
Поставь радио на FM 101.2,radio_set,"{""frequency"": ""101.2""}"
Найди станцию «Рассвет»,radio_set_station,"{""station"": ""Рассвет""}"
Навигируй до офиса по кратчайшему маршруту,nav_start,"{""destination"": ""офис"", ""route"": ""кратчайший""}"
Промежуточный дальний,high_beam_set,"{""action"": ""toggle""}"
Дождь включи режим автоматического дождя,rain_set,"{""mode"": ""auto""}"
Поддуй на стекло горячим — машины после мойки в каплях,defrost_set,"{""area"": ""стекло"", ""mode"": ""горячий""}"
"Обдув на максимум, чтобы быстро просушить лобовое",ac_fan_set,"{""intensity"": ""максимум"", ""purpose"": ""лобовое""}"
Немного отоприте боковые окна — запотевает,window_set,"{""side"": ""боковые"", ""position"": ""немного""}"
"Стихийно тихо, включи только радио на фоне",play_music,"{""style"": ""тихо"", ""source"": ""радио""}"
Прекрати воспроизведение этого подкаста,stop_music,
Поставь на паузу музыку и помолчи пару минут,media_pause,"{""duration_minutes"": 2}"
"Следующий, пожалуйста, но не громко",next_track,
Включи источник USB,media_source_set,"{""source"": ""USB""}"
Случайное — выключено,media_shuffle_set,"{""shuffle"": ""off""}"
Я не хочу музыку сейчас,stop_music,
"Радио помолчи, пожалуйста",volume_mute_set,"{""target"": ""радио""}"
Постучишься в навигатор — дом по короткому пути,nav_start,"{""destination"": ""дом"", ""route"": ""кратчайший""}"
"Отмени навигацию до работы, передумал",nav_cancel,"{""destination"": ""работа""}"
Прими звонок от Оли,call_answer,"{""contact"": ""Оля""}"
Набери номер такси,call_start,"{""contact"": ""такси""}"
"Понизь обдув, я хочу тишину, руки греются от перчаток",ac_fan_set,"{""intensity"": ""понизить""}"
"Подожди, закрой окно пассажира",window_set,"{""side"": ""пассажира"", ""position"": ""закрыть""}"
"Голос тихий, но включи подсветку приборов",chitchat,
Как туман повлияет на маршрут?,chitchat,
"Мне холодно, включи вентиляцию сиденья напомну на два",seat_vent_set,"{""seat"": ""не указан"", ""level"": 2}"
"Осторожно с обдувом, не суши лицо",ac_mode_set,"{""mode"": ""щадящий""}"
"Подними дальний, если нужно",high_beam_set,"{""action"": ""conditional""}"
Подогрей кресло пассажира на одно деление,seat_heater_set,"{""seat"": ""пассажира"", ""level"": 1}"
"Тихо, пожалуйста — оставь только фоновые шумы и дождик",chitchat,
Подними лобовое наполовину,window_set,"{""window"": ""front"", ""percent"": 50}"
Открой заднее левое стекло на сантиметр,window_set,"{""side"": ""rear_left"", ""distance_cm"": 1}"
Поставь двадцать три градуса,ac_set,"{""temperature_c"": 23}"
Снизь скорость вентилятора до трёх,ac_fan_set,"{""level"": 3}"
"Фронтальный обогрев стекол, сейчас!",defrost_set,"{""area"": ""front"", ""state"": ""on""}"
Выключи обогрев стекла заднего,defrost_set,"{""area"": ""rear"", ""state"": ""off""}"
"Сделай люк на щель, проветри салон",sunroof_set,"{""position"": ""tilt""}"
Больше подогрева для пассажира,seat_heater_set,"{""side"": ""passenger"", ""adjust"": ""increase""}"
Снижь подогрев заднего правого кресла,seat_heater_set,"{""side"": ""rear_right"", ""adjust"": ""decrease""}"
Вентилирование водителя пожалуйста,seat_vent_set,"{""side"": ""driver""}"
Поставь плейлист 'По дороге на работу',play_music,"{""playlist"": ""По дороге на работу""}"
Давай предыдущую,previous_track,
Громкость тише на три деления,volume_change,"{""delta"": -3}"
Уровень 7,volume_set,"{""level"": 7}"
Режим дождя активируй,rain_set,"{""mode"": ""on""}"
"Мне хочется чего-то спокойного, включи джазовый плейлист из библиотеки",play_music,"{""genre"": ""jazz""}"
Проклади маршрут до ближайшей заправки и объедь платные дороги,nav_start,"{""destination"": ""заправка"", ""avoid_tolls"": true}"
Сделай потише до пятого уровня,volume_set,"{""level"": 5}"
"Переключись на УКВ сто одна точка два, слушать новости",radio_set_station,"{""frequency"": ""101.2""}"
"Включи экономичный режим климата, чтобы батарея дольше держала заряд",ac_mode_set,"{""mode"": ""eco""}"
Какой сегодня пробок прогноз?,chitchat,
"Закрой, пожалуйста, люк",sunroof_close,
Сдвинь крышу наполовину,sunroof_set,"{""position"": ""half""}"
Подними стекло водителя чуть-чуть,window_set,"{""window"": ""driver"", ""amount"": ""slightly""}"
Понизь стекло пассажира полностью,window_set,"{""window"": ""passenger"", ""state"": ""down_full""}"
Поставь кондиционер на пятнадцать градусов,ac_set,"{""temperature"": 15}"
Режим авто климат-контроля,ac_mode_set,"{""mode"": ""auto""}"
Увеличь вентилятор до четырёх,ac_fan_set,"{""speed"": 4}"
Включи тёплые сиденья водителя на максимум,seat_heater_set,"{""seat"": ""driver"", ""level"": ""max""}"
Включи вентиляцию сидений пассажира,seat_vent_set,"{""seat"": ""passenger"", ""state"": ""on""}"
Положи маршрут домой,nav_start,"{""destination"": ""home""}"
Включи что-нибудь расслабляющее,play_music,"{""mood"": ""relax""}"
Поставь плейлист рок,play_music,"{""playlist"": ""rock""}"
Сделай потише на две единицы,volume_change,"{""amount"": 2, ""direction"": ""down""}"
Громкость десять,volume_set,"{""level"": 10}"
Включи радиостанцию 101.7 FM,radio_set_station,"{""frequency"": ""101.7FM""}"
Поставь волну на 89.5,radio_set_station,"{""frequency"": 89.5}"
Какое сегодня число?,chitchat,
"Спасибо, очень помог",chitchat,
Начни навигацию в центр города через кратчайший маршрут и избегай платных дорог,nav_start,"{""destination"": ""city_center"", ""route"": ""shortest"", ""avoid"": ""tolls""}"
Позвони по последнему входящему,call_start,"{""which"": ""last_incoming""}"
Порадуй меня шуткой,chitchat,
Проветри салон сейчас,window_set,"{""action"": ""ventilate""}"
Установи режим авто для климата,ac_mode_set,"{""mode"": ""auto""}"
Поменяй режим на рециркуляцию воздуха,ac_mode_set,"{""mode"": ""recirculation""}"
Повысь скорость вентиляции до пяти,ac_fan_set,"{""level"": 5}"
Включи подогрев водительского кресла на максимум,seat_heater_set,"{""seat"": ""водительское"", ""level"": ""max""}"
Включи вентиляцию заднего ряда,seat_vent_set,"{""seat"": ""задний ряд"", ""action"": ""on""}"
Пусти музыку,play_music,
Тунер на 101.2 FM,radio_set_station,"{""station"": ""101.2 FM""}"
Найдите ближайшую заправку и проложи маршрут,nav_start,"{""destination"": ""заправка""}"
Позвони Алексею,call_start,"{""contact"": ""Алексей""}"
"Расскажи анекдот, чтобы разрядить обстановку",chitchat,
"Поставь плейлист ""Утро"" из Spotify",play_music,"{""source"": ""Spotify"", ""playlist"": ""Утро""}"
Режим климат контроля: экономный,ac_mode_set,"{""mode"": ""eco""}"
Поставь вентилятор на половину мощности,ac_fan_set,"{""level"": ""50%""}"
"Запусти интенсивный обогрев лобового стекла, там лёд и видимость плохая",defrost_set,"{""target"": ""front"", ""level"": ""max""}"
Немного подогрей пассажирское сиденье,seat_heater_set,"{""seat"": ""пассажирское"", ""level"": ""low""}"
Вентиляция,seat_vent_set,
Включи бесшумный режим,volume_mute_set,"{""mute"": true}"
"Построй маршрут до дома через платные дороги, чтобы побыстрее добраться",nav_start,"{""destination"": ""дом"", ""route"": ""via_toll""}"
Чуть приподними заднее правое стекло,window_set,"{""window"": ""rear_right"", ""position"": ""slightly_up""}"
Опусти окно водителя наполовину,window_set,"{""window"": ""front_left"", ""position"": ""50%""}"
Открой панорамную крышу на щелчок,sunroof_set,"{""action"": ""tilt_open""}"
Режим кондиционера — авто,ac_mode_set,"{""mode"": ""auto""}"
Включи обогрев сидения справа на максимум,seat_heater_set,"{""seat"": ""right"", ""level"": ""high""}"
Подогрей водительское сиденье до средней температуры,seat_heater_set,"{""seat"": ""driver"", ""level"": ""medium""}"
Вентиляция сидений пожалуйста,seat_vent_set,
Отключи вентиляцию кресла пассажира,seat_vent_set,"{""seat"": ""passenger"", ""action"": ""off""}"
Убавь громкость на пять процентов,volume_change,"{""change"": ""decrease"", ""percent"": 5}"
Включи перемешивание всех песен,media_shuffle_set,"{""shuffle"": true}"
Прокладывай маршрут до ближайшей заправки и объедь пробку,nav_start,"{""destination"": ""nearest_gas_station"", ""avoid"": ""traffic""}"
Включи дворники на половинной скорости,wipers_set,"{""speed"": ""medium""}"
Авто-дождь: включи датчик дождя,rain_set,"{""action"": ""on""}"
Поставь радио на волну «Русское радио»,radio_set_station,"{""station"": ""Русское радио""}"
Переключи на USB источник и проиграй плейлист «Дорога»,media_source_set,"{""source"": ""USB"", ""playlist"": ""Дорога""}"
Смешай песни в случайном порядке,media_shuffle_set,"{""shuffle"": ""on""}"
"Найди маршрут до офиса и по возможности избегай платных дорог, пожалуйста",nav_start,"{""destination"": ""office"", ""avoid"": ""tolls""}"
Отмени текущую навигацию и расчисти маршрут,nav_cancel,
Ответь на входящий звонок — да,call_answer,
Положи вызов на удержание и перезвони через минуту,call_hangup,"{""action"": ""hold_and_redial"", ""time_seconds"": 60}"
Включи дворники на интервал одну секунду,wipers_set,"{""mode"": ""interval"", ""interval_seconds"": 1}"
Набери номер техподдержки 8 800 555 35 35,call_start,"{""number"": ""88005553535""}"
Проиграй следующий рэп-трек в очереди,next_track,"{""genre"": ""rap""}"
"Поставь на паузу, я вернусь через минуту",media_pause,"{""duration_seconds"": 60}"
Убавь музыку — разговор в машине,volume_change,"{""change"": ""decrease"", ""reason"": ""conversation""}"
Сделай тише мультимедиа на три деления,volume_change,"{""change"": ""decrease"", ""steps"": 3}"
Переключи источник радио на DAB,media_source_set,"{""source"": ""DAB""}"
Включи обогрев задней части сидений слева,seat_heater_set,"{""seat"": ""rear_left"", ""action"": ""on""}"
Охлади седенье водителя,seat_vent_set,"{""seat"": ""driver"", ""action"": ""on""}"
Нештатный звук — заглуши радио,stop_music,
"Слушай, какая хорошая погода сегодня",chitchat,
"Ты знаешь, какая песня играла в прошлый раз?",chitchat,
"Если будет дождь, включи дворники автоматически",rain_set,"{""action"": ""enable_auto_wipers""}"
Можно окно открыть?,window_set,
"Хочу свежего воздуха, открой окно",window_set,
Поставь кондиционер на двадцать два,ac_set,"{""temperature"": 22}"
Переведи на рециркуляцию,ac_mode_set,"{""mode"": ""recirculation""}"
Холоднее,ac_set,"{""adjust"": ""down""}"
Максимум вентилятора,ac_fan_set,"{""level"": ""max""}"
"Я замёрз, руки мёрзнут",chitchat,
"Открой люк полностью, хочу набрать свежего воздуха",sunroof_set,"{""position"": ""open""}"
Пауза — пожалуйста,media_pause,
Радио FM 101.5,radio_set_station,"{""band"": ""FM"", ""frequency"": ""101.5""}"
Поставь Юмор FM,radio_set,"{""station"": ""Юмор FM""}"
Построй маршрут домой через улицу Берёзовая,nav_start,"{""destination"": ""дом""}"
Установи дальний в авто,high_beam_set,"{""mode"": ""auto""}"
"Брр, очень туманно и пахнет мокрой землёй",chitchat,
Настрой FM на 87.9,radio_set_station,"{""band"": ""FM"", ""frequency"": ""87.9""}"
Громкость минимальная,volume_set,"{""level"": ""min""}"
Перемешай — пусть будет не скучно,media_shuffle_set,"{""shuffle"": true}"
Покажи дорогу к ближайшей парковке,nav_start,"{""destination"": ""парковка""}"
"Ответь на вызов, если слышишь",call_answer,
Приглуши свет фар,headlights_set,"{""state"": ""dim""}"
Включи дворники прерывисто,wipers_set,"{""mode"": ""intermittent""}"
Увеличь подогрев руля,wheel_heater_set,"{""adjust"": ""up""}"
"Спасибо, уютно в салоне",chitchat,
"Открой люк наполовину, пожалуйста — ночной воздух нужен",sunroof_set,"{""position"": ""half""}"
Закрой люк — дети шумят,sunroof_close,
Полностью открой заднее окно,window_set,"{""target"": ""rear"", ""position"": ""open""}"
Опусти правое переднее стекло на одну щелчок,window_set,"{""target"": ""right_front"", ""action"": ""down"", ""amount"": ""one_click""}"
"Включи кондей, градусов восемнадцать",ac_set,"{""temperature"": ""18""}"
Охладь салон на пару градусов,ac_set,"{""delta"": ""-2""}"
"Выключи кондиционер, пусть шум минимален",ac_off,
"Режим рециркуляции включи, жарко снаружи",ac_mode_set,"{""mode"": ""recirculation""}"
Добавь вентилятор на средний уровень,ac_fan_set,"{""level"": ""medium""}"
Максимальная мощность вентилятора — пожалуйста,ac_fan_set,"{""level"": ""max""}"
Убавь обдув на два шага,ac_fan_set,"{""change"": ""-2""}"
Подогрев руля включи — замёрзли руки,wheel_heater_set,"{""state"": ""on""}"
Нагрей водительское сиденье на высокую ступень,seat_heater_set,"{""seat"": ""driver"", ""level"": ""high""}"
"Сделай тёплым кресло пассажира, низкий режим",seat_heater_set,"{""seat"": ""passenger"", ""level"": ""low""}"
Отключи вентиляцию сидений у меня,seat_vent_set,"{""seat"": ""driver"", ""state"": ""off""}"
Режим обогрева заднего стекла выключи,defrost_set,"{""target"": ""rear"", ""state"": ""off""}"
Отодвинь панорамный люк на треть,sunroof_set,"{""position"": ""one_third""}"
"Заполни люк полностью, хочу свежий воздух посреди ночи",sunroof_set,"{""position"": ""full""}"
"Играй музыку, что-то спокойное для детей",play_music,"{""mood"": ""calm""}"
"Стоп музыку, нужно тихо",stop_music,
Поставь на паузу — малыш проснулся,media_pause,
Убавь громкость до минимума,volume_set,"{""level"": ""min""}"
"Сделай звук как обычно, включи назад",volume_mute_set,"{""mute"": ""off""}"
Поставь источником Bluetooth — телефон у меня,media_source_set,"{""source"": ""bluetooth""}"
Включи повтор трека один раз,media_repeat_set,"{""mode"": ""one""}"
"Отключи повторение, пожалуйста",media_repeat_set,"{""mode"": ""off""}"
Перемешивание включи — пусть играет случайно,media_shuffle_set,"{""shuffle"": ""on""}"
"Шафл выключи, хочу порядок альбомов",media_shuffle_set,"{""shuffle"": ""off""}"
Включи радио на станцию 101.2 FM,radio_set_station,"{""frequency"": ""101.2""}"
"Радио включи, я хочу новости",radio_set,"{""state"": ""on""}"
"Выруби радио, пусть будет тишина",radio_set,"{""state"": ""off""}"
Навигируй до ближайшего супермаркета в пригороде,nav_start,"{""destination"": ""nearest_supermarket"", ""area"": ""suburb""}"
"Отмени маршрут, пожалуйста, дети устали",nav_cancel,
Позвони бабушке — Андрее Сергеевне,call_start,"{""contact"": ""Андрея Сергеевна""}"
Фары включи автоматически,headlights_set,"{""mode"": ""auto""}"
"Дальний свет включи, если нужно",high_beam_set,"{""state"": ""auto_on""}"
"Выключи дальний, дети спят",high_beam_set,"{""state"": ""off""}"
Протри дворники на минимальной скорости,wipers_set,"{""speed"": ""low""}"
Включи дождевой режим дворников,rain_set,"{""state"": ""on""}"
"Отключи сенсор дождя, шумит от трассы",rain_set,"{""state"": ""off""}"
"Пассажирское сиденье охладить, не жарко",seat_vent_set,"{""seat"": ""passenger"", ""state"": ""on""}"
"Немного тише музыку, дети засыпают, пожалуйста",volume_change,"{""change"": ""-2"", ""note"": ""soft""}"
"Поставь источник на USB, там плейлист для ночи",media_source_set,"{""source"": ""usb""}"
Переключи на следующую FM-станцию,radio_set,"{""action"": ""next""}"
Включи режим спокойного повторения всех треков,media_repeat_set,"{""mode"": ""all""}"
Случайный порядок треков отключи — пусть будут подборки подряд,media_shuffle_set,"{""shuffle"": ""off""}"
Как жарко сегодня ночью в пригороде?,chitchat,
"Мне спокойнее без музыки, тихо и спокойно",chitchat,
Открой окно с левой стороны наполовину,window_set,"{""side"": ""left"", ""position_percent"": 50}"
Приоткрой правое окно,window_set,"{""side"": ""right"", ""position"": ""vent""}"
Сделай холоднее в салоне на два градуса,ac_set,"{""delta_degrees"": -2}"
Подними температуру до двадцати двух,ac_set,"{""temperature_c"": 22}"
Включи режим экономии,ac_mode_set,"{""mode"": ""eco""}"
Включи подогрев сиденья водителя на макс,seat_heater_set,"{""seat"": ""driver"", ""level"": 3}"
"Подогрей пассажирское сиденье, пожалуйста, на два",seat_heater_set,"{""seat"": ""passenger"", ""level"": 2}"
Вентиляция сиденья назад выключить,seat_vent_set,"{""seat"": ""rear"", ""state"": ""off""}"
Активируй охлаждение водительского кресла,seat_vent_set,"{""seat"": ""driver"", ""state"": ""on""}"
Оттаивание лобового включи,defrost_set,"{""target"": ""front"", ""state"": ""on""}"
Убрать обмерзание заднего стекла,defrost_set,"{""target"": ""rear"", ""state"": ""on""}"
Приоткрыть люк на щель,sunroof_set,"{""position_percent"": 10}"
Громче на семь,volume_change,"{""delta"": 7}"
"Поехали до центра города, навигатор",nav_start,"{""destination"": ""центр города""}"
Позвони Тане,call_start,"{""contact"": ""Таня""}"
Просто поболтаем,chitchat,
Сделай кондиционер на двадцать один градус в зоне водителя,ac_set,"{""temperature_c"": 21, ""zone"": ""driver""}"
"Полностью закрой правое окно, быстро!",window_set,"{""side"": ""right"", ""position_percent"": 0}"
Подними стекла в машине,window_set,"{""side"": ""all"", ""position"": ""up""}"
"Пожалуйста, включи музыку из USB",play_music,"{""source"": ""USB""}"
Останови трек — мне нужно внимание,stop_music,
Переключи на следующую композицию,next_track,
Сделай громкость в ноль,volume_set,"{""level_percent"": 0}"
Полностью заглуши звук,volume_mute_set,"{""mute"": true}"
Поставь радио на волну 88.7 FM,radio_set_station,"{""frequency_mhz"": 88.7}"
"Навигатор, поведи меня к ближайшей бензоколонке без пробок",nav_start,"{""destination"": ""ближайшая бензоколонка"", ""avoid_traffic"": true}"
Подними стекло водителя на две ступени,window_set,"{""side"": ""driver"", ""delta"": ""2""}"
Чуть приоткрой окно,window_set,"{""position"": ""slightly""}"
Сделай обдув на ноги и лобовое,ac_mode_set,"{""mode"": ""floor_and_defrost""}"
"Тихий вентилятор, пожалуйста",ac_fan_set,"{""level"": ""low""}"
Включи подогрев сиденья водителя на две позиции,seat_heater_set,"{""seat"": ""driver"", ""level"": ""2""}"
Отключи обогрев пассажира,seat_heater_set,"{""seat"": ""passenger"", ""level"": ""0""}"
Нагрей заднее левое кресло на максимум,seat_heater_set,"{""seat"": ""rear_left"", ""level"": ""max""}"
Останови охлаждение сидений,seat_vent_set,"{""state"": ""off""}"
Поставь воспроизведение в случайном порядке,media_shuffle_set,"{""state"": ""on""}"
"Проклади маршрут в центр города, объезжая платные дороги",nav_start,"{""destination"": ""центр города"", ""avoid"": ""tolls""}"
Убери дальний,high_beam_set,"{""state"": ""off""}"
"Спасибо, ты спас меня",chitchat,
Какая у нас погода за бортом и стоит ли мне включить подогрев сиденья сейчас,chitchat,
"Можешь включить что-нибудь спокойное, чтобы не мешать разговору и не слишком громко?",play_music,"{""mood"": ""спокойное""}"
"Не могли бы вы приоткрыть заднее окно на пару сантиметров, чтобы проветрить салон?",window_set,"{""side"": ""rear"", ""position"": ""2cm""}"
Приоткрой окно на полметра,window_set,"{""amount"": ""0.5m"", ""action"": ""partial_open""}"
Плотно закрой задние окна,window_set,"{""position"": ""rear"", ""action"": ""close""}"
Подними температуру до двадцати одного,ac_set,"{""temperature"": ""21""}"
Сделай обдув сильнее,ac_fan_set,"{""action"": ""increase""}"
Приоткрой крышу на проветривание,sunroof_set,"{""mode"": ""vent"", ""action"": ""partial_open""}"
"Включи музыку потихоньку, пожалуйста, не слишком громко, у нас спят дети",play_music,"{""volume"": ""low""}"
Поставь на паузу пожалуйста,media_pause,
Настрой FM на девяносто три ноль,radio_set_station,"{""frequency"": ""93.0""}"
"Мне нужно как можно быстрее добраться домой, проложи мне, пожалуйста, оптимальный маршрут",nav_start,"{""destination"": ""home""}"
"Свяжись с Андреем прямо сейчас, пожалуйста, позвони ему",call_start,"{""contact"": ""Андрей"", ""time"": ""now""}"
Поставь трек группы «Кино»,play_music,"{""artist"": ""Кино""}"
Переключи следующую радиостанцию,radio_set,"{""action"": ""next""}"
"Повтори этот альбом всё подряд до тех пор, пока я не скажу стоп",media_repeat_set,"{""mode"": ""album""}"
Покажи все ближайшие заправки на пути и построй маршрут с остановкой на одной из них,nav_start,"{""poi"": ""gas_station""}"
Найди кафе поблизости,nav_start,"{""poi"": ""cafe"", ""proximity"": ""nearby""}"
Погаси кондиционер,ac_off,
Включи кондиционер на двадцать три градуса,ac_set,"{""temperature"": 23}"
Установи климат на семнадцать,ac_set,"{""temperature"": 17}"
Уменьши скорость вентилятора на один,ac_fan_set,"{""delta"": -1}"
Сделай охлаждение задних сидений,seat_vent_set,"{""seat"": ""rear"", ""action"": ""on""}"
Включи вентиляцию передних сидений на максимум,seat_vent_set,"{""seat"": ""front"", ""level"": ""max""}"
"Обдув лобового стекла, пожалуйста",defrost_set,"{""target"": ""front"", ""action"": ""on""}"
"Пожалуйста, закрой солнцезащитный люк",sunroof_close,
"Поставь что-то спокойное, пожалуйста",play_music,"{""mood"": ""calm""}"
Сделай погромче на три,volume_change,"{""delta"": 3}"
Громкость 11,volume_set,"{""level"": 11}"
Включи режим повтора весь альбом,media_repeat_set,"{""repeat"": ""all""}"
Радио на FM и на 101.5,radio_set_station,"{""band"": ""FM"", ""frequency"": ""101.5""}"
Включи радиостанцию Европа Плюс,radio_set_station,"{""station"": ""Европа Плюс""}"
Маршрут домой,nav_start,"{""destination"": ""home""}"
Выключи противотуманки,headlights_set,"{""feature"": ""fog_lights"", ""state"": ""off""}"
Включи дворники на авт,wipers_set,"{""mode"": ""auto""}"
А можно анекдот?,chitchat,
Какой сейчас заряд аккумулятора?,chitchat,
"Пожалуйста, проложи самый быстрый маршрут до офиса и избегай платных дорог",nav_start,"{""destination"": ""office"", ""preferences"": [""avoid_tolls"", ""fastest""]}"
"Мне хочется послушать что-нибудь энергичное из поп-рока, без рекламы",play_music,"{""genre"": ""pop-rock"", ""no_ads"": true}"
Понизь температуру в салоне на три градуса и направь обдув на ноги,ac_set,"{""delta"": -3, ""mode"": ""floor""}"
Открой заднее левое наполовину,window_set,"{""window"": ""rear_left"", ""position"": ""half""}"
Заднее стекло — вниз,window_set,"{""window"": ""rear"", ""action"": ""down""}"
Автоматический режим,ac_mode_set,"{""mode"": ""auto""}"
Поставь вентиляцию в сиденье пассажира на две,seat_vent_set,"{""seat"": ""passenger"", ""level"": ""2""}"
Хочу прохладу в заднем кресле — включи вентиляцию,seat_vent_set,"{""seat"": ""rear"", ""action"": ""on""}"
Наклони люк,sunroof_set,"{""action"": ""tilt""}"
Громкость 8,volume_set,"{""level"": ""8""}"
"Авто-дворники, включи датчик дождя",rain_set,"{""state"": ""on""}"
Убавь скорость дворников до второй,wipers_set,"{""speed"": ""2""}"
Как тебе погода на сегодня?,chitchat,
"Спасибо, хорошая машина",chitchat,
"Ты можешь включить кондиционер, мне чуть жарко и душно в салоне?",ac_set,
"Поставь, пожалуйста, температуру на комфортные двадцать три градуса, если можно",ac_set,"{""temperature"": ""23""}"
Найди ближайшую бензоколонку и проложи маршрут туда,nav_start,"{""destination"": ""gas_station""}"
"Уменьши громкость почти до нуля, я хочу спокойно поговорить с пассажиром",volume_set,"{""level"": ""1""}"
"Открой окно водителя немного, ветер дует",window_set,"{""window"": ""driver"", ""position"": ""half""}"
Закрой задние окна — дети шумят во дворе,window_set,"{""window"": ""rear"", ""position"": ""close""}"
"Пустите свежий воздух, приоткрой пассажирское окно",window_set,"{""window"": ""passenger"", ""position"": ""vent""}"
"Поставь температуру на двадцать градусов, радио шипит",ac_set,"{""temperature"": ""20""}"
Понизь до семнадцати — очень жарко,ac_set,"{""temperature"": ""17""}"
"Установи 19 градусов, пожалуйста",ac_set,"{""temperature"": ""19""}"
"Переключи на рециркуляцию, воняет двор",ac_mode_set,"{""mode"": ""recirculation""}"
Режим AUTO включи,ac_mode_set,"{""mode"": ""auto""}"
Понизь скорость вентилятора на два шага,ac_fan_set,"{""change"": ""-2""}"
Включи вентиляцию на максимальную мощность,ac_fan_set,"{""fan_level"": ""max""}"
Подогрей сиденье водителя на минимум,seat_heater_set,"{""seat"": ""driver"", ""level"": ""low""}"
"Отопление сиденья, пассажиру помягче",seat_heater_set,"{""seat"": ""passenger"", ""level"": ""medium""}"
"Включи обогрев стекла, переднее",defrost_set,"{""target"": ""front"", ""state"": ""on""}"
"Открой люк полностью, хочу слышать ветер",sunroof_set,"{""position"": ""open_full""}"
"Проветри салон, сдвинь люк на треть",sunroof_set,"{""position"": ""one_third""}"
"Включи музыку, но потише, дети спят",play_music,
Пусть заиграет спокойный джаз — серый рассвет,play_music,"{""genre"": ""джаз""}"
Запусти плейлист Утро во дворе,play_music,"{""playlist"": ""Утро во дворе""}"
Поставь на паузу — дети шумят,media_pause,
"Переключи на следующий, плейлист убаюкивает",next_track,
"Тише радиостанции, убавь на пять",volume_change,"{""delta"": ""-5""}"
Установи громкость на десять процентов,volume_set,"{""level"": ""10%""}"
Перейди на Bluetooth,media_source_set,"{""source"": ""bluetooth""}"
Переход на FM,radio_set,"{""band"": ""FM""}"
Настрой на сто один точка два,radio_set_station,"{""station"": ""101.2""}"
Поставь Рок FM,radio_set_station,"{""station"": ""Рок FM""}"
"Навигатор домой, любая дорога",nav_start,"{""destination"": ""дом""}"
Проклади маршрут до школы детей,nav_start,"{""destination"": ""школа""}"
Свяжись с Андреем,call_start,"{""contact"": ""Андрей""}"
"На рассвете так хочется тишины, радио шипит и ветер гуляет",chitchat,
"Дети шумят, двор продувает — кто-нибудь выключит музыку?",chitchat,
Мне нужно спокойствие летним утром,chitchat,
Подними заднее правое стекло на половину,window_set,"{""window"": ""right_rear"", ""position"": ""50%""}"
Охлади салон на пять градусов,ac_set,"{""delta"": -5}"
Автоматический режим климат-системы,ac_mode_set,"{""mode"": ""auto""}"
Уменьши скорость вентилятора слегка,ac_fan_set,"{""action"": ""decrease""}"
Сделай подогрев кресла пассажира на две,seat_heater_set,"{""seat"": ""passenger"", ""level"": 2}"
Сделай погромче на семь,volume_change,"{""delta"": 7}"
Громкость 20%,volume_set,"{""level"": 20, ""unit"": ""percent""}"
Включи FM на 101.5,radio_set_station,"{""band"": ""FM"", ""frequency"": ""101.5""}"
Запусти сканирование станций,radio_set,"{""action"": ""scan""}"
"Прокладывай маршрут на работу через Пулковское шоссе, избегая платных участков и если можно — по более спокойной дороге",nav_start,"{""destination"": ""работа"", ""via"": ""Пулковское шоссе"", ""avoid"": ""tolls""}"
Отмени текущую прокладку маршрута,nav_cancel,
Позвонить Анне,call_start,"{""contact"": ""Анна""}"
"Включи что-нибудь энергичное, чтобы не уснуть за рулём",play_music,"{""mood"": ""energetic""}"
"Поставь спокойную классическую музыку на фон, пожалуйста, тихо",play_music,"{""genre"": ""classical"", ""mood"": ""calm"", ""volume"": ""low""}"
Хочу слушать джазовый плейлист сейчас,play_music,"{""genre"": ""jazz""}"
"Следующая дорожная композиция, пожалуйста",next_track,
"Сделай громче на три деления, пожалуйста",volume_change,"{""delta"": 3}"
Заглуши звук на минуту,volume_mute_set,"{""mute"": true, ""duration_seconds"": 60}"
Подключись по Bluetooth и начни воспроизведение,media_source_set,"{""source"": ""bluetooth"", ""autoplay"": true}"
"Не сейчас, потом напомни",chitchat,
Приоткрой заднюю правую форточку,window_set,"{""window"": ""rear_right"", ""percent"": 10}"
Включи авто режим кондиционера,ac_mode_set,"{""mode"": ""auto""}"
Остудить пассажирское сиденье,seat_vent_set,"{""seat"": ""passenger"", ""state"": ""on""}"
Включи обдув сидений водителя и пассажира,seat_vent_set,"{""seat"": ""front_both"", ""state"": ""on""}"
Уменьши громкость на два деления,volume_change,"{""direction"": ""down"", ""steps"": 2}"
Поставь интервальную работу дворников раз в три секунды,wipers_set,"{""mode"": ""interval"", ""interval_seconds"": 3}"
Что думаешь о моём новом треке?,chitchat,
"Открой люк примерно на десять процентов, но не полностью, просто чуть-чуть проветрить салон",sunroof_set,"{""state"": ""open"", ""percent"": 10}"
"Мне жарко, сделай пожалуйста так чтобы кондиционер охлаждал при 21 градусе и вентилятор был сильный",ac_set,"{""temperature"": 21, ""fan"": ""high""}"
"Построй маршрут до дома, объезжай пробки и по возможности бери платные дороги",nav_start,"{""destination"": ""дом"", ""avoid_traffic"": true, ""allow_tolls"": true}"
"Позвони, пожалуйста, доктору Смирнову",call_start,"{""contact"": ""доктор Смирнов""}"
"Поставь, пожалуйста, ту радиостанцию, которую мы слушали вчера вечером, NRJ",radio_set_station,"{""station"": ""NRJ""}"
Аудио через Bluetooth,media_source_set,"{""source"": ""bluetooth""}"
"Не то — следующая песня, пожалуйста, что играет после этой",next_track,
Не повторяй,media_repeat_set,"{""state"": ""off""}"
"Сильная разморозка лобового, включи на максимум",defrost_set,"{""target"": ""front"", ""level"": ""max""}"
Как у тебя дела? Расскажи что-нибудь интересное пока едем,chitchat,
Климат на 21,ac_set,"{""temperature"": 21}"
"Пожалуйста, сделай кондиционер потише и поставь температуру на двадцать три градуса, если можно",ac_set,"{""temperature"": 23}"
Выруби климат-контроль,ac_off,
Переключи климат в eco,ac_mode_set,"{""mode"": ""eco""}"
Подогрей водительское сиденье на средний уровень,seat_heater_set,"{""seat"": ""driver"", ""level"": ""medium""}"
Охлади пассажира вентиляцией сиденья на максимум,seat_vent_set,"{""seat"": ""passenger"", ""level"": ""high""}"
Подними обдув на лобовое,defrost_set,"{""target"": ""front_windshield"", ""state"": ""on""}"
Настрой 101.2 FM,radio_set_station,"{""station"": ""101.2""}"
"Построй маршрут в центр города, избегая платных дорог",nav_start,"{""destination"": ""центр города"", ""avoid"": ""tolls""}"
Выбери режим дворников первый,wipers_set,"{""mode"": 1}"
Авто-режим дождя,rain_set,"{""state"": ""auto""}"
Отруби подогрев руля,wheel_heater_set,"{""state"": ""off""}"
"Пожалуйста, закрой правое заднее окно, на улице дождь",window_set,"{""side"": ""right_rear"", ""position"": ""closed""}"
"Можно немного повысить температуру, холодно",ac_set,
Прекрати работу кондиционера,ac_off,
Поменяй режим климат-контроля на авто,ac_mode_set,"{""mode"": ""auto""}"
Сделай подогрев кресла водителя на два,seat_heater_set,"{""seat"": ""driver"", ""level"": 2}"
Хочу подуть в лицо побольше воздуха,seat_vent_set,"{""target"": ""face"", ""level"": ""high""}"
"Разморозь лобовое стекло, срочно",defrost_set,"{""target"": ""front_windshield"", ""state"": ""on""}"
"Приоткрой люк, но не полностью",sunroof_set,"{""position"": ""half""}"
Музыка громче!,volume_change,"{""delta"": 5}"
"А может, расскажешь анекдот?",chitchat,
"Холодные руки, включи подогрев руля",wheel_heater_set,
Максимум подогрева руля,wheel_heater_set,"{""level"": ""max""}"
"Опусти все окна, чтобы проветрить",window_set,"{""side"": ""all"", ""position"": ""open""}"
"Закрой люк, не хочу ветра",sunroof_close,
"Включи кондиционер, жара!",ac_set,
Только обдув на ноги,ac_mode_set,"{""mode"": ""feet""}"
Вентилятор на второй уровень,ac_fan_set,"{""level"": ""2""}"
"Передний обдув стекол, оттайка",defrost_set,"{""side"": ""front""}"
"Разморозка заднего стекла, включай",defrost_set,"{""side"": ""rear""}"
"Фары включи, уже светает",headlights_set,"{""state"": ""on""}"
"Автофары, пусть сами решают",headlights_set,"{""mode"": ""auto""}"
Включи дальний свет на обгоне,high_beam_set,"{""state"": ""on""}"
Хочу музыку,play_music,
"Сделай погромче, навигация тихая",volume_change,"{""direction"": ""up""}"
"Потише, серпантин требует концентрации",volume_change,"{""direction"": ""down""}"
Включи Retro FM,radio_set,"{""station"": ""Retro FM""}"
"Навигация домой, пожалуйста",nav_start,"{""destination"": ""дом""}"
Построй маршрут до пляжа,nav_start,"{""destination"": ""пляж""}"
"Отмени маршрут, не ехать",nav_cancel,
Отклонить — сейчас неудобно,call_hangup,
Прими звонок автоматически,call_answer,"{""mode"": ""auto""}"
"Тихо, не отвлекайте — нажми сброс",call_hangup,
"Чуть прижимай музыку, не хочу отвлекаться",volume_change,"{""direction"": ""down""}"
"Мне холодно, включи подогрев сиденья 3",seat_heater_set,"{""side"": ""driver"", ""level"": ""3""}"
"Вентиляция кресла водителя, включи",seat_vent_set,"{""side"": ""driver"", ""state"": ""on""}"
Охлади сидение на половину,seat_vent_set,"{""side"": ""driver"", ""level"": ""50%""}"
"Слушай, включи подогрев стекол",defrost_set,"{""side"": ""front""}"
Проехали серпантин — включи экономный режим кондиционера,ac_mode_set,"{""mode"": ""eco""}"
Установи обдув на среднюю мощность,ac_fan_set,"{""level"": ""medium""}"
"Радио тише, пожалуйста",volume_change,"{""direction"": ""down""}"
"Крутое небо, красивый рассвет",chitchat,
"Не отвлекай меня, мне нужно ехать осторожно",chitchat,
Немедленно закрой правое заднее стекло,window_set,"{""window"": ""rear_right"", ""position"": ""closed""}"
Установи температуру на двадцать три градуса,ac_set,"{""temperature"": 23}"
"Мне жарко, сделай пожалуйста в салоне на два градуса потише и включи рециркуляцию",ac_set,"{""temperature_delta"": -2}"
Поставь климат в режим AUTO,ac_mode_set,"{""mode"": ""auto""}"
Включи охлаждение пассажирского сиденья,seat_vent_set,"{""seat"": ""front_passenger"", ""state"": true}"
"Пожалуйста, включи подогрев руля",wheel_heater_set,"{""state"": true}"
Включи режим «дождь — авто»,rain_set,"{""mode"": ""auto"", ""state"": true}"
Дождевые датчики — выключи,rain_set,"{""state"": false}"
Переключись на радиостанцию 101.2 FM,radio_set_station,"{""frequency"": ""101.2""}"
Слушай Bohemian Rhapsody,play_music,"{""track"": ""Bohemian Rhapsody""}"
Добавь громкость на три шага,volume_change,"{""delta"": 3}"
Уменьши звук на одну ступень,volume_change,"{""delta"": -1}"
С USB,media_source_set,"{""source"": ""usb""}"
Поставь меня до адреса Лермонтова 10,nav_start,"{""destination"": ""Лермонтова 10""}"
"Домой, проложи маршрут",nav_start,"{""destination"": ""home""}"
Позвони Ольге сейчас,call_start,"{""contact"": ""Ольга""}"
Прими входящий вызов,call_answer,
Включи станцию 90.0 FM,radio_set_station,"{""frequency"": ""90.0""}"
А ну-ка включи плейлист с вечерней музыкой и сделай потише,play_music,"{""playlist"": ""вечерняя музыка""}"
"Мне надо доехать до центрального рынка, проложи самый быстрый маршрут без платных дорог",nav_start,"{""destination"": ""центральный рынок"", ""avoid_tolls"": true}"
"Ну что, похвастайся, как твои батарейки?",chitchat,
Опусти левое окно на половину,window_set,"{""side"": ""left"", ""position"": ""50%""}"
Приоткрой пассажирское окно на два сантиметра,window_set,"{""side"": ""passenger"", ""position"": ""2cm""}"
Переключи режим обдува на рециркуляцию,ac_mode_set,"{""mode"": ""recirculation""}"
Поставь обдув лицом и ногами,ac_mode_set,"{""mode"": ""face_feet""}"
Включи вентиляцию кресла слева,seat_vent_set,"{""seat"": ""left"", ""state"": ""on""}"
Уменьши вентиляцию водительского кресла,seat_vent_set,"{""seat"": ""driver"", ""direction"": ""decrease""}"
Включи оттайку лобового стекла,defrost_set,"{""target"": ""front"", ""state"": ""on""}"
Подними люк наполовину,sunroof_set,"{""position"": ""50%""}"
Включи дворники на медленную скорость,wipers_set,"{""speed"": ""low""}"
Включи любимую музыку,play_music,
Воспроизведи плейлист 'Попса 80-х',play_music,"{""playlist"": ""Попса 80-х""}"
"Мне хочется послушать что-нибудь без слов, спокойную атмосферную музыку на фон",play_music,"{""mood"": ""calm"", ""instrumental"": true}"
Перейди к предыдущему треку,previous_track,
Поставь звук на минимум,volume_set,"{""level"": ""min""}"
Настрой на 102.3 FM,radio_set_station,"{""frequency"": ""102.3""}"
Поставь станцию 104.7,radio_set_station,"{""frequency"": ""104.7""}"
"Проложи путь в центр города, объезжая пробки",nav_start,"{""destination"": ""city_center"", ""avoid"": ""traffic""}"
Пора позвонить маме,call_start,"{""contact"": ""мама""}"
Позвони Ивану на рабочий,call_start,"{""contact"": ""Иван"", ""type"": ""work""}"
Наполовину опусти правое окно,window_set,"{""side"": ""right"", ""position"": 50}"
Подними левое стекло на десять процентов,window_set,"{""side"": ""left"", ""position"": 10}"
"Разморозь лобовое стекло, пожалуйста",defrost_set,"{""target"": ""front"", ""state"": ""on""}"
Вниз скорость вентилятора на два шага,ac_fan_set,"{""delta"": 2}"
Отключи вентилятор полностью,ac_fan_set,"{""level"": 0}"
Включи подогрев правого сиденья на треть,seat_heater_set,"{""side"": ""right"", ""level"": 33}"
Добавь обдув сидений посильнее,seat_vent_set,
Убери инея с переднего стекла и включи обдув,defrost_set,"{""target"": ""front"", ""state"": ""on""}"
Поставь песню на паузу,media_pause,
Стоп воспроизведение,stop_music,
Громкость на пятнадцать процентов,volume_set,"{""level"": 15}"
Выключи звук (без звука),volume_mute_set,"{""mute"": true}"
Переключись на USB-источник,media_source_set,"{""source"": ""USB""}"
Настрой на частоту 106.3 FM,radio_set_station,"{""frequency"": 106.3, ""band"": ""FM""}"
"Отвези меня домой, проложи маршрут",nav_start,"{""destination"": ""home""}"
Построй маршрут до аэропорта Шереметьево с учётом пробок,nav_start,"{""destination"": ""Sheremetyevo Airport""}"
Скинь вызов,call_hangup,
Сколько сейчас времени?,chitchat,
"Расскажи анекдот, чтобы расслабиться",chitchat,
"Пожалуйста, сделай салон прохладнее на три градуса — мне очень жарко",ac_set,"{""delta"": 3}"
Громкость в машину на максимум,volume_set,"{""level"": ""max""}"
Какая сейчас играет песня?,chitchat,
Повтори текущую композицию один раз,media_repeat_set,"{""scope"": ""track"", ""state"": ""on""}"
Станция «Радио России»,radio_set,"{""station"": ""Радио России""}"
Проложи маршрут к ближайшей заправке и покажи мне варианты,nav_start,"{""destination"": ""nearest_gas_station""}"
"Включи подогрев сиденья наполовину, мне холодно в ногах",seat_heater_set,"{""level"": 50}"
Открой немного переднее правое окно,window_set,"{""side"": ""переднее правое"", ""position"": ""немного""}"
"Опусти люк, пожалуйста",sunroof_close,
Поставь подогрев задних кресел на два,seat_heater_set,"{""seat"": ""задние"", ""level"": 2}"
"Немного включи кондиционер, прохладно ночью",ac_set,
Выключи кондиционер — дети должны поспать,ac_off,
"Режим обдува лицом, пожалуйста",ac_mode_set,"{""mode"": ""face""}"
Повысь вентилятор на три ступени,ac_fan_set,"{""change"": 3}"
Нажми дальний свет,high_beam_set,"{""state"": ""on""}"
Дворники — средняя скорость,wipers_set,"{""speed"": ""средняя""}"
Поставь режим дворников на интервалы,wipers_set,"{""mode"": ""interval""}"
Поставь волну 101.2 FM,radio_set_station,"{""frequency"": ""101.2""}"
"Поставь станцию 87.5 FM, там спокойная музыка",radio_set_station,"{""frequency"": ""87.5""}"
"Включи тихую колыбельную, дети шумят и ночь снежная",play_music,
Предыдущую,previous_track,
Прибавь громкость на семь шагов,volume_change,"{""change"": 7}"
Выставь громкость на пятнадцать,volume_set,"{""level"": 15}"
Аудио через USB,media_source_set,"{""source"": ""USB""}"
Отключи повторное воспроизведение,media_repeat_set,"{""state"": ""off""}"
"Навигатор, проложи маршрут домой через спокойные улицы пригорода — дети шумят, хочу быстрее добраться",nav_start,"{""destination"": ""дом""}"
"Прокладывай маршрут до школы, по возможности без магистралей, ночью снег",nav_start,"{""destination"": ""школа""}"
"Позвони маме и скажи, что мы едем по заснеженной дороге",call_start,"{""contact"": ""мама""}"
Немного включи обогрев заднего стекла,defrost_set,"{""target"": ""заднее"", ""state"": ""on""}"
"Понизь температуру в салоне на три градуса, на улице снег и прохладно",ac_set,"{""delta"": -3}"
Сделай приток свежего воздуха с улицы,ac_mode_set,"{""mode"": ""outside""}"
Снизь обороты вентилятора наполовину,ac_fan_set,"{""level"": ""50%""}"
"Ночное небо, снег тихо падает — просто хочется помолчать",chitchat,
Поставь охлаждение на максимум,ac_mode_set,"{""режим"": ""охлаждение"", ""уровень"": ""максимум""}"
Охлаждение на двадцать градусов,ac_set,"{""temperature"": 20}"
"Выключи кондиционер, срочно!",ac_off,
Режим обогрева,ac_mode_set,
Переключи в автоматический режим,ac_mode_set,
Полностью выключи обдув,ac_fan_set,"{""level"": 0}"
Подожги кресло водителя,seat_heater_set,"{""seat"": ""водителя""}"
Сделай подогрев на два,seat_heater_set,"{""level"": 2}"
Вентиляция в кресле на минимум,seat_vent_set,"{""level"": ""минимум""}"
Сдвинь крышку на половину,sunroof_set,"{""позиция"": ""наполовину""}"
Сделай громкость сорок процентов,volume_set,"{""level_percent"": 40}"
Поставь станцию 101.2,radio_set_station,"{""frequency"": ""101.2""}"
Навигатор до ближайшей заправки,nav_start,"{""destination"": ""ближайшая заправка""}"
Можешь потренировать голосовые команды?,chitchat,
"Я опаздываю, проложи, пожалуйста, самый быстрый маршрут до центра города",nav_start,"{""destination"": ""центр города"", ""предпочтение"": ""самый быстрый""}"
"Пожалуйста, включи тихую музыку, чтобы никто в машине не проснулся",play_music,"{""мood"": ""тихая""}"
"Позвони на номер экстренной службы, это срочно!",call_start,"{""contact"": ""экстренная служба""}"
Найди радио Эхо Москвы,radio_set_station,"{""station_name"": ""Эхо Москвы""}"
"Сделай чуть тише, но не выключай — на два деления вниз",volume_change,"{""delta"": 2}"
Тишина,volume_mute_set,
Приглуши радио на пару делений,volume_change,"{""change"": ""down"", ""steps"": 2}"
"Отключи вентиляцию, пассажир спит",ac_off,
Закрой люк — не хочу шума от дождя,sunroof_close,
Опусти громкость наполовину,volume_set,"{""level"": 50}"
Немного потише: минимум шума,volume_change,"{""change"": ""down""}"
"Пожалуйста, не включай музыку — хочу тишины",stop_music,
"Открой окно? Нет, закрой лучше — за окном слякоть",window_set,"{""state"": ""close""}"
Приглуши всё аудио и оставь только навигацию,volume_change,
Переключи источник на телефон — без радио,media_source_set,"{""source"": ""phone""}"
"Отключи обогрев сиденья, пусть не мешает спящему пассажиру",seat_heater_set,"{""level"": 0}"
Убавь вентилятор кондиционера на два шага,ac_fan_set,"{""change"": ""down"", ""steps"": 2}"
Понизь температуру на один градус,ac_set,"{""delta"": -1}"
Включи рециркуляцию и тихо,ac_mode_set,"{""mode"": ""recirculation""}"
Не переключай радио — выключи его совсем,radio_set,"{""state"": ""off""}"
"Тихо, пожалуйста: оставь только минимальный фон",volume_set,"{""level"": 10}"
"Поставь радио на 101.2 FM, но очень тихо",radio_set_station,"{""station"": ""101.2"", ""band"": ""FM"", ""volume"": 10}"
Останови воспроизведение и не включай следующий трек,stop_music,
Не отвечай на звонки автоматически,call_hangup,
Ответь на вызов только если важный,call_answer,
Назови громкость на шесть,volume_set,"{""level"": 6}"
"Сделай погромче — наоборот, не надо, оставь тише",volume_change,
Припаси звук — не буди спящего рядом,volume_mute_set,
"Открой навигацию домой, но без голосовых подсказок",nav_start,"{""destination"": ""дом"", ""voice_guidance"": ""off""}"
Включи плейер тихо,play_music,"{""volume"": ""low""}"
Переключись на Bluetooth-источник,media_source_set,"{""source"": ""bluetooth""}"
Повтори композицию дважды,media_repeat_set,"{""mode"": ""one""}"
"Перемешай плейлист, но не слишком громко",media_shuffle_set,"{""state"": ""on""}"
"Включи радио на частоту 88.5 — тихо, пожалуйста",radio_set_station,"{""station"": ""88.5"", ""band"": ""FM"", ""volume"": ""low""}"
Закрой люк и окна полностью,sunroof_set,"{""state"": ""close"", ""also_windows"": true}"
"Опусти стекла чуть-чуть, только чтобы проветрить",window_set,"{""state"": ""open"", ""percent"": 10}"
"Выключи обдув стекол, шумит",defrost_set,"{""state"": ""off""}"
Авто-стеклоочистители в режим дождя—выключи,rain_set,"{""state"": ""off""}"
Включи ближний свет только — без дальнего,headlights_set,"{""mode"": ""low""}"
Понизь обороты вентилятора кондиционера до минимума,ac_fan_set,"{""level"": 1}"
Поставь повтор на плейлист,media_repeat_set,"{""mode"": ""all""}"
Переключи на USB-накопитель,media_source_set,"{""source"": ""usb""}"
Позвонить жене тихо,call_start,"{""contact"": ""жена"", ""ring"": ""silent""}"
Сбрось громкость на пять единиц,volume_change,"{""change"": ""down"", ""steps"": 5}"
Не включай авто‑старт музыки при открытии двери,media_source_set,
"Обогрев сиденья на ноль, пожалуйста",seat_heater_set,"{""level"": 0}"
"Сделай так, чтобы было тихо, я просплю здесь ещё час или два, не возражаешь?",volume_mute_set,
Можно без подсветки приборов?,chitchat,
Уменьши звук навигации до минимального,volume_set,"{""level"": 5}"
"Не отвечай на входящие, положи звонки на удержание",call_hangup,
Поверни кондиционер на 18 градусов и тихо,ac_set,"{""temperature"": 18}"
"Пожалуйста, не включай щётки часто — слякоть и шорох",wipers_set,"{""mode"": ""low""}"
"Тсс… выключи музыку и закрой окно, чтобы не слышать улицу",volume_mute_set,
Ничего не трогай до парковки,chitchat,
Сделай климат прохладнее,ac_set,
Переключись в экономичный режим кондиционера,ac_mode_set,"{""mode"": ""eco""}"
Сделай вентилятор тише,ac_fan_set,
Включи обогрев сидения водителя на третью,seat_heater_set,"{""seat"": ""driver"", ""level"": 3}"
"Обогреть кресло пассажира, пожалуйста",seat_heater_set,"{""seat"": ""passenger"", ""state"": ""on""}"
Вентиляция кресел в переднем ряду включи,seat_vent_set,"{""row"": ""front"", ""state"": ""on""}"
Обдув кресла убери,seat_vent_set,
Включи задний обогрев,defrost_set,"{""target"": ""rear""}"
Отключи разморозку,defrost_set,
Закрой солнцезащитный люк,sunroof_close,
Переключись на волну 88,radio_set_station,"{""frequency"": ""88""}"
Поставь следующий трек,next_track,
Уменьши звук на пять делений,volume_change,"{""delta"": 5}"
Прекрати повтор,media_repeat_set,"{""mode"": ""off""}"
"Навигатор, доведи меня до Красной площади",nav_start,"{""destination"": ""Красная площадь""}"
Позвони Оксане,call_start,"{""contact"": ""Оксана""}"
Омыватель включи,rain_set,
Просто поговорим,chitchat,
Приоткрой переднее окно на половину,window_set,"{""side"": ""front"", ""position"": ""50%""}"
Окна вниз!,window_set,"{""target"": ""all"", ""position"": ""down""}"
Температуру поставь на двадцать два градуса,ac_set,"{""temperature"": 22}"
Включи обдув лица,ac_mode_set,"{""mode"": ""face""}"
Дай обдув только ногам,ac_mode_set,"{""mode"": ""feet""}"
Убавь обороты вентиляции на одну ступень,ac_fan_set,"{""change"": ""-1_step""}"
Сделай обогрев сиденья водителя на полную,seat_heater_set,"{""side"": ""driver"", ""level"": ""max""}"
Подогрей задние кресла на низкий режим,seat_heater_set,"{""side"": ""rear"", ""level"": ""low""}"
Вентиляция сиденья пассажира средняя,seat_vent_set,"{""side"": ""passenger"", ""level"": ""medium""}"
Притуши музыку чуть-чуть,volume_change,"{""change"": ""down_small""}"
Громкость до пяти,volume_set,"{""level"": 5}"
Настрой частоту на 101.2,radio_set_station,"{""frequency"": ""101.2""}"
Включи Bluetooth-музыку,media_source_set,"{""source"": ""bluetooth""}"
Убери режим перемешивания,media_shuffle_set,"{""state"": ""off""}"
Построй самый быстрый маршрут до офиса с учетом пробок и минимальным количеством платных дорог,nav_start,"{""destination"": ""офис""}"
Набери папу,call_start,"{""contact"": ""папа""}"
Дальние включи,high_beam_set,"{""state"": ""on""}"
Включи режим дождя (авто-стеклоочистители),rain_set,"{""state"": ""on""}"
Как погода в ближайшем районе?,chitchat,
Включи плейлист для спокойной езды и убавь громкость до тридцати процентов,play_music,"{""playlist"": ""спокойной езды"", ""volume"": ""30%""}"
Левое заднее окно наполовину,window_set,"{""side"": ""rear_left"", ""position_percent"": 50}"
"Сделай прохладу, пожалуйста, на 18 градусов",ac_set,"{""degrees"": 18}"
Убавь кондиционер на пять градусов,ac_set,"{""delta_degrees"": -5}"
Не включай кондиционер,ac_off,
Повысь скорость вентилятора на два деления,ac_fan_set,"{""levels"": 2}"
Подогрев сиденья водителя выключи,seat_heater_set,"{""seat"": ""driver"", ""state"": ""off""}"
Выкл разморозку заднего стекла,defrost_set,"{""side"": ""rear"", ""state"": ""off""}"
"Пожалуйста, включи что-нибудь спокойное, я хочу тишины и не хочу запахов с улицы",play_music,"{""mood"": ""calm""}"
"Выключи аудио, хочу тишину",stop_music,
Установи звук на ноль,volume_set,"{""level"": 0}"
Включи AM,radio_set,"{""band"": ""AM""}"
Поставь станцию восемьдесят девять целых пять,radio_set_station,"{""frequency"": 89.5}"
Прокладывай домой,nav_start,"{""destination"": ""home""}"
"Построй маршрут в центр города, но избегай шумных улиц, я хочу тишины",nav_start,"{""destination"": ""city_center"", ""avoid"": ""busy_roads""}"
Сделай звонок в службу поддержки,call_start,"{""contact"": ""support""}"
"Выключи дворники, на стекле капли",wipers_set,"{""state"": ""off""}"
Интервальный режим дворников,wipers_set,"{""mode"": ""intermittent""}"
Авто режим дождя включи,rain_set,"{""state"": ""on""}"
"Ночь, жара, капли на стекле от мойки — просто хочу тишины и чтобы запахи с улицы не лезли внутрь",chitchat,
"Повысь температуру на два градуса, мне уже прохладно",ac_set,"{""delta_degrees"": 2}"
Плотно закрой все окна,window_set,"{""position"": ""closed"", ""windows"": ""all""}"
Опусти правое переднее стекло,window_set,"{""window"": ""right_front"", ""position"": ""down""}"
Подними левое заднее наполовину,window_set,"{""window"": ""left_rear"", ""position"": ""50%""}"
Открой водительское окно на четверть,window_set,"{""window"": ""driver"", ""position"": ""25%""}"
"Закрой лобовое, оно всё в каплях",window_set,"{""window"": ""front"", ""position"": ""closed""}"
Здесь снег — закрой люк,sunroof_close,
Температуру 21 градус,ac_set,"{""temperature"": 21}"
Сделай теплее на пару градусов,ac_set,
Обдув на лобовое и ноги,ac_mode_set,"{""mode"": ""windshield_and_feet""}"
Понизь вентилятор до двух,ac_fan_set,"{""level"": 2}"
Пассажиру сделать тёплое сиденье,seat_heater_set,"{""seat"": ""passenger"", ""state"": ""on""}"
Включи вентиляцию на пассажирском,seat_vent_set,"{""seat"": ""passenger"", ""state"": ""on""}"
Включи обдув лобового окна,defrost_set,"{""zone"": ""front"", ""state"": ""on""}"
Убери запотевание с лобового,defrost_set,
Датчик дождя выключи,rain_set,"{""state"": ""off""}"
"Поставь джаз, не слишком громко",play_music,"{""genre"": ""jazz""}"
Тише на пять уровней,volume_change,"{""direction"": ""down"", ""amount"": 5}"
Bluetooth подключи,media_source_set,"{""source"": ""bluetooth""}"
Включи повтора,media_repeat_set,"{""state"": ""on""}"
"Радио на новости, пожалуйста",radio_set,"{""genre"": ""news""}"
Включи 101.2 FM,radio_set_station,"{""frequency"": ""101.2""}"
Поехали на ближайшую мойку,nav_start,"{""destination"": ""мойка""}"
"Блин, застрял в пробке и лобовое запотело",chitchat,
"Ночь, снег — какой же у нас город красивый",chitchat,
Пусть играет с USB,media_source_set,"{""source"": ""USB""}"
Приглуши фары — едем по двору,headlights_set,"{""state"": ""dim""}"
Понизь температуру кондиционера на два градуса,ac_set,"{""delta"": ""2"", ""unit"": ""градуса""}"
Переведи режим на обдув ног,ac_mode_set,"{""mode"": ""обдув ног""}"
Нагрей водительское сиденье на две,seat_heater_set,"{""seat"": ""водительское"", ""level"": ""2""}"
Понизь обогрев заднего сиденья,seat_heater_set,"{""seat"": ""заднее""}"
Включи вентиляцию переднего пассажира,seat_vent_set,"{""seat"": ""передний пассажир"", ""state"": ""on""}"
Приоткрой люк для проветривания,sunroof_set,"{""position"": ""проветривание""}"
Громкость поставить на три,volume_set,"{""level"": ""3""}"
"Прокладывай маршрут домой, пожалуйста",nav_start,"{""destination"": ""домой""}"
Включи дворники на первой скорости,wipers_set,"{""speed"": ""1""}"
Кто ты?,chitchat,
Добавь ещё пару градусов в салоне,ac_set,"{""delta"": ""2""}"
Температуру сделай двадцать один градус,ac_set,"{""temperature"": ""21""}"
Уменьши обдув в салоне,ac_fan_set,
Повысь обогрев сидений до максимума,seat_heater_set,"{""level"": ""max""}"
Включи радио 88 FM,radio_set_station,"{""frequency"": ""88.0""}"
"Пожалуйста, сделай тише музыку, мне звонят",volume_change,
Я хочу слушать классику,play_music,"{""genre"": ""классика""}"
Радио 103.5,radio_set_station,"{""frequency"": ""103.5""}"
Настрой на 87.9 FM,radio_set_station,"{""frequency"": ""87.9""}"
"Прокладывай маршрут до ближайшей автомойки, хочу остановиться сейчас",nav_start,
Позвони Игорю,call_start,"{""contact"": ""Игорь""}"
"Ответь на звонок, пожалуйста",call_answer,
Включи ближний свет — встречка слепит,headlights_set,"{""mode"": ""low""}"
Понизь яркость фар,headlights_set,"{""mode"": ""dim""}"
"Растопи лед на лобовом, пожалуйста",defrost_set,"{""target"": ""front""}"
"Выключи кондиционер, шум на трассе раздражает",ac_off,
"Переключи в рециркуляцию, запах с обочины",ac_mode_set,"{""mode"": ""recirculation""}"
Дай максимальную мощность вентилятора,ac_fan_set,"{""level"": ""max""}"
"Нагрей до 23 градусов, холодно от слякоти",ac_set,"{""temperature"": 23}"
"Закрой люк, свет встречки мешает",sunroof_close,
Включи омыватель стекла,wipers_set,"{""action"": ""wash""}"
Отопление руля на максимум,wheel_heater_set,"{""level"": ""max""}"
"Включи радио, хочу новости и дорожную сводку",radio_set,
"Переключи трек назад, это слишком громко",previous_track,
"Поставь следующий трек, пожалуйста",next_track,
"Приглуши музыку, чтобы встречка не слепила",volume_change,
Отключи музыку совсем,stop_music,
Включи Bluetooth и проиграй мой плейлист,media_source_set,"{""source"": ""bluetooth""}"
Сделай повтор всего альбома,media_repeat_set,"{""mode"": ""album""}"
Свяжи меня с диспетчером,call_start,"{""contact"": ""диспетчер""}"
"Эй, как погода там впереди, видишь?",chitchat,
"Мне мешает шум дороги и встречных — посоветуй, что делать",chitchat,
Подними окно справа,window_set,"{""side"": ""front_right"", ""position"": ""closed""}"
Переключи климат на Auto,ac_mode_set,"{""mode"": ""auto""}"
Нагрей пассажирское кресло до третьего уровня,seat_heater_set,"{""seat"": ""passenger"", ""level"": 3}"
Включи вентиляцию в сиденьях на максимум,seat_vent_set,"{""level"": ""max""}"
"Выключи обдув лобового, пожалуйста",defrost_set,"{""target"": ""front"", ""state"": ""off""}"
Громкость шестёрка,volume_set,"{""level"": 6}"
Поставь FM 104.5,radio_set_station,"{""frequency"": ""104.5"", ""band"": ""FM""}"
Переключись на УКВ 89.1,radio_set_station,"{""frequency"": ""89.1""}"
Позвони супругу,call_start,"{""contact"": ""супруг""}"
Включи подогрев рулевого колеса,wheel_heater_set,"{""state"": ""on""}"
"Расслабься, дорога пустая",chitchat,
Как ты сегодня?,chitchat,
Включи что-нибудь весёлое,play_music,"{""mood"": ""cheerful""}"
"Мне холодно, пожалуйста, сделай температуру в салоне комфортной, где-то двадцать три градуса",ac_set,"{""temperature"": 23}"
"Я еду за город и хочу, чтобы окно водителя открылось совсем чуть-чуть, только для проветривания",window_set,"{""side"": ""front_left"", ""position"": ""vent""}"
"Следующая композиция, пожалуйста",next_track,
Сделай прохладу 18 градусов,ac_set,"{""temperature"": 18}"
Понизь до двадцати,ac_set,"{""temperature"": 20}"
"Сделай погорячее, пожалуйста",ac_set,
"На улице жарко, сделай кондиционер около пятнадцати градусов и побыстрее",ac_set,"{""temperature"": 15}"
Хватит с этим кондиционером,ac_off,
Поставь режим обдува в лицо,ac_mode_set,"{""mode"": ""face""}"
Поставь вентилятор на средний,ac_fan_set,"{""level"": ""medium""}"
"Приоткрой окно чуть-чуть, пожалуйста",window_set,"{""action"": ""open"", ""amount"": ""slightly""}"
"На заправке жарко, можно ли открыть только передние стекла на пару сантиметров пока греемся?",window_set,"{""side"": ""front"", ""amount"": ""couple_centimeters""}"
"Пусти свежий воздух через крышу, открой люк наполовину и аккуратно",sunroof_set,"{""position_percent"": 50}"
Закрой панорамную крышу полностью,sunroof_close,"{""position_percent"": 0}"
Поставь подогрев пассажира на три,seat_heater_set,"{""seat"": ""passenger"", ""level"": 3}"
Убавь подогрев заднего левого сиденья,seat_heater_set,"{""seat"": ""rear_left"", ""action"": ""decrease""}"
"Мне холодно, сделай подогрев сидений на максимум для всех пассажиров",seat_heater_set,"{""target"": ""all"", ""level"": ""max""}"
Отключи вентилируемые сиденья,seat_vent_set,"{""action"": ""off""}"
Включи музыку Баха,play_music,"{""artist"": ""Бах""}"
Поставь мой плейлист для пробежки,play_music,"{""playlist"": ""пробежка""}"
"Мне надо сосредоточиться, включи спокойную инструментальную музыку на тихую громкость",play_music,"{""genre"": ""instrumental"", ""mood"": ""calm""}"
Переключай трек,next_track,
Верни песню назад,previous_track,
"Шепотом, сделай потише",volume_change,
Ставь AM-радио,radio_set,"{""band"": ""AM""}"
Поставь станцию радио Ретро FM,radio_set_station,"{""station"": ""Ретро FM""}"
"Прокладывай маршрут до ближайшей станции зарядки, избегай платных дорог",nav_start,"{""destination"": ""станция зарядки"", ""avoid"": ""tolls""}"
Полностью открой правое заднее окно,window_set,"{""side"": ""rear_right"", ""position"": ""100%""}"
Немного приоткрой окно пассажира,window_set,"{""side"": ""front_passenger"", ""percent"": 25}"
"Сделай побольше холод — 18 градусов, пожалуйста",ac_set,"{""temperature"": 18}"
Повысь скорость вентилятора на два уровня,ac_fan_set,"{""change"": ""increase"", ""steps"": 2}"
"Греющие сиденья, первая ступень, водительское",seat_heater_set,"{""side"": ""driver"", ""level"": 1}"
Поставь подогрев заднего правого сиденья на максимум,seat_heater_set,"{""side"": ""rear_right"", ""level"": ""max""}"
Выключи вентиляцию кресла водителя,seat_vent_set,"{""side"": ""driver"", ""state"": ""off""}"
Выключи обдув стекол и демист,defrost_set,"{""state"": ""off""}"
Открой люк на одну треть,sunroof_set,"{""position_percent"": 33}"
Приоткрой панорамную крышу на проветривание,sunroof_set,"{""mode"": ""vent""}"
Плей,play_music,
Сделай повтор трека включённым,media_repeat_set,"{""state"": ""on""}"
"Включи перемешивание песен, пожалуйста",media_shuffle_set,"{""state"": ""on""}"
Включи радиостанцию 'Радио-Мир',radio_set_station,"{""station"": ""Радио-Мир""}"
Навигатор: проложи маршрут до ближайшей заправки,nav_start,"{""query"": ""nearest_gas_station""}"
"Перекрой разговор, сбрось вызов",call_hangup,
Авто-дождь включи режим чувствительности высокий,rain_set,"{""sensitivity"": ""high""}"
"Ты что, репуешь? Расскажи анекдот",chitchat,
"Притормози и включи аварийку, пожалуйста, тут пробка и я нервничаю",chitchat,
Подними температуру на пару градусов — мне холодно,ac_set,"{""change"": ""increase"", ""degrees"": 2}"
Переведи климат в эконом-режим,ac_mode_set,"{""mode"": ""economy""}"
Переключи источник на USB-накопитель слева,media_source_set,"{""source"": ""usb_left""}"
Пауза — не трогай музыку,media_pause,
Снова воспроизвести последний плейлист,play_music,"{""what"": ""last_playlist""}"
Уменьши громкость до пяти,volume_set,"{""level"": 5}"
"Открой люк наполовину, пожалуйста",sunroof_set,"{""percent"": 50}"
Подними стекло переднее правое,window_set,"{""window"": ""переднее правое"", ""action"": ""поднять""}"
Открой заднее левое окно на двадцать процентов,window_set,"{""window"": ""заднее левое"", ""percent"": 20}"
"Мне слишком жарко в салоне, включи кондиционер и поставь двадцать один градус",ac_set,"{""temperature"": 21}"
Убавь температуру на пять,ac_set,"{""delta_temperature"": 5}"
Снизь скорость вентилятора до двух,ac_fan_set,"{""level"": 2}"
Переключись на обогрев заднего стекла,defrost_set,"{""target"": ""заднее стекло"", ""state"": ""on""}"
"Откажись от вентиляции, пожалуйста, сейчас не надо",ac_off,
Подогрей рулевое колесо на максимум,wheel_heater_set,"{""level"": ""max""}"
Подними подогрев заднего левого наполовину,seat_heater_set,"{""seat"": ""заднее левое"", ""percent"": 50}"
Включи подогрев всех сидений,seat_heater_set,"{""seat"": ""все"", ""state"": ""on""}"
"Разморозь лобовое стекло, перед окном лёд",defrost_set,"{""target"": ""лобовое"", ""state"": ""on""}"
Выключи обдув лобового,defrost_set,"{""target"": ""лобовое"", ""state"": ""off""}"
Открой люк полностью — пусть будет свет,sunroof_set,"{""position"": ""open""}"
"Погаси фары, пожалуйста",headlights_set,"{""state"": ""off""}"
Активируй дождевой режим стеклоочистителей,rain_set,"{""state"": ""on""}"
А ну-ка включи радио «Русское Радио»,radio_set,"{""station"": ""Русское Радио""}"
Включи джаз-плейлист,play_music,"{""playlist"": ""джаз""}"
Убавь громкость на три единицы,volume_change,"{""delta"": 3}"
Сделай погромче до уровня семь,volume_set,"{""level"": 7}"
Переключись на повтор текущего альбома,media_repeat_set,"{""mode"": ""album""}"
Просто поболтать: какая сегодня погода?,chitchat,
Подними переднее левое окно наполовину,window_set,"{""side"": ""front_left"", ""percent"": 50}"
Сделай двадцать градусов,ac_set,"{""temperature"": 20}"
Подогрей сидение водителя,seat_heater_set,"{""seat"": ""driver"", ""state"": ""on""}"
Максимальный подогрев для пассажира,seat_heater_set,"{""seat"": ""front_passenger"", ""level"": ""max""}"
Вентиляция кресел на третью ступень,seat_vent_set,"{""seat"": ""all"", ""level"": 3}"
Включи дальний свет на трассе,high_beam_set,"{""state"": ""on""}"
"Дворники на среднюю скорость, пожалуйста",wipers_set,"{""speed"": ""medium""}"
Режим обдува на лобовое стекло,ac_mode_set,"{""mode"": ""defrost_front""}"
Предыдущий трек верни,previous_track,
Заглуши звук — без звука,volume_mute_set,"{""mute"": true}"
Найди станцию «Питер FM» и включи её,radio_set_station,"{""station_name"": ""Питер FM""}"
Найди ближайшую заправку и проложи туда маршрут с учётом пробок,nav_start,"{""destination"": ""nearest_gas_station"", ""avoid_traffic"": true}"
"Проложи маршрут домой, пожалуйста",nav_start,"{""destination"": ""home""}"
Включи AM 720,radio_set_station,"{""band"": ""AM"", ""frequency"": 720}"
"Пожалуйста, понижай температуру плавно до восемнадцати градусов",ac_set,"{""temperature"": 18, ""manner"": ""smooth""}"
"Мне холодно, включи подогрев сидения водителя на две ступени",seat_heater_set,"{""seat"": ""driver"", ""level"": 2}"
Не выключай музыку,chitchat,
Проиграй следующий подкаст,next_track,"{""type"": ""podcast""}"
Соедини по громкой связи и вызови Петрова,call_start,"{""contact"": ""Петров"", ""handsfree"": true}"
Подними все окна до упора,window_set,"{""windows"": ""all"", ""position"": ""closed""}"
Понизь температуру до двадцати,ac_set,"{""temperature"": 20}"
Подогрев сиденья два,seat_heater_set,"{""level"": 2}"
Закрывай люк,sunroof_close,
Настрой FM 101.7,radio_set_station,"{""frequency"": ""101.7 FM""}"
Поставь Радио России,radio_set_station,"{""station"": ""Радио России""}"
Поехали к дому мамы,nav_start,"{""destination"": ""дом мамы""}"
"Проложи маршрут в центр города, чтобы избегать платных дорог и пробок",nav_start,"{""destination"": ""центр города"", ""avoid"": [""tolls"", ""traffic""]}"
Свяжись со службой помощи,call_start,"{""contact"": ""служба помощи""}"
Найди станцию 88.6,radio_set_station,"{""frequency"": ""88.6 FM""}"
"Расскажи анекдот, чтобы скоротать время в пробке",chitchat,
"Закрой заднее правое стекло, пожалуйста",window_set,"{""window"": ""заднее правое""}"
Щёлкни — опусти все окна,window_set,"{""window"": ""все""}"
Дай вентиляции — опусти боковые окна на треть,window_set,"{""window"": ""боковые"", ""position_percent"": 33}"
Снизь температуру до 18 градусов,ac_set,"{""temperature"": 18}"
Включи охлаждение на максимум,ac_set,"{""mode"": ""охлаждение"", ""level"": ""максимум""}"
Включи автоподдержание температуры,ac_mode_set,"{""mode"": ""auto""}"
"Расскажи что-нибудь, чтобы не скучать",chitchat,
Убавь подогрев заднего левого кресла до нуля,seat_heater_set,"{""seat"": ""заднее левое"", ""level"": 0}"
Мне тепло — сделай средний подогрев для пассажира,seat_heater_set,"{""seat"": ""пассажирское"", ""level"": ""medium""}"
Отключи обдув зеркал,defrost_set,"{""target"": ""зеркала"", ""state"": ""off""}"
Сдвинь панорамный люк на пятнадцать процентов,sunroof_set,"{""position_percent"": 15}"
"Поставь джаз-плейлист, пожалуйста",play_music,"{""playlist"": ""джаз""}"
Далее,next_track,
Убавь немного звук,volume_change,
Громкость повысь на пять,volume_change,"{""delta"": 5}"
Сделай громче на 20 процентов,volume_set,"{""level_percent"": 20}"
Установи уровень звука на пять,volume_set,"{""level"": 5}"
"Переведи на AM, пожалуйста",radio_set,"{""band"": ""AM""}"
Отведи меня домой,nav_start,"{""destination"": ""домой""}"
Проклади маршрут к Красной площади,nav_start,"{""destination"": ""Красная площадь""}"
"Поехали в аэропорт, проложи маршрут с учётом пробок",nav_start,"{""destination"": ""аэропорт"", ""consider_traffic"": true}"
Активируй режим датчика дождя,rain_set,"{""state"": ""on""}"
Подними стекло справа полностью,window_set,"{""window"": ""right"", ""position_percent"": 100}"
Поставь обдув в автоматический режим,ac_mode_set,"{""mode"": ""auto""}"
Добавь вентилятор на максимум,ac_fan_set,"{""level"": ""max""}"
Подогрей левое сиденье на два,seat_heater_set,"{""seat"": ""left"", ""level"": 2}"
Сделай тёплым правое кресло на максимуме,seat_heater_set,"{""seat"": ""right"", ""level"": ""max""}"
Включи вентиляцию сидений для задних пассажиров,seat_vent_set,"{""seat"": ""rear"", ""state"": ""on""}"
"Удаляй лёд с заднего стекла, пожалуйста",defrost_set,"{""area"": ""rear"", ""state"": ""on""}"
Слушай постоянно повтор,media_repeat_set,"{""state"": ""on""}"
Играй в случайном порядке,media_shuffle_set,"{""state"": ""on""}"
Станция FM 102.5,radio_set_station,"{""band"": ""FM"", ""frequency"": ""102.5""}"
"Навигация, проложи маршрут до аэропорта Шереметьево",nav_start,"{""destination"": ""аэропорт Шереметьево""}"
Включи дворники интервал,wipers_set,"{""mode"": ""intermittent""}"
Поставь дворники на быструю скорость,wipers_set,"{""speed"": ""high""}"
Подогрей руль на три,wheel_heater_set,"{""level"": 3}"
Остуди руль,wheel_heater_set,"{""state"": ""off""}"
"Хочу расслабляющую музыку, пожалуйста, включи плейлист 'Тихий вечер'",play_music,"{""playlist"": ""Тихий вечер""}"
Убавь звук до нуля,volume_set,"{""level"": 0}"
Включи FM и поставь 101.2,radio_set_station,"{""band"": ""FM"", ""frequency"": ""101.2""}"
"Пожалуйста, проложи пеший маршрут до станции метро Пушкинская с учётом пробок",nav_start,"{""destination"": ""станция метро Пушкинская"", ""mode"": ""walking""}"
"Я не хочу ехать по платным дорогам, построй объезд без платных участков",nav_start,"{""avoid"": ""tolls""}"
Какие пробки на МКАД сейчас?,chitchat,
"Спасибо, ты очень помог",chitchat,
"Опусти стекло водительской двери на пару сантиметров, солнце слепит",window_set,"{""side"": ""driver"", ""position"": ""few_cm""}"
"Закрой все окна, я выйду из машины",window_set,"{""target"": ""all"", ""state"": ""closed""}"
"Потом закрой люк, пожалуйста",sunroof_close,
Поставь рециркуляцию — воздух наружу не нужен,ac_mode_set,"{""mode"": ""recirculation""}"
"Режим обдува вниз, чтобы ноги не мерзли",ac_mode_set,"{""mode"": ""down""}"
"Убавь вентилятор, пусть будет спокойнее",ac_fan_set,"{""direction"": ""down""}"
"Вентилятор на максимум, я замёрз",ac_fan_set,"{""level"": ""max""}"
Нагрей кресло водителя на средний уровень,seat_heater_set,"{""side"": ""driver"", ""level"": ""medium""}"
"Охлади сиденье пассажира, жарко от слоя одежды",seat_vent_set,"{""side"": ""passenger"", ""state"": ""on""}"
"Включи обдув стекла, на лобовом капает грязь",defrost_set,"{""area"": ""front"", ""state"": ""on""}"
"Опусти левое стекло, солнце прямо в глаза",window_set,"{""side"": ""left"", ""action"": ""lower""}"
"Пожалуйста, тише музыку — хочу тишины",volume_mute_set,"{""state"": ""mute""}"
"Включи радио FM на 101.5, новости там идут",radio_set_station,"{""band"": ""FM"", ""frequency"": ""101.5""}"
Поставь случайное воспроизведение — пусть играет по-настроению,media_shuffle_set,"{""state"": ""on""}"
"Назад, верни предыдущую композицию",previous_track,
"Включи музыку тихо, не хочу шуметь",play_music,
Поставь на паузу — кто-то звонит,media_pause,
Стоп воспроизведения,stop_music,
"Сменить источник на Bluetooth, телефон подключен",media_source_set,"{""source"": ""Bluetooth""}"
"Отключи повтор, пусть песни идут без повтора",media_repeat_set,"{""state"": ""off""}"
"Перемешай список, пожалуйста",media_shuffle_set,"{""state"": ""on""}"
"Громче, немного прибавь",volume_change,"{""direction"": ""up""}"
"Понизь громкость звонка, сейчас рассвет и хочется тишины",volume_change,"{""target"": ""call""}"
Это не сейчас — отклони звонок,call_hangup,
"Позвони жене, скажи, что на парковке",call_start,"{""contact"": ""жена""}"
Начать навигацию до ближайшей парковки,nav_start,"{""destination"": ""parking""}"
"Отменить маршрут, я передумал",nav_cancel,
Фары включи — на улице пока сумрачно,headlights_set,"{""state"": ""on""}"
"Включи дальний, дорога пустая",high_beam_set,"{""state"": ""on""}"
"Выключи дальний, к машине кто-то едет навстречу",high_beam_set,"{""state"": ""off""}"
Включи режим дождя на дворниках,rain_set,"{""state"": ""on""}"
"Дворники на среднюю скорость, слякоть на стекле",wipers_set,"{""speed"": ""medium""}"
Протри лобовое однократно,wipers_set,"{""mode"": ""single""}"
Дай трубку — ответь на звонок,call_answer,
Сбрось громкость до нуля,volume_set,"{""level"": ""0""}"
"Добавь громкости до двадцати, но аккуратно",volume_set,"{""level"": ""20""}"
"Слушай новости по радио, переключись на рубрику «новости»",radio_set_station,"{""genre"": ""news""}"
Перекрой звук музыки — звонок идёт,volume_mute_set,"{""reason"": ""call""}"
"Не разговаривай сейчас, хочу тишины",chitchat,
"Сейчас рассвет, включи дневной свет фар",headlights_set,"{""mode"": ""day""}"
Переключи источник на радио и заглуши плейлист,media_source_set,"{""source"": ""radio""}"
"Я паркуюсь, отключи кондиционер",ac_off,
"Поставь паузу, телефон звонит срочно",media_pause,
Пошёл дождь — увеличь скорость дворников,wipers_set,"{""action"": ""increase""}"
Я не хочу шум — полностью заглуши все звуки,volume_mute_set,"{""state"": ""mute""}"
Приоткрой пассажирское окно на десять процентов,window_set,"{""side"": ""пассажирское"", ""position"": ""10%""}"
Полностью закрой заднее правое окно,window_set,"{""side"": ""заднее правое"", ""position"": ""100%""}"
"Хочу прохладу, установи кондиционер на 20 градусов",ac_set,"{""temperature"": 20}"
"Уменьши обдув, пожалуйста",ac_fan_set,
Переключи режим обогрева,ac_mode_set,"{""mode"": ""обогрев""}"
Отключи кондиционер и вентиляторы,ac_off,
Сделай подогрев заднего сиденья помягче,seat_heater_set,"{""seat"": ""заднее"", ""action"": ""decrease""}"
Отключи подогрев кресел,seat_heater_set,"{""action"": ""off""}"
Вентиляция в сиденьях — включи,seat_vent_set,"{""action"": ""on""}"
Охлади подушку пассажира,seat_vent_set,"{""seat"": ""пассажирское"", ""action"": ""on""}"
Задний дефростер выключи,defrost_set,"{""target"": ""задний"", ""action"": ""off""}"
Приоткрой панорамный люк на четверть,sunroof_set,"{""position"": ""25%""}"
"Поехали к дому мамы, проложи маршрут",nav_start,"{""destination"": ""дом мамы""}"
Проложи путь в аэропорт Шереметьево,nav_start,"{""destination"": ""аэропорт Шереметьево""}"
"Авто-дождь, включи режим",rain_set,"{""mode"": ""auto""}"
Пошути мне,chitchat,
Тише на два шага,volume_change,"{""delta"": 2}"
"Установи кондиционер на двадцать три градуса, пожалуйста",ac_set,"{""temperature"": 23}"
"Прокладывай маршрут в центр города, избегая платных дорог и учитывай пробки",nav_start,"{""destination"": ""центр города"", ""avoid"": ""платные дороги"", ""consider_traffic"": true}"
Включи плейлист Дорожные,play_music,"{""playlist"": ""Дорожные""}"
Опусти заднее правое окно наполовину — ветер мешает,window_set,"{""target"": ""rear_right"", ""percent"": 50}"
"Закрой полностью окна, пассажир спит",window_set,"{""target"": ""all"", ""position"": ""closed""}"
Приоткрой правое переднее окно на сантиметр,window_set,"{""target"": ""front_right"", ""amount"": ""1cm""}"
Понизь мощность вентиляции салона,ac_fan_set,
Отключи обогрев сиденья водителя,seat_heater_set,"{""target"": ""driver"", ""state"": ""off""}"
Включи обдув пассажирского кресла,seat_vent_set,"{""target"": ""passenger"", ""state"": ""on""}"
"Ой, стёкла запотели, включи обогрев стекла",defrost_set,"{""state"": ""on""}"
Приоткрой люк чуть-чуть для проветривания,sunroof_set,"{""position"": ""slight_open""}"
Прекрати музыку прямо сейчас,stop_music,
"Следующая песня, быстрее",next_track,
"Убавь громкость, ветер громкий",volume_change,
Поставь громкость на пятнадцать процентов,volume_set,"{""percent"": 15}"
Выключи звук полностью — пассажир спит,volume_mute_set,"{""mute"": true}"
Переключись на USB-носитель,media_source_set,"{""source"": ""USB""}"
"Включи радио, тихо пожалуйста",radio_set,
Настройся на 101.2 FM,radio_set_station,"{""frequency"": ""101.2""}"
"Построй маршрут домой, нужно быстро свернуть",nav_start,"{""destination"": ""home"", ""urgency"": ""fast_turn""}"
"Отмени навигацию, мы уже рядом",nav_cancel,
"Позвони маме, прошу",call_start,"{""contact"": ""мама""}"
"Включи дворники, периодически",wipers_set,
Режим дождя включи для дворников,rain_set,"{""mode"": ""rain""}"
"Пожалуйста, закрой боковые стекла — порыв ветра сильный",window_set,"{""target"": ""sides"", ""position"": ""closed""}"
"Убавь вентилятор на один шаг, слишком шумно",ac_fan_set,"{""delta"": 1}"
"Хватит, выключи музыку — пассажир спит",stop_music,
Снизь громкость до трёх,volume_set,"{""level"": 3}"
Переключи на радиостанцию Ретро FM,radio_set_station,"{""station"": ""Ретро FM""}"
Поставь плейлист на повтор весь,media_repeat_set,"{""mode"": ""all""}"
Включи случайный порядок проигрывания,media_shuffle_set,"{""shuffle"": true}"
"Навигируй до ближайшего перекрёстка и предупреждай меня, там поворот направо",nav_start,"{""destination"": ""nearest_intersection"", ""note"": ""fast_right_turn""}"
"Отмени маршрут, мы уже свернули",nav_cancel,
Сбрось ещё один вызов,call_hangup,
"Включи дальний на секунду, потом убери",high_beam_set,"{""state"": ""brief_on""}"
Установи фары в автоматический режим,headlights_set,"{""mode"": ""auto""}"
"Стекла запотели снаружи, включи обдув на максимум",ac_fan_set,"{""level"": ""max""}"
"Что-то гудит на улице, может приглушим музыку?",chitchat,
"Шум ветра мешает, можно ли закрыть все люки и окна?",window_set,"{""target"": ""all"", ""position"": ""closed""}"
"Не включай громкую рекламу, пассажир пытается поспать",volume_mute_set,
Приоткрой заднюю правую на двадцать процентов,window_set,"{""window"": ""rear_right"", ""percent"": 20}"
"Мне на задних сиденьях жарко — приоткрой, пожалуйста, задние окна наполовину",window_set,"{""target"": ""rear"", ""percent"": 50}"
"Подними скорость вентилятора на три пункта, пожалуйста",ac_fan_set,"{""delta"": 3}"
Включи подогрев передних сидений на максимум,seat_heater_set,"{""seat"": ""front"", ""level"": ""max""}"
Мне холодно внизу — нагрей водительское кресло на два,seat_heater_set,"{""seat"": ""driver"", ""level"": 2}"
"Вентиляция кресла водителя, поставь на минимальный уровень",seat_vent_set,"{""seat"": ""driver"", ""level"": ""low""}"
"Охлади задние сиденья, пожалуйста",seat_vent_set,"{""seat"": ""rear"", ""state"": ""on""}"
Отопление заднего стекла — включи,defrost_set,"{""zone"": ""rear"", ""state"": ""on""}"
"Предыдущая композиция, пожалуйста",previous_track,
Сделай громкость на 12,volume_set,"{""level"": 12}"
"Выключи звук, пожалуйста",volume_mute_set,"{""mute"": true}"
Настрой радио на 106.3 FM,radio_set_station,"{""band"": ""FM"", ""frequency"": 106.3}"
"Проклади маршрут домой, мне нужно поехать по кратчайшему пути",nav_start,"{""destination"": ""home"", ""route"": ""shortest""}"
Поставь фары в авто-режим,headlights_set,"{""mode"": ""auto""}"
"Подогрей руль, мне холодно",wheel_heater_set,"{""state"": ""on""}"
Просто спроси: как дела?,chitchat,
Глуши музыку и наслаждайся тишиной,stop_music,
Поставь следующую песню через две секунды,next_track,"{""delay_seconds"": 2}"
Верни шестую с конца композицию,previous_track,
Снизь громкость на пять пунктов,volume_change,"{""delta"": -5}"
Установи громкость ровно на ноль,volume_set,"{""level"": 0}"
Отключи повторы и включи перемешивание,media_shuffle_set,
Переключись на USB как источник звука,media_source_set,"{""source"": ""USB""}"
"Поставь радио на станцию 98.7 AM, пожалуйста",radio_set_station,"{""band"": ""AM"", ""frequency"": 98.7}"
Запусти навигацию к ближайшей заправке и избегай платных дорог,nav_start,"{""destination"": ""nearest_gas_station"", ""avoid"": ""tolls""}"
"Отмени всё по навигации, я передумал",nav_cancel,
Позвони по последнему входящему номеру,call_start,"{""target"": ""last_incoming""}"
"Прими этот звонок, пожалуйста",call_answer,
"Повесь трубку, я не хочу говорить",call_hangup,
Включи ближний свет и противотуманки,headlights_set,"{""lights"": [""low_beam"", ""fog""]}"
Включи ассистент дальнего на автоматическое включение,high_beam_set,"{""mode"": ""auto""}"
"Дворники помедленнее, пожалуйста, режим интервальный",wipers_set,"{""mode"": ""interval"", ""speed"": ""slow""}"
Активируй датчик дождя и установи чувствительность на минимум,rain_set,"{""enabled"": true, ""sensitivity"": ""low""}"
Нагрей руль на пару минут и выключи автоматически,wheel_heater_set,"{""state"": ""on"", ""auto_off_minutes"": 2}"
Коротко: спасибо,chitchat,
"Ты знаешь, какой сегодня день?",chitchat,
"Еду по трассе, стекла ещё в каплях после мойки — приоткрой, пожалуйста, переднее окно немного",window_set,"{""position"": ""front_left"", ""amount"": ""slightly""}"
Уменьши кондиционер на два градуса,ac_set,"{""delta"": -2, ""unit"": ""celsius""}"
Сделай прохладнее на три,ac_set,"{""delta"": -3, ""unit"": ""celsius""}"
Охлади до 18,ac_set,"{""temperature"": 18}"
"Потеплее, пожалуйста",ac_set,
Направь обдув вниз и в ноги,ac_mode_set,"{""mode"": ""floor""}"
Нагрей заднее правое сиденье на максимум,seat_heater_set,"{""seat"": ""rear_right"", ""level"": ""max""}"
Вентиляция сидений включи,seat_vent_set,"{""state"": ""on""}"
Отключи вентиляцию кресла,seat_vent_set,"{""state"": ""off""}"
Антиобледенение стекол выключи,defrost_set,"{""state"": ""off""}"
Приоткрой крышу немного,sunroof_set,"{""action"": ""tilt"", ""amount"": ""slightly""}"
Поставь плейлист дороги,play_music,"{""playlist"": ""дороги""}"
Радио Дача,radio_set_station,"{""station"": ""Радио Дача""}"
Маршрут до работы,nav_start,"{""destination"": ""работа""}"
Подними дворники,wipers_set,"{""action"": ""raise""}"
Как погода на трассе?,chitchat,
"Тороплюсь, проложи самый быстрый маршрут до работы, объезжая пробки и ограничения",nav_start,"{""preference"": ""fastest""}"
"Стекло всё в каплях после мойки, включи вентилятор на максимум",ac_fan_set,"{""level"": ""max""}"
Приоткрой окно водителя,window_set,"{""side"": ""driver"", ""position"": ""vent""}"
Окно назад — открой чуть-чуть,window_set,"{""side"": ""rear"", ""position"": ""slight_open""}"
Хочу включить кондиционер на двадцать градусов,ac_set,"{""temperature_c"": 20}"
Поставь климат на 18,ac_set,"{""temperature_c"": 18}"
Прими режим обогрева лобового стекла,defrost_set,"{""target"": ""front"", ""state"": ""on""}"
Очисти заднее стекло (обогрев),defrost_set,"{""target"": ""rear"", ""state"": ""on""}"
Включи рециркуляцию воздуха и поставь авто-режим,ac_mode_set,"{""mode"": ""auto_recirculation""}"
Подогрей сиденье водителя на третью ступень,seat_heater_set,"{""seat"": ""driver"", ""level"": 3}"
"Остыть сиденье переднего пассажира, вентиляция включена",seat_vent_set,"{""seat"": ""front_passenger"", ""state"": ""on""}"
Нужно подогреть руль,wheel_heater_set,"{""state"": ""on""}"
"Приподними люк немного, чтобы провентилировать",sunroof_set,"{""position"": ""tilt""}"
"Закрой люк, немедленно",sunroof_close,
Громче на три единицы,volume_change,"{""delta"": 3}"
Убавь звук до нуля — заглуши,volume_mute_set,"{""mute"": true}"
Сделай тише наполовину,volume_change,"{""level_percent"": 50}"
Переход на USB — музыка с флешки,media_source_set,"{""source"": ""usb""}"
Режим фар — автоматический,headlights_set,"{""state"": ""auto""}"
Включи дворники на низкую скорость,wipers_set,"{""speed"": ""low""}"
Дождевой режим автодворников на включение,rain_set,"{""mode"": ""on""}"
"Включи датчик дождя, чтобы дворники сами работали",rain_set,"{""mode"": ""on""}"
Подожги сиденье заднего пассажира на максимум,seat_heater_set,"{""seat"": ""rear"", ""level"": ""max""}"
Не молчи — расскажи что-нибудь,chitchat,
Какая сегодня погода за окном?,chitchat,
"Включи случайный порядок треков, пожалуйста",media_shuffle_set,"{""state"": ""on""}"
"Верни прежнюю громкость, была около восьми",volume_set,"{""level"": 8}"
"Пожалуйста, закрой правое заднее окно и люк",window_set,"{""side"": ""right_rear"", ""position"": ""closed"", ""also"": ""sunroof_close""}"
Нужно срочно ехать домой — проложи маршрут до адреса 'Дом' и избегай платных дорог,nav_start,"{""destination"": ""дом"", ""avoid"": ""tolls""}"
Останови навигацию и вернись к последнему маршруту позже,nav_cancel,
"Понизь температуру в салоне на два градуса, жарко стало",ac_set,"{""delta_c"": -2}"
"Сделай ветерок сильнее, вентилятор на третью",ac_fan_set,"{""fan_speed"": 3}"
Поставь сиденье водителя на ноль — выключи подогрев,seat_heater_set,"{""seat"": ""driver"", ""state"": ""off""}"
"Приоткрой люк, пожалуйста",sunroof_set,"{""position"": ""tilt_open""}"
Сделай потеплее немного,ac_set,"{""temperature_direction"": ""warmer""}"
Убавь вентилятор на один уровень,ac_fan_set,"{""change"": -1}"
Включи сильный обдув,ac_fan_set,"{""level"": ""high""}"
Включи обогрев переднего пассажира,seat_heater_set,"{""seat"": ""front_passenger"", ""state"": ""on""}"
Охлади сиденье водителя до минимума,seat_vent_set,"{""seat"": ""driver"", ""level"": ""min""}"
Открой немного окно справа,window_set,"{""side"": ""right"", ""position"": ""slightly_open""}"
"Радио на FM 102.5, пожалуйста",radio_set_station,"{""band"": ""FM"", ""frequency"": ""102.5""}"
Поставь радио на новости,radio_set,"{""station_type"": ""news""}"
Навигатор — прокладывай до ближайшей парковки,nav_start,"{""destination"": ""nearest_parking""}"
Позвони в службу спасения,call_start,"{""recipient"": ""emergency""}"
Установи режим автоматического дождя,rain_set,"{""mode"": ""auto""}"
Подогрей передние сиденья на три деления,seat_heater_set,"{""seats"": ""front_both"", ""level"": 3}"
Найди FM станцию,radio_set,"{""band"": ""FM""}"
Останови музыку через минуту,stop_music,"{""delay_seconds"": 60}"
Поставь радио на 87.6,radio_set_station,"{""frequency"": ""87.6""}"
Проложи маршрут в Сочи,nav_start,"{""destination"": ""Сочи""}"
Дворники — интервальный режим,wipers_set,"{""mode"": ""intermittent""}"
"Выключи климат, пожалуйста",ac_off,
"Пожалуйста, закрой справа окно полностью",window_set,"{""side"": ""right"", ""action"": ""close"", ""position"": ""full""}"
"Не отвлекай меня, включи тихую музыку",play_music,"{""mood"": ""soft""}"
"Выключи голос навигатора, нужно тишина",volume_mute_set,"{""target"": ""navigation""}"
Опусти левое переднее окно до половины,window_set,"{""side"": ""front_left"", ""position_percent"": 50}"
Снизь подачу воздуха на минимум,ac_fan_set,"{""level"": ""low""}"
Включи обогрев водительского кресла на максимум,seat_heater_set,"{""seat"": ""driver"", ""level"": 3}"
"Остывание сидений, пожалуйста",seat_vent_set,
Убери наледь с заднего стекла,defrost_set,"{""target"": ""rear"", ""state"": ""on""}"
"Пожалуйста, закрой люк аккуратно и медленно, я не хочу сквозняк",sunroof_close,"{""speed"": ""slow"", ""note"": ""be_gentle""}"
Включи Bluetooth аудио,media_source_set,"{""source"": ""bluetooth""}"
Поставь повтор на альбом,media_repeat_set,"{""mode"": ""album""}"
Случайный порядок (shuffle) включи,media_shuffle_set,"{""on"": true}"
Ищи станцию Радио Шансон,radio_set_station,"{""station"": ""Радио Шансон""}"
Построй пожалуйста подробный маршрут до центра города с избеганием платных дорог,nav_start,"{""destination"": ""центр города"", ""avoid"": ""tolls""}"
Выключить фары,headlights_set,"{""state"": ""off""}"
Сними дальний свет,high_beam_set,"{""state"": ""off""}"
Автоматика дождя — включи,rain_set,"{""mode"": ""auto""}"
Греем руль до уровня два,wheel_heater_set,"{""level"": 2}"
Хочется поговорить,chitchat,
Кто поёт сейчас?,chitchat,
"Мне жарко, сделай вентиляцию попрохладней и направь поток на меня",ac_set,
Поверни громкость немного вниз,volume_change,"{""delta"": -2}"
Прошлая,previous_track,
Поставь радио на волну 88.3,radio_set_station,"{""frequency"": ""88.3""}"
"Прекрати навигацию и удали текущую цель, пожалуйста, хочу задать новую",nav_cancel,
Позвонить в службу поддержки,call_start,"{""contact"": ""служба поддержки""}"
Заблокируй обогрев сидений,seat_heater_set,"{""state"": ""off""}"
Случайно перемешай плейлист,media_shuffle_set,"{""on"": true}"
Приоткрой все окна,window_set,"{""target"": ""все"", ""position"": ""приоткрыть""}"
Немного приоткрой пассажирское окно,window_set,"{""side"": ""пассажирское"", ""position"": ""немного приоткрыть""}"
Понизь кондиционер на три градуса,ac_set,"{""delta"": -3}"
Установи кондиционер на 18,ac_set,"{""temperature"": 18}"
"Мне жарко, пожалуйста сделай потише кондиционер и понизь температуру до восемнадцати",ac_set,"{""temperature"": 18}"
Включи климат-контроль на 22 градуса,ac_set,"{""temperature"": 22}"
Подними температуру на пять,ac_set,"{""delta"": 5}"
Уменьши скорость вентилятора до трёх,ac_fan_set,"{""level"": 3}"
Мощность вентилятора на максимум,ac_fan_set,"{""level"": ""максимум""}"
Подогрей сиденье водителя на треть,seat_heater_set,"{""seat"": ""водителя"", ""level"": ""треть""}"
Поставь подогрев заднего левого на максимум,seat_heater_set,"{""seat"": ""заднее левое"", ""level"": ""максимум""}"
Сделай охлаждение пассажира слабым,seat_vent_set,"{""seat"": ""пассажира"", ""level"": ""слабый""}"
"Пожалуйста приоткрой люк чуть-чуть, хочу проветрить салон",sunroof_set,"{""position"": ""приоткрыть""}"
Поставь мою любимую папку,play_music,"{""playlist"": ""любимая папка""}"
"Переключай трек вперёд, пожалуйста",next_track,
Убавь чуть-чуть,volume_change,"{""change"": -1}"
Включи Радио России,radio_set_station,"{""station"": ""Радио России""}"
"Поезжай в центр, адрес: улица Ленина, дом 10, маршрут без платных дорог",nav_start,"{""destination"": ""улица Ленина, дом 10"", ""avoid"": ""tolls""}"
Набери Петрова,call_start,"{""contact"": ""Петров""}"
Отключи щётки,wipers_set,"{""state"": ""off""}"
Какой уровень топлива?,chitchat,
Подогрев водителя на максималку,seat_heater_set,"{""seat"": ""driver"", ""level"": ""max""}"
Оттаивание стекол включи,defrost_set,"{""state"": ""on""}"
Сними обогрев стекол,defrost_set,"{""state"": ""off""}"
Настрой радио на УКВ сто ноль пять,radio_set_station,"{""frequency"": 100.5}"
Включи волну FM,radio_set,"{""band"": ""FM""}"
Найди ближайшую заправку и прокладывай маршрут,nav_start,"{""poi"": ""gas_station""}"
Подогрей заднее сиденье на два,seat_heater_set,"{""seat"": ""rear"", ""level"": 2}"
Охлади водительское на единицу,seat_vent_set,"{""seat"": ""driver"", ""level"": 1}"
Открой переднее левое стекло на тридцать процентов,window_set,"{""window"": ""front_left"", ""percent"": 30}"
Поставь обогрев сидений на максимум,seat_heater_set,"{""seats"": ""all"", ""level"": ""max""}"
Снизь температуру в салоне на два градуса,ac_set,"{""delta"": -2}"
Включи рециркуляцию и охлаждение,ac_mode_set,"{""mode"": ""recirculation"", ""function"": ""cool""}"
Врубить радио на 98.7,radio_set_station,"{""frequency"": 98.7}"
Слушай мой плейлист,play_music,"{""playlist"": ""мой плейлист""}"
Перемешай,media_shuffle_set,
Включи климат на двадцать градусов,ac_set,"{""temperature"": 20}"
"Пожалуйста, понижай температуру на два градуса",ac_set,"{""delta"": -2}"
Переведи климат в рециркуляцию,ac_mode_set,"{""mode"": ""recirculation""}"
Уменьши скорость вентиляции наполовину,ac_fan_set,"{""speed"": ""half""}"
Дай дальний свет,high_beam_set,"{""state"": ""on""}"
Убавь звук вдвое,volume_change,"{""factor"": 0.5}"
"Радио FM 101.2, пожалуйста",radio_set_station,"{""band"": ""FM"", ""frequency"": ""101.2""}"
Настрой на 87.6 FM,radio_set_station,"{""band"": ""FM"", ""frequency"": ""87.6""}"
Включи местную радиостанцию,radio_set,"{""station"": ""local""}"
Позвони Ивану прямо сейчас,call_start,"{""contact"": ""Иван""}"
"Поверни направо сейчас, я не могу отвлекаться",chitchat,
"Молчи, не разговаривай со мной",chitchat,
В туннеле темно — сделай подсветку ярче,headlights_set,"{""adjust"": ""brighter"", ""reason"": ""tunnel""}"
Понизь яркость приборов,chitchat,
Приоткрой оба передних окна слегка,window_set,"{""side"": ""front_both"", ""position"": ""slightly""}"
Сделай музыку потише на пять,volume_change,"{""delta"": -5}"
"Переключи трек, быстро",next_track,
"Повтори эту песню, пожалуйста",media_repeat_set,"{""mode"": ""track""}"
Переключись на дорожное радио,radio_set,"{""station"": ""traffic""}"
Вентиляция сиденья водителя на уровень два,seat_vent_set,"{""seat"": ""driver"", ""level"": 2}"
"Подними температуру на два градуса, холодно",ac_set,"{""delta"": 2}"
"Немедленно включи обогрев стекол, они запотевают",defrost_set,"{""target"": ""front"", ""state"": ""on"", ""reason"": ""fogging""}"
"Отключи режим рециркуляции, пахнет улицей",ac_mode_set,"{""mode"": ""fresh_air""}"
Приостанови маршрут на минуту,nav_cancel,
Скажи мне текущую скорость,chitchat,
Громко объяви: поворот направо через сто метров,chitchat,"{""distance_m"": 100, ""direction"": ""right""}"
Опусти передние окна,window_set,"{""position"": ""front"", ""action"": ""open""}"
Отодвинь люк на полпути,sunroof_set,"{""position_percent"": 50}"
"Построй маршрут до ближайшей заправки, пожалуйста, обойди платные участки",nav_start,"{""destination"": ""nearest gas station"", ""avoid_tolls"": true}"
Отвечай,call_answer,
Подогрев руля на два,wheel_heater_set,"{""level"": 2}"
Ты чего молчишь?,chitchat,
Наполовину закрой заднее стекло,window_set,"{""position"": ""rear"", ""percent"": 50, ""action"": ""close""}"
Режим обдува на лицо,ac_mode_set,"{""mode"": ""face""}"
Включи вентиляцию кресла водителя на минимум,seat_vent_set,"{""seat"": ""driver"", ""level"": ""min""}"
"Включи, пожалуйста, спокойную музыку из плейлиста 'Ночной драйв', чтобы не шуметь",play_music,"{""playlist"": ""Ночной драйв""}"
Останови воспроизведение немедленно,stop_music,
Тише на три деления,volume_change,"{""delta"": -3}"
"Аудио с USB, пожалуйста",media_source_set,"{""source"": ""usb""}"
Перемешивание альбомов выкл,media_shuffle_set,"{""shuffle"": ""off""}"
Поставь станцию на 87.5 FM,radio_set_station,"{""frequency"": 87.5, ""band"": ""FM""}"
Установи температуру на двадцать два,ac_set,"{""temperature"": ""22""}"
Максимальный холод,ac_mode_set,"{""mode"": ""max_cool""}"
Сделай скорость вентилятора на минимум,ac_fan_set,"{""level"": ""min""}"
Повысь вентилятор на две ступени,ac_fan_set,"{""delta"": ""2""}"
Вентиляцию заднего левого сиденья включи на максимум,seat_vent_set,"{""seat"": ""rear_left"", ""level"": ""max""}"
Воспроизведи последний плейлист,play_music,"{""playlist"": ""last""}"
Прибавь звук на три ступени,volume_change,"{""steps"": ""3""}"
Режим повторения выключи,media_repeat_set,"{""mode"": ""off""}"
"Перемешать музыку, пожалуйста",media_shuffle_set,"{""shuffle"": ""on""}"
Наставь радиостанцию на 101.2 FM,radio_set_station,"{""frequency"": ""101.2""}"
Включи радиоприёмник,radio_set,"{""action"": ""on""}"
Гаси радио,radio_set,"{""action"": ""off""}"
Дождевой режим — включи,rain_set,"{""action"": ""on""}"
Охлади сидение водителя,seat_vent_set,"{""seat"": ""driver"", ""action"": ""on""}"
"Сделай в салоне прохладно, пожалуйста, около двадцати градусов",ac_set,"{""temperature"": 20}"
Поставь климат в автоматический режим,ac_mode_set,"{""mode"": ""auto""}"
Понизь скорость вентилятора на два ступени,ac_fan_set,"{""delta"": 2, ""direction"": ""down""}"
"Вентиляция передних сидений — включи, пожалуйста",seat_vent_set,"{""seat"": ""front"", ""state"": ""on""}"
Нагрей пассажирское сиденье на низкий уровень,seat_heater_set,"{""seat"": ""passenger"", ""level"": ""low""}"
"Включи обдув стекол, у меня запотело лобовое",defrost_set,"{""target"": ""front"", ""state"": ""on""}"
Раздвинь люк на щель (проветривание),sunroof_set,"{""action"": ""tilt""}"
Добавь чуть громкости,volume_change,
Настрой станцию на 101.7,radio_set_station,"{""station"": ""101.7""}"
Поставь станцию «Мой Радио»,radio_set_station,"{""station"": ""Мой Радио""}"
"Поезжай на Ленинский 12, проложи маршрут",nav_start,"{""destination"": ""Ленинский 12""}"
Мне нужно быстрее добраться до вокзала — проложи маршрут без платных дорог,nav_start,"{""destination"": ""вокзал"", ""avoid_tolls"": true}"
Набери номер +7 912 345 67 89,call_start,"{""number"": ""+79123456789""}"
Автоматический режим по дождю включи,rain_set,"{""state"": ""on""}"
Нагрей рулевое колесо на три уровня,wheel_heater_set,"{""level"": 3}"
Поставь песню Билли Айлиш,play_music,"{""query"": ""Билли Айлиш""}"
Включи плейлист «Дорожные хиты» на мой вкус,play_music,"{""playlist"": ""Дорожные хиты""}"
"Переключи на следующую композицию, пожалуйста",next_track,
Сделай громкость немного погромче,volume_change,
Полностью убери звук прямо сейчас,volume_mute_set,"{""mute"": true}"
"Расскажи анекдот, чтобы поднять настроение",chitchat,
"Поговори со мной, пока еду",chitchat,
Проигрывай музыку,play_music,
"Назад, предыдущий",previous_track,
Станция Дорожное радио,radio_set_station,"{""station"": ""Дорожное радио""}"
Поставь 88.7 радиочастоту,radio_set_station,"{""frequency"": ""88.7""}"
Проклади маршрут до ближайшей парковки,nav_start,"{""destination"": ""ближайшая парковка""}"
Откажись от вызова,call_hangup,
"Отключи дальний, меня ослепляют",high_beam_set,"{""state"": ""off""}"
Автофары в режим авто,headlights_set,"{""mode"": ""auto""}"
Увеличь скорость дворников до трёх,wipers_set,"{""speed"": 3}"
Опусти стекла немного,window_set,
Отопление руля отключи,wheel_heater_set,"{""state"": ""off""}"
Включи обогрев сиденья водителя на два,seat_heater_set,"{""seat"": ""водитель"", ""level"": 2}"
Охлади водительское кресло на максимум,seat_vent_set,"{""seat"": ""водитель"", ""level"": ""max""}"
Переключи климат в автомат,ac_mode_set,"{""mode"": ""auto""}"
Включи обдув лобового,defrost_set,"{""target"": ""front""}"
"Ответь, если это важный звонок",call_answer,
Мне не до разговоров,chitchat,
"Не мешай, пожалуйста",chitchat,
Сделай вентиляцию на минимум,ac_fan_set,"{""level"": ""min""}"
Включи подогрев сиденья заднего правого,seat_heater_set,"{""seat"": ""заднее правое"", ""state"": ""on""}"
Выключи вентиляцию под сиденьем,seat_vent_set,"{""state"": ""off""}"
Наполовину опусти правое заднее окно,window_set,"{""side"": ""rear_right"", ""percent"": 50}"
Прокрути кондиционер чуть холоднее,ac_set,"{""adjust"": ""colder""}"
"Включи автоматический режим кондиционирования, пусть сам решает",ac_mode_set,"{""mode"": ""auto""}"
Выключи подогрев рулевого колеса,wheel_heater_set,"{""state"": ""off""}"
Отопление задних сидений на половину,seat_heater_set,"{""seat"": ""rear"", ""percent"": 50}"
Приоткрой люк немного,sunroof_set,"{""position"": ""slightly_open""}"
Открой люк на 50 процентов,sunroof_set,"{""percent"": 50}"
"Построй маршрут до ближайшего пляжа, пожалуйста",nav_start,"{""destination"": ""пляж""}"
Включи режим датчика дождя для дворников,rain_set,"{""state"": ""on""}"
"Сделай прохладу, 18 градусов",ac_set,"{""temperature"": 18}"
"Пожалуйста, убавь музыку — слышно шум шин",volume_change,"{""direction"": ""down""}"
Включи вентиляцию только на минимум,ac_fan_set,"{""level"": ""min""}"
Подними правое заднее стекло,window_set,"{""side"": ""rear_right"", ""position"": ""up""}"
Отмени режим повтора,media_repeat_set,"{""state"": ""off""}"
Настрой радиостанцию на 90.7 пожалуйста,radio_set_station,"{""station"": ""90.7""}"
Позвони диспетчеру парковки,call_start,"{""contact"": ""диспетчер парковки""}"
Подними громкость до пятнадцати,volume_set,"{""level"": 15}"
"Можно открыть люк чуть-чуть, чтобы прохладный воздух зашел?",sunroof_set,"{""percent"": 10}"
"Немного прохлады и свежего воздуха, опусти переднее правое окно на треть",window_set,"{""side"": ""front_right"", ""percent"": 33}"
"Подожди, спасибо",chitchat,
Сделай воздух на рециркуляции — в машине жарко и шумно от шин,ac_mode_set,"{""mode"": ""recirculation""}"
Припарковались; оставь легкую вентиляцию,ac_fan_set,"{""level"": ""low""}"
Дуй погромче,ac_fan_set,
Сделай кондиционер холоднее на три градуса,ac_set,"{""delta_degrees"": 3}"
"Ниже вентиляцию, пожалуйста",ac_fan_set,
Уровень вентилятора три,ac_fan_set,"{""level"": 3}"
Включи подогрев кресла водителя на максимум,seat_heater_set,"{""side"": ""driver"", ""level"": ""max""}"
"Проветри кресла, включи вентиляцию сидений в среднем положении",seat_vent_set,"{""level"": ""medium""}"
Обдуй заднее стекло сильнее,defrost_set,"{""target"": ""rear"", ""intensity"": ""high""}"
Приоткрой люк на семьдесят процентов,sunroof_set,"{""position"": ""70%""}"
Перемешивание вкл,media_shuffle_set,"{""shuffle"": true}"
Включи FM и поставь станцию на 97.5,radio_set_station,"{""frequency"": 97.5}"
Поставь радио на Дорожное радио,radio_set_station,"{""station"": ""Дорожное радио""}"
Вруби дальний свет,high_beam_set,"{""state"": ""on""}"
Режим дождя включи автоматом,rain_set,"{""mode"": ""auto""}"
Скажи что-нибудь смешное,chitchat,
Расскажи анекдот про программиста,chitchat,
Включи плейлист Утренняя и начни воспроизведение,play_music,"{""playlist"": ""Утренняя""}"
Включи подогрев задних сидений на два,seat_heater_set,"{""side"": ""rear"", ""level"": 2}"
"Охладить салон как можно быстрее, активируй макс. охлаждение",ac_set,"{""mode"": ""max_cool""}"
Поставь повтор для всего альбома,media_repeat_set,"{""mode"": ""album""}"
Включи перемешивание для музыки,media_shuffle_set,"{""shuffle"": true}"
Переключись на внешний источник USB,media_source_set,"{""source"": ""usb""}"
Поменяй станцию на следующую в списке пресетов,radio_set,
"Мне жарко в машине, опусти температуру в салоне градусов на пять, если можно",ac_set,"{""delta_degrees"": 5}"
"Открой левое заднее окно наполовину, пожалуйста",window_set,"{""side"": ""rear_left"", ""position"": ""50%""}"
Половина окна назад,window_set,"{""position"": ""50%""}"
"Мне жарко, убавь температуру до восемнадцати",ac_set,"{""temperature"": ""18""}"
"Убери кондиционер, пожалуйста",ac_off,
Включи режим автоматического климата,ac_mode_set,"{""mode"": ""auto""}"
Поменяй направленность воздуха на лобовое стекло,ac_mode_set,"{""mode"": ""лобовое стекло""}"
Понизь обдув наполовину,ac_fan_set,"{""fan_speed"": ""50%""}"
Сделай подогрев пассажирского кресла на два,seat_heater_set,"{""seat"": ""пассажира"", ""level"": ""2""}"
"Охлади сиденье, включи вентиляцию спинки",seat_vent_set,"{""seat_part"": ""спинка""}"
Поддув сиденья водителя вкл три деления,seat_vent_set,"{""seat"": ""водителя"", ""level"": ""3""}"
Включи обдув стекол (дефрост),defrost_set,
Выключи обогрев ветрового стекла,defrost_set,
Активируй режим дефроста заднего стекла,defrost_set,"{""target"": ""заднее стекло""}"
Настрой радио на УКВ 101.2,radio_set_station,"{""frequency"": ""101.2""}"
Давай дальний,high_beam_set,"{""state"": ""on""}"
Выруби подогрев руля,wheel_heater_set,"{""state"": ""off""}"
"Слушай, включи радио на футбол",radio_set_station,"{""preset"": ""футбол""}"
Поставь следующую композицию и сделай небольшое затемнение света в салоне,next_track,
"Пожалуйста, включи повтор всего плейлиста",media_repeat_set,"{""mode"": ""all""}"
Хочу музыку на повтор и случайный порядок,media_shuffle_set,
"Проветри салон, пожалуйста, открой все окна на четверть, мне жарко и нужно проветрить",window_set,"{""target"": ""all"", ""position"": ""25%""}"
Убавь вентилятор на два ступеня,ac_fan_set,"{""amount"": 2, ""direction"": ""down""}"
Включи рок-плейлист,play_music,"{""playlist"": ""рок""}"
Громче до двадцати,volume_set,"{""level"": 20}"
"Поставь следующую песню, пожалуйста",next_track,
Поставь станцию «Европа Плюс»,radio_set_station,"{""station"": ""Европа Плюс""}"
"Навигатор, поехали к ближайшей заправке",nav_start,"{""destination"": ""ближайшая заправка""}"
Прогони дворники с омывателем,wipers_set,"{""action"": ""wash""}"
Подогрей пассажирское сиденье,seat_heater_set,"{""seat"": ""passenger"", ""state"": ""on""}"
Отключи вентиляцию водительского кресла,seat_vent_set,"{""seat"": ""driver"", ""state"": ""off""}"
"Отключи кондиционер, быстрее",ac_off,
"Мне холодно внизу салона, направь, пожалуйста, весь тёплый поток только на ноги, спасибо",ac_mode_set,"{""mode"": ""feet""}"
Увеличь громкость на максимум,volume_change,"{""level"": ""max""}"
Случайную очередность треков выключи,media_shuffle_set,"{""state"": ""off""}"
Включи радио на 98.7 FM,radio_set_station,"{""station"": ""98.7""}"
Скажи что-нибудь,chitchat,
Почему двери закрыты?,chitchat,
Запусти навигатор домой,nav_start,"{""destination"": ""дом""}"
"Сбрось навигацию, пожалуйста",nav_cancel,
Приоткрой заднее правое чуть-чуть,window_set,"{""window"": ""rear_right"", ""position"": ""vent"", ""percent"": 10}"
"Проветри салон, открой пару окон",window_set,"{""window"": ""front_left,rear_left"", ""position"": ""open""}"
Наполовину приоткрой пассажирское стекло,window_set,"{""window"": ""front_right"", ""position"": ""half"", ""percent"": 50}"
Подними заднее левое полностью,window_set,"{""window"": ""rear_left"", ""position"": ""open"", ""percent"": 100}"
Кондиционер на двадцать градусов,ac_set,"{""temperature"": 20}"
Сделай прохладнее на пять градусов,ac_set,"{""change_degrees"": -5}"
Повышай температуру до 24,ac_set,"{""temperature"": 24}"
Аж холодно — выключи климат,ac_off,
Включи обдув лобового стекла и ног,ac_mode_set,"{""mode"": ""defrost_and_feet""}"
Увеличь вентилятор на две ступени,ac_fan_set,"{""change"": 2}"
Тихий режим вентилятора,ac_fan_set,"{""level"": 1}"
Поставь обогрев переднего пассажира на вторую,seat_heater_set,"{""seat"": ""front_passenger"", ""level"": 2}"
Отключи охлаждение сиденья пассажира,seat_vent_set,"{""seat"": ""front_passenger"", ""state"": ""off""}"
Активируй обдув сидений на максимум,seat_vent_set,"{""seat"": ""all"", ""level"": 3}"
Убавь звук немного,volume_change,"{""change"": -2}"
Перемешать плейлист пожалуйста,media_shuffle_set,"{""shuffle"": true}"
Включи радио на DFM,radio_set,"{""station_name"": ""DFM""}"
Выключи дальний свет теперь,high_beam_set,"{""state"": ""off""}"
Работа дворников на средней скорости,wipers_set,"{""speed"": ""medium""}"
"Пожалуйста, включи музыку Джаз радиус — что-то расслабляющее и без слов, я хочу послушать фон во время поездки",play_music,"{""genre"": ""jazz"", ""mood"": ""instrumental""}"
Поставь на паузу и через минуту продолжи сам,media_pause,"{""resume_after_seconds"": 60}"
Переключи на следующий радиоканал и уменьш громкость на два,next_track,
Верни предыдущую песню и сделай тише,previous_track,
Подними переднее правое стекло на четверть,window_set,"{""side"": ""front_right"", ""percent"": 25}"
"Не открывай окна полностью, оставь их приоткрытыми примерно на пятьдесят процентов",window_set,"{""which"": ""all"", ""percent"": 50}"
Немного приоткрой окна,window_set,"{""which"": ""all"", ""percent"": 10}"
Сделай двадцать два градуса,ac_set,"{""temperature"": 22}"
"Пожалуйста, установи температуру в салоне на двадцать два градуса, мне прохладно",ac_set,"{""temperature"": 22}"
Авто-режим кондиционера,ac_mode_set,"{""mode"": ""auto""}"
Понизить вентилятор до трёх,ac_fan_set,"{""speed"": 3}"
Сделай подогрев заднего правого сиденья на два,seat_heater_set,"{""side"": ""rear_right"", ""level"": 2}"
Вентиляция сидений выключи,seat_vent_set,"{""state"": ""off""}"
Включи охлаждение сидений для пассажира,seat_vent_set,"{""side"": ""front_passenger"", ""state"": ""on""}"
"Оттайка переднего стекла, пожалуйста",defrost_set,"{""target"": ""front"", ""state"": ""on""}"
Убери обледенение с заднего стекла,defrost_set,"{""target"": ""rear"", ""state"": ""on""}"
"Включи, пожалуйста, мою подборку для утренней езды, чтобы было бодро и не слишком громко",play_music,
Заглуши динамики,volume_mute_set,"{""state"": ""muted""}"
Поставь повтор песни,media_repeat_set,"{""state"": ""track""}"
Случайный порядок воспроизведения включи,media_shuffle_set,"{""state"": ""on""}"
"Построй, пожалуйста, маршрут домой через центр, где меньше пробок и без платных участков",nav_start,"{""destination"": ""домой""}"
Автоматический свет,headlights_set,"{""mode"": ""auto""}"
Сделай климат тише и экономнее,ac_mode_set,"{""mode"": ""eco""}"
Убавь скорость вентилятора до минимальной,ac_fan_set,"{""speed"": 1}"
Включи подогрев сидений передних обоих,seat_heater_set,"{""side"": ""front_both"", ""level"": 2}"
Охлаждение кресел задних включи,seat_vent_set,"{""side"": ""rear"", ""state"": ""on""}"
"Пожалуйста, включи повтор альбома",media_repeat_set,"{""target"": ""album"", ""state"": ""on""}"
Закрой заднее пассажирское окно,window_set,"{""side"": ""rear_passenger"", ""position"": ""closed""}"
"Прикрой немного правое окно, пожалуйста",window_set,"{""side"": ""right"", ""position"": ""slightly_open""}"
Отключи кондиционер прямо сейчас,ac_off,
Понизь вентилятор на один,ac_fan_set,"{""change"": ""decrease"", ""amount"": 1}"
"Остывание кресла пассажира включи, пожалуйста",seat_vent_set,"{""seat"": ""passenger"", ""state"": ""on""}"
Включи вентиляцию на водительском сиденье,seat_vent_set,"{""seat"": ""driver"", ""state"": ""on""}"
Активируй дефрост лобового стекла,defrost_set,"{""target"": ""front"", ""state"": ""on""}"
Убери лед со стекла — включи обогрев заднего стекла,defrost_set,"{""target"": ""rear"", ""state"": ""on""}"
Включи плейлист «Шлягеры»,play_music,"{""playlist"": ""Шлягеры""}"
Сбавь громкость на три деления,volume_change,"{""change"": ""down"", ""amount"": 3}"
Поставь повторы на весь альбом,media_repeat_set,"{""mode"": ""all""}"
Отмени текущее направление движения,nav_cancel,
Автоматические дворники — включи,rain_set,"{""sensor"": ""auto"", ""state"": ""on""}"
"Холодновато, выключи подогрев руля",wheel_heater_set,"{""state"": ""off""}"
"Слушай, включи что-нибудь спокойное, пожалуйста",play_music,"{""mood"": ""calm""}"
Притормози музыку — нужно сосредоточиться,stop_music,
"Пауза на пару минут, не проигрывай",media_pause,
"Назад, ту предыдущую песню",previous_track,
Сделай потише — телефон звонит,volume_change,"{""change"": ""down"", ""reason"": ""phone_call""}"
Отключи звук на пару секунд,volume_mute_set,"{""mute"": true, ""duration"": ""short""}"
Установи повтор одной песни,media_repeat_set,"{""mode"": ""one""}"
Включи AM-режим,radio_set,"{""band"": ""AM""}"
Настрой на станцию 98.7 FM,radio_set_station,"{""frequency"": ""98.7""}"
"Отвези меня в аэропорт, проложи маршрут",nav_start,"{""destination"": ""аэропорт""}"
"Отменить навигацию, пожалуйста",nav_cancel,
Позвони техподдержке,call_start,"{""contact"": ""техподдержка""}"
Ответь на этот входящий,call_answer,
Фары включи автоматически вечером,headlights_set,"{""mode"": ""auto""}"
Не включай дальний свет в городе,high_beam_set,"{""state"": ""off"", ""context"": ""city""}"
"Протрите стекла дворниками, начинается дождь",wipers_set,"{""mode"": ""rain""}"
"Закрой, пожалуйста, заднее правое окно",window_set,"{""position"": ""closed"", ""side"": ""rear_right""}"
Половина окна вперёд,window_set,"{""position"": ""50%""}"
Сделай прохладнее до 21 градуса,ac_set,"{""temperature"": 21}"
Переключись в эконом-режим кондиционера,ac_mode_set,"{""mode"": ""economy""}"
Понизь обороты вентиляции до минимума,ac_fan_set,"{""level"": ""low""}"
Сделай обогрев пассажира на третью ступень,seat_heater_set,"{""seat"": ""passenger"", ""level"": 3}"
"Проветри сиденья, включи вентиляцию кресел",seat_vent_set,"{""state"": ""on""}"
Разморозь стекла — полный обдув вперед и назад,defrost_set,"{""mode"": ""full""}"
"Убери иней с лобового, включи дефрост",defrost_set,"{""target"": ""front"", ""state"": ""on""}"
Открой панорамный люк во всю,sunroof_set,"{""position"": ""open_full""}"
Случайный порядок треков включи,media_shuffle_set,"{""state"": ""on""}"
"Прокладывай маршрут в центр города, пожалуйста",nav_start,"{""destination"": ""центр города""}"
Позвонить Маше,call_start,"{""contact"": ""Маша""}"
Заверши разговор и повесить трубку,call_hangup,
"А можно музыку попроще, что-то расслабляющее",play_music,"{""mood"": ""relaxing""}"
"Прекрати проигрывание, пожалуйста",stop_music,
Поставь паузу на подкасте,media_pause,"{""content"": ""podcast""}"
"Далее, пожалуйста, следующий",next_track,
Добавь громкость на 20 процентов,volume_change,"{""change"": ""20%""}"
Громкость снизь до нуля,volume_set,"{""level"": 0}"
Без звука пока — включи mute,volume_mute_set,"{""mute"": true}"
"Источник — USB, пожалуйста",media_source_set,"{""source"": ""USB""}"
Включи повтор текущего альбома,media_repeat_set,"{""scope"": ""album"", ""state"": ""on""}"
Перемешай плейлист наш,media_shuffle_set,"{""state"": ""on""}"
"Найди FM 88.5, поставь станцию",radio_set_station,"{""frequency"": 88.5}"
"Запусти навигацию до ближайшей АЗС, пожалуйста, покажи маршрут по пробкам",nav_start,"{""destination"": ""АЗС""}"
"Отмени последний маршрут, пожалуйста",nav_cancel,
Позвони Антону на мобильный,call_start,"{""contact"": ""Антон""}"
"Сбрось вызов, закончить разговор",call_hangup,
"Включи ближний, автомат не надо",headlights_set,"{""state"": ""on"", ""mode"": ""manual""}"
Дальний автоматически отключи,high_beam_set,"{""state"": ""off"", ""mode"": ""auto""}"
Дворники повысь скорость до высокой,wipers_set,"{""speed"": ""high""}"
"Активируй режим дождя, пусть сам регулирует",rain_set,"{""state"": ""auto""}"
Греет руль на максимум,wheel_heater_set,"{""level"": ""max""}"
"Просто поболтаем, как у тебя дела?",chitchat,
Не закрывай люк,sunroof_set,"{""state"": ""open""}"
Поставь климат на двадцать градусов,ac_set,"{""temperature"": ""20""}"
Переключи рециркуляцию,ac_mode_set,"{""mode"": ""рециркуляция""}"
Пусть дует в ноги,ac_mode_set,"{""mode"": ""ноги""}"
Сделай подогрев пассажира на пять,seat_heater_set,"{""seat"": ""пассажир"", ""level"": ""5""}"
Дальние включи прямо сейчас,high_beam_set,"{""state"": ""on""}"
Держи дворники на интервальном режиме,wipers_set,"{""mode"": ""интервальный""}"
"Дождь, включи автодворники",rain_set,"{""state"": ""on""}"
Стоп звук сейчас,stop_music,
Поставь волну на 108.0 FM,radio_set_station,"{""frequency"": ""108.0""}"
"На FM 109, пожалуйста",radio_set_station,"{""frequency"": ""109.0""}"
Перейди на USB,media_source_set,"{""source"": ""USB""}"
Включи режим повтора сейчас,media_repeat_set,"{""state"": ""on""}"
Поставь навигатор на ближайшую бензоколонку,nav_start,"{""destination"": ""бензоколонка"", ""proximity"": ""ближайшая""}"
"Я тороплюсь, сверни на следующем повороте, там сильный ветер и серпантин",nav_start,"{""action"": ""свернуть"", ""when"": ""на следующем повороте""}"
Поставь маршрут до дома по быстрейшему пути,nav_start,"{""destination"": ""дом"", ""preference"": ""быстрее""}"
Кому я звонил?,chitchat,
Быстро переключись на следующую песню,next_track,
"Поставь тихо, я слушаю радары",volume_change,
"Срочно закрой окно, сильный ветер",window_set,"{""reason"": ""ветер""}"
"Подожди, поставь на паузу музыку, пожалуйста",media_pause,
"Следи за дорогой, не включай громкую музыку",chitchat,
"Включи и ближний свет, и противотуманные фары",headlights_set,"{""extras"": ""противотуманные""}"
Поверни звук на максимум — аварийная связь,volume_set,"{""level"": ""максимум"", ""reason"": ""аварийная связь""}"
"Как красиво на рассвете, но едва видно серпантин",chitchat,
"Я тороплюсь, включи навигацию на объезд сейчас",nav_start,"{""preference"": ""объезд""}"
Опусти стекло спереди слева,window_set,"{""side"": ""front_left""}"
Проветри машину немного,window_set,"{""action"": ""vent""}"
"Выруби кондиционер, пожалуйста",ac_off,
"Включи музыку, тихую пожалуйста",play_music,
Установи громкость на 20 процентов,volume_set,"{""level_percent"": 20}"
"Прокладывай маршрут до работы, быстрее объезжай пробки",nav_start,"{""destination"": ""работа""}"
Отмени маршрут и навигацию,nav_cancel,
Погрей руль на максимум,wheel_heater_set,"{""level"": ""max""}"
"Можно что‑то спокойное, включи музыку, пожалуйста, мне торопиться не хочется сейчас",play_music,
Переключись на новостную станцию,radio_set,"{""genre"": ""news""}"
"Сделай потише, пожалуйста, пыльно и слышно улицу",volume_change,
Можешь закрыть люк — на улице слишком пыльно,sunroof_close,
"Прокладывай маршрут до ближайшей заправки, объезжай пробки и сервисы на пути",nav_start,"{""destination"": ""ближайшая заправка""}"
Отклони все входящие звонки сейчас,call_hangup,"{""all"": true}"
Переключи на радио и оставь тихо,media_source_set,"{""source"": ""radio""}"
Уменьши шум — выключи кондиционер,ac_off,
"Прогрей пассажирское сиденье, руки у неё мерзнут",seat_heater_set,"{""seat"": ""passenger"", ""state"": ""on""}"
"Вентиляцию на ноль, пожалуйста",ac_fan_set,"{""level"": 0}"
Повторять весь альбом,media_repeat_set,"{""mode"": ""all""}"
Тише на пять,volume_change,"{""delta"": -5}"
Короткий всплеск дальнего на секунду,high_beam_set,"{""duration_seconds"": 1}"
Пойдёт ли дождь сегодня утром?,chitchat,
Поставь подогрев руля на три деления,wheel_heater_set,"{""level"": 3}"
"Помоги добраться быстрее, объезжай пробки и строй по быстрейшему маршруту",nav_start,"{""routing"": ""fastest""}"
"Широко открой окно сзади, я хочу вдохнуть свежего воздуха",window_set,"{""side"": ""rear"", ""action"": ""open_wide""}"
"Пожалуйста, включи тихую композицию из подборки для рассвета — хочется меньше суеты и громкости",play_music,
Останови музыку и убери звук уведомлений,stop_music,
"Сделай громче на десять процентов, я спешу и не слышу навигатор",volume_change,"{""delta"": 10}"
Опусти стекло водительское наполовину,window_set,"{""side"": ""driver"", ""position"": ""half""}"
"Мне прохладнее, пожалуйста",ac_set,
Отключи обогрев стекла,defrost_set,"{""state"": ""off""}"
Убавь скорость вентилятора на один щелчок,ac_fan_set,"{""delta"": -1}"
"Включи подогрев руля, пожалуйста",wheel_heater_set,"{""state"": ""on""}"
Поставь что‑нибудь спокойное,play_music,
Настрой на 103.8 FM,radio_set_station,"{""frequency"": 103.8, ""band"": ""FM""}"
"Охлади моё место, включи вентиляцию сиденья водителя",seat_vent_set,"{""seat"": ""driver"", ""state"": ""on""}"
Запусти обогрев заднего стекла,defrost_set,"{""target"": ""rear"", ""state"": ""on""}"
"Прерви трек на пару минут, пожалуйста",media_pause,
"Хватит этой песни, следующая!",next_track,
"Верни воспроизведение на ту песню, что была минуту назад",previous_track,
"Сделай потише, прямо значительно",volume_change,"{""direction"": ""down""}"
Переключи на Bluetooth — там мой плейлист,media_source_set,"{""source"": ""Bluetooth""}"
Больше не повторяй треки,media_repeat_set,"{""state"": ""off""}"
Настрой радиостанцию «Радио Поп»,radio_set_station,"{""station_name"": ""Радио Поп""}"
Набери диспетчеру стоянки,call_start,"{""contact"": ""диспетчеру стоянки""}"
"Можешь позвонить в сервис, номер в истории?",call_start,"{""contact"": ""сервис""}"
Позвони 88005553535,call_start,"{""number"": ""88005553535""}"
"Да, ответь тому, кто сейчас звонит — я за рулём",call_answer,
"Прокладывай маршрут до центра, объехать пробку",nav_start,"{""destination"": ""центр""}"
Стоп маршрут,nav_cancel,
Поставь FM и найди радиостанцию с новостями,radio_set,
Включи что-нибудь спокойное для утра,play_music,"{""mood"": ""спокойное""}"
Давай следующую песню,next_track,
"Не та, верни обратно ту, что была до этого",previous_track,
Добавь звук на пару делений,volume_change,"{""delta"": ""2""}"
Убавь до пятнадцати процентов,volume_set,"{""level"": ""15%""}"
Сделай без звука,volume_mute_set,"{""mute"": true}"
Рандом,media_shuffle_set,
Сделай 22 градуса,ac_set,"{""temperature"": ""22""}"
Поставь температуру в салоне на двадцать четыре,ac_set,"{""temperature"": ""24""}"
Понизь скорость вентилятора до минимума,ac_fan_set,"{""level"": ""min""}"
Люк на максимум,sunroof_set,"{""position"": ""max""}"
Опусти окно водителя на пять,window_set,"{""side"": ""водителя"", ""position"": ""5""}"
Включи подогрев переднего пассажирского сиденья,seat_heater_set,"{""seat"": ""переднее пассажирское""}"
Подогрей моё сиденье на максимум,seat_heater_set,"{""seat"": ""водителя"", ""level"": ""max""}"
Активируй вентиляцию сиденья,seat_vent_set,
Протри стекло дворниками,wipers_set,
Спокойного утра,chitchat,
"Закрой все окна, пожалуйста — тороплюсь",window_set,"{""position"": ""closed""}"
"Понизь климат на пару градусов, руки мёрзнут",ac_set,"{""adjust"": ""-2""}"
Установи температуру на двадцать градусов,ac_set,"{""temperature"": ""20""}"
"Отключи кондиционер, радио шипит и раздражает",ac_off,
Поменяй режим обдува на ноги и стекла,ac_mode_set,"{""mode"": ""feet_and_windshield""}"
Включи подогрев сиденья водителя на вторую ступень,seat_heater_set,"{""seat"": ""driver"", ""level"": 2}"
"Включи вентиляцию сиденья, мне жарко",seat_vent_set,"{""state"": ""on""}"
Выключи вентилятор в кресле,seat_vent_set,"{""state"": ""off""}"
"Отогрей стекло и зеркала, рассекает иней на рассвете",defrost_set,"{""state"": ""on""}"
Отодвинь панорамный люк полностью назад,sunroof_set,"{""position"": ""open_full""}"
"Пусти трек, который обычно слушаю утром в городе",play_music,
"Воспроизведи что-нибудь энергичное, радио шипит, нужно отвлечься",play_music,
"Поставь на паузу, я говорю по телефону",media_pause,
Переключи на следующий,next_track,
Прибавь громкость немного,volume_change,"{""change"": ""+2""}"
Уменьши громкость в два шага,volume_change,"{""change"": ""-2""}"
Громкость на максимум — пусть шипение радио забьётся,volume_set,"{""level"": ""max""}"
Сделай тише до уровня пять,volume_set,"{""level"": 5}"
Переключись на Bluetooth источник,media_source_set,"{""source"": ""bluetooth""}"
Ставь USB как источник аудио,media_source_set,"{""source"": ""usb""}"
Включи повтор для этого альбома,media_repeat_set,"{""mode"": ""album""}"
"Переключись на FM, шипит поменьше",radio_set,"{""band"": ""FM""}"
Настрой радиостанцию на девяносто шесть целых семь,radio_set_station,"{""station"": ""96.7""}"
Поставь станцию на тридцать три ноль (33.0),radio_set_station,"{""station"": ""33.0""}"
"Построй маршрут до работы, ориентир — центр города, тороплюсь",nav_start,"{""destination"": ""work"", ""context"": ""city_center""}"
"Проклади маршрут домой, избегая пробок",nav_start,"{""destination"": ""home"", ""avoid"": ""traffic""}"
Сделай звонок Андрею в руки мёрзнут,call_start,"{""contact"": ""Andrey""}"
"Включи фары, мне темно в переулке",headlights_set,"{""state"": ""on""}"
Включи дворники на быструю работу,wipers_set,"{""level"": ""fast""}"
Поставь дворники на intermittent,wipers_set,"{""mode"": ""intermittent""}"
"Обогрев руля включи, руки мёрзнут",wheel_heater_set,"{""state"": ""on""}"
Ты слышишь это шипение?,chitchat,
"Утро, город пустой и пыльный — какой у нас маршрут?",chitchat,
Мне холодно и хочется побыстрее доехать,chitchat,
Опусти правое заднее окно до конца,window_set,"{""side"": ""rear_right"", ""position"": ""open""}"
Открой чуть-чуть панорамную крышу,sunroof_set,"{""position"": ""tilt""}"
Убавь температуру на пять градусов,ac_set,"{""delta"": -5}"
"Мне нужно растопить лёд на лобовом стекле, включи, пожалуйста, только переднюю оттайку",defrost_set,"{""side"": ""front"", ""state"": ""on""}"
Вентиляция сиденья пассажира на средний,seat_vent_set,"{""seat"": ""passenger"", ""level"": ""medium""}"
Подними дворники на быстрый режим,wipers_set,"{""speed"": ""high""}"
Авто режим дворников включи,rain_set,"{""state"": ""on""}"
Сделай музыку погромче,volume_change,"{""direction"": ""up""}"
Поставь станцию на AM 720,radio_set_station,"{""band"": ""AM"", ""frequency"": 720}"
Повтор выключи,media_repeat_set,"{""state"": ""off""}"
"Включи мой плейлист 'Дорожные', он должен идти тихо и без рекламы, пожалуйста",play_music,"{""playlist"": ""Дорожные""}"
"Сыграй, пожалуйста, что-нибудь спокойное и атмосферное для вечерней поездки",play_music,"{""mood"": ""calm""}"
"Проложи, пожалуйста, самый быстрый маршрут до аэропорта, учитывая текущие пробки и скоростные дороги",nav_start,"{""destination"": ""аэропорт""}"
"Подожди секунду, я замёрз, включи обогрев заднего сиденья на максимум прямо сейчас",seat_heater_set,"{""seat"": ""rear"", ""state"": ""on"", ""level"": ""max""}"
Оттайку заднего стекла включи,defrost_set,"{""side"": ""rear"", ""state"": ""on""}"
"На стеклах лёд, включи переднюю оттайку",defrost_set,"{""side"": ""front"", ""state"": ""on""}"
Найди ближайшую заправку,nav_start,"{""destination"": ""ближайшая заправка""}"
"Можешь на секунду поставить трек на паузу, мне нужно ответить на сообщение",media_pause,
Громкость уже на максимум,chitchat,
Как погода вообще?,chitchat,
"На улице жарко — включи кондиционер и выставь температуру двадцать один градус, пожалуйста",ac_set,"{""degrees"": 21}"
Отключи охлаждение,ac_off,
Установи климат в режим авто,ac_mode_set,"{""mode"": ""auto""}"
Максимум вентилятор,ac_fan_set,"{""speed"": ""max""}"
Сделай вентиляцию в пассажирском сиденье сильной,seat_vent_set,"{""seat"": ""passenger"", ""level"": ""high""}"
Вентиляция сидений в ноль,seat_vent_set,"{""level"": 0}"
Подними люк чуть-чуть,sunroof_set,"{""action"": ""open"", ""position"": ""slightly""}"
Поставь песню 'Безумие' Мумий Тролль,play_music,"{""song"": ""Безумие"", ""artist"": ""Мумий Тролль""}"
Сделай звук на три,volume_set,"{""level"": 3}"
Включи повтор для воспроизведения,media_repeat_set,"{""state"": ""on""}"
Случайное проигрывание включи,media_shuffle_set,"{""state"": ""on""}"
Включи радиостанцию FM,radio_set,"{""band"": ""FM""}"
Отключи автоматические фары,headlights_set,"{""mode"": ""auto"", ""state"": ""off""}"
"Включи дальний свет, если нужно",high_beam_set,"{""state"": ""on""}"
Отмени режим дождя,rain_set,"{""state"": ""off""}"
"Как сегодня дорога до центра, расскажи",chitchat,
Переключись на предыдущую песню,previous_track,
Настрой AM 720,radio_set_station,"{""frequency"": ""720"", ""band"": ""AM""}"
Найди маршрут к ближайшей заправке и предложи варианты,nav_start,"{""destination"": ""заправка""}"
Подними громкость до максимума,volume_set,"{""level"": ""max""}"
"Мне холодно в ногах, включи подогрев задних сидений на максимум",seat_heater_set,"{""seat"": ""rear"", ""level"": ""max""}"
Открой окно слева,window_set,"{""side"": ""left""}"
Приоткрой водительское окно на пять сантиметров,window_set,"{""side"": ""driver"", ""position_cm"": 5}"
Хочу свежего воздуха — открой люк,sunroof_set,
Понизь температуру кондиционера до 20,ac_set,"{""temperature"": 20}"
Включи авто-режим климата,ac_mode_set,"{""mode"": ""auto""}"
Повышай скорость вентилятора на три ступени,ac_fan_set,"{""steps"": 3}"
Вентиляция сиденья на минимуме,seat_vent_set,"{""level"": ""low""}"
"Отогрей руль, пожалуйста",wheel_heater_set,
Открой люк на четверть,sunroof_set,"{""position_percent"": 25}"
"Пожалуйста, закрой шторку люка",sunroof_close,"{""shade"": ""closed""}"
Поставь любимый плейлист,play_music,"{""playlist"": ""favorites""}"
"Снизь громкость, пожалуйста",volume_change,
Громкость двадцать пять процентов,volume_set,"{""volume_percent"": 25}"
Соединить по Bluetooth,media_source_set,"{""source"": ""bluetooth""}"
"Построй, пожалуйста, самый быстрый маршрут до дома, объезжая пробки и платные дороги",nav_start,"{""destination"": ""home"", ""avoid"": [""traffic"", ""tolls""], ""route"": ""fastest""}"
Заверши текущий звонок,call_hangup,
Уменьши чувствительность датчиков дождя,rain_set,
Подогрей переднее правое сиденье,seat_heater_set,"{""seat"": ""front_right"", ""action"": ""on""}"
Охлади водительское кресло на три ступени,seat_vent_set,"{""seat"": ""driver"", ""level"": 3}"
Включи случайное воспроизведение треков,media_shuffle_set,
Сделай радио погромче,volume_change,
Сколько времени займет дорога до офиса сейчас с учётом пробок и остановок на светофорах?,chitchat,"{""destination"": ""office""}"
Понизь звук на время разговора,volume_mute_set,
Опусти пассажирское окно наполовину,window_set,"{""window"": ""passenger"", ""position"": 50}"
Подними левое переднее окно полностью,window_set,"{""window"": ""front_left"", ""position"": 100}"
Понизь температуру до восемнадцати,ac_set,"{""temperature"": 18}"
Сделай кондиционер прохладнее на два градуса,ac_set,"{""delta"": -2}"
"Пожалуйста, выключи кондиционер",ac_off,
Переключись на приток свежего воздуха,ac_mode_set,"{""mode"": ""outside""}"
Максимальный подогрев задних сидений,seat_heater_set,"{""seat"": ""rear"", ""level"": ""max""}"
Включи вентиляцию правого переднего кресла,seat_vent_set,"{""seat"": ""front_right"", ""state"": ""on""}"
Отключи охлаждение сидений,seat_vent_set,"{""state"": ""off""}"
Включи обогрев стекол переднего и заднего,defrost_set,"{""zone"": ""front_rear"", ""state"": ""on""}"
Отопи заднее стекло,defrost_set,"{""zone"": ""rear"", ""state"": ""on""}"
Приоткрой панорамный люк на двадцать процентов,sunroof_set,"{""position"": 20}"
"Громкость 12, пожалуйста",volume_set,"{""level"": 12}"
Поставь источник на USB-накопитель,media_source_set,"{""source"": ""usb""}"
Выключи повторение,media_repeat_set,"{""state"": ""off""}"
Включи третью сохранённую станцию,radio_set_station,"{""preset"": 3}"
Построй маршрут до ближайшей заправки с учётом пробок и объездов,nav_start,"{""destination"": ""ближайшая заправка"", ""avoid"": ""traffic""}"
Выключи фары автоматически,headlights_set,"{""mode"": ""auto""}"
Включи дворники на второй скоростной режим,wipers_set,"{""level"": 2}"
Переведи дворники в автоматический режим дождя,rain_set,"{""mode"": ""auto""}"
Установи чувствительность датчика дождя на максимум,rain_set,"{""sensitivity"": ""max""}"
"Нагрей руль, пожалуйста, на максимум",wheel_heater_set,"{""level"": ""max""}"
Что ты умеешь делать в машине?,chitchat,
Подними переднее правое окно на половину,window_set,"{""side"": ""front_right"", ""position_percent"": 50}"
Воспроизведи проигрыватель Bluetooth,media_source_set,"{""source"": ""bluetooth""}"
Убавь громкость на три щелчка,volume_change,"{""amount"": 3, ""unit"": ""steps""}"
Слушай радио на FM 101.2,radio_set_station,"{""band"": ""FM"", ""frequency"": 101.2}"
"Построй, пожалуйста, маршрут до дома с учётом пробок и чтобы не было платных дорог",nav_start,"{""destination"": ""home"", ""avoid_tolls"": true, ""avoid_traffic"": true}"
Отмена навигации,nav_cancel,
Включить фары,headlights_set,"{""state"": ""on""}"
Протри стекла,wipers_set,"{""action"": ""wipe_once""}"
Включи дворники на режим авто,wipers_set,"{""mode"": ""auto""}"
"Подогрев руля, пожалуйста",wheel_heater_set,"{""state"": ""on""}"
Нагрей сиденье водителя на средний уровень,seat_heater_set,"{""seat"": ""driver"", ""level"": ""medium""}"
Снизь температуру в салоне на три градуса,ac_set,"{""delta"": -3}"
Сделай вентилятор на низкую скорость,ac_fan_set,"{""speed"": ""low""}"
Переднее стекло — обогрев!,defrost_set,"{""target"": ""front"", ""state"": ""on""}"
Включи подогрев сиденья водителя на 3,seat_heater_set,"{""seat"": ""driver"", ""level"": 3}"
Поставь следующую композицию после этой,next_track,
"Назад, к предыдущей песне",previous_track,
Повтори список воспроизведения,media_repeat_set,"{""mode"": ""playlist""}"
Поставь радио на автоматическую подстройку,radio_set,"{""action"": ""scan""}"
"Напомни мне, что скоро заправка",chitchat,
"Приоткрой заднее правое окно, пусть проветрится",window_set,"{""side"": ""rear_right"", ""position"": ""slightly_open""}"
"Не забудь закрыть люк, солнце слепит",sunroof_close,
Открой люк примерно на треть,sunroof_set,"{""position"": ""one_third""}"
"Выключи кондиционер, в салоне душно",ac_off,
Переключи в режим рециркуляции — мороз снаружи,ac_mode_set,"{""mode"": ""recirculation""}"
Добавь вентиляции на две ступени,ac_fan_set,"{""delta"": 2, ""direction"": ""up""}"
Убавь вентилятор немного,ac_fan_set,"{""direction"": ""down""}"
Отключи обдув сидений,seat_vent_set,
Подними вентиляцию передних сидений чуть-чуть,seat_vent_set,"{""seat"": ""front"", ""direction"": ""up""}"
"Разморозь лобовое, пожалуйста — стекла чуть в снегу",defrost_set,"{""target"": ""front""}"
Включи обогрев заднего стекла — видимость упала,defrost_set,"{""target"": ""rear""}"
"Хочу смотреть на звезды, открой люк полностью",sunroof_set,"{""position"": ""open""}"
Плотно закрой люк сейчас,sunroof_close,
"Музыку включи, что-нибудь спокойное",play_music,
Выставь громкость на пять,volume_set,"{""level"": 5}"
"Включи FM 101.2, поймай станцию",radio_set_station,"{""band"": ""FM"", ""frequency"": ""101.2""}"
Настрой AM на 720,radio_set_station,"{""band"": ""AM"", ""frequency"": ""720""}"
Включи повтор текущей песни,media_repeat_set,"{""state"": ""on""}"
Отключи перемешивание композиций,media_shuffle_set,"{""state"": ""off""}"
Переход на USB-источник,media_source_set,"{""source"": ""usb""}"
Позвони Мише сейчас,call_start,"{""contact"": ""Миша""}"
"Положи трубку, сбрось вызов",call_hangup,
Убавь подогрев руля на одну ступень,wheel_heater_set,"{""delta"": 1}"
"Мне душно, выключи климат",ac_off,
"Сделай рециркуляцию, запах снаружи сильный",ac_mode_set,"{""mode"": ""recirculation""}"
Подними стекло водителя до конца,window_set,"{""side"": ""left_front"", ""position"": ""closed""}"
Наполовину опусти правое стекло,window_set,"{""side"": ""right"", ""position"": ""half""}"
Погаси все внешние фары,headlights_set,"{""state"": ""off""}"
"Сбавь громкость, скоро спать",volume_change,"{""direction"": ""down""}"
Поставь джаз — тихую подборку для ночной серпантины,play_music,"{""genre"": ""jazz""}"
Мне нравится эта спокойная заснеженная дорога,chitchat,
Приоткрой пассажирское окно слегка,window_set,
"Включи кондиционер, жарко",ac_set,
Выключи климат полностью,ac_off,
Переведи на рециркуляцию воздуха,ac_mode_set,
Режим обдува на низкую скорость,ac_fan_set,"{""speed"": ""low""}"
Увеличь вентилятор на три,ac_fan_set,"{""delta"": 3}"
"Отключи кондиционер, хочу тишины",ac_off,
Подогрев сидений на максимум,seat_heater_set,"{""level"": ""max""}"
Охлаждение сиденья сделай средним,seat_vent_set,"{""level"": ""medium""}"
"Увеличь обдув на лобовое, плотно запотело",defrost_set,
"Открой люк немного, пусть ветер задует",sunroof_set,
"Поставь паузу, хочу слушать тишину",media_pause,
Добавь громкости на пять делений,volume_change,"{""delta"": 5}"
Настрой радиостанцию на 103.7,radio_set_station,"{""frequency"": 103.7}"
"Дождевой режим, включи автоматическое управление",rain_set,
Охлади салон наполовину,ac_set,"{""percent"": 50}"
"Сделай обдув на максимум, жарко в салоне",ac_fan_set,
"Переключи трек, не люблю этот",next_track,
Можно побыть в тишине?,chitchat,
Мы на трассе — включи автомат света,headlights_set,
"Закрой окно, ветер сильно шумит",window_set,
Отключи музыку на время поездки,stop_music,
"Включи режим случайного воспроизведения, хочу сюрприз",media_shuffle_set,
Верни предыдущую радиостанцию,radio_set_station,
Прокладывай маршрут до ближайшего кафе,nav_start,
"Останови навигацию, отвлекает",nav_cancel,
Включи режим «авто» климат-контроля,ac_mode_set,
"Отклоняй входящие, не отвлекай меня",call_hangup,
Открой левое переднее окно чуть-чуть,window_set,"{""side"": ""left_front"", ""position_percent"": 10}"
Ветродуй на максимум — ужасный шум от дождя,window_set,"{""position"": ""open""}"
"Подними заднее правое, пожалуйста",window_set,"{""side"": ""right_rear"", ""position"": ""up""}"
"Выключи климат-контроль, достаточно",ac_off,
Сделай холоднее на 2 градуса,ac_set,"{""delta_c"": -2}"
Установи 22 градуса в салоне,ac_set,"{""temperature_c"": 22}"
"Режим рециркуляции включи, в тоннеле",ac_mode_set,"{""mode"": ""recirculation""}"
"Выключи обогрев лобового, он лишний",defrost_set,"{""state"": ""off""}"
Вкл обдув лобового стекла — запотевает,defrost_set,"{""state"": ""on""}"
"Подогрев сидений, водитель — средне",seat_heater_set,"{""seat"": ""driver"", ""level"": ""medium""}"
Подогрей руль — мерзнут пальцы,wheel_heater_set,"{""state"": ""on""}"
Открой люк назад немного,sunroof_set,"{""position"": ""tilt_back""}"
Стоп музыка — слишком громко,stop_music,
"Следующий трек, давай быстрее",next_track,
Включи перемешивание плеера,media_shuffle_set,"{""state"": ""on""}"
Настрой на 106.2 FM,radio_set_station,"{""frequency_mhz"": 106.2}"
"Проехали, навигатор снова кружит — проложи другой маршрут",nav_start,"{""note"": ""reroute""}"
"Позвони жене, ответь на звонок",call_start,"{""contact"": ""жена""}"
Ответь на этот входящий звонок,call_answer,
"Сбрось звонок, раздражает шум в туннеле",call_hangup,
Дальний — врубить,high_beam_set,"{""state"": ""on""}"
"Выключи дальний свет, впереди встречная машина",high_beam_set,"{""state"": ""off""}"
Дворники повысь скорость,wipers_set,"{""speed"": ""faster""}"
Проиграй плейлист «осенний дождь»,play_music,"{""playlist"": ""осенний дождь""}"
"Приглуши, я разговариваю по телефону",volume_change,"{""delta"": -6}"
"Ищешь меня, навигатор опять ведёт через туннель? Проложи объезд",nav_start,"{""note"": ""detour""}"
Отмени маршрут и верни меня на главную дорогу,nav_cancel,"{""action"": ""return_main""}"
"Позвони в службу поддержки, номер в контактах",call_start,"{""contact"": ""служба поддержки""}"
Ответь на громкий звонок — вынесу телефон голосом,call_answer,"{""mode"": ""handsfree""}"
"Брось трубку, слишком шумно в салоне",call_hangup,"{""reason"": ""noise""}"
"Налей музыки спокойной, чтобы заглушить дождь",play_music,"{""mood"": ""relaxing""}"
Пауза — слышу сирену в туннеле,media_pause,"{""reason"": ""siren""}"
"Следующий, предыдущий — быстро переключай",next_track,
"Сделай громче на максимум, я не слышу навигатор в шуме дождя",volume_set,"{""level"": 100}"
Приглуши радио на 5 пунктов,volume_change,"{""delta"": -5}"
Поставь повтор для песни,media_repeat_set,"{""mode"": ""one""}"
Отключи перемешивание — слушаю альбом по порядку,media_shuffle_set,"{""state"": ""off""}"
"Включи FM, станция с погодой",radio_set_station,"{""content"": ""погода""}"
Поменяй на 98.7 — там мало рекламы,radio_set_station,"{""frequency_mhz"": 98.7}"
"Шум такой, что не слышно подсказок навигатора — отключи звук навигации",volume_mute_set,"{""target"": ""navigation"", ""mute"": true}"
"Налей тише музыку, я хочу слушать дорогу и разговор",volume_change,"{""delta"": -7}"
"Включи дворники на интервал, моросит сильно",wipers_set,"{""mode"": ""interval""}"
Сменить режим света на автоматический,headlights_set,"{""mode"": ""auto""}"
"Разморозь стекло повсеместно, видимость плохая",defrost_set,"{""level"": ""full""}"
"Нарушаю правило: поболтай со мной, пока навигатор не успокоится",chitchat,
Приоткрой окно сзади справа на пару сантиметров,window_set,"{""side"": ""rear_right"", ""position_percent"": 5}"
Подними полностью заднее левое стекло,window_set,"{""side"": ""rear_left"", ""position_percent"": 100}"
"Пожалуйста, выключи климат-контроль",ac_off,
Переключись в экономичный режим вентиляции,ac_mode_set,"{""mode"": ""eco""}"
Увеличь обороты вентилятора на одну ступень,ac_fan_set,"{""delta_steps"": 1}"
Отключи кондиционер на заднем ряду,ac_off,"{""zone"": ""rear""}"
Включи подогрев водительского кресла,seat_heater_set,"{""seat"": ""driver"", ""state"": ""on""}"
Отключи обогрев заднего правого сиденья,seat_heater_set,"{""seat"": ""rear_right"", ""state"": ""off""}"
Добавь одну ступень подогрева пассажирского сиденья,seat_heater_set,"{""seat"": ""passenger"", ""delta_steps"": 1}"
"Пожалуйста, включи вентиляцию сидений на максимум",seat_vent_set,"{""level"": ""max""}"
Режим обогрева для льда на лобовом включи,defrost_set,"{""target"": ""front"", ""mode"": ""heat""}"
Сдвинь панорамную крышу назад полностью,sunroof_set,"{""action"": ""slide_back"", ""position_percent"": 100}"
"Приподними люк, немного проветрить хочу",sunroof_set,"{""action"": ""tilt""}"
Добавь громкости до семидесяти процентов,volume_set,"{""level_percent"": 70}"
Поставь FM 99.5,radio_set_station,"{""band"": ""FM"", ""frequency_mhz"": 99.5}"
Сделай громче на пять,volume_change,"{""delta_steps"": 5}"
Настрой радио на станцию Europa Plus,radio_set_station,"{""station_name"": ""Europa Plus""}"
"Переключи трек назад на предыдущий, пожалуйста",previous_track,
"Снизь вентиляцию, холодно",ac_fan_set,
Подними обдув на заднем ряду,ac_fan_set,"{""zone"": ""rear""}"
Сделай музыку громче резко,volume_change,
"Пожалуйста, уменьши громкость, потому что люди спят сзади и им мешает музыка",volume_change,
Включи климат на 21 градус,ac_set,"{""temperature"": ""21""}"
Сделай похолоднее,ac_set,
Включи обогрев сидений водителя,seat_heater_set,"{""seat"": ""driver"", ""state"": ""on""}"
Отключи обдув кресел,seat_vent_set,"{""state"": ""off""}"
Выключи антиобледенение,defrost_set,"{""state"": ""off""}"
Верни трек назад,previous_track,
Опусти звук на пять,volume_change,"{""amount"": ""5""}"
Установи громкость на 30 процентов,volume_set,"{""level"": ""30%""}"
Запусти повтор,media_repeat_set,"{""state"": ""on""}"
Поставь FM на 100.5,radio_set_station,"{""frequency"": ""100.5""}"
Отвезти меня в ближайшую кофейню,nav_start,"{""destination"": ""nearest_coffee_shop""}"
Обогрей сиденье правое на максимум,seat_heater_set,"{""seat"": ""right"", ""level"": ""max""}"
Вентилирование на минимуме,ac_fan_set,"{""level"": ""min""}"
Верни назад на одну песню,previous_track,"{""count"": ""1""}"
Убавь громкость в два раза,volume_change,"{""change"": ""halve""}"
Отклонить входящий,call_hangup,
Подними заднее стекло полностью,window_set,"{""window"": ""rear"", ""position"": ""100%""}"
Опусти люк на треть,sunroof_set,"{""position"": ""33%""}"
Поставь на повтор плейлист,media_repeat_set,"{""target"": ""playlist"", ""state"": ""on""}"
"Сделай музыку погромче, я не слышу",volume_change,"{""change"": ""increase""}"
Прекрати кондиционирование немедленно,ac_off,
Подогрей водительское кресло на третью ступень,seat_heater_set,"{""seat"": ""driver"", ""level"": 3}"
Поставь предыдущую композицию,previous_track,
Смешать треки (shuffle),media_shuffle_set,"{""state"": ""on""}"
Настрой на 102.5 FM,radio_set_station,"{""frequency"": 102.5}"
"Веди меня домой, пожалуйста",nav_start,"{""destination"": ""дом""}"
Проложи маршрут до международного аэропорта,nav_start,"{""destination"": ""аэропорт""}"
Выруби дальний свет,high_beam_set,"{""state"": ""off""}"
Обогрей рулевое колесо,wheel_heater_set,"{""state"": ""on""}"
"Расскажи мне шутку, пожалуйста",chitchat,
"Не выключай музыку пока я припаркуюсь, пусть играет негромко",play_music,
Поставь плейлист «Утро» из моей библиотеки,play_music,"{""playlist"": ""Утро""}"
Пропусти эту песню и включи следующую,next_track,
Снизь громкость до нуля немедленно,volume_set,"{""level"": 0}"
Переключи источник на Bluetooth аудио,media_source_set,"{""source"": ""Bluetooth""}"
Открой левое окно на половину,window_set,"{""side"": ""левое"", ""position"": ""50%""}"
Подними переднее левое окно,window_set,"{""side"": ""левое"", ""location"": ""переднее"", ""action"": ""close""}"
Немного приоткрой окно,window_set,"{""position"": ""slightly_open""}"
Включи подогрев водительского сидения на третий уровень,seat_heater_set,"{""seat"": ""driver"", ""level"": 3}"
Охлаждение сидений включи,seat_vent_set,"{""state"": ""on""}"
"Пожалуйста, подуй холодом на пассажирское кресло",seat_vent_set,"{""seat"": ""passenger"", ""state"": ""on""}"
Приоткрой панорамную крышу,sunroof_set,"{""action"": ""tilt"", ""position"": ""slightly_open""}"
Переключись на NRJ,radio_set_station,"{""station_name"": ""NRJ""}"
"Поехали домой, проложи маршрут",nav_start,"{""destination"": ""дом""}"
Почувствую холод в руле — включи подогрев,wheel_heater_set,"{""state"": ""on""}"
"Ты знаешь хорошую историю, чтобы развеселить меня в дороге? Я устал.",chitchat,
Поставь трек номер два в этом альбоме,play_music,"{""track_number"": 2}"
"Пожалуйста, направь меня в ближайшую заправку, и по возможности объедь пробку",nav_start,"{""destination"": ""ближайшая заправка"", ""preference"": ""avoid_traffic""}"
"Приоткрой правое окно, немного",window_set,"{""side"": ""right"", ""position"": ""partly""}"
Опусти лобовое до половины,window_set,"{""window"": ""front"", ""percentage"": 50}"
"Хочу прохладу, поставь 20 градусов",ac_set,"{""temperature"": 20}"
Включи вентилятор чуть быстрее,ac_fan_set,"{""action"": ""increase""}"
Понизь скорость вентилятора на два,ac_fan_set,"{""delta"": -2}"
Остудить кресло заднего пассажира,seat_vent_set,"{""seat"": ""rear"", ""action"": ""on""}"
"Отопреть стекла, включи обогрев стекол",defrost_set,"{""target"": ""front"", ""action"": ""on""}"
Задний обогрев — включи,defrost_set,"{""target"": ""rear"", ""action"": ""on""}"
Включи что-нибудь тихое из плейлиста,play_music,"{""mood"": ""quiet""}"
Сделай тише вдвое,volume_change,"{""action"": ""decrease"", ""factor"": 0.5}"
Переключить на радио,media_source_set,"{""source"": ""radio""}"
Повтори эту песню постоянно,media_repeat_set,"{""repeat"": ""track""}"
Включи радиостанцию 101.2 FM,radio_set_station,"{""frequency"": ""101.2""}"
Радио — рок-станция,radio_set,"{""genre"": ""rock""}"
Протрись дворники на слабую,wipers_set,"{""speed"": ""low""}"
"Тихо, пожалуйста — пусть музыка умолкнет, я хочу немного тишины",stop_music,
"Можешь приглушить всё, в этот рассвет и туман не хочется шума",volume_mute_set,"{""mute"": true}"
"Пожалуйста, включи спокойную инструментальную музыку очень тихо",play_music,"{""genre"": ""instrumental"", ""mood"": ""quiet""}"
Не включай ничего громкого — я хочу слушать тишину,media_pause,
Перемешай и потом поставь потише,media_shuffle_set,
"Радио 87,5 поставь громко",radio_set_station,"{""frequency"": ""87.5"", ""volume"": ""loud""}"
Прокладывай маршрут с учётом тумана и минимальным шумом по трассе через набережную,nav_start,"{""destination"": ""набережная"", ""preference"": ""quiet_route""}"
Принять звонок от диспетчера,call_answer,"{""caller"": ""диспетчер""}"
Фары адаптивные — выключи их,headlights_set,"{""state"": ""off"", ""type"": ""adaptive""}"
Дальний на автомат,high_beam_set,"{""state"": ""auto""}"
"Дворники прерывистые, интервал средний",wipers_set,"{""mode"": ""intermittent"", ""interval"": ""medium""}"
Включи режим дождевого датчика,rain_set,"{""state"": ""sensor_on""}"
Нагрей рулевое колесо на минимуме,wheel_heater_set,"{""level"": ""low""}"
"Штатная музыка, включай плейлист «утро» и помедленнее",play_music,"{""playlist"": ""утро"", ""tempo"": ""slow""}"
"Прекрати любую музыку и оставь только шум дождя из колонок, тихо",play_music,"{""ambient"": ""rain"", ""volume"": ""low""}"
"Сядь, приоткрой левое заднее окно чуть-чуть",window_set,"{""window"": ""left rear"", ""position"": ""partly""}"
Закрой люк на двадцать процентов,sunroof_close,"{""percentage"": 20}"
"Наполовину открой люк, пожалуйста",sunroof_set,"{""percentage"": 50}"
Поставь громкость на семь и выключи все уведомления,volume_set,"{""level"": 7, ""notifications"": ""off""}"
"Сделай вентиляцию чуть тише, тут такой тонкий рассветный звук в городе",ac_fan_set,"{""action"": ""decrease"", ""amount"": ""small""}"
Подогрей пассажера справа на два уровня,seat_heater_set,"{""seat"": ""right passenger"", ""delta"": 2}"
"Я просто хочу молчания и свежего воздуха, открой тоненько окно у головы",window_set,"{""location"": ""near head"", ""position"": ""partly""}"
"Просто поболтай со мной о погоде, тихо и коротко",chitchat,
Открой пассажирское стекло немного,window_set,"{""side"": ""passenger"", ""position"": ""open""}"
Люк открой на пятьдесят процентов,sunroof_set,"{""position"": 50}"
"Пожалуйста, включи плейлист Ночь",play_music,"{""playlist"": ""Ночь""}"
Поставь радио FM,radio_set,"{""band"": ""FM""}"
Настрой на 101.7,radio_set_station,"{""station"": ""101.7""}"
"Пожалуйста, сделай потише — слишком шумно",volume_change,
Убавь на два,volume_change,"{""delta"": -2}"
Охлади до 20 градусов,ac_set,"{""temperature"": 20}"
Максимум обдува,ac_fan_set,"{""level"": ""max""}"
Оттаивай заднее стекло,defrost_set,"{""target"": ""rear"", ""state"": ""on""}"
Сделай первый уровень подогрева пассажира,seat_heater_set,"{""seat"": ""passenger"", ""level"": 1}"
"Включи вентилируемое кресло, средний уровень",seat_vent_set,"{""level"": 2}"
Включи дворники на авто,wipers_set,"{""mode"": ""auto""}"
Одна помывка стекол,wipers_set,"{""mode"": ""single""}"
Навигируй до ближайшего отеля,nav_start,"{""destination"": ""ближайший отель""}"
Приними входящий,call_answer,
Заглуши радио,volume_mute_set,"{""state"": ""on""}"
Приостанови музыку на пару минут,media_pause,"{""duration_minutes"": 2}"
Перепрыгни композицию,next_track,
Включи плейлист тишина,play_music,"{""playlist"": ""тишина""}"
Никаких звонков и уведомлений,chitchat,
"Мне хочется тишины, просто ездим молча",chitchat,
Закрой водительское стекло,window_set,"{""side"": ""front_left"", ""action"": ""close""}"
Включи обогрев сиденья водителя на пять,seat_heater_set,"{""side"": ""driver"", ""level"": 5}"
Сделай вентиляцию сидений прохладной,seat_vent_set,"{""mode"": ""cool""}"
"Оттай лобовое, пожалуйста",defrost_set,"{""target"": ""front"", ""action"": ""on""}"
Закрой верхний люк,sunroof_close,"{""position"": ""closed""}"
Включи плейлист «Утро» и тихо,play_music,"{""playlist"": ""Утро"", ""volume"": ""low""}"
Пусти случайные треки,media_shuffle_set,"{""state"": ""on""}"
Поставь снова весь альбом на повтор,media_repeat_set,"{""mode"": ""album""}"
"Тише музыку, она мешает",volume_change,
Настрой радио на волну 90.5,radio_set_station,"{""frequency"": ""90.5""}"
"Навигация, веди меня в офис",nav_start,"{""destination"": ""офис""}"
Выключи наружные фары,headlights_set,"{""state"": ""off""}"
Нагрей сиденье пассажира на две ступени,seat_heater_set,"{""side"": ""passenger"", ""level"": 2}"
Уменьши обдув ветрового стекла,defrost_set,"{""target"": ""front"", ""action"": ""decrease""}"
Закрой правое переднее окно наполовину,window_set,"{""side"": ""front_right"", ""position"": ""50%""}"
Поставь музыку из Bluetooth,media_source_set,"{""source"": ""Bluetooth""}"
Переключи радиопрограмму на следующий канал,radio_set,
"Проехали, не подсказывай маршрут",nav_cancel,
Позвони Паше на мобильный,call_start,"{""contact"": ""Паша"", ""device"": ""mobile""}"
Сними звук,volume_mute_set,"{""state"": ""mute""}"
"Включи Shuffle, пускай играет по‑новому",media_shuffle_set,"{""state"": ""on""}"
Сделай потише музыку — шум дворников нервирует,volume_change,
Почему дворники так громко работают?,chitchat,
"Пожалуйста, открой заднее правое окно",window_set,"{""side"": ""right_rear""}"
Приоткрой немного окно водителя — душно,window_set,"{""side"": ""driver"", ""position"": ""ajar""}"
Щёлкни левое заднее окно туда-сюда,window_set,"{""side"": ""left_rear""}"
"Открой люк полностью, хочу свежего воздуха",sunroof_set,"{""position"": ""open_full""}"
Закрой люк — дождь оставил капли,sunroof_close,
Немного приоткрой панорамный люк,sunroof_set,"{""position_percent"": 30}"
Охлади до двадцати двух градусов,ac_set,"{""temperature_c"": 22}"
"Выключи кондиционер, хватит",ac_off,
Переведи режим на рециркуляцию воздуха,ac_mode_set,"{""mode"": ""recirculation""}"
Уменьши скорость вентилятора на один уровень,ac_fan_set,"{""change"": ""-1""}"
"Максимальная турбина вентиляции, пожалуйста",ac_fan_set,"{""level"": ""max""}"
Выключи все обдувы,ac_fan_set,"{""level"": 0}"
Разогрей сиденье водителя на максимум,seat_heater_set,"{""seat"": ""driver"", ""level"": ""high""}"
"Подожди, включи подогрев заднего сиденья на два",seat_heater_set,"{""seat"": ""rear"", ""level"": 2}"
Отключи подогрев на пассажирском кресле,seat_heater_set,"{""seat"": ""passenger"", ""level"": 0}"
Вентиляция сиденья водителя на минимум,seat_vent_set,"{""seat"": ""driver"", ""level"": ""low""}"
Включи охлаждение кресла пассажира,seat_vent_set,"{""seat"": ""passenger"", ""level"": ""on""}"
Нужен обдув лобового стекла,defrost_set,"{""area"": ""front""}"
"Убери влагу со стёкол, активируй обдув",defrost_set,
Хочу свежий воздух через люк,sunroof_set,"{""position"": ""vent""}"
Когда можно закрыть люк?,sunroof_close,
Найди FM 101.2 и включи его,radio_set_station,"{""frequency_mhz"": 101.2}"
Переключись на радио — новости,radio_set,"{""preset"": ""news""}"
Проложи маршрут до дома через парковку,nav_start,"{""destination"": ""дом"", ""via"": ""парковка""}"
"Сбрось звонок, раздражает шум",call_hangup,
Дальний свет на пару секунд,high_beam_set,"{""state"": ""flash""}"
Автомат рук дождя включи,rain_set,"{""mode"": ""auto""}"
"Подогрей руль чуть-чуть, холодно вечером",wheel_heater_set,"{""level"": ""low""}"
"Нагрей руль на максимум, пожалуйста",wheel_heater_set,"{""level"": ""high""}"
Что с температурой в салоне?,chitchat,
"Очень душно здесь, какие варианты?",chitchat,
Где ближайшая автомойка? — стекла в каплях после моек,chitchat,
Уменьши громкость музыки на десять,volume_change,"{""change"": -10}"
"Громкость до нуля, пожалуйста",volume_set,"{""percent"": 0}"
"Понизить вентилятор на два шага, очень шумно",ac_fan_set,"{""change"": -2}"
Переключись на USB как источник музыки,media_source_set,"{""source"": ""usb""}"
Тише на пять процентов,volume_change,"{""change"": -5}"
Поставь станцию FM сто восемьдесят — разговоры,radio_set_station,"{""frequency_mhz"": 88.0}"
"Проложи путь к парковке здания, пожалуйста",nav_start,"{""destination"": ""парковка""}"
Позвони службе эвакуации,call_start,"{""contact"": ""эвакуация""}"
"Закрой правое переднее окно, не хочу отвлекаться",window_set,"{""side"": ""right_front"", ""action"": ""close""}"
Подними заднее левое окно полностью,window_set,"{""side"": ""left_rear"", ""action"": ""open"", ""position"": ""100%""}"
Сбавь кондиционер на два градуса,ac_set,"{""delta"": ""-2""}"
Включи климат-контроль на 20 градусов,ac_set,"{""temperature"": ""20""}"
Давай на автоматический режим климат,ac_mode_set,"{""mode"": ""auto""}"
Нагрей пассажирское сиденье на три,seat_heater_set,"{""seat"": ""passenger"", ""level"": ""3""}"
"Подогрей моё кресло слабее, на единицу",seat_heater_set,"{""seat"": ""driver"", ""delta"": ""-1""}"
Отключи вентиляцию сидений задних,seat_vent_set,"{""seat"": ""rear"", ""state"": ""off""}"
"Обдув стекла спереди — на максимум, пожалуйста, не отвлекайте меня",defrost_set,"{""target"": ""front"", ""level"": ""max""}"
"Закрой люк, не хочу держать глаза от дороги",sunroof_close,
"Включи музыку, но тихо, пожалуйста",play_music,
Стоп воспроизведение — я сосредоточен на серпантине,stop_music,
Снизь громкость на три деления,volume_change,"{""delta"": ""-3""}"
"Громче, но не слишком — плюс одна",volume_change,"{""delta"": ""+1""}"
Установи громкость на пятнадцать процентов,volume_set,"{""level"": ""15%""}"
Выруби звук совсем,volume_mute_set,"{""state"": ""mute""}"
Поставь повтор песни включённым,media_repeat_set,"{""state"": ""on""}"
Настрой радио на FM и включи новости,radio_set,"{""band"": ""FM"", ""content"": ""news""}"
Поставь волну на 101.2,radio_set_station,"{""frequency"": ""101.2""}"
"Прокладывай маршрут к ближайшей парковке, не отвлекай меня",nav_start,"{""destination"": ""nearest_parking""}"
"Позвонить Алене, громко и быстро",call_start,"{""contact"": ""Алена""}"
Включи ближний свет — едва просматривается дорога,headlights_set,"{""state"": ""on""}"
Переключись на автоматические фары,headlights_set,"{""state"": ""auto""}"
Поставь интервальные очистители каждую секунду,wipers_set,"{""interval"": ""1s""}"
"Подогрей руль, пожалуйста, мне холодно руки",wheel_heater_set,"{""state"": ""on""}"
Можешь не говорить мне ничего лишнего — просто сохраняй маршрут,chitchat,
"Немного легкой музыки для концентрации, жанр — джаз",play_music,"{""genre"": ""jazz""}"
"Переключи на Spotify, не увеличивая громкость",media_source_set,"{""source"": ""Spotify""}"
"Поставь радио на дорожную сводку, частота 98.7",radio_set_station,"{""frequency"": ""98.7"", ""content"": ""traffic_report""}"
"Навигуй до точки ""горная смотровая"" со срочной осторожностью",nav_start,"{""destination"": ""mountain_viewpoint"", ""priority"": ""cautious""}"
"Позови службу, номер экстренный — нет, лучше позже",chitchat,
Останови музыку и включи подсветку приборов пониже,stop_music,
"Тихо перемешай плейлист, чтобы не отвлекаться на выбор треков",media_shuffle_set,"{""state"": ""on"", ""mode"": ""soft""}"
"Громкость на максимум — только если нужно, скажи сначала",volume_set,"{""level"": ""max"", ""condition"": ""confirm""}"
Убавь громкость сейчас же — ослепляет встречка,volume_change,"{""delta"": ""-""}"
Включи поворотники звуковые оповещения на серпантине,chitchat,
"Не отвлекайся, просто закрой все окна и включи обогрев лобового",defrost_set,"{""windows"": ""all"", ""action"": ""close"", ""defrost"": ""front_on""}"
Поставь температуру на 19,ac_set,"{""temperature"": 19}"
На полную мощность вентилятор,ac_fan_set,"{""level"": ""max""}"
"Подогрев сидений, водитель — включи на три",seat_heater_set,"{""seat"": ""driver"", ""level"": 3}"
"Охладитель сидений задний правый, на низкий",seat_vent_set,"{""seat"": ""rear_right"", ""level"": ""low""}"
Прикрыть немного панорамную крышу,sunroof_set,"{""state"": ""tilt""}"
Громкость погромче,volume_change,"{""direction"": ""up""}"
Установи громкость на 8,volume_set,"{""level"": 8}"
Повтор альбома включи,media_repeat_set,"{""mode"": ""album""}"
Радио на волну 101.5,radio_set_station,"{""frequency"": 101.5}"
Навигация до офиса,nav_start,"{""destination"": ""офис""}"
"Мне нужно доехать домой, но объезжай платные участки и пробки, построи маршрут сейчас",nav_start,"{""destination"": ""дом"", ""avoid"": [""tolls"", ""traffic""]}"
Дождевые режим включи,rain_set,"{""state"": ""on""}"
Автоматическое включение щёток,rain_set,"{""state"": ""auto""}"
Отключить обогрев руля,wheel_heater_set,"{""state"": ""off""}"
Включи подогрев заднего сиденья в полную,seat_heater_set,"{""seat"": ""rear"", ""level"": ""max""}"
"Похолодало, опусти стекло водительское на 5 сантиметров",window_set,"{""side"": ""driver"", ""position"": ""5 cm""}"
Приоткрой пассажирское окно,window_set,"{""side"": ""passenger"", ""state"": ""vent""}"
Поставь радио на Авторадио,radio_set_station,"{""station"": ""Авторадио""}"
Переключи трек к Джеку Джонсону,play_music,"{""artist"": ""Джек Джонсон""}"
"Следующая, скорее!",next_track,
Проиграй снова текущую песню,media_repeat_set,"{""mode"": ""one""}"
Включи волну девяносто шесть точка пять,radio_set_station,"{""frequency"": 96.5}"
Запусти навигатор в пункт назначения — аэропорт Шереметьево,nav_start,"{""destination"": ""аэропорт Шереметьево""}"
"Не подсказывай маршрут, отмена",nav_cancel,
Ну расскажи что-нибудь,chitchat,
"Обдуй лобовое, пожалуйста",defrost_set,
Включи обогрев стекла на максимум,defrost_set,"{""level"": ""max""}"
"Запотевает лобовое, убери конденсат",defrost_set,
Понизь температуру до 22 градусов,ac_set,"{""temperature"": ""22""}"
Сделай приток свежего воздуха,ac_mode_set,"{""mode"": ""fresh_air""}"
Открой окно водителя чуть-чуть,window_set,"{""side"": ""driver"", ""action"": ""slightly_open""}"
Опусти правое окно полностью,window_set,"{""side"": ""right"", ""position"": ""down""}"
Люк — открой,sunroof_set,"{""action"": ""open""}"
Выключи звук у радио,volume_mute_set,"{""target"": ""radio"", ""mute"": ""on""}"
Поставь рок-станцию,radio_set,"{""genre"": ""rock""}"
Проклади маршрут домой без пробок,nav_start,"{""destination"": ""home""}"
Отмени текущую маршрутизацию,nav_cancel,
Сбрось вызов и отключи громкую связь,call_hangup,
Нагрей руль на низкий режим,wheel_heater_set,"{""level"": ""low""}"
Подогрей передние сидения,seat_heater_set,"{""side"": ""front"", ""action"": ""on""}"
Увеличь вентиляцию сидений на максимум,seat_vent_set,"{""level"": ""max""}"
Открой заднюю форточку немного,window_set,"{""side"": ""rear"", ""action"": ""slightly_open""}"
Понизь температуру в салоне потихоньку,ac_set,
"Пожалуйста, потише, дети шумят",volume_change,
Включи что-нибудь спокойное для детей,play_music,
Пусти детский плейлист,play_music,"{""playlist"": ""kids""}"
"Мне темновато, можно свет ярче сделать?",headlights_set,
Немного убавь дальний режим,high_beam_set,
Есть ли пробки на пути домой?,nav_start,
Не отвлекайся — оставь маршрут,nav_cancel,
"Дети шумят, не бери звонок",call_hangup,
"Притормози с музыкой, пожалуйста",volume_change,
"Температуру немного поднять, пожалуйста",ac_set,
Слишком пыльно — включи рециркуляцию,ac_mode_set,"{""mode"": ""recirculation""}"
"Сделай так, чтобы лобовое не запотевало: включи обдув и чуть отопления",defrost_set,
Как долго ещё до дома?,chitchat,
"Ночь тихая, но дети не молчат",chitchat,
"Пыльно снаружи, стоит закрыть окна",chitchat,
Открой правое переднее окно на всю,window_set,"{""window"": ""right_front"", ""position"": ""open_full""}"
"Закрой заднее левое, пожалуйста",window_set,"{""window"": ""rear_left"", ""position"": ""closed""}"
Опусти боковое окно наполовину,window_set,"{""window"": ""side"", ""position"": ""50%""}"
"Жарко здесь, открой кондиционер",ac_set,
"Мне холодно, сделай плюс два градуса",ac_set,"{""temperature"": ""+2""}"
Убавь вентиляцию до трёх делений,ac_fan_set,"{""fan_speed"": 3}"
Подогрей сиденье водителя на пять,seat_heater_set,"{""seat"": ""driver"", ""level"": 5}"
Вентиляция кресла пассажира включена? Сделай её активной,seat_vent_set,"{""seat"": ""passenger"", ""state"": ""on""}"
Подогрев заднего правого на два,seat_heater_set,"{""seat"": ""rear_right"", ""level"": 2}"
Разморозь переднее стекло сейчас,defrost_set,"{""target"": ""front"", ""state"": ""on""}"
Авто-режим дворников включи,rain_set,"{""state"": ""on""}"
Поставь радиостанцию Русское Радио,radio_set_station,"{""station"": ""Русское Радио""}"
"Построй маршрут до Центрального парка, проложи объезд пробок",nav_start,"{""destination"": ""Центральный парк""}"
Включи любимый плейлист «Дорога»,play_music,"{""playlist"": ""Дорога""}"
Повтор одной песни включи,media_repeat_set,"{""mode"": ""one""}"
"Мне нужно настроение, включи что-нибудь спокойное",chitchat,
Радио на 88.5 поставь и запомни,radio_set_station,"{""frequency"": 88.5}"
"Мне неуютно в салоне: включи, пожалуйста, кондиционер до 22 градусов — не слишком холодно",ac_set,"{""temperature"": 22}"
"Расскажи что-нибудь, пока едем",chitchat,
"Опусти окно водителя наполовину, пожалуйста.",window_set,"{""window"": ""driver"", ""position_percent"": 50}"
Пассажирское окно — поднять.,window_set,"{""window"": ""passenger"", ""action"": ""up""}"
Установи кондиционер на двадцать градусов.,ac_set,"{""temperature_c"": 20}"
Поставь климатическую систему на двадцать три градуса.,ac_set,"{""temperature_c"": 23}"
Переведи режим на рециркуляцию.,ac_mode_set,"{""mode"": ""recirculation""}"
Дуй только на ноги.,ac_mode_set,"{""mode"": ""feet""}"
Сделай скорость вентилятора три.,ac_fan_set,"{""fan_level"": 3}"
Включи подогрев сиденья пассажира на первый уровень.,seat_heater_set,"{""seat"": ""passenger"", ""level"": 1}"
"Охлади моё сиденье, второй уровень.",seat_vent_set,"{""seat"": ""driver"", ""level"": 2}"
"Оттаивание лобового — включи, пожалуйста.",defrost_set,"{""target"": ""front"", ""state"": ""on""}"
Включи что-нибудь энергичное для поездки.,play_music,
"Поставь песню ""Дорожная"".",play_music,"{""track"": ""Дорожная""}"
Убавь звук на пять делений.,volume_change,"{""direction"": ""down"", ""amount"": 5}"
Сделай громкость семь из десяти.,volume_set,"{""level"": 7}"
Настрой радиостанцию на 101.3 FM.,radio_set_station,"{""frequency"": ""101.3"", ""band"": ""FM""}"
Построй путь до Московского вокзала с учетом пробок.,nav_start,"{""destination"": ""Московский вокзал"", ""consider_traffic"": true}"
Отмени активную навигацию.,nav_cancel,
Позвони Дмитрию Иванову.,call_start,"{""contact"": ""Дмитрий Иванов""}"
Переведи фары в автоматический режим.,headlights_set,"{""state"": ""auto""}"
Охлаждение пассажирского сиденья выключи.,seat_vent_set,"{""seat"": ""passenger"", ""state"": ""off""}"
Отключи перемешивание очереди воспроизведения.,media_shuffle_set,"{""state"": ""off""}"
Найди и включи станцию «Эхо Москвы».,radio_set_station,"{""station_name"": ""Эхо Москвы""}"
Ты меня слышишь дружок?,chitchat,
Опусти левое переднее в половину,window_set,"{""window"": ""front_left"", ""position"": ""50%""}"
Заднее правое окно на максимум,window_set,"{""window"": ""rear_right"", ""position"": ""100%""}"
"Закрой, пожалуйста, задние окна",window_set,"{""window"": ""rear"", ""action"": ""close""}"
Понизить температуру до 20 градусов,ac_set,"{""temperature"": ""20""}"
"Мне жарко, сделай плюс два градуса",ac_set,"{""delta"": ""+2""}"
Включи кондиционер в экономичном режиме,ac_mode_set,"{""mode"": ""eco""}"
Увеличь обороты вентилятора на три,ac_fan_set,"{""delta"": ""3""}"
Включи обогрев сиденья водителя на треть,seat_heater_set,"{""seat"": ""driver"", ""level"": ""33%""}"
Вентиляция задних сидений на полную,seat_vent_set,"{""seat"": ""rear"", ""level"": ""max""}"
Включи дефрост заднего стекла,defrost_set,"{""target"": ""rear"", ""state"": ""on""}"
Нужно отогреть лобовое — включи дефрост,defrost_set,"{""target"": ""front"", ""state"": ""on""}"
Закрой крышу полностью,sunroof_close,
Отключи режим повторения,media_repeat_set,"{""state"": ""off""}"
Включи дворники на третий режим,wipers_set,"{""level"": ""3""}"
"Авто-дворники включи, пожалуйста",rain_set,"{""mode"": ""auto""}"
Какой заряд батареи?,chitchat,
Включи плейлист 'Шум города',play_music,"{""playlist"": ""Шум города""}"
Переключи на частоту 87.7 FM,radio_set_station,"{""frequency"": ""87.7""}"
"Пожалуйста, предыдущая композиция",previous_track,
Поставь вентиляцию на низкую скорость,ac_fan_set,"{""level"": ""low""}"
Спусти стекло водительское,window_set,"{""position"": ""driver_side""}"
"Закрой, пожалуйста, боковые окна",window_set,
"Останови кондиционер, он мне не нужен",ac_off,
Включи обдув на лобовое окно,ac_mode_set,"{""target"": ""front_defog""}"
"Сделай тёплым заднее сиденье, третий уровень",seat_heater_set,"{""seat"": ""rear"", ""level"": 3}"
Остывание сидений — включи вентиляцию кресел,seat_vent_set,
"Пожалуйста, включи вентилирование кресла пассажира",seat_vent_set,"{""seat"": ""passenger""}"
"Оттай лобовое, сильный налёт льда",defrost_set,"{""target"": ""front"", ""intensity"": ""strong""}"
Включи обогрев стекол задних,defrost_set,"{""target"": ""rear""}"
Закрой крышу — сильный дождь,sunroof_close,
"Воспроизведи что-то спокойное, пожалуйста",play_music,
Поехали к заправке у моста,nav_start,"{""destination"": ""заправка у моста""}"
"Отмени прокладку маршрута, пожалуйста",nav_cancel,
Позвони Анне срочно,call_start,"{""contact"": ""Анна""}"
"Оставь музыку, но немного потише, радио шуршит",volume_change,
"Не отвлекай меня, просто включи навигатор домой и молчи",nav_start,"{""destination"": ""дом""}"
Мне ненадолго — ответь на вызов и отключи звук в салоне,call_answer,
"Пожалуйста, переключи на следующую радиостанцию без подсказок",radio_set,
"Ничего лишнего, просто назад на предыдущий трек",previous_track,
Поставь плейлист «Дождь за окном»,play_music,"{""playlist"": ""Дождь за окном""}"
"Заглуши медиа, хочу слышать шины по лужам",volume_mute_set,"{""mute"": true}"
Перемешай песни в фоновой очереди,media_shuffle_set,
Настрой радио на местные новости,radio_set_station,"{""station"": ""местные новости""}"
Прокладывай маршрут в объезд пробки на окраине,nav_start,"{""route_preference"": ""avoid_traffic""}"
Отмени навигацию и тихо выключи голосовый гид,nav_cancel,
Позвонить родственнику — Ивану,call_start,"{""contact"": ""Иван""}"
"Быстро положи трубку, пожалуйста",call_hangup,
"Включи фары, утром сумрачно",headlights_set,
Переключи в автоматический режим фар,headlights_set,"{""mode"": ""auto""}"
Дождевые щётки — медленно,wipers_set,"{""speed"": ""low""}"
Включи режим дождя — чувствительность высокая,rain_set,"{""sensitivity"": ""high""}"
"Подогрев руля на максимум, замерзли руки",wheel_heater_set,"{""level"": ""max""}"
"Просто поболтаем, радио шипит и настроение тяжёлое",chitchat,
"Скажи что-нибудь тихо, чтобы не отвлекать меня от дороги",chitchat,
Почему радио постоянно трещит сегодня?,chitchat,
Опусти шторку панорамной крыши,sunroof_set,"{""shade"": ""closed""}"
Сделай в салоне потеплее на три градуса,ac_set,"{""temperature_delta"": 3}"
Температуру поставь двадцать два,ac_set,"{""temperature"": 22}"
Охлади кресло шофера,seat_vent_set,"{""seat"": ""driver"", ""state"": ""on""}"
"Обдуй лобовое стекло на максимум, пожалуйста",defrost_set,"{""target"": ""front"", ""level"": ""max""}"
Поставь вентилятор на среднюю скорость,ac_fan_set,"{""level"": ""medium""}"
Переключи обдув на ноги,ac_mode_set,"{""mode"": ""feet""}"
Выключи кондиционер и вентилятор сейчас,ac_off,"{""include_fan"": true}"
Включи мой плейлист Драйв,play_music,"{""playlist"": ""Драйв""}"
Снизь громкость до нуля,volume_set,"{""level"": 0}"
Найди станцию Радио России и включи,radio_set_station,"{""station"": ""Радио России""}"
Начни навигацию до дома,nav_start,"{""destination"": ""home""}"
"Пожалуйста, проложи маршрут до ближайшей заправки, объезжая пробки и платные участки",nav_start,"{""destination"": ""nearest_fuel"", ""avoid"": ""traffic_and_tolls""}"
"Заверши вызов, пожалуйста",call_hangup,
Проверь фары и включи ближний свет,headlights_set,"{""state"": ""on"", ""beam"": ""low""}"
Включи режим «Дождь» авто,rain_set,"{""mode"": ""auto"", ""state"": ""on""}"
Обогрев руля отключи,wheel_heater_set,"{""state"": ""off""}"
Какая погода за окном сейчас?,chitchat,
"Подбери спокойные плейлисты и включи что-то релаксирующее, не громко",play_music,"{""mood"": ""relax"", ""volume"": ""low""}"
"Следующий альбом, пожалуйста",next_track,
"Верни предыдущую песню, если можно",previous_track,
Включи мой подкаст Новости,play_music,"{""podcast"": ""Новости""}"
Опусти боковое окно слева,window_set,"{""side"": ""left"", ""position"": ""down""}"
"Дай салону проветриться, опусти окно водителя на пару сантиметров",window_set,"{""side"": ""driver"", ""position"": ""partial"", ""amount"": ""пара сантиметров""}"
"Выключи кондиционер, мне жарко, душно",ac_off,
Максимальная мощность вентиляции,ac_fan_set,"{""level"": ""max""}"
Отключи подачу воздуха в салон,ac_off,
Прекрати подогрев сиденья,seat_heater_set,"{""state"": ""off""}"
Подогрей пассажирское сиденье на три,seat_heater_set,"{""side"": ""passenger"", ""level"": ""3""}"
"Разогрей задние кресла, пожалуйста",seat_heater_set,"{""position"": ""rear"", ""state"": ""on""}"
"Обдуй лобовое стекло, вижу запотевание",defrost_set,"{""target"": ""front""}"
Ближний свет включи,headlights_set,"{""mode"": ""low""}"
Переключи на волну 101.2 FM,radio_set_station,"{""frequency"": ""101.2""}"
Активируй случайный порядок,media_shuffle_set,"{""state"": ""on""}"
Переключи радиостанцию дальше,radio_set,
"Проложи маршрут к ближайшей парковке, не отвлекай меня звонком",nav_start,"{""destination"": ""nearest parking""}"
Отклони этот звонок,call_hangup,
Позвони диспетчеру сейчас,call_start,"{""contact"": ""диспетчер""}"
Ответь на громкой связи,call_answer,"{""mode"": ""speaker""}"
Переведи телефон в беззвучный режим,volume_mute_set,"{""mute"": ""on""}"
Не беспокой меня разговорами,chitchat,
"Понизь температуру, слишком жарко",ac_set,"{""change"": ""down""}"
Установи скорость вентилятора на половину,ac_fan_set,"{""level"": ""50%""}"
"Закрой люк и окна, хочу тишины",sunroof_close,
Опусти все окна на десять процентов ради проветривания,window_set,"{""all"": true, ""position"": ""10%""}"
"Приглуши звук перед тем как я отвечу, не хочу терять разговор",volume_change,"{""direction"": ""down""}"
Хочу абсолютную тишину — останови все медиа,stop_music,
"Выключи подогрев руля, он горячий",wheel_heater_set,"{""state"": ""off""}"
"Включи противотуманные фары, видимость плохая",headlights_set,"{""mode"": ""fog""}"
Автоматические дворники включи,wipers_set,"{""mode"": ""auto""}"
"Открой окно пассажира чуть-чуть, не буди его",window_set,"{""side"": ""passenger"", ""position"": ""slightly""}"
Выключи климат-контроль немедленно,ac_off,
"Переключи режим на рециркуляцию, пожалуйста",ac_mode_set,"{""mode"": ""recirculation""}"
Поставь вентиляцию на максимум сейчас,ac_fan_set,"{""level"": ""max""}"
"Проветри салон, открой окна на минуту",window_set,"{""action"": ""open_all""}"
Закрой левое заднее окно полностью,window_set,"{""side"": ""rear_left"", ""position"": ""closed""}"
Опусти стекло водителя на 50 процентов,window_set,"{""side"": ""driver"", ""percent"": 50}"
"Включи обогрев руля, чуть-чуть теплее",wheel_heater_set,"{""state"": ""on""}"
Протри лобовое и включи обдув стекла,defrost_set,"{""front"": true, ""state"": ""on""}"
Подними шторку люка наполовину,sunroof_set,"{""position_percent"": 50}"
Открой люк потихоньку,sunroof_set,"{""state"": ""open""}"
"Убавь яркость фар, чтобы не слепить",headlights_set,"{""action"": ""dim""}"
Отключи дождевой сенсор на время,rain_set,"{""state"": ""off""}"
Поставь всё на паузу,media_pause,
Уменьши громкость на три,volume_change,"{""delta"": -3}"
"Звук на ноль, выключи звук",volume_mute_set,"{""muted"": true}"
Верни громкость на 20 процентов,volume_set,"{""percent"": 20}"
Поставь Bluetooth как источник,media_source_set,"{""source"": ""bluetooth""}"
Включи радио на частоту 101.2,radio_set_station,"{""station"": ""101.2""}"
"Радио, переключись на FM",radio_set,"{""band"": ""FM""}"
Включи радио 98.7 — новости,radio_set_station,"{""station"": ""98.7"", ""program"": ""новости""}"
Можно понизить температуру на пару градусов?,ac_set,"{""delta"": -2}"
"Выключи кондиционер, пусть будет свежо от дороги",ac_off,
"Подожди с навигацией, я сам разберусь",nav_cancel,
"Не буди её, открой боковое окно чуть-чуть",window_set,"{""side"": ""passenger"", ""position"": ""slightly""}"
Холодный воздух на пятёрку,ac_fan_set,"{""level"": 5}"
Включи вентиляцию сидений для пассажира,seat_vent_set,"{""side"": ""passenger"", ""state"": ""on""}"
"Подогрей заднее сиденье левое, пожалуйста",seat_heater_set,"{""side"": ""rear_left"", ""state"": ""on""}"
"Включи охлаждение кресла мне, прохладно",seat_vent_set,"{""side"": ""driver"", ""state"": ""on""}"
"Пожалуйста, притуши музыку: рассвет, туман, пассажир спит",volume_change,"{""delta"": -6}"
Поставь плейлист «Спокойная дорога»,play_music,"{""playlist"": ""Спокойная дорога""}"
"Притормози музыку, пусть пассажир поспит",media_pause,
"Включи фары, едва заметный свет",headlights_set,"{""mode"": ""on"", ""level"": ""dim""}"
"Как красиво рассвет встречает нас, не правда ли?",chitchat,
Приглуши радио на два деления,volume_change,"{""delta"": 2}"
Полностью выключи звук,volume_mute_set,"{""muted"": true}"
"Можешь приглушить, пожалуйста? Я хочу тишину.",volume_mute_set,
Сделай потише наполовину,volume_set,"{""percent"": 50}"
Останови плейлист,stop_music,
Поставь громкость на семьдесят процентов,volume_set,"{""percent"": 70}"
"Отключи звук на всем, я хочу тишину",volume_mute_set,"{""muted"": true}"
Поставь спокойную радиостанцию,radio_set,
"Отключи навигатор, он путается",nav_cancel,
"Проложи, пожалуйста, новый маршрут в центр, но избегай участков с заторами и дорог, где вода на проезжей части",nav_start,"{""destination"": ""центр""}"
Переключи дворники на быстрый режим,wipers_set,"{""speed"": ""fast""}"
Прикрыть окно,window_set,
Закрой окно полностью,window_set,"{""position"": ""closed""}"
"Закрой люк, на улице дождь",sunroof_close,
Переключись на ближний свет,high_beam_set,"{""state"": ""off""}"
Подогрей сиденье водителя на два уровня,seat_heater_set,"{""seat"": ""driver"", ""level"": 2}"
Останови музыку и пусть будет тишина,stop_music,
"Поставь плейлист без слов, хочу ехать в тишине и без вокала",play_music,"{""filter"": ""no_lyrics""}"
"Следующая песня, и потише",next_track,
"Слушай радио, пожалуйста потише",radio_set,
"Прими звонок, пожалуйста",call_answer,
"Сверни навигацию, дай мне тишину",nav_cancel,
Понизь вентилятор кондиционера,ac_fan_set,
"Какой сегодня прогноз? Дождь будет весь день, не перестанет ли?",chitchat,
"Сделай так, чтобы в салоне воцарилась тишина: отключи музыку и приглуши все уведомления",volume_mute_set,
"Пожалуйста, проложи альтернативный маршрут, если навигатор снова начнёт вести неправильно",nav_start,
"Открой окно на десять процентов, но не больше — на улице дождь",window_set,"{""percent"": 10}"
"Хочу прохладу, 18 градусов",ac_set,"{""temperature"": 18}"
Опусти все окна до половины,window_set,"{""position"": ""half"", ""targets"": ""all""}"
Открыть люк полностью,sunroof_set,"{""position"": ""open"", ""percent"": 100}"
"Построй маршрут до ближайшей заправки, пожалуйста",nav_start,"{""destination"": ""nearest_gas_station""}"
"Мне холодно, разогрей оба передних сиденья на максимум",seat_heater_set,"{""seats"": ""front_both"", ""level"": ""max""}"
Охлаждение сидений отключи,seat_vent_set,"{""state"": ""off""}"
Плотно закрыть люк,sunroof_close,
Включи плейлист «По дороге домой»,play_music,"{""playlist"": ""По дороге домой""}"
Прибавь громкость на два,volume_change,"{""delta"": 2}"
Немедленно заглуши звук,volume_mute_set,"{""state"": ""on""}"
Опусти стекло справа,window_set,"{""side"": ""right"", ""action"": ""lower""}"
Приоткрой заднее окно чуть-чуть,window_set,"{""side"": ""rear"", ""position"": ""ajar""}"
Открой все окна — нужен свежий ветер,window_set,"{""side"": ""all"", ""action"": ""open""}"
Подними левое окно на половину,window_set,"{""side"": ""left"", ""position"": ""50%""}"
"Пожалуйста, запри окна — запахи на улице сильные",window_set,"{""position"": ""closed""}"
"Убавь кондиционер, жарко слишком",ac_set,
"Отключи климат-контроль, мне прохладно",ac_off,
Поставь автоматический режим обдува,ac_mode_set,"{""mode"": ""auto""}"
Подними скорость вентилятора на три ступени,ac_fan_set,"{""delta"": 3}"
Уменьши обдув наполовину,ac_fan_set,"{""level"": ""50%""}"
"Пожалуйста, убавь подогрев пассажира",seat_heater_set,"{""seat"": ""passenger"", ""action"": ""decrease""}"
Охлади кресло — вентиляция на средней,seat_vent_set,"{""seat"": ""driver"", ""level"": ""medium""}"
Включи вентиляцию сиденья спереди,seat_vent_set,"{""seat"": ""front"", ""state"": ""on""}"
Прогрей стекла от запотевания,defrost_set,"{""zone"": ""front""}"
"Подрули, и включи обдув на лобовое",defrost_set,"{""zone"": ""front""}"
"Открой люк чуть-чуть, мне свежо, но не шумно",sunroof_set,"{""position"": ""tilt_small""}"
"Закрой люк, запахи улицы слишком сильные",sunroof_close,
"Сделай потише, не отвлекайся",volume_change,"{""delta"": ""-""}"
Ставь повтор альбомной очереди,media_repeat_set,"{""mode"": ""album""}"
"Пожалуйста, включи случайный порядок треков",media_shuffle_set,"{""state"": ""on""}"
Позвони Оле по громкой связи,call_start,"{""contact"": ""Оля"", ""handsfree"": true}"
Выключи дальний — встречная машина,high_beam_set,"{""state"": ""off""}"
Увеличь чувствительность дождя,rain_set,"{""sensitivity"": ""high""}"
"Подогрей руль, руки потеют",wheel_heater_set,"{""state"": ""on""}"
"Не отвлекайся, просто тихо поговори со мной",chitchat,
Какой сегодня трафик по пути в центр?,chitchat,
Понизь громкость музыки на один деление,volume_change,"{""delta"": 1}"
"Сделай музыку потише, пожалуйста, на три деления",volume_change,"{""delta"": 3}"
Переключи источник на USB номер два,media_source_set,"{""source"": ""USB"", ""port"": ""2""}"
Включи повтор всех треков плейлиста,media_repeat_set,"{""mode"": ""all""}"
"Перемешай альбом, но без громкой рекламы",media_shuffle_set,"{""scope"": ""album""}"
Настроить радиостанцию «Город FM»,radio_set_station,"{""station_name"": ""Город FM""}"
Прокладывай маршрут в объезд стройки на Гончарной улице,nav_start,"{""destination"": ""Гончарная улица"", ""avoid"": ""construction""}"
Отмени маршрут и верни музыку,nav_cancel,
"Прими входящий звонок, молча",call_answer,"{""mode"": ""silent""}"
Заверши текущий разговор и включи кондиционер,call_hangup,
Свет фар включи автоматом,headlights_set,"{""mode"": ""auto""}"
Включи дворники на постоянный режим,wipers_set,"{""mode"": ""continuous""}"
Когда начнёт лить — включи режим «Дождь»,rain_set,"{""mode"": ""auto""}"
"Не сейчас, просто тихо посиди со мной",chitchat,
Опусти задние стекла,window_set,"{""side"": ""rear""}"
Охлаждение на 21 градус,ac_set,"{""temperature"": 21}"
Установи обдув на ноги и торс,ac_mode_set,"{""mode"": ""feet_and_face""}"
Повысь обороты вентилятора,ac_fan_set,
Подогрей левое сиденье на вторую ступень,seat_heater_set,"{""side"": ""left"", ""level"": 2}"
Вентиляцию в сиденьях включи,seat_vent_set,
"Пожалуйста, включи вентиляцию кресел на минималку",seat_vent_set,"{""level"": 1}"
Запусти навигацию до дома,nav_start,"{""destination"": ""home""}"
"Пожалуйста, включи кондиционер, сделай прохладу приблизительно на двадцать два градуса, мне жарко",ac_set,"{""temperature"": 22}"
"Пусть будет что-нибудь спокойное и без слов, включи, пожалуйста, плейлист для концентрации",play_music,"{""mood"": ""calm_instrumental""}"
"Тише, снизь громкость на два шага",volume_change,"{""delta"": 2}"
Найди станцию FM на девяносто четыре,radio_set_station,"{""frequency"": 94.0}"
Навигация: веди меня до работы,nav_start,"{""destination"": ""work""}"
Подогрей заднее сиденье на максимум,seat_heater_set,"{""seat"": ""rear"", ""level"": ""max""}"
Перекинь на AUX,media_source_set,"{""source"": ""aux""}"
"Полностью открой люк, хочу свежего воздуха",sunroof_set,"{""position"": ""fully_open""}"
Добавь скорость вентилятора на два уровня,ac_fan_set,"{""delta"": ""+2""}"
Вентилятор — максимум,ac_fan_set,"{""level"": ""max""}"
"Хватит, пожалуйста, выключи и кондиционер, и обогрев сидений — холодно",ac_off,
Отключи отопление на заднем пассажирском сиденье,seat_heater_set,"{""seat"": ""rear"", ""level"": ""0""}"
"Проветри салон, приоткрой люк на пару сантиметров",sunroof_set,"{""position"": ""tilt_small""}"
"Охлади пассажирское сиденье, пожалуйста",seat_vent_set,"{""seat"": ""passenger"", ""state"": ""on""}"
Нужен тёплый воздух на лобовое стекло,defrost_set,"{""which"": ""front"", ""state"": ""on""}"
Прокладывай маршрут до ближайшей АЗС,nav_start,"{""destination"": ""ближайшая АЗС""}"
Настрой радио на 98.5,radio_set_station,"{""frequency"": ""98.5""}"
Сделай источник CD,media_source_set,"{""source"": ""CD""}"
Отключи режим случайного воспроизведения,media_shuffle_set,"{""state"": ""off""}"
"Сделай погромче, пожалуйста, но не слишком, мне важна навигация и я хочу слышать указания",volume_change,
Убавь звук на два шага,volume_change,"{""delta"": ""-2""}"
Уровень звука тридцать процентов,volume_set,"{""level"": ""30%""}"
Добавь громкость на десять пунктов,volume_change,"{""delta"": ""+10""}"
"Можешь, пожалуйста, перескочить на следующий трек, если он есть?",next_track,
Прошлый трек,previous_track,
Включи новости в медиаплеере,play_music,"{""content"": ""новости""}"
Переключи радио на станцию Европа Плюс,radio_set_station,"{""station"": ""Европа Плюс""}"
Включи режим автосвета для фар,headlights_set,"{""mode"": ""auto""}"
Убавь подогрев задней левой сидушки на два,seat_heater_set,"{""seat"": ""rear_left"", ""delta"": ""-2""}"
"Пожалуйста, включи Bluetooth и переключись на мой телефон",media_source_set,"{""source"": ""Bluetooth"", ""device"": ""мой телефон""}"
"Не открывай люк, дождь идёт",sunroof_close,
Поставь люк на двадцать процентов,sunroof_set,"{""percent"": 20}"
Сделай обдув потише,ac_fan_set,"{""direction"": ""down""}"
Понизь градусы на три,ac_set,"{""delta"": -3}"
"Запах с улицы постоянный — включи рециркуляцию, пожалуйста",ac_mode_set,"{""mode"": ""recirculation""}"
Остывай руль,wheel_heater_set,"{""on"": false}"
"Дождь идёт, включи дворники на автомат",rain_set,"{""mode"": ""auto""}"
Понизь интервалы дворников,wipers_set,"{""mode"": ""intermittent"", ""action"": ""decrease""}"
Подай обдув на лобовое стекло,defrost_set,"{""target"": ""front"", ""on"": true}"
"Приоткрой окно, чтобы проветрить",window_set,
Открой левое заднее окно полностью,window_set,"{""window"": ""rear_left"", ""position"": 100}"
Поиграй джаз,play_music,"{""genre"": ""jazz""}"
"Громче, я ничего не слышу из-за дождя",volume_change,"{""direction"": ""up""}"
Выставь громкость на семь,volume_set,"{""level"": 7}"
"Мне нужно заправиться и быстрее добраться до трассы, проложи маршрут до ближайшей АЗС",nav_start,"{""destination"": ""АЗС""}"
Автофары включить,headlights_set,"{""mode"": ""auto""}"
Радио на DFM,radio_set,"{""station_name"": ""DFM""}"
"Включи что-нибудь энергичное, чтобы заглушить шум с парковки и поднять настроение",play_music,"{""mood"": ""energetic""}"
Сделай вентиляцию сиденья для пассажира,seat_vent_set,"{""seat"": ""passenger"", ""on"": true}"
Отопли пассажирское сиденье до уровня два,seat_heater_set,"{""seat"": ""passenger"", ""level"": 2}"
"Вентиляция, убавь",seat_vent_set,"{""action"": ""decrease""}"
Подними обогрев до семи,seat_heater_set,"{""seat"": ""driver"", ""level"": 7}"
"Проведи меня домой, пожалуйста",nav_start,"{""destination"": ""дом""}"
"Навигация, не надо",nav_cancel,
Сделай повторы выключенными,media_repeat_set,"{""mode"": ""off""}"
Переключи назад радио на 99.5,radio_set_station,"{""frequency"": 99.5}"
"На парковке рассвет, дождь и запахи с улицы — почему так громко, не могу сосредоточиться",chitchat,
Сделай потише на половину,volume_change,"{""percent"": 50}"
Поставь громкость на три,volume_set,"{""level"": 3}"
"Включи следующую песню, пожалуйста",next_track,
"Можешь, пожалуйста, включить плейлист «тихая ночь», без басов и резких ударных, я хочу спокойно послушать?",play_music,"{""playlist"": ""тихая ночь""}"
Переключись на FM 101.3,radio_set_station,"{""frequency"": 101.3}"
Станция восемьдесят восемь точка семь,radio_set_station,"{""frequency"": 88.7}"
Малыми шагами громче,volume_change,"{""direction"": ""up"", ""step"": ""small""}"
Сделай звук полностью тише,volume_mute_set,"{""mute"": true}"
"Музыка слишком громко, приглуши, пожалуйста, у меня окна приоткрыты и от запахов с улицы хочется тишины",volume_change,
Заднее стекло — закрыть,window_set,"{""side"": ""rear"", ""position"": ""close""}"
Приоткрой переднее левое окно немного,window_set,"{""side"": ""front_left"", ""amount"": ""slightly""}"
Открой крышу на половину,sunroof_set,"{""position_percent"": 50}"
"Пожалуйста, прикрой люк: с улицы запахи и слякоть попадают внутрь, хочется тишины",sunroof_close,
Температуру сделай двадцать градусов,ac_set,"{""temperature"": 20}"
Понизь градус на два,ac_set,"{""adjust"": ""down"", ""degrees"": 2}"
Поставь режим обдува на ноги и лицо,ac_mode_set,"{""mode"": ""feet_face""}"
Вентилятор чуть прибавь,ac_fan_set,"{""direction"": ""up"", ""step"": ""small""}"
Подогрей сиденье водителя на две,seat_heater_set,"{""target"": ""driver"", ""level"": 2}"
Вентиляция кресла — включи,seat_vent_set,"{""state"": ""on""}"
Сними запотевание со стекол,defrost_set,
Переднее стекло разморозить,defrost_set,"{""target"": ""front""}"
Авто-режим дождя включить,rain_set,"{""mode"": ""auto""}"
Дальний отключи,high_beam_set,"{""state"": ""off""}"
"Проклади, пожалуйста, спокойный маршрут до дома, без скоростных шоссе и многолюдных улиц — нужно как можно тише",nav_start,"{""destination"": ""дом"", ""avoid"": [""highways"", ""busy_roads""]}"
"Проложи маршрут к гаражу, пожалуйста, чтобы не ехать по магистралям — по дворовым проездам, мне важна тишина",nav_start,"{""destination"": ""гараж"", ""avoid"": ""highways"", ""prefer"": ""residential_roads""}"
"Пожалуйста, тише — запах улицы мешает",chitchat,
"Мне сейчас нужна полная тишина: приглуши звук, закрой люк и окна, пожалуйста, на заднем дворе слякоть и запахи улицы мешают",chitchat,
"Закрой окна, пожалуйста, шум у подъезда",window_set,"{""target"": ""all"", ""position"": ""close"", ""reason"": ""noise""}"
Подними стекло водителя на половину,window_set,"{""side"": ""driver"", ""position"": ""50%""}"
Немного приоткрой переднее пассажирское,window_set,"{""side"": ""front_passenger"", ""position"": ""ajar""}"
Остужай салон до 19 градусов,ac_set,"{""temperature"": 19}"
Поставь вентиляцию кресла пассажира на третий уровень,seat_vent_set,"{""side"": ""passenger"", ""level"": 3}"
Нужно разморозить заднее стекло,defrost_set,"{""zone"": ""rear""}"
Открой солнцезащитную шторку,sunroof_set,"{""target"": ""shade""}"
Понизь звук на три деления,volume_change,"{""steps"": 3, ""direction"": ""down""}"
Радио на 101.2,radio_set_station,"{""frequency"": ""101.2""}"
"Поставь FM на 88.7, пожалуйста",radio_set_station,"{""frequency"": ""88.7""}"
Нагрей руль на максимум,wheel_heater_set,"{""level"": ""max""}"
Какая погода тут будет сегодня?,chitchat,
Кто выиграл вчерашний матч?,chitchat,
Включи поп-музыку,play_music,"{""genre"": ""pop""}"
"Поставь классическую музыку, тихо",play_music,"{""genre"": ""classical"", ""volume"": ""low""}"
Сделай тише на два щелчка,volume_change,"{""steps"": 2, ""direction"": ""down""}"
Набери номер 8 495 123-45-67,call_start,"{""phone"": ""+7 495 1234567""}"
Навигируй меня на ближайшую заправку,nav_start,"{""destination"": ""nearest_gas_station""}"
Нагрей левое сиденье на два,seat_heater_set,"{""side"": ""left"", ""level"": 2}"
Поставь громкость на средний уровень,volume_set,"{""level"": ""medium""}"
Повторяй все треки,media_repeat_set,"{""mode"": ""repeat_all""}"
Подключись по Блютуз,media_source_set,"{""source"": ""bluetooth""}"
Подогрей правое сиденье на три,seat_heater_set,"{""side"": ""right"", ""level"": 3}"
Сколько киловатт у электромобиля?,chitchat,
Открой окно водителя полностью,window_set,"{""window"": ""driver"", ""position"": ""100%""}"
Подними правое переднее наполовину,window_set,"{""window"": ""front_right"", ""position"": ""50%""}"
"Мне очень жарко в машине, охлади салон до восемнадцати градусов, пожалуйста",ac_set,"{""temperature"": 18}"
"Пожалуйста, отключи климат",ac_off,
Сделай обдув только на ноги,ac_mode_set,"{""mode"": ""floor""}"
Увеличь скорость вентилятора на два уровня,ac_fan_set,"{""direction"": ""up"", ""steps"": 2}"
Подогрей заднее правое сиденье на два,seat_heater_set,"{""seat"": ""rear_right"", ""level"": 2}"
Выключи охлаждение сидения пассажира,seat_vent_set,"{""seat"": ""front_passenger"", ""state"": ""off""}"
Включи разморозку стекол,defrost_set,"{""target"": ""all"", ""state"": ""on""}"
Пошире распахни панорамную крышу,sunroof_set,"{""position"": ""open_wide""}"
Пусти последний альбом Билли Айлиш,play_music,"{""artist"": ""Билли Айлиш"", ""item"": ""last_album""}"
Воспроизведи что-то бодрое,play_music,"{""mood"": ""upbeat""}"
"Я устал и хочу расслабиться, включи, пожалуйста, спокойный джазовый плейлист примерно на час",play_music,"{""genre"": ""jazz"", ""mood"": ""relaxing"", ""duration"": ""1h""}"
Сделай громкость магнитолы двадцать процентов,volume_set,"{""level"": ""20%""}"
Настрой радио на волну FM,radio_set,"{""band"": ""FM""}"
Поставь станцию Радио Шансон,radio_set_station,"{""station"": ""Радио Шансон""}"
"Я еду домой, но хочу объехать пробки — построй маршрут через дороги с меньшим трафиком",nav_start,"{""destination"": ""home"", ""avoid"": ""high_traffic""}"
Построй путь до центра города,nav_start,"{""destination"": ""city_center""}"
Позвони в экстренные службы,call_start,"{""contact"": ""emergency_services""}"
Переключи на автоматический режим фар,headlights_set,"{""mode"": ""auto""}"
Поставь дворники на интервальные взмахи,wipers_set,"{""mode"": ""intermittent""}"
"Приоткрой заднее левое окно на три сантиметра, чтобы проветрить салон",window_set,"{""window"": ""rear_left"", ""action"": ""open"", ""amount_cm"": 3}"
"Сделай температуру кондиционера двадцать два градуса, мне прохладно",ac_set,"{""temperature"": 22}"
Усиль вентиляцию на максимум,ac_fan_set,"{""level"": ""max""}"
"Убавь обдув на два шага, слишком шумно",ac_fan_set,"{""direction"": ""decrease"", ""steps"": 2}"
Включи подогрев водительского кресла на средний уровень,seat_heater_set,"{""seat"": ""driver"", ""level"": ""medium""}"
Отодвинь люк на пять сантиметров,sunroof_set,"{""action"": ""open"", ""amount_cm"": 5}"
Настрой радио на FM 103.2,radio_set_station,"{""band"": ""FM"", ""frequency"": 103.2}"
"Прокладывай маршрут в центр города, избегая платных дорог и пробок",nav_start,"{""destination"": ""city center"", ""avoid_tolls"": true, ""avoid_traffic"": true}"
"Мне холодно, понизь температуру на три градуса",ac_set,"{""direction"": ""decrease"", ""delta"": 3}"
Переведи климат в экономичный режим,ac_mode_set,"{""mode"": ""eco""}"
Открой все боковые окна чуть-чуть,window_set,"{""window"": ""side_all"", ""action"": ""open"", ""amount"": ""slightly""}"
Прикрой окно пассажира наполовину,window_set,"{""window"": ""passenger"", ""action"": ""close"", ""amount"": ""50%""}"
Пусти джазовую станцию,play_music,"{""genre"": ""jazz""}"
Включи Bluetooth-музыку с телефона,media_source_set,"{""source"": ""bluetooth""}"
"Пожалуйста, сделай громкость потише",volume_change,"{""direction"": ""down""}"
Отключи музыку полностью,stop_music,
Поставь радиостанцию «Радио России»,radio_set_station,"{""station_name"": ""Радио России""}"
Навигируй до ближайшей кофейни — хочу успеть на кофе за пять минут,nav_start,"{""destination"": ""nearest cafe""}"
Позвони Петру в офис,call_start,"{""contact"": ""Пётр""}"
"Слабее обдув, пожалуйста",ac_fan_set,"{""direction"": ""decrease""}"
Притуши фары до ближнего света,headlights_set,"{""state"": ""low""}"
Хочется поболтать,chitchat,
Правое окно закрыть,window_set,"{""side"": ""правое""}"
Приоткрой левое наполовину,window_set,"{""side"": ""левое"", ""position"": ""наполовину""}"
Все окна на проветривание,window_set,"{""target"": ""все"", ""mode"": ""проветривание""}"
"Направь обдув на ноги, пожалуйста",ac_mode_set,"{""mode"": ""feet""}"
Задняя оттайка — включи,defrost_set,"{""target"": ""заднее""}"
Включи дворники на интенсивный режим,wipers_set,"{""speed"": ""high""}"
Поставь громкость на пятьдесят,volume_set,"{""level"": 50}"
"Включи USB и проиграй трек ""Детство""",play_music,"{""track"": ""Детство"", ""source"": ""USB""}"
Проложи маршрут в центр,nav_start,"{""destination"": ""центр""}"
"Приоткрой окно наполовину, пожалуйста, чтобы проветрить салон",window_set,"{""position"": ""наполовину""}"
"Утром в туннеле встречка ослепляет, срочно выключи дальний свет",high_beam_set,
"Дети шумят, убавь громкость до двадцати",volume_set,"{""level"": 20}"
Переключи радиостанцию на рок,radio_set,"{""genre"": ""рок""}"
Выключи звук прямо сейчас,volume_mute_set,"{""mute"": true}"
Поставь обдув на лобовое стекло,ac_mode_set,"{""mode"": ""windshield""}"
Проветри салон свежим воздухом,ac_mode_set,"{""mode"": ""fresh_air""}"
Громкость вверх на пять,volume_change,"{""delta"": 5}"
Почему так шумно в машине?,chitchat,
"Встречка слепит, я не могу нормально ехать",chitchat,
Радио на 90.5,radio_set_station,"{""frequency"": ""90.5""}"
Подними правое переднее окно на три четверти,window_set,"{""window"": ""правое переднее"", ""position"": ""75%""}"
Опусти переднее пассажирское окно наполовину,window_set,"{""window"": ""переднее пассажирское"", ""position"": ""50%""}"
Закрой стекла полностью,window_set,"{""window"": ""все"", ""position"": ""100%""}"
Включи режим обогрева салона,ac_mode_set,"{""mode"": ""обогрев""}"
Понизь обороты вентилятора до минимальных,ac_fan_set,"{""level"": ""минимальные""}"
"Пожалуйста, чуть-чуть подогрей заднее правое сиденье",seat_heater_set,"{""seat"": ""заднее правое"", ""level"": ""слегка""}"
Включи вентиляцию переднего пассажира на средний,seat_vent_set,"{""seat"": ""передний пассажир"", ""level"": ""средний""}"
Сдвинь люк на тридцать процентов,sunroof_set,"{""position"": ""30%""}"
Поставь повтор всего альбома,media_repeat_set,"{""mode"": ""album""}"
Переключись на трёхсотой станцию в списке,radio_set_station,"{""preset"": ""3""}"
"Проклади маршрут до Соборной площади через центр города, избегай платных дорог",nav_start,"{""destination"": ""Соборная площадь"", ""avoid"": ""платные дороги""}"
Автоматический режим дворников при дожде,rain_set,"{""mode"": ""авто""}"
Какой сегодня трафик до работы?,chitchat,
"Пожалуйста, уменьшите шум музыки — слишком громко",volume_change,"{""direction"": ""down"", ""reason"": ""too_loud""}"
Включи USB как источник звука,media_source_set,"{""source"": ""USB""}"
Повтори этот трек пожалуйста,media_repeat_set,"{""mode"": ""track""}"
Начни маршрут до аэропорта терминал два,nav_start,"{""destination"": ""аэропорт терминал 2""}"
"Отмени текущую прокладку маршрута, пожалуйста",nav_cancel,
Позвонить Олегу,call_start,"{""contact"": ""Олег""}"
Включи ближний свет только,headlights_set,"{""mode"": ""ближний""}"
Включи обогрев лобового и заднего стекла,defrost_set,"{""target"": ""лобовое и заднее""}"
Можешь рассказать шутку?,chitchat,
Максимально открой окно водителя,window_set,"{""window"": ""водительское"", ""position"": ""100%""}"
"Приоткрой небольшой клапан на окне, чтобы проветрить салон",window_set,"{""window"": ""все"", ""position"": ""клапан небольшое""}"
Открой левое переднее стекло на треть,window_set,"{""window"": ""left_front"", ""percent"": 33}"
Подними стекло задней правой двери,window_set,"{""window"": ""right_rear"", ""position"": ""up""}"
Охладь салон до двадцати двух градусов,ac_set,"{""temperature"": 22}"
"Переключись в режим рециркуляции воздуха, пожалуйста",ac_mode_set,"{""mode"": ""recirculation""}"
"Охлади кресло пассажира, убери подачу",seat_vent_set,"{""seat"": ""passenger"", ""level"": 0}"
Накрой зеркала от запотевания,defrost_set,"{""target"": ""mirrors"", ""state"": ""on""}"
Полностью приоткрой люк,sunroof_set,"{""position"": ""tilt""}"
Закрой панораму,sunroof_close,
Воспроизведи эту песню: 'Кукушка' Цоя,play_music,"{""track"": ""Кукушка"", ""artist"": ""Цой""}"
Слушай ФМ,media_source_set,"{""source"": ""fm""}"
Настрой радио на частоту сто одна точка пять,radio_set_station,"{""frequency"": 101.5}"
Включи навигатор до ближайшей заправки,nav_start,"{""destination"": ""ближайшая заправка""}"
Фары — включи,headlights_set,"{""state"": ""on""}"
Дворники на быстрый режим,wipers_set,"{""speed"": ""high""}"
Снизь чувствительность датчиков дождя,rain_set,"{""sensitivity"": ""low""}"
Подыгрей заднее левое кресло,seat_heater_set,"{""seat"": ""rear_left""}"
Охлади водительское сиденье наполовину,seat_vent_set,"{""seat"": ""driver"", ""level_percent"": 50}"
Прогрей стекла и зеркала перед поездкой,defrost_set,"{""target"": ""windows_and_mirrors"", ""state"": ""on""}"
"Сделай климат потише, пожалуйста, спать собираюсь",ac_fan_set,
Переключись на USB — музыка с флешки,media_source_set,"{""source"": ""usb""}"
Немного рандомай,media_shuffle_set,
Радио на станцию Наше радио,radio_set_station,"{""station_name"": ""Наше радио""}"
Слушай это,play_music,
Заткнись,volume_mute_set,"{""mute"": true}"
"Потряси меня, включи музыку и поехали!",play_music,
Запусти обогрев лобового стекла,defrost_set,"{""window"": ""front""}"
Настрой частоту на 104.5,radio_set_station,"{""station"": 104.5}"
Проложи маршрут к ближайшей заправке без платных дорог,nav_start,"{""destination"": ""nearest_gas_station"", ""avoid"": ""tolls""}"
Как тебе моя новая заставка?,chitchat,
Какая сегодня погода в городе?,chitchat,
Поставь вентилятор на пять,ac_fan_set,"{""level"": 5}"
Переведи климат на подачу свежего воздуха,ac_mode_set,"{""mode"": ""fresh_air""}"
"Пожалуйста, сделай в салоне прохладнее на три градуса, мне жарко",ac_set,"{""delta"": 3}"
Охлаждение кресел на максимум,seat_vent_set,"{""level"": ""max""}"
Убери лёд со стекла,defrost_set,
Поставь плейлист для дождливой погоды из моей библиотеки,play_music,"{""mood"": ""rainy""}"
Перепрыгни песню,next_track,
Повтори предыдущую,previous_track,
"Добавь немного громкости, пожалуйста",volume_change,
Громкость на пятьдесят процентов,volume_set,"{""percent"": 50}"
Настрой на 98.7,radio_set_station,"{""station"": 98.7}"
"Прокладывай до аэропорта, международный терминал B",nav_start,"{""destination"": ""airport_terminal_b""}"
Опусти левое стекло до конца,window_set,"{""side"": ""left"", ""position"": ""down""}"
Повысь температуру на три градуса,ac_set,"{""delta"": 3}"
Установи температуру 22,ac_set,"{""temperature"": 22}"
Увеличь силу вентилятора на максимум,ac_fan_set,"{""level"": ""max""}"
Включи подогрев водительского сиденья на средний уровень,seat_heater_set,"{""side"": ""driver"", ""level"": ""medium""}"
Провентилируй переднее пассажирское сиденье,seat_vent_set,"{""side"": ""passenger_front"", ""state"": ""on""}"
Выключи вентиляцию заднего сиденья,seat_vent_set,"{""side"": ""rear"", ""state"": ""off""}"
Сделай погромче на две единицы,volume_change,"{""delta"": 2}"
Завершить звонок,call_hangup,
"Привет, как ты?",chitchat,
"Закрой люк полностью, пожалуйста",sunroof_close,"{""target"": ""sunroof"", ""politeness"": ""please""}"
Поставь радио на 89.3,radio_set_station,"{""frequency"": 89.3}"
Повтори последний трек ещё раз,media_repeat_set,"{""state"": ""on"", ""scope"": ""track""}"
Выкрути звук на пятнадцать,volume_set,"{""level"": 15}"
"Заткни музыку, пожалуйста",stop_music,
"Следующая песня, давай",next_track,
Прогрей задние сиденья на пять,seat_heater_set,"{""side"": ""rear"", ""level"": 5}"
Активируй автоматический дальний свет,high_beam_set,"{""mode"": ""auto""}"
Включи режим дождя (датчик),rain_set,"{""state"": ""on""}"
"Выключи обогрев руля, пожалуйста",wheel_heater_set,"{""state"": ""off""}"
Поставь люк наполовину,sunroof_set,"{""position_percent"": 50}"
Сдвинь шторку люка на десять процентов,sunroof_set,"{""shade_position_percent"": 10}"
"Включи джазовую музыку, пожалуйста",play_music,"{""genre"": ""jazz""}"
Настрой радиостанцию на 103.5 FM,radio_set_station,"{""frequency"": 103.5, ""band"": ""FM""}"
Включи «Европа Плюс»,radio_set_station,"{""station"": ""Европа Плюс""}"
Используй USB как источник звука,media_source_set,"{""source"": ""USB""}"
Начни навигацию до работы,nav_start,"{""destination"": ""работа""}"
Позвони Диме,call_start,"{""contact"": ""Дима""}"
Подсоедини телефон и позвони маме,call_start,"{""contact"": ""мама""}"
"Привет, как сегодня настроение?",chitchat,
Сколько километров до следующего города?,chitchat,
"Остуди пассажирское сиденье, пожалуйста",seat_vent_set,"{""seat"": ""passenger"", ""state"": ""on""}"
"Подожди, я перезвоню через минуту",chitchat,
Подогрей пассажирское сиденье на три уровня,seat_heater_set,"{""seat"": ""passenger"", ""level"": 3}"
Сделай подогрев заднего левого сиденья сильнее,seat_heater_set,"{""seat"": ""rear_left"", ""action"": ""increase""}"
"Мне холодно, включи, пожалуйста, кондиционер на двадцать два градуса и немного уменьшай вентилятор",ac_set,"{""temperature"": 22}"
"Слушай, включи мою любимую плейлист с акустикой и не перемешивай",play_music,"{""genre"": ""acoustic"", ""shuffle"": ""off""}"
"Здравствуйте, проведи меня к ближайшей стоянке и обойди пробку по внутренним улицам",nav_start,"{""destination"": ""ближайшая стоянка""}"
"Опусти окно водителя на половину, потише — пассажир спит",window_set,"{""сторона"": ""водительское"", ""позиция"": ""наполовину""}"
"Закрой окно сзади полностью, пожалуйста",window_set,"{""сторона"": ""заднее"", ""позиция"": ""всё""}"
Опусти правое переднее стекло слегка,window_set,"{""сторона"": ""правое переднее"", ""позиция"": ""слегка""}"
Открой люк на максимум — дует туман,sunroof_set,"{""позиция"": ""максимум""}"
Закрой люк тихо,sunroof_close,
"Понизь температуру на два градуса, холодно утром",ac_set,"{""изменение"": ""-2""}"
"Включи обогрев сиденья водителя на максимум, быстро",seat_heater_set,"{""сиденье"": ""водительское"", ""уровень"": ""максимум""}"
"Отключи вентиляцию кресла, не буди пассажира",seat_vent_set,"{""сиденье"": ""не указано"", ""состояние"": ""выключить""}"
Включи вентиляцию пассажирского сиденья на минимум,seat_vent_set,"{""сиденье"": ""пассажирское"", ""уровень"": ""минимум""}"
Подогрев задних сидений на три ступени,seat_heater_set,"{""сиденье"": ""задние"", ""уровень"": ""3""}"
"Быстро включи обдув лобового, запотевает и туман",defrost_set,"{""скорость"": ""быстро""}"
"Включи фары ближнего света, видно плохо",headlights_set,"{""режим"": ""ближний""}"
"Максимальный дальний свет — нет, подожди",high_beam_set,"{""действие"": ""переключить""}"
Включи дворники на режим авто — моросит,wipers_set,"{""режим"": ""авто""}"
Понизь чувствительность дождевого датчика,rain_set,"{""действие"": ""понизить""}"
По радио тихо — включи FM,media_source_set,"{""источник"": ""FM""}"
"Воспроизведи последние треки, но потише — пассажир спит",play_music,
Предыдущая композиция — громко не надо,previous_track,
Громче на две ступени,volume_change,"{""изменение"": ""2""}"
Сделай звук тише в два раза,volume_change,"{""изменение"": ""-50%""}"
"Выключи звук полностью, пожалуйста",volume_mute_set,"{""состояние"": ""mute""}"
"Переключись на Bluetooth, телефон подключи",media_source_set,"{""источник"": ""Bluetooth""}"
Настрой радиостанцию на 103.5,radio_set_station,"{""частота"": ""103.5""}"
Включи новости по радио,radio_set,"{""жанр"": ""новости""}"
"Проложи маршрут до ближайшего съезда, тороплюсь",nav_start,"{""назначение"": ""ближайший съезд""}"
Отмени навигацию и покажи карту,nav_cancel,
"Позвони жене и скажи, что опаздываю",call_start,"{""контакт"": ""жена""}"
"Ответь на вызов, но говори негромко",call_answer,
Заверши звонок сразу,call_hangup,
"Включи дальний свет ненадолго, дорога плохая",high_beam_set,"{""длительность"": ""кратко""}"
"Понизь фары до обычных, пассажир спит",headlights_set,"{""режим"": ""обычный""}"
Переключи дворники на интервал два,wipers_set,"{""интервал"": ""2""}"
Авто-режим дворников выключи,wipers_set,"{""режим"": ""выключить авто""}"
Тихая болтовня,chitchat,
"Как туман сегодня, показывай осторожно",chitchat,
Быстро включи радио и найди пробки,radio_set,"{""задача"": ""пробки""}"
"Сделай звук чуть громче, но не буди пассажира",volume_change,"{""изменение"": ""+1""}"
Поменяй трек и прибавь баса,next_track,
Верни предыдущую песню и тихо,previous_track,
Отключи рандом при воспроизведении,media_shuffle_set,"{""состояние"": ""выкл""}"
Тихо сделай громче до семи,volume_set,"{""уровень"": ""7""}"
Убери музыку совсем — нужно сосредоточиться,stop_music,
Найди станцию джаз и включи её,radio_set,"{""жанр"": ""джаз""}"
"Прокладывай путь через меньшую улицу, сворачивай быстрее",nav_start,"{""приоритет"": ""быстрее""}"
Включи обогрев стекол задней двери,defrost_set,"{""часть"": ""заднее стекло"", ""состояние"": ""вкл""}"
Техническая заметка: проверка фар,chitchat,
"Понизь обдув на половину, чтобы не шумело в салоне",ac_fan_set,"{""уровень"": ""наполовину""}"
Опусти переднее пассажирское на 20%,window_set,"{""side"": ""front_passenger"", ""position_percent"": 20}"
Окно водителя — вниз,window_set,"{""side"": ""driver"", ""position"": ""open""}"
Переключи режим обогрева на auto,ac_mode_set,"{""mode"": ""auto""}"
Установи рециркуляцию воздуха,ac_mode_set,"{""mode"": ""recirculation""}"
Увеличь вентилятор на одно деление,ac_fan_set,"{""delta"": 1}"
Вентиляция сидений: выключи,seat_vent_set,"{""state"": ""off""}"
"Охлади моё сиденье, включи вентилирование на средний",seat_vent_set,"{""side"": ""driver"", ""level"": ""medium""}"
Включи радио как источник,media_source_set,"{""source"": ""radio""}"
"Перемешивание включить, пожалуйста",media_shuffle_set,"{""state"": true}"
Поставь станцию на сто два и точка четыре,radio_set_station,"{""frequency_mhz"": 102.4}"
"Проложи путь до аэропорта, там пробки — объедем",nav_start,"{""destination"": ""аэропорт""}"
Набери номер папы,call_start,"{""contact"": ""папа""}"
Включи дворники на интервал три,wipers_set,"{""mode"": ""intermittent"", ""interval_level"": 3}"
А чем заменить масло?,chitchat,
Как долго ехать до центра в такую погоду?,chitchat,
Сколько осталось до пункта назначения и какие пробки?,chitchat,
"Выруби музыку, пожалуйста",stop_music,
Приглуши звук наполовину,volume_set,"{""level"": 50}"
Сделай погромче на два,volume_change,"{""delta"": 2}"
Полная тишина в салоне,volume_mute_set,
Закрой все окна — дует в тоннеле,window_set,"{""position"": ""closed"", ""target"": ""all""}"
Понизь громкость радио до нуля,volume_set,"{""level"": 0}"
"Переключись на радио, чтобы дети не кричали",media_source_set,"{""source"": ""radio""}"
Отключи шум — выключи колонки,volume_mute_set,
Проигрывание стоп,stop_music,
"Ответь, если это срочный вызов, иначе сбрось",call_hangup,
"Отключи радиостанцию, слишком шумно",radio_set,"{""state"": ""off""}"
"Переключи на другую станцию, пожалуйста",radio_set_station,
"Спокойно, просто сделай громкость поменьше",volume_change,
Наполовину уменьшить звук музыки,volume_set,"{""level"": 50}"
Переключись на плейлист для детей потише,media_source_set,"{""source"": ""playlist_quiet""}"
"Пожалуйста, отключи динамики сзади",volume_mute_set,"{""zone"": ""rear""}"
Закрой переднее правое стекло,window_set,"{""side"": ""front_right"", ""position"": ""closed""}"
"Все окна вверх, пожалуйста",window_set,"{""target"": ""all"", ""position"": ""closed""}"
Люкс — закрой люк и прижми стекла,sunroof_close,
Поставь громкость на нитку — почти ноль,volume_set,"{""level"": 5}"
Приглуши музыку и включи радио тише,volume_change,
"Пауза, пожалуйста, дети плачут",media_pause,
Сделай микс потише и перемешай музыку,media_shuffle_set,"{""state"": ""on""}"
Выключи повтор и сожми звук,media_repeat_set,"{""state"": ""off""}"
Уменьши музыку на четверть,volume_change,"{""delta_percent"": -25}"
Глушитель звука включи,volume_mute_set,
Сделай тише голос навигатора,volume_change,
Поменяй источник на телефон — тише будет,media_source_set,"{""source"": ""phone""}"
"Переключи на предыдущую песню, пожалуйста",previous_track,
"Сделай громче, едва слышно кричат дети",volume_change,
"Заглуши всё, срочно",volume_mute_set,
Убери шум из салона — закрой окна справа,window_set,"{""side"": ""right"", ""position"": ""closed""}"
"Закрой заднее окно, там дует",window_set,"{""side"": ""rear"", ""position"": ""closed""}"
Поставь громкость на семёрку,volume_set,"{""level"": 7}"
"Переключи дорожную карту, чтобы объехать тоннель",nav_start,
"Отмени навигацию, хочу спокойную дорогу",nav_cancel,
"Ответь на звонок, это мама",call_answer,
"Сбрось текущий звонок, слишком шумно",call_hangup,
"Пожалуйста, включи режим громкой тишины",volume_mute_set,
"Музыка тише, дети плачут, закрой люк и окна",sunroof_close,
Понизь колонку водителя на два деления,volume_change,"{""zone"": ""driver"", ""delta"": -2}"
"Переключи на радиостанцию потише, пожалуйста",radio_set,
Включи паузу и закрой окна — дети шумят сильно,media_pause,
"Не трогай музыку, просто заглуши звонки",call_hangup,
"Хочу спокойно поговорить с ребёнком, приглуши фоновые звуки",volume_mute_set,
"Ну и денёк, можно музыку совсем выкрутить?",stop_music,
"Немного тише, но не на ноль",volume_change,
"Сделай так, чтобы звук был только спереди",volume_mute_set,"{""zone"": ""front_only""}"
"Просто разговор: дети шумят, устал — помоги тишиной",chitchat,
"Мне жарко, открой пожалуйста все окна слегка приоткрой каждое",window_set,"{""windows"": ""все"", ""position"": ""слегка""}"
Нагрей салон до двадцати пяти градусов,ac_set,"{""temperature"": ""25""}"
Установи обдув на лобовое стекло,defrost_set,"{""target"": ""лобовое стекло""}"
Отключи обогрев стекол,defrost_set,"{""state"": ""off""}"
Установи вентилятор на низкий режим,ac_fan_set,"{""level"": ""низкий""}"
Выключи вентиляцию сиденья слева,seat_vent_set,"{""seat"": ""слева"", ""state"": ""off""}"
Включи подогрев сидений,seat_heater_set,"{""state"": ""on""}"
Подогрей переднее сиденье на три,seat_heater_set,"{""seat"": ""переднее"", ""delta"": ""3""}"
Максимальный подогрев водительского сиденья,seat_heater_set,"{""seat"": ""водительское"", ""level"": ""максимум""}"
Охлаждение сиденья на минимум,seat_vent_set,"{""level"": ""минимум""}"
Поговорим о погоде?,chitchat,
Радио на FM 104.2,radio_set_station,"{""frequency"": ""104.2""}"
Переключи на УКВ 87.5,radio_set_station,"{""frequency"": ""87.5""}"
Сделай источником USB,media_source_set,"{""source"": ""USB""}"
Проложи маршрут до метро Новокузнецкая,nav_start,"{""destination"": ""метро Новокузнецкая""}"
Проложи мне ближайший путь до кафе с парковкой,nav_start,"{""destination"": ""ближайшее кафе с парковкой""}"
"Позвони, пожалуйста, Никите",call_start,"{""contact"": ""Никита""}"
Обдув лобового стекла на максимум,defrost_set,"{""level"": ""max""}"
Открой переднее правое окно на сантиметр,window_set,"{""window"": ""front_right"", ""position"": ""1cm""}"
"Подними стекло, пожалуйста",window_set,
Наклони панорамную крышу наполовину,sunroof_set,"{""action"": ""tilt"", ""position"": ""50%""}"
Отключи кондиционер пока,ac_off,
Включи кондиционер на 20 градусов,ac_set,"{""temperature"": 20}"
Поставь температуру на восемнадцать,ac_set,"{""temperature"": 18}"
"Охлаждение на максимум, пожалуйста",ac_mode_set,"{""mode"": ""cool"", ""level"": ""max""}"
Уменьши мощность вентилятора на два ступени,ac_fan_set,"{""level_change"": -2}"
Подними обороты вентилятора до трёх,ac_fan_set,"{""level"": 3}"
Начни вентиляцию сиденья водителя на максимум,seat_vent_set,"{""seat"": ""driver"", ""level"": ""max""}"
Включи подогрев заднего левого кресла на одну,seat_heater_set,"{""seat"": ""rear_left"", ""level"": 1}"
Отключи вентиляцию сиденья,seat_vent_set,"{""state"": ""off""}"
"Включи фары, чтобы лучше видеть в тоннеле",headlights_set,"{""state"": ""on""}"
Снизь чувствительность датчика дождя до минимума,rain_set,"{""sensitivity"": ""low""}"
Поставь радио на УКВ 101.2,radio_set_station,"{""frequency"": 101.2}"
Включи станцию «Наше»,radio_set,"{""station"": ""Наше""}"
Повысь громкость на три деления,volume_change,"{""change"": 3}"
Включи новости на радио,radio_set,"{""program"": ""news""}"
"Прокладывай маршрут до дома, избегая пробок",nav_start,"{""destination"": ""дом"", ""preference"": ""avoid_traffic""}"
Заглуши звук на пару минут,volume_mute_set,"{""duration_minutes"": 2}"
"Стекло запотело, что посоветуешь?",chitchat,
Поставь радиостанцию 88.7,radio_set_station,"{""frequency"": 88.7}"
Переключись на радио вместо музыки,media_source_set,"{""source"": ""radio""}"
Установи подогрев пассажира на три,seat_heater_set,"{""seat"": ""passenger"", ""level"": 3}"
Прокладывай маршрут в объезд туннеля,nav_start,"{""avoid"": ""tunnel""}"
Мне хочется тишины в салоне,chitchat,
Холодно,chitchat,
"Сделай потеплее, руки мерзнут",ac_set,
Проверь обдув — сильнее,ac_fan_set,"{""action"": ""increase""}"
Доведи вентилятор до двух,ac_fan_set,"{""level"": ""2""}"
Немного уменьшить громкость,volume_change,
Сделай погромче музыку,volume_change,
Громкость на 7,volume_set,"{""level"": ""7""}"
Отключи звук немедленно,volume_mute_set,"{""state"": ""mute""}"
Радио на волну сто одна точка два,radio_set_station,"{""station"": ""101.2""}"
Перебей волну на 87.5 FM,radio_set_station,"{""station"": ""87.5""}"
"Слушай новости, включи радио",radio_set,"{""genre"": ""news""}"
Навигатор — дом,nav_start,"{""destination"": ""дом""}"
"Проложи маршрут к подъезду, избегай больших улиц — вон снег",nav_start,"{""destination"": ""подъезд"", ""avoid"": ""main_roads""}"
"Отбой, не отвечай",call_hangup,
Протри стекла — обдув вперёд,defrost_set,"{""area"": ""front"", ""direction"": ""forward""}"
"Промой стекло, сильнее дворники",wipers_set,"{""speed"": ""high""}"
Закрой пассажирское окно,window_set,"{""window"": ""passenger"", ""position"": ""up""}"
Опусти все стёкла наполовину,window_set,"{""windows"": ""all"", ""position"": ""half""}"
"Если можно, включи подогрев сиденья, мне холодно",seat_heater_set,"{""state"": ""on""}"
Обдув стекол на максимум,ac_fan_set,"{""level"": ""max""}"
Убери шум — потише музыка,volume_change,
Пропусти назад,previous_track,
"Тихо, заглуши уведомления",volume_mute_set,"{""target"": ""notifications""}"
"Фары в AUTO, пожалуйста",headlights_set,"{""mode"": ""auto""}"
Поменяй станцию на «Эхо Москвы»,radio_set_station,"{""station"": ""Эхо Москвы""}"
Переключи аудио на телефон,media_source_set,"{""source"": ""phone""}"
Эти капли на стекле раздражают,chitchat,
"Закрой люк, снега не надо",sunroof_close,"{""reason"": ""snow""}"
Включи подогрев руля на минимуме,wheel_heater_set,"{""level"": ""low""}"
Помолчи немного,chitchat,
Подними переднее правое,window_set,"{""side"": ""правое"", ""position"": ""переднее"", ""action"": ""поднять""}"
Сделай потише музыку,volume_change,"{""change"": ""down"", ""modifier"": ""потише""}"
Поставь следующую,next_track,
Включи радио на FM 101.2,radio_set_station,"{""band"": ""FM"", ""frequency"": ""101.2""}"
Включи радио на волну 88.5,radio_set_station,"{""frequency"": ""88.5""}"
Прокладывай маршрут в офис,nav_start,"{""destination"": ""офис""}"
Включи обогрев руля на максимум,wheel_heater_set,"{""level"": ""максимум""}"
Низкая мощность вентилятора,ac_fan_set,"{""level"": ""низкая""}"
Сыграй что-нибудь расслабляющее,play_music,"{""mood"": ""расслабляющее""}"
Прервать воспроизведение,media_pause,
Открой боковое окно,window_set,"{""state"": ""open"", ""window"": ""side""}"
Включи климат на 21,ac_set,"{""temperature"": 21}"
Сделай прохладнее на десять градусов,ac_set,"{""temperature_change"": -10}"
"Пожалуйста, включи режим рециркуляции",ac_mode_set,"{""mode"": ""recirculation""}"
Увеличь обдув,ac_fan_set,"{""direction"": ""up""}"
"Сделай тёплым пассажирское сиденье, уровень два",seat_heater_set,"{""seat"": ""passenger"", ""level"": 2}"
Открой люк на 40 процентов,sunroof_set,"{""position_percent"": 40}"
Отмени случайный режим,media_shuffle_set,"{""state"": ""off""}"
Радио на 102.5 FM,radio_set_station,"{""frequency"": 102.5}"
Поставь AM,radio_set,"{""band"": ""am""}"
Проложи маршрут до детской площадки,nav_start,"{""destination"": ""детская площадка""}"
Навигацию отменить,nav_cancel,
Позови маму по телефону,call_start,"{""contact"": ""мама""}"
Дворники на автомат,wipers_set,"{""mode"": ""auto""}"
Промежуток дворников средний,wipers_set,"{""interval"": ""medium""}"
Сделай подогрев заднего кресла на три,seat_heater_set,"{""seat"": ""rear"", ""level"": 3}"
"Пожалуйста, включи вентиляцию передних сидений на максимум",seat_vent_set,"{""seat"": ""front"", ""level"": ""max""}"
Дай обдув направо вниз,ac_mode_set,"{""direction"": ""down_right""}"
Разбей громкость наполовину,volume_set,"{""level_percent"": 50}"
Поставь радио на станцию один ноль один,radio_set_station,"{""frequency"": 101.0}"
"Запусти музыку, чтобы дети успокоились",play_music,
"Как красиво рассвет, но руки мёрзнут",chitchat,
Опусти лобовое стекло чуть-чуть,window_set,"{""position"": ""windshield"", ""action"": ""lower"", ""amount"": ""slightly""}"
Хватит свистеть — отключи музыку,stop_music,
Сделай погромче громкость на три деления,volume_change,"{""change"": ""+3""}"
Тихо! Сделай тише звук навигации и музыки,volume_change,
"Притихните, дети — убавь громкость до нуля",volume_set,"{""level"": 0}"
Включи аварийный обогрев руля,wheel_heater_set,"{""state"": ""on""}"
Проведи навигацию к ближайшему въезду на трассу,nav_start,"{""destination"": ""nearest_highway_entry""}"
Отмени маршрут и веди по кратчайшему пути домой,nav_cancel,
"Сбрось вызов, не разговариваю сейчас",call_hangup,
Позвони на маму,call_start,"{""contact"": ""мама""}"
Включи обогрев задних сидений на максимальную мощность,seat_heater_set,"{""position"": ""rear"", ""level"": ""max""}"
"Охлаждение сиденья водителя, включи на второй уровень",seat_vent_set,"{""seat"": ""driver"", ""level"": 2}"
Понизь температуру до плюс восемнадцати градусов,ac_set,"{""temperature"": 18}"
Переключи режим климата на обдув лобового стекла,ac_mode_set,"{""mode"": ""defrost""}"
Включи рециркуляцию воздуха и сделай прохладнее,ac_set,"{""recirculation"": true}"
Включи обогрев заднего стекла — лед тает,defrost_set,"{""target"": ""rear"", ""state"": ""on""}"
Закрой все окна и люк — снег летит,window_set,
Включи дворники на автоматический режим,wipers_set,"{""mode"": ""auto""}"
"Включи дальний свет, видно плохо в снег",high_beam_set,
Понизь дальний — встречная машина,high_beam_set,
Поставь на паузу музыку — дети шумят,media_pause,
"Повтори трек вечно, включи повтор",media_repeat_set,"{""state"": ""on""}"
Включи громкоговоритель для звонка,call_start,"{""mode"": ""speaker""}"
Прими входящий вызов от номера с неизвестным отметителем,call_answer,
Отключи шум звука навигатора и включи голосовые подсказки тише,volume_change,
Переключиться на следующую радиостанцию,radio_set,
Настрой радио на станцию сто четыре точка шесть,radio_set_station,"{""station"": 104.6}"
Включи плейлист для спокойной дороги,play_music,"{""playlist"": ""relax""}"
Пропусти десять секунд вперед трек,next_track,
Верни назад предыдущую песню,previous_track,
"Подними температуру на три градуса, холодно от снега",ac_set,"{""change"": 3}"
Отключи вентиляцию сидений — детям жарко,seat_vent_set,"{""state"": ""off""}"
Нагрей кресло водителя на два деления,seat_heater_set,"{""seat"": ""driver"", ""level"": 2}"
Активируй антиобледенитель лобового стекла,defrost_set,"{""target"": ""windshield"", ""state"": ""on""}"
"Закрой люк и все окна — почти занос, срочно",sunroof_close,
Немедленно закрой сдвижной люк полностью,sunroof_close,"{""position"": ""closed""}"
Погаси свет на сто процентов,headlights_set,"{""state"": ""off""}"
Включи дворники на третью скорость,wipers_set,"{""level"": 3}"
"Включи датчик дождя, пусть сам работает",rain_set,"{""mode"": ""auto""}"
"Пожалуйста, включи повторение альбома",media_repeat_set,"{""mode"": ""album""}"
"Не отвлекайся, заглуши все уведомления",volume_mute_set,"{""notifications"": true}"
Громче навигация на пять единиц,volume_change,"{""change"": ""+5""}"
"Эй, почему так шумно? Поговори с детьми сам",chitchat,
Задняя правая печка сделай теплее,seat_heater_set,"{""seat"": ""rear_right"", ""action"": ""warm""}"
Включи обдув ног и уменьшай общий поток воздуха,ac_mode_set,"{""mode"": ""feet"", ""flow"": ""reduced""}"
Поставь радио на ближайшую местную волну,radio_set,"{""preset"": ""local""}"
"Прекрати воспроизведение и поставь на паузу, пока поворачиваем",media_pause,
Сделай прохладнее на двадцать два,ac_set,"{""temperature"": 22}"
"Понизь температуру до восемнадцати, руки мёрзнут",ac_set,"{""temperature"": 18}"
Режим суперпрохлады,ac_mode_set,"{""mode"": ""max_cool""}"
Вентилятор на полную,ac_fan_set,"{""level"": ""max""}"
"Выключи кондиционер полностью, пожалуйста",ac_off,
Чуть приоткрой стекло сзади,window_set,"{""window"": ""rear"", ""position"": ""ajar""}"
"Пожалуйста, приоткрой люк чуть-чуть",sunroof_set,"{""position"": ""vent""}"
Поставь источником радио,media_source_set,"{""source"": ""radio""}"
Включи подкаст,media_source_set,"{""source"": ""podcast""}"
Настрой радио на девяносто три ноль,radio_set_station,"{""frequency"": 93.0}"
"Построй самый быстрый и безопасный маршрут домой, чтобы я мог ехать ночью и не отвлекаться",nav_start,"{""destination"": ""дом""}"
Дальний свет на максимум,high_beam_set,"{""state"": ""on""}"
Автоматические дворники,rain_set,"{""state"": ""auto""}"
Сделай подогрев пассажира на два,seat_heater_set,"{""seat"": ""passenger"", ""level"": 2}"
Разогрей кресло до трёх,seat_heater_set,"{""level"": 3}"
"Подогрей руль на максимум, руки мёрзнут",wheel_heater_set,"{""level"": ""max""}"
"Ночь, мало света, включи ближний",headlights_set,"{""mode"": ""low_beam""}"
Не отвлекайтесь — следующая песня,next_track,
"Тише музыку, руки замёрзли",volume_change,
"Включи радио, на улице жара, но внутри холодно",radio_set,"{""state"": ""on""}"
"Не хочу смотреть экран — довези меня до работы, проложи маршрут",nav_start,"{""destination"": ""работа""}"
"Мне жарко, сделай кондиционер холоднее и убавь скорость вентилятора",ac_set,"{""mode"": ""cooler"", ""fan"": ""lower""}"
Немного приоткрой заднее правое окно,window_set,"{""side"": ""rear_right"", ""action"": ""slightly_open""}"
Приоткрой стекло,window_set,"{""action"": ""ajar""}"
"Сделай в салоне тепло, поставь двадцать один градус",ac_set,"{""temperature"": 21}"
"Выключи кондиционер, шум радио раздражает",ac_off,
"Переключись на рециркуляцию, запахи с улицы мешают",ac_mode_set,"{""mode"": ""recirculation""}"
"Сделай тёплым заднее левое сиденье, тихо, пожалуйста",seat_heater_set,"{""seat"": ""rear_left"", ""state"": ""on""}"
Включи вентиляцию спинки и сидушки средней силы,seat_vent_set,"{""area"": ""back_and_cushion"", ""level"": ""medium""}"
"Оттаивай лобовое, видимость плохая",defrost_set,"{""target"": ""front"", ""state"": ""on""}"
Можешь открыть люк?,sunroof_set,"{""action"": ""open""}"
Поставь спокойную музыку,play_music,"{""mood"": ""calm""}"
"Перемешай плейлист, пусть будет случайно",media_shuffle_set,"{""state"": ""on""}"
"Подогрей руль, очень холодно",wheel_heater_set,"{""state"": ""on""}"
"Радио шипит, что это за помеха?",chitchat,
"Туман сильный, осторожно",chitchat,
"Запахи с улицы проникают, можно закрыть вентиляцию?",ac_mode_set,"{""mode"": ""recirculation""}"
"Темно и туманно на трассе, радио шипит, сделай музыку потише",volume_change,"{""delta"": -3}"
В туманной ночи хочу тёплую машину — подними температуру на три градуса,ac_set,"{""delta_degrees"": 3}"
"Не могу нормально слышать, переключи источник на USB",media_source_set,"{""source"": ""USB""}"
"Повтори эту песню, пожалуйста, чтобы заглушить помехи",media_repeat_set,"{""state"": ""on""}"
"Перемешай, но потише",media_shuffle_set,"{""state"": ""on""}"
Настрой радио на 87.5,radio_set_station,"{""frequency"": ""87.5""}"
"Прокладывай маршрут до дома, хочу быстрее свернуть с трассы",nav_start,"{""destination"": ""home""}"
"Мне страшно, туман и дорога скользкая",chitchat,
Сделай тише до половины,volume_set,"{""percent"": 50}"
Полностью отключи звук медиа,volume_mute_set,
Включи FM радиостанцию 101.2,radio_set_station,"{""frequency"": ""101.2""}"
Поставь станцию джаза,radio_set,
Слушаю спокойную музыку для детей,play_music,
Останови воспроизведение сейчас же,stop_music,
"Пожалуйста, тише — дети спят",volume_change,
"Закрой люк, на улице снег",sunroof_close,
Опусти стекло заднее,window_set,
Приоткрой чуть окно,window_set,
"Включи обдув стекла, запотевает",defrost_set,
Нагрей сиденье водителя на две ступени,seat_heater_set,"{""level"": 2}"
Охлади сиденье заднего пассажира,seat_vent_set,
Выкл кондиционер,ac_off,
Включи отопление салона на 22 градуса,ac_set,"{""temperature"": 22}"
Режим рециркуляции воздуха включи,ac_mode_set,
"Выключи климат-контроль, пусть будет тише",ac_off,
Включи дворники на среднюю скорость из-за снега,wipers_set,
"Выключи дальний, тут деревня ближний достаточен",high_beam_set,
Фары выключи — не нужно сейчас,headlights_set,
"Проклади маршрут домой, дети устали",nav_start,"{""destination"": ""дом""}"
"Положи трубку, я не могу говорить",call_hangup,
"Поставь радио потише, дети кричат в заднем сиденье",volume_change,
Поставь громкость до нуля,volume_set,"{""level"": 0}"
"Сделай звук ненавязчивым, пожалуйста",volume_change,
Повтори последний трек тихо для меня,play_music,
Переключи на следующий подкаст и приглуши звук,next_track,
"Не ставь громкую музыку, дети засыпают — тихий фон подойдёт",play_music,
Почему музыка так громко играет?,chitchat,
"Я хочу тишины, можно выключить все звуки и уведомления?",volume_mute_set,
Понизь громкость на семь,volume_change,
Убавь громкость на 10 процентов,volume_set,"{""percent"": 10}"
"Дети шумят, давай спокойно — выключи музыку и включи обогрев",stop_music,
Включи режим антиобледенения стекол,defrost_set,
Подогрей сиденья первого и второго ряда,seat_heater_set,
Закрой окно водителя и пассажира,window_set,
Переключи на радио 90-е и убавь звук,radio_set,
"Тихо, пожалуйста, детей уже укладываю, уменьшить голосность на два деления",volume_change,
Понизь громкость медиа до уровня 3,volume_set,"{""level"": 3}"
"Закрой заднее правое, пожалуйста",window_set,"{""side"": ""rear_right"", ""action"": ""close""}"
Приоткрой все окна на пару сантиметров,window_set,"{""position"": ""2cm"", ""side"": ""all""}"
Подними задние окна полностью,window_set,"{""side"": ""rear"", ""position"": ""100%""}"
Хочу проветрить — открой правое переднее,window_set,"{""side"": ""front_right"", ""action"": ""open""}"
"Сделай прохладнее, на 18",ac_set,"{""temperature"": 18}"
"Подбавь пару градусов, пожалуйста",ac_set,"{""adjust"": ""+2""}"
Поставь климат на двадцать восемь,ac_set,"{""temperature"": 28}"
"Холоднее чуть-чуть, на двадцать",ac_set,"{""temperature"": 20}"
Нужен режим обдува ног,ac_mode_set,"{""mode"": ""feet""}"
Установи режим обдува ветрового стекла,ac_mode_set,"{""mode"": ""windshield""}"
Вентилятор — на максимум,ac_fan_set,"{""speed"": ""max""}"
Понизь силу вентилятора на два деления,ac_fan_set,"{""adjust"": -2}"
Поставь обдув на третью ступень,ac_fan_set,"{""speed"": 3}"
Холодок в сиденье — выключи,seat_vent_set,"{""seat"": ""unspecified"", ""action"": ""off""}"
Подогрей пассажирское кресло до максимума,seat_heater_set,"{""seat"": ""passenger"", ""level"": ""max""}"
Убавь подогрев заднего левого на одну ступень,seat_heater_set,"{""seat"": ""rear_left"", ""adjust"": -1}"
Вентиляция кресла водителя — средняя,seat_vent_set,"{""seat"": ""driver"", ""level"": ""medium""}"
Оттайка лобового — включи,defrost_set,"{""target"": ""front"", ""action"": ""on""}"
Задний дефростер включи на пару минут,defrost_set,"{""target"": ""rear"", ""duration_minutes"": 2}"
Сдвинь панорамный люк на треть,sunroof_set,"{""position"": ""33%""}"
"Приподними люк немного, чтобы проветрить",sunroof_set,"{""position"": ""vent""}"
Включи мою плейлист «Утро»,play_music,"{""playlist"": ""Утро""}"
"Дай музыку, мне скучно",play_music,
Выключи аудио,stop_music,
Сделай потише немного,volume_change,"{""change"": ""-2""}"
Поставь радио на AM,radio_set,"{""band"": ""AM""}"
Настройся на сто один точка семь,radio_set_station,"{""frequency"": 101.7}"
Включи станцию 88.5,radio_set_station,"{""frequency"": 88.5}"
Найди Радио России,radio_set_station,"{""station"": ""Радио России""}"
"Опусти заднее правое окно немного, шум капель мешает",window_set,"{""window"": ""rear_right"", ""position"": ""slightly""}"
Придвинь стекло водителя на половину,window_set,"{""window"": ""driver"", ""position"": ""50%""}"
Открой люк крыши,sunroof_set,"{""position"": ""open""}"
"Включи кондиционер, прохладно в салоне",ac_set,"{""state"": ""on""}"
Выключи кондиционер — слышу шум мотора и капли,ac_off,
"Режим рециркуляции включи, воздух влажный",ac_mode_set,"{""mode"": ""recirculation""}"
Переключи климат на обдув лобового стекла,ac_mode_set,"{""mode"": ""defrost""}"
Уменьши силу обдува на два шага,ac_fan_set,"{""delta"": -2}"
Включи вентиляцию сиденья пассажира на низкий уровень,seat_vent_set,"{""seat"": ""passenger"", ""level"": ""low""}"
Пусть будет вентиляция на полной мощности,seat_vent_set,"{""level"": ""max""}"
"Отогрей лобовое, стекла покрылись каплями после мойки",defrost_set,"{""target"": ""front"", ""state"": ""on""}"
Прекрати обдув на дефросте,defrost_set,"{""state"": ""off""}"
"Открой крышу на полпути, немного проветрить",sunroof_set,"{""position"": ""50%""}"
"Закрой люк полностью, идет дождь",sunroof_close,"{""position"": ""closed""}"
"Сделай погромче, чтобы заглушить шум дождя",volume_change,"{""action"": ""increase""}"
Переключись на Bluetooth-источник — телефон подключен,media_source_set,"{""source"": ""bluetooth""}"
Настрой FM на сто один точка две,radio_set_station,"{""station"": ""101.2""}"
"Поехали домой, проложи маршрут через центр",nav_start,"{""destination"": ""дом"", ""route"": ""через центр""}"
"Отмени навигацию, не надо объезжать",nav_cancel,
"Положи трубку, завершить звонок",call_hangup,
"Дальний включи, еду по освещенной магистрали",high_beam_set,"{""state"": ""on""}"
Включи дворники на автоматический режим из‑за дождя,wipers_set,"{""mode"": ""auto""}"
Установи интервальную работу дворников на среднюю частоту,wipers_set,"{""interval"": ""medium""}"
"Включи режим дождь, пусть дворники чаще работают",rain_set,"{""state"": ""on""}"
"Подогрей руль, руки замерзли",wheel_heater_set,"{""state"": ""on""}"
Отменяй подогрев руля,wheel_heater_set,"{""state"": ""off""}"
"Да ну, этот шум стекла выводит из себя",chitchat,
Что за ветер и капли — ну и день сегодня,chitchat,
"Мне кажется, кто-то помыл стекло неровно, капли мешают обозрению",chitchat,
"Подбрось мне спокойную мелодию, чтобы заглушить дождь и дорожный шум",play_music,"{""mood"": ""calm""}"
Поставь радио на новостную волну — хочу узнать пробки,radio_set,"{""genre"": ""news""}"
Переключи на предыдущую станцию в списке,radio_set,"{""action"": ""previous_preset""}"
"Не перебивай меня музыкой, тихо пожалуйста",volume_change,"{""action"": ""decrease"", ""politeness"": ""please""}"
"Добавь громкости на полную, пусть играет громко",volume_set,"{""level"": ""max""}"
"Пауза, нужно сосредоточиться на маневре через лужу",media_pause,
"Следующий трек, что‑то бодрое",next_track,"{""mood"": ""upbeat""}"
"Пожалуйста, включи повтор одного трека",media_repeat_set,"{""mode"": ""one""}"
Открой люк пожалуйста,sunroof_set,
Включи кондей,ac_set,
Установи рециркуляцию и холодный режим,ac_mode_set,"{""mode"": ""recirculation,cool""}"
"Тихо, убавь вентилятор на минимальный режим",ac_fan_set,"{""fan_level"": ""min""}"
Выключи кондиционер и вентилятор,ac_off,
Сними запотевание заднего стекла,defrost_set,"{""which"": ""rear"", ""state"": ""off""}"
Подогрей передние сиденья пожалуйста,seat_heater_set,"{""seat"": ""front"", ""state"": ""on""}"
"Пожалуйста, сделай вентиляцию кресел прохладной на вторую ступень",seat_vent_set,"{""seat"": ""front"", ""level"": ""2""}"
Активация подогрева руля,wheel_heater_set,"{""state"": ""on""}"
А мне нужен дальний — переключи на дальний,high_beam_set,"{""state"": ""on""}"
Убери дворники на интервал 3 секунды,wipers_set,"{""mode"": ""interval"", ""interval"": ""3s""}"
Поставь радио на FM и включи станцию 101.2,radio_set_station,"{""band"": ""FM"", ""frequency"": ""101.2""}"
Хочу слушать радио,radio_set,
"Включи пап, следующий трек",next_track,
Воспроизведи мою подборку из USB,play_music,"{""source"": ""USB""}"
Слушать плейлист Spotify,play_music,"{""source"": ""Spotify""}"
Сделай звук ровно на 12,volume_set,"{""level"": ""12""}"
Включи режим повтора альбома,media_repeat_set,"{""mode"": ""album""}"
Случайный порядок воспроизведения активируй,media_shuffle_set,"{""state"": ""on""}"
"Поставь меня на навигацию домой, пожалуйста проложи маршрут до Мира 10",nav_start,"{""destination"": ""Мира 10""}"
Отмени маршрут и останови навигацию,nav_cancel,
Включи поворотники и фары на автомат,headlights_set,"{""mode"": ""auto"", ""state"": ""on""}"
Зажги дальний свет на секунду,high_beam_set,"{""action"": ""flash""}"
"Помой лобовое, дворники пару раз",wipers_set,"{""wash"": true, ""wipe_count"": 2}"
"Включи режим антидождь, пусть реагируют автоматически",rain_set,"{""mode"": ""auto""}"
"Громко, пожалуйста — добавь музыку до предела",volume_set,"{""level"": ""max""}"
Повтори трек пожалуйста,media_repeat_set,"{""mode"": ""one""}"
"Переключайся по очереди — воспроизводи с USB, потом с SD",media_source_set,"{""sequence"": ""USB,SD""}"
Поставь на очередность треков в случайном порядке и пусть играет,media_shuffle_set,"{""state"": ""on""}"
"Радио на AM, частота 720",radio_set_station,"{""band"": ""AM"", ""frequency"": ""720""}"
"Навигируй до ближайшей заправки пешком не нужно, на машине по кратчайшему пути",nav_start,"{""destination"": ""nearest_gas_station"", ""route"": ""shortest""}"
Позвонить маме на мобильный,call_start,"{""contact"": ""мама"", ""device"": ""mobile""}"
"Тихо, поставь музыку на паузу",media_pause,
Что за погода сегодня в Москве?,chitchat,
Расскажи шутку про автомобили,chitchat,
"Мне холодно здесь, можно ещё чуть-чуть повысить температуру в салоне, пожалуйста и включить подогрев сидений",ac_set,
Закрой боковое правое окно полностью,window_set,"{""side"": ""right"", ""position"": ""closed""}"
Переключи композицию назад и увеличь громкость на два щелчка,previous_track,
"Пожалуйста, включи вентиляцию сиденья водителя на максимум, жарко мне",seat_vent_set,"{""seat"": ""driver"", ""level"": ""max""}"
"На остановке оставь небольшую щель в окне, чтобы вошёл свежий воздух, но не дождь",window_set,"{""position"": ""slightly""}"
Пусть окно переднего пассажира будет на четверть,window_set,"{""side"": ""front_passenger"", ""percent"": 25}"
"Мне жарко внутри, сделай так, чтобы было около двадцати градусов и без сквозняка",ac_set,"{""temperature"": 20}"
Нагрей салон до двадцати двух,ac_set,"{""temperature"": 22}"
Уменьши температуру на пять градусов,ac_set,"{""temperature_delta"": -5}"
Переключись на автоматический режим климата,ac_mode_set,"{""mode"": ""auto""}"
Установи обдув на максимум,ac_fan_set,"{""fan_speed"": ""max""}"
Подогрей заднюю левую сидушку на максимум,seat_heater_set,"{""seat"": ""rear_left"", ""level"": ""max""}"
Накрути обогрев кресла пассажира до двух,seat_heater_set,"{""seat"": ""front_passenger"", ""level"": 2}"
"Охлади кресло водителя, пожалуйста",seat_vent_set,"{""seat"": ""driver"", ""state"": ""on""}"
Плеер с USB,media_source_set,"{""source"": ""usb""}"
Повторы выключить,media_repeat_set,"{""state"": ""off""}"
"Перемешай все треки в библиотеке, чтобы порядок был случайный и разнообразный",media_shuffle_set,"{""state"": ""on""}"
Поставь на FM 101.2,radio_set_station,"{""band"": ""FM"", ""frequency"": 101.2}"
"Прокладывай, пожалуйста, самый быстрый маршрут до ближайшей заправки с бензином 95",nav_start,"{""destination"": ""nearest_gas_station""}"
"Поехали домой, проложи маршрут по кратчайшему пути",nav_start,"{""destination"": ""home""}"
"Позвони Ольге, пожалуйста",call_start,"{""contact"": ""Ольга""}"
Выключи свет фар,headlights_set,"{""state"": ""off""}"
Мигни дальним светом один раз,high_beam_set,"{""action"": ""flash""}"
Поставь авто-дворники,wipers_set,"{""mode"": ""auto""}"
"Расскажи какой-нибудь анекдот, чтобы поездка стала веселее",chitchat,
Опусти все окна в салоне,window_set,
Приоткрой правое переднее окно чуть-чуть,window_set,"{""side"": ""right_front"", ""position"": ""slightly""}"
Заднее левое окно вверх,window_set,"{""side"": ""left_rear"", ""position"": ""up""}"
"Закрой все окна, пассажир спит",window_set,
Выключи климат в машине,ac_off,
"Сделай потише обдув, не разбуди человека",ac_fan_set,
Переключи на режим экономии,ac_mode_set,"{""mode"": ""eco""}"
"Вентилятор максимально, пусть будет тихо",ac_fan_set,"{""level"": ""max""}"
Отопление заднего левого на три,seat_heater_set,"{""seat"": ""rear_left"", ""level"": 3}"
Включи обдув лобового стекла — на рассвете туман,defrost_set,"{""target"": ""front""}"
"Прогрей зеркала, там изморозь",defrost_set,"{""target"": ""mirrors""}"
"Открой люк наполовину, но не очень широко",sunroof_set,"{""position"": ""50%""}"
"Закрой люк, чтобы не было сквозняка",sunroof_close,
Музыку включи потихоньку,play_music,
Поставь аудио на паузу,media_pause,
"Следующий трек, тихо, пожалуйста",next_track,
Убавь громкость на небольшую ступень,volume_change,
Сделай громче немного,volume_change,
Громкость выставь на пять,volume_set,"{""level"": 5}"
"Повтори этот плейлист, пожалуйста",media_repeat_set,"{""mode"": ""repeat""}"
"Открой радио, хочу послушать новости",radio_set,
"Поставь FM 101.5, пожалуйста",radio_set_station,"{""band"": ""FM"", ""station"": ""101.5""}"
"Отмени текущий маршрут, пожалуйста",nav_cancel,
"Ответь на звонок, он короткий",call_answer,
Сбрось текущий вызов тихо,call_hangup,
Включи авто-дальний,high_beam_set,"{""mode"": ""auto""}"
"Выключи дальний свет, не слепи",high_beam_set,"{""state"": ""off""}"
"Короткие щетки, включи дворники",wipers_set,"{""mode"": ""short""}"
"Режим дождь включи, ветер не даёт покоя",rain_set,"{""mode"": ""rain""}"
"Подогрей руль, ладони замёрзли на рассвете",wheel_heater_set,"{""state"": ""on""}"
"Закрой шторку люка, пусть будет темнее для спящего",sunroof_set,"{""shade"": ""close""}"
Можешь сделать музыку тише и плавно?,volume_change,
"Сменить источник на USB, там плейлист спокойный",media_source_set,"{""source"": ""USB""}"
Включи перемешивание для альбома этого плейлиста,media_shuffle_set,
"Настрой радио на станцию джаза, что в эфире",radio_set,"{""genre"": ""jazz""}"
Ищи станции вокруг — тихие утренние волны,radio_set,
"Проклись до дачи, но тихо включай подсказки навигации",nav_start,"{""destination"": ""дача""}"
Отменить маршрут и вернуться в спокойный режим,nav_cancel,
Набери номер службы помощи,call_start,"{""contact"": ""служба помощи""}"
Ответь на громкий вызов и переведи на громкую связь,call_answer,
"Положи трубку, пусть водитель отдыхает",call_hangup,
"Фары дневные выключи, рассвет уже",headlights_set,"{""state"": ""off""}"
Дальний включай только при необходимости,high_beam_set,
"Разгоняй дворники на среднюю скорость, легкий ветер и роса",wipers_set,"{""speed"": ""medium""}"
Включи режим «не пугать» — минимальный звук и подсветка,chitchat,
"Как тихо сегодня рассвет, любимая погода для поездки",chitchat,
"На рассвете ветер во дворе, мне холодно — сделай, пожалуйста, кондиционер прохладнее",ac_set,
Включи вентиляцию переднего пассажира на низкий,seat_vent_set,"{""seat"": ""front_passenger"", ""level"": ""low""}"
Как красиво на рассвете,chitchat,
"Закрой окно пассажира, дети шумят",window_set,"{""side"": ""front_passenger""}"
Открой все окна — нужен свежий воздух,window_set,
"Открой люк широко, ветер слишком слаб",sunroof_set,"{""position"": ""full""}"
"Пожалуйста, сделай прохладнее, на улице рассвет и холодно",ac_set,
"Включи обогрев стекол, пожалуйста",defrost_set,"{""target"": ""windows""}"
Подогрей заднее левое кресло,seat_heater_set,"{""seat"": ""rear_left""}"
Вернись к Bluetooth,media_source_set,"{""source"": ""bluetooth""}"
"Поставь что-то спокойное, тишина нужна",play_music,
"Дети шумят, хочу тишины — уменьшить громкость до двух, пожалуйста",volume_set,"{""level"": 2}"
Отменить повтор,media_repeat_set,
Поставь станцию 87.6,radio_set_station,"{""frequency"": ""87.6""}"
"Проложи маршрут во двор, скоро сворачиваем, дети шумят и я хочу тишины",nav_start,"{""destination"": ""yard""}"
"Отменить навигацию, дети проснулись",nav_cancel,
"Позвони бабушке, это важно",call_start,"{""contact"": ""grandma""}"
"Включи ближний свет, рассвет ещё темновато",headlights_set,"{""level"": ""low_beam""}"
"На рассвете ветер во дворе, дети шумят — надо тишины",chitchat,
Опусти левое окно вполовину,window_set,"{""side"": ""left"", ""position"": ""50%""}"
Открой на вентиляцию,ac_mode_set,"{""mode"": ""vent""}"
Остыть сиденье переднего пассажира,seat_vent_set,"{""seat"": ""passenger"", ""state"": ""on""}"
Подогрев задних сидений выкл,seat_heater_set,"{""seat"": ""rear"", ""state"": ""off""}"
Оттаять полностью переднее стекло,defrost_set,"{""side"": ""front"", ""level"": ""max""}"
Добавь случайный порядок воспроизведения,media_shuffle_set,"{""state"": ""on""}"
Уровень громкости повысь на пять,volume_change,"{""delta"": 5}"
Поставь Bluetooth,media_source_set,"{""source"": ""bluetooth""}"
Найди станцию Европа Плюс,radio_set,"{""station"": ""Европа Плюс""}"
"Проклади маршрут в центр города, пожалуйста",nav_start,"{""destination"": ""city_center""}"
Дневные ходовые огни выключи,headlights_set,"{""state"": ""off""}"
Отапливай руль,wheel_heater_set,"{""state"": ""on""}"
Не надо греть руль,wheel_heater_set,"{""state"": ""off""}"
"Включи вентиляцию в машине, чтобы прохладнее стало, пожалуйста",ac_mode_set,"{""mode"": ""cool""}"
Наполовину открой правое окно,window_set,"{""side"": ""right"", ""position"": ""50%""}"
Переключись на следующий канал,radio_set,"{""action"": ""next""}"
"Я опаздываю, направь меня, пожалуйста, в ближайшую парковку с учетом пробок",nav_start,"{""destination"": ""nearest_parking""}"
"Повторяй весь альбом, пожалуйста, пока я не скажу стоп",media_repeat_set,"{""mode"": ""all""}"
"Пожалуйста, уменьшите громкость на семь единиц, у меня звонок",volume_change,"{""delta"": -7}"
Подними левое заднее окно полностью,window_set,"{""side"": ""rear_left"", ""position_percent"": 100}"
Открой крышу,sunroof_set,"{""state"": ""open""}"
Полностью открой солнцезащитный люк,sunroof_set,"{""position_percent"": 100}"
Нагрей салон до двадцати пяти,ac_set,"{""temperature"": 25}"
Поставь рециркуляцию и авто,ac_mode_set,"{""mode"": ""recirculation"", ""auto"": true}"
Поставь режим экономии,ac_mode_set,"{""mode"": ""eco""}"
Увеличь вентиляцию,ac_fan_set,"{""action"": ""increase""}"
Форсуй вентилятор на максимум,ac_fan_set,"{""level"": 100}"
Подогрей сиденье водителя на третьей степени,seat_heater_set,"{""side"": ""driver"", ""level"": 3}"
Сделай тёплыми оба сиденья,seat_heater_set,"{""side"": ""both"", ""state"": ""on""}"
Выключи вентиляцию кресла,seat_vent_set,"{""state"": ""off""}"
"Протри стекла, включи дворники",wipers_set,"{""state"": ""on""}"
Поставь дворники на режим интервал,wipers_set,"{""mode"": ""intermittent""}"
Ускорь дворники,wipers_set,"{""action"": ""faster""}"
Не включай режим дождя,rain_set,"{""state"": ""off""}"
Сделай звук на двадцать,volume_set,"{""level"": 20}"
Следуй до работы,nav_start,"{""destination"": ""work""}"
Проиграй следующую песню,next_track,
Как тебе погода сегодня?,chitchat,
Закрой боковое окно сзади,window_set,"{""side"": ""rear_side"", ""action"": ""close""}"
Приоткрой правое переднее стекло наполовину,window_set,"{""side"": ""right_front"", ""action"": ""partial_open"", ""percent"": 50}"
"Не трогай окна, пожалуйста",chitchat,
Поставь температуру двадцать три градуса,ac_set,"{""temperature"": 23}"
Мне очень холодно — включи подогрев сиденья водителя на два,seat_heater_set,"{""seat"": ""driver"", ""level"": 2}"
"Проветри салон, включи вентиляцию для всех",ac_mode_set,"{""mode"": ""vent""}"
Сделай уровень звука двенадцать,volume_set,"{""level"": 12}"
"Мне срочно нужен кофе, проложи маршрут до ближайшей кофейни и объезжай пробки",nav_start,"{""destination"": ""nearest_coffee_shop""}"
Установи режим датчика дождя в автомат,rain_set,"{""mode"": ""auto""}"
Подними настроение — расскажи что-нибудь смешное,chitchat,
Включи мою любимую музыку,play_music,
Проиграй джаз из Spotify,play_music,"{""genre"": ""джаз"", ""source"": ""Spotify""}"
Переключи волну на 88.7 FM,radio_set_station,"{""frequency"": 88.7}"
Найди станцию News FM,radio_set,"{""station_name"": ""News FM""}"
Поменяй режим кондиционера на автоматический,ac_mode_set,"{""mode"": ""auto""}"
Сделай в салоне прохладнее на три градуса,ac_set,"{""delta"": -3}"
"Хватит музыки, пожалуйста выключи всё",stop_music,
Проиграй следующий трек в альбоме,next_track,
Убавь громкость через телефон,volume_change,
"Выключи кондиционер полностью, мне жарко",ac_off,
Включи обогрев лобового стекла сейчас,defrost_set,"{""target"": ""front"", ""state"": ""on""}"
Отмени входящий вызов,call_hangup,
А что с погодой за окном?,chitchat,
"Я очень замёрз после улицы, нагрей водительское сиденье до максимума и скажи, когда станет тепло",seat_heater_set,"{""seat"": ""driver"", ""level"": ""max""}"
Включи обдув на лицо и ноги,ac_mode_set,"{""zones"": [""face"", ""feet""]}"
"Авторежим кондиционера, пожалуйста",ac_mode_set,"{""mode"": ""auto""}"
Переключи кондиционер в экономичный режим,ac_mode_set,"{""mode"": ""eco""}"
Прогрей правое переднее сиденье на максимум,seat_heater_set,"{""seat"": ""front_right"", ""level"": ""max""}"
Остуди водительское кресло чуть-чуть,seat_vent_set,"{""seat"": ""driver"", ""level"": ""low""}"
Вентиляция заднего левого сиденья на среднее,seat_vent_set,"{""seat"": ""rear_left"", ""level"": ""medium""}"
"Нагрей заднюю скамью, второй ряд, уровень два",seat_heater_set,"{""seat"": ""rear"", ""level"": 2}"
"Сними лёд с заднего стекла, включи быстро",defrost_set,"{""side"": ""rear"", ""state"": ""on"", ""intensity"": ""high""}"
Поставь люк на приподнятое положение,sunroof_set,"{""position"": ""tilt""}"
Приоткрой крышу наполовину,sunroof_set,"{""position"": ""half""}"
"Включи плейлист, который играл вчера",play_music,"{""playlist"": ""recent""}"
Настрой на волну 101.2 FM,radio_set_station,"{""frequency"": ""101.2"", ""band"": ""FM""}"
Поставь AM на 620,radio_set_station,"{""frequency"": 620, ""band"": ""AM""}"
Включи автоматические дальние,high_beam_set,"{""state"": ""auto""}"
Установи интервал дворников на пять секунд,wipers_set,"{""mode"": ""interval"", ""interval_seconds"": 5}"
Не тасуй плейлист,media_shuffle_set,"{""state"": ""off""}"
Приоткрой стекло пассажира,window_set,"{""side"": ""passenger"", ""position"": ""slightly_open""}"
"Мне очень жарко в салоне, сделай пожалуйста климат примерно на двадцать градусов",ac_set,"{""temperature_c"": 20}"
Уменьши силу вентилятора до двух,ac_fan_set,"{""level"": 2}"
"Максимальный обдув, включи на полную",ac_fan_set,"{""level"": ""max""}"
"Свежий воздух, пожалуйста",ac_mode_set,"{""mode"": ""fresh_air""}"
Подогрей переднее левое кресло на три,seat_heater_set,"{""side"": ""front_left"", ""level"": 3}"
Охлади сиденье справа,seat_vent_set,"{""side"": ""right"", ""action"": ""cool""}"
Отодвинь панорамный люк полностью,sunroof_set,"{""position_percent"": 100}"
Приподними заднюю кромку люка,sunroof_set,"{""mode"": ""rear_tilt""}"
Поставь повтор для альбома,media_repeat_set,"{""mode"": ""album""}"
Отменить прокладку маршрута,nav_cancel,
Авто-дождь режим,rain_set,"{""mode"": ""auto""}"
Подогрей руль на два,wheel_heater_set,"{""level"": 2}"
Как пройти до дома?,chitchat,
Сколько километров до следующей станции?,chitchat,
Поставь подборку спокойной музыки,play_music,"{""genre"": ""calm""}"
Запусти подкаст про технологии,play_music,"{""type"": ""podcast"", ""topic"": ""technology""}"
Громкость сделай на максимум,volume_set,"{""level"": ""max""}"
Верни предыдущую станцию,radio_set_station,"{""action"": ""previous""}"
Начни маршрут до работы через МКАД,nav_start,"{""destination"": ""work"", ""via"": ""МКАД""}"
"Алекс, как настроение?",chitchat,
"На улице душно — открой пожалуйста все окна на пару сантиметров, чтобы проветрить салон",window_set,"{""target"": ""all"", ""position"": ""a_few_cm""}"
"Поставь песню из этого альбома и сделай её покороче, если можно",play_music,"{""note"": ""shorten_if_possible""}"
"Пожалуйста, включи тихий режим — фоновая музыка без баса и не слишком громко",play_music,"{""style"": ""background"", ""volume"": ""quiet""}"
Закройте все стекла,window_set,"{""target"": ""all""}"
"Мне жарко в салоне, выключи весь климат-контроль и кондиционер, пожалуйста",ac_off,
Сделай потеплее на пару градусов,ac_set,"{""delta"": 2}"
Поставь вентилятор на второй уровень,ac_fan_set,"{""level"": 2}"
Выключи обогрев салона,ac_off,
Обогрей водительское сиденье на максимум,seat_heater_set,"{""seat"": ""driver"", ""level"": ""max""}"
Подогрей заднее сиденье до среднего уровня,seat_heater_set,"{""seat"": ""rear_passenger"", ""level"": ""medium""}"
"Охлади водительское кресло, включи вентиляцию",seat_vent_set,"{""seat"": ""driver"", ""action"": ""on""}"
Вентиляцию пассажирского места отключи,seat_vent_set,"{""seat"": ""passenger"", ""action"": ""off""}"
"Пожалуйста, включи максимально сильный обогрев лобового стекла — вся поверхность должна оттаять быстро",defrost_set,"{""target"": ""front"", ""level"": ""max""}"
Наклони люк для проветривания,sunroof_set,"{""mode"": ""tilt""}"
Громкость на 12,volume_set,"{""level"": 12}"
Выключи случайный режим,media_shuffle_set,"{""state"": ""off""}"
Слушай FM восемьдесят восемь пять,radio_set_station,"{""frequency"": 88.5}"
Поставь щётки в интервальный режим,wipers_set,"{""mode"": ""interval""}"
Включи омыватель и помой стекло,wipers_set,"{""action"": ""wash""}"
Включи авто-режим датчика дождя,rain_set,"{""state"": ""auto""}"
Автоматическое управление дворниками включи,rain_set,"{""state"": ""on""}"
А можно просто поболтать?,chitchat,
"Пожалуйста, включи плейлист классики, хочу спокойную музыку на час поездки",play_music,"{""genre"": ""классика"", ""duration_minutes"": 60}"
Поменяй трек через минуту,next_track,"{""delay_seconds"": 60}"
Приоткрой боковые стекла на пару сантиметров,window_set,"{""side"": ""both"", ""amount_cm"": 2, ""position"": ""ajar""}"
"Максимальный холод, пожалуйста",ac_set,"{""mode"": ""max_cool""}"
Поставь обдув на ноги и на лобовое стекло,ac_mode_set,"{""areas"": [""feet"", ""windshield""]}"
Вентилятор на минимуме,ac_fan_set,"{""level"": 1}"
"Выключи кондиционер и вентилятор, пожалуйста",ac_off,
Включи подогрев сиденья водителя на третью ступень,seat_heater_set,"{""side"": ""driver"", ""level"": 3}"
Проведи обдув сидений на максимум,seat_vent_set,"{""side"": ""both"", ""level"": ""max""}"
Подогрев пассажирского места на один,seat_heater_set,"{""side"": ""passenger"", ""level"": 1}"
Отключи подогрев заднего стекла,defrost_set,"{""area"": ""rear"", ""state"": ""off""}"
Сыграй музыку,play_music,
Включи последний трек,play_music,
Убавь громкость на десять процентов,volume_change,"{""delta_percent"": -10}"
Установи уровень громкости на пятнадцать,volume_set,"{""level"": 15}"
Переход на Bluetooth-аудио,media_source_set,"{""source"": ""bluetooth""}"
Включи случайный проигрыш,media_shuffle_set,"{""state"": ""on""}"
Переключи на 87.5 FM,radio_set_station,"{""frequency"": 87.5}"
Найди радиостанции с новостями,radio_set,"{""genre"": ""news""}"
Включи омыватель и протри стекло,wipers_set,"{""action"": ""wash_and_wipe""}"
Открой окно водителя на двадцать процентов,window_set,"{""side"": ""driver"", ""position_percent"": 20}"
Наполовину опусти стекло пассажира,window_set,"{""side"": ""passenger"", ""position_percent"": 50}"
Выключи кондиционер и отопление,ac_off,
Подогрей водительское сиденье на треть,seat_heater_set,"{""side"": ""driver"", ""level_percent"": 33}"
Сделай задние сиденья тёплыми,seat_heater_set,"{""side"": ""rear"", ""state"": ""on""}"
Охлади сиденье шофёра,seat_vent_set,"{""side"": ""driver"", ""state"": ""on""}"
Отопление заднего стекла отключи,defrost_set,"{""side"": ""rear"", ""state"": ""off""}"
Слушай Радио Маяк,radio_set_station,"{""station"": ""Радио Маяк""}"
Воспроизведи любимый плейлист,play_music,
Установи уровень громкости на семь,volume_set,"{""level"": 7}"
Пусть трек повторяется,media_repeat_set,"{""mode"": ""on""}"
Запусти навигацию до аэропорта,nav_start,"{""destination"": ""аэропорт""}"
Кто тут лучший водитель?,chitchat,
Холодно — включи климат на восемнадцать градусов,ac_set,"{""temperature_c"": 18}"
Убери туман с лобового,defrost_set,"{""side"": ""front"", ""state"": ""on""}"
Поставь подогрев на максимум для передних сидений,seat_heater_set,"{""side"": ""front"", ""level"": ""max""}"
Сделай громче на пятерку,volume_change,"{""delta"": 5}"
