phrase,intent,parameters
включи кондиционер,ac_set,
выстави температуру 22 градуса,ac_set,"{""temperature"": 22}"
охлади климат до 22 градусов,ac_set,"{""temperature"": 22}"
включи кондиционер на максимум,ac_set,"{""mode"": ""max""}"
выключи кондиционер,ac_off,
подними правое окно,window_set,
опусти левое окно,window_set,
открой лобовое стекло,window_set,
закрой заднее стекло,window_set,
направь обдув на лицо,ac_mode_set,
поставь обдув на ноги,ac_mode_set,
установи скорость вентилятора на средний,ac_fan_set,"{""level"": 2}"
поставь скорость вентилятора на максимум,ac_fan_set,"{""level"": 5}"
"охлади салон, жара за окном",ac_set,
разморозь лобовое стекло,defrost_set,
разморозь стекло сейчас,defrost_set,
включи дворники на автомате,wipers_set,
включи дворники по дождю,rain_set,
регулируй обдув на лобовое стекло,ac_mode_set,
включи музыку,play_music,
переключи следующий трек,next_track,
переключи предыдущий трек,previous_track,
поставь паузу музыке,media_pause,
останови музыку,stop_music,
выбери источник Bluetooth,media_source_set,"{""source"": ""bluetooth""}"
выбери источник USB,media_source_set,"{""source"": ""usb""}"
переключи радиостанцию на 101.1,radio_set_station,"{""station"": ""101.1""}"
установи радиостанцию 94.7,radio_set_station,"{""station"": ""94.7""}"
выбери радиостанцию 87.5,radio_set_station,"{""station"": ""87.5""}"
проведи маршрут к аэропорту,nav_start,"{""destination"": ""аэропорт""}"
проложи маршрут к дому,nav_start,"{""destination"": ""дом""}"
начни навигацию к центру города,nav_start,"{""destination"": ""центр города""}"
отмени навигацию,nav_cancel,
позвони маме,call_start,"{""contact"": ""мама""}"
ответь на звонок,call_answer,
заверши звонок,call_hangup,
включи ближний свет,headlights_set,"{""state"": ""on""}"
включи дальний свет,high_beam_set,"{""state"": ""on""}"
включи датчик дождя,rain_set,
как дорога сегодня,chitchat,
"скажи, какая дорога сейчас",chitchat,
расскажи дорогу через серпантин,chitchat,
проложи маршрут через серпантин,nav_start,"{""destination"": ""серпантин""}"
позвони другу,call_start,"{""contact"": ""друг""}"
ответь на пропущенный звонок,call_answer,
переключи на радиостанцию 102.3,radio_set_station,"{""station"": ""102.3""}"
поставь громкость на 50,volume_set,"{""level"": 50}"
убавь громкость на 30,volume_change,"{""delta"": -30}"
включи автообогрев сидений,seat_heater_set,"{""level"": 1}"
погрей сиденье водителя,seat_heater_set,"{""seat"": ""driver"", ""level"": 2}"
погрей сиденье пассажира,seat_heater_set,"{""seat"": ""passenger"", ""level"": 2}"
включи вентиляцию сидений,seat_vent_set,
открой люк на крыше,sunroof_set,
закрой люк на крыше,sunroof_close,
поставь источник на радио,media_source_set,"{""source"": ""radio""}"
повтори плейлист,media_repeat_set,
перемешай треки,media_shuffle_set,
переключи на следующий трек,next_track,
верни на предыдущий трек,previous_track,
"проложи маршрут через серпантин, не спеша",nav_start,"{""destination"": ""серпантин""}"
ночью фары включи,headlights_set,
поставь ближний свет,headlights_set,
освети дорогу фарами,headlights_set,
ночной режим фар включи,headlights_set,
переключи на ближний свет,headlights_set,
включи дворники,wipers_set,
поставь дворники на среднюю скорость,wipers_set,
ночной дворник активируй,wipers_set,
навигатор путается — начинай заново,nav_start,
начни новую навигацию к дому,nav_start,
покажи маршрут в центр города,nav_start,
поправь маршрут к офису,nav_start,
переразгрузи маршрут через туннель,nav_start,
отмени маршрут,nav_cancel,
укажите адрес дома,nav_start,
попутный маршрут к даче,nav_start,
покажи альтернативные маршруты,nav_start,
сделай паузу навигации,nav_cancel,
включи обдув лобового стекла,defrost_set,
включи обдув лобового стекла на максимум,defrost_set,
установи климат в автомат,ac_mode_set,
включи климат-контроль,ac_set,
отключи кондиционер,ac_off,
поставь режим обдува на авто,ac_mode_set,
включи обогрев сидений,seat_heater_set,
поставь режим AUTO,ac_mode_set,
включи окно водителя,window_set,
подними окно,window_set,
опусти окно водителя,window_set,
открой люк,sunroof_set,
закрой люк,sunroof_close,
включи радио,radio_set,
выбери следующую песню,next_track,
поставь музыку на паузу,media_pause,
перемотай вперед,next_track,
перемотай назад,previous_track,
увеличь громкость,volume_change,
уменьши громкость,volume_change,
установи громкость на максимум,volume_set,
переключи источник медиа,media_source_set,
помоги выбрать музыку,chitchat,
не отвлекайся — держи дорогу,chitchat,
как идут дела на трассе,chitchat,
скажи погоду за окном,chitchat,
помоги найти заправку поблизости,chitchat,
"напомни, когда будет поворот",chitchat,
посоветуй маршрут без пробок,chitchat,
расскажи анекдот,chitchat,
сделай тише,volume_mute_set,
как идёт дорога домой,chitchat,
будь осторожен за рулём,chitchat,
сообщи маршрут на ближайшую развязку,chitchat,
поворот через километр,nav_start,
звонок другу,call_start,
открой правое окно,window_set,"{""window"": ""right"", ""action"": ""open""}"
установи кондиционер на охлаждение,ac_set,"{""mode"": ""cool""}"
установи режим автообдува,ac_mode_set,"{""mode"": ""auto""}"
включи обогрев сидений водителя,seat_heater_set,"{""seat"": ""driver"", ""state"": ""on""}"
разогрей сиденье пассажира,seat_heater_set,"{""seat"": ""passenger"", ""state"": ""on""}"
включи обогрев лобового стекла,defrost_set,"{""mode"": ""defrost"", ""position"": ""front""}"
включи разморозку заднего стекла,defrost_set,"{""mode"": ""defrost"", ""position"": ""rear""}"
поставь климат в авто,ac_mode_set,"{""mode"": ""auto""}"
настрой навигацию к дому,nav_start,"{""destination"": ""home""}"
проложи маршрут к работе,nav_start,"{""destination"": ""work""}"
настрой радио на 102.4,radio_set_station,"{""station"": ""102.4""}"
выбери станцию 99.1,radio_set_station,"{""station"": ""99.1""}"
переключи радиостанцию,radio_set,
поставь следующий трек,next_track,
верни предыдущий трек,previous_track,
включи случайный порядок,media_shuffle_set,"{""state"": ""on""}"
включи повтор дорожек,media_repeat_set,"{""state"": ""on""}"
регулируй громкость вверх,volume_change,
установи громкость на пятьдесят,volume_set,"{""volume"": 50}"
уменьши громкость до 15,volume_set,"{""volume"": 15}"
выключи звук,volume_mute_set,
сделай громкость тише,volume_change,
сделай громкость погромче,volume_change,
подключи потоковую музыку,media_source_set,"{""source"": ""streaming""}"
подключи Bluetooth,media_source_set,"{""source"": ""bluetooth""}"
поставь уровень громкости 50,volume_set,"{""volume"": 50}"
включи стеклоочистители,wipers_set,"{""state"": ""on""}"
включи дождевой режим,rain_set,"{""state"": ""on""}"
подогрев руля,wheel_heater_set,"{""state"": ""on""}"
поговори со мной,chitchat,"{""topic"": ""general""}"
помоги выбрать маршрут,nav_start,"{""mode"": ""suggest""}"
покажи карту,nav_start,"{""mode"": ""map""}"
сделай паузу,media_pause,
перезвони последний номер,call_start,
начни звонок другу,call_start,"{""contact"": ""friend""}"
включи режим Eco,ac_mode_set,"{""mode"": ""eco""}"
активируй режим Eco в кондиционере,ac_mode_set,"{""mode"": ""eco""}"
настрой обдув на боковые,ac_fan_set,"{""position"": ""side""}"
установи скорость вентилятора три,ac_fan_set,"{""level"": 3}"
включи фронтальный дефрост,defrost_set,"{""position"": ""front""}"
разморозь заднее стекло,defrost_set,"{""position"": ""rear""}"
переключи канал,radio_set,
поставь любимую станцию,radio_set,"{""favorite"": true}"
настрой радиостанцию джаз,radio_set,"{""genre"": ""jazz""}"
проверь уровень громкости,volume_change,
снизь громкость музыки,volume_change,
попробуй голосовое напоминание,chitchat,"{""topic"": ""reminder""}"
мне нужна помощь,chitchat,"{""topic"": ""assistance""}"
включи авто режим кондиционера,ac_mode_set,"{""mode"": ""auto""}"
включи подогрев сидений пассажира,seat_heater_set,"{""seat"": ""passenger"", ""state"": ""on""}"
Открой окно,window_set,"{""position"": ""open""}"
Закрой окно,window_set,"{""position"": ""close""}"
Открой правое переднее окно,window_set,"{""window"": ""right_front"", ""position"": ""open""}"
Установи температуру 22 градуса,ac_set,"{""temperature"": 22}"
Установи режим охлаждения,ac_mode_set,"{""mode"": ""cool""}"
Увеличь скорость вентилятора,ac_fan_set,"{""fan_speed"": ""high""}"
Установи подогрев сиденья водителя на средний,seat_heater_set,"{""seat"": ""driver"", ""level"": 2}"
Включи обогрев сиденья пассажира,seat_heater_set,"{""seat"": ""passenger"", ""level"": 1}"
Установи подогрев водительского сиденья на максимум,seat_heater_set,"{""seat"": ""driver"", ""level"": 3}"
Включи вентиляцию сиденья водителя,seat_vent_set,"{""seat"": ""driver"", ""level"": 1}"
Слушай музыку,play_music,
Останови воспроизведение,stop_music,
Приостанови трек,media_pause,
Перейди к следующему треку,next_track,
Верни назад трек,previous_track,
Увеличь громкость на 10,volume_change,"{""delta"": 10}"
Установи громкость на 40 процентов,volume_set,"{""level"": 40}"
Выключи звук на время,volume_mute_set,"{""muted"": true}"
Выбери Bluetooth как источник,media_source_set,"{""source"": ""bluetooth""}"
Повтори трек,media_repeat_set,"{""mode"": ""repeat""}"
Сделай случайное воспроизведение,media_shuffle_set,"{""mode"": ""shuffle""}"
Переключи радио на 102.5,radio_set_station,"{""station"": ""102.5""}"
"Как дела, ассистент?",chitchat,
Наведи маршрут до дома,nav_start,"{""destination"": ""home""}"
Найди ближайшую заправку,nav_start,"{""destination"": ""gas_station""}"
Позвони Ивану,call_start,"{""contact"": ""Иван""}"
Сбрось звонок,call_hangup,
Включи дворники на полную,wipers_set,"{""speed"": ""high""}"
Включи дворники на интервал,wipers_set,"{""speed"": ""intermittent""}"
Включи режим дождя,rain_set,"{""mode"": ""rain""}"
Подогрей руль,wheel_heater_set,"{""state"": ""on""}"
Установи режим обогрева руля на средний,wheel_heater_set,"{""level"": ""medium""}"
Какая радиостанция сейчас играет,chitchat,
Переключи источник на USB,media_source_set,"{""source"": ""usb""}"
Уменьши шум на 5 пунктов,volume_change,"{""delta"": -5}"
Установи громкость на 25 процентов,volume_set,"{""level"": 25}"
Включи тихий режим звука,volume_mute_set,"{""muted"": true}"
Найди станции в диапазоне 90.1,radio_set_station,"{""station"": ""90.1""}"
Установи повтор трека на повтор,media_repeat_set,"{""mode"": ""repeat""}"
Включи случайный порядок воспроизведения,media_shuffle_set,"{""mode"": ""shuffle""}"
Включи радио на станцию Радио России,radio_set_station,"{""station"": ""Радио России""}"
Наведи маршрут к аэропорту,nav_start,"{""destination"": ""airport""}"
Отмени текущее направление,nav_cancel,
Ответь на входящий звонок,call_answer,
Заглуши звонок,call_hangup,
Включи задний свет,headlights_set,"{""state"": ""on"", ""mode"": ""low_beam""}"
Поддержи дворники на минимальной скорости,wipers_set,"{""speed"": ""low""}"
Включи обогрев руля на минимальную силу,wheel_heater_set,"{""level"": ""low""}"
Спросим: как обходит пробку,chitchat,
Включи кондиционер в экономичном режиме,ac_mode_set,"{""mode"": ""economy""}"
Запусти навигацию к магазину поблизости,nav_start,"{""destination"": ""store""}"
Установи кондиционер на 22 градуса,ac_set,"{""temperature"": 22}"
Уменьши скорость вентилятора до минимума,ac_fan_set,"{""level"": ""minimum""}"
Включи подогрев сиденья водителя,seat_heater_set,"{""seat"": ""driver""}"
Выключи климат полностью,ac_off,
Переключи режим обдува на лицо,ac_mode_set,"{""mode"": ""face""}"
Установи скорость вентилятора на максимум,ac_fan_set,"{""level"": ""maximum""}"
Переключи радиостанцию на 98.6,radio_set_station,"{""station"": ""98.6""}"
Настрой радио на волну Маяк,radio_set_station,"{""station"": ""Маяк""}"
Уменьши громкость радио,volume_change,"{""source"": ""radio"", ""direction"": ""down""}"
Установи громкость на 40,volume_set,"{""level"": 40}"
Включи Bluetooth-плейлист,media_source_set,"{""source"": ""bluetooth""}"
Повтори текущий трек,media_repeat_set,"{""mode"": ""repeat_one""}"
Переключи на предыдущий трек,previous_track,
Играй любимый плейлист,play_music,"{""playlist"": ""favorites""}"
Сделай паузу воспроизведения,media_pause,
Найди маршрут до дома,nav_start,"{""destination"": ""home""}"
Отменить навигацию,nav_cancel,
Подогрей рулевое колесо,wheel_heater_set,"{""position"": ""driver""}"
Установи подогрев сидений пассажира,seat_heater_set,"{""seat"": ""passenger""}"
Поставь обогрев задних сидений,seat_heater_set,"{""seat"": ""rear""}"
Направь воздух на ноги,seat_vent_set,"{""zone"": ""legs""}"
Сделай обдув лица и груди,ac_mode_set,"{""mode"": ""face_and_upper""}"
Установи авто режим климата,ac_mode_set,"{""mode"": ""auto""}"
Установи авто режим климата (2),ac_mode_set,"{""mode"": ""auto""}"
Установи авто режим климата (3),ac_mode_set,"{""mode"": ""auto""}"
Найди ближайшую парковку,nav_start,"{""destination"": ""parking""}"
Установи ночной режим подсветки панели,headlights_set,"{""mode"": ""night""}"
Настрой маршрут без платных дорог,nav_start,"{""avoid"": ""tolls""}"
Планируй маршрут через центр города,nav_start,"{""destination"": ""center_city""}"
Найди маршрут к офису,nav_start,"{""destination"": ""office""}"
Добавь точку в маршрут,nav_start,"{""action"": ""add_waypoint""}"
Измени маршрут через второстепенную дорогу,nav_start,"{""via"": ""secondary""}"
Переключи экран на карту,nav_start,"{""view"": ""map""}"
Какой сегодня трафик по трассе,chitchat,"{""topic"": ""traffic""}"
Как прошел день за рулем,chitchat,
Скажи шутку про автомобили,chitchat,
"Побеседуй со мной, водитель",chitchat,
Сделай ночной режим дисплея,headlights_set,"{""mode"": ""night_display""}"
Разреши голосовой поиск в навигации,nav_start,"{""enabled"": true}"
Поставь громкость на максимум,volume_set,"{""level"": 100}"
Сделай громче в салоне,volume_change,"{""direction"": ""up"", ""source"": ""car""}"
Сделай подсветку приборов ярче,headlights_set,"{""level"": ""brighten""}"
Поменяй источник музыки на CD,media_source_set,"{""source"": ""cd""}"
Переключи режим ветра на авто,ac_mode_set,"{""mode"": ""auto""}"
Попроси включить радио на хват,radio_set,"{""station"": ""hold""}"
Подключи смартфон через USB,media_source_set,"{""source"": ""usb""}"
Сократи использование оборотов двигателя,ac_fan_set,"{""rpm"": ""reduced""}"
Покажи карту маршрута на экран,nav_start,"{""view"": ""map""}"
Укажи время прибытия,nav_start,"{""mode"": ""time""}"
опусти правое окно,window_set,"{""direction"": ""down"", ""side"": ""right""}"
опусти оба окна,window_set,"{""direction"": ""down"", ""side"": ""both""}"
регулируй климат внутри,ac_set,"{""mode"": ""auto""}"
скорость вентилятора максимум,ac_fan_set,"{""level"": ""max""}"
обогрей лобовое стекло,defrost_set,"{""target"": ""front"", ""level"": ""normal""}"
разморозь лобовое стекло до максимума,defrost_set,"{""target"": ""front"", ""level"": ""max""}"
включи климат,ac_set,"{""mode"": ""auto""}"
охлади салон,ac_set,"{""mode"": ""cool""}"
выключи музыку,stop_music,
пауза,media_pause,
следующая дорожка,next_track,
предыдущая дорожка,previous_track,
измени громкость,volume_change,"{""delta"": ""up""}"
установи громкость на пять,volume_set,"{""level"": 5}"
выбери источник аудио,media_source_set,"{""source"": ""auto""}"
перемешай плейлист,media_shuffle_set,
включи радиостанцию,radio_set,
установи радиостанцию сто пять,radio_set_station,"{""station"": 105}"
запусти маршрут к дому,nav_start,"{""destination"": ""home""}"
положи трубку,call_hangup,
подогрей водительское сиденье,seat_heater_set,"{""position"": ""driver""}"
как дела,chitchat,"{""topic"": ""general""}"
покажи прогноз погоды,chitchat,"{""topic"": ""weather""}"
переключи источник на Bluetooth,media_source_set,"{""source"": ""bluetooth""}"
прибавь громкость на пять,volume_set,"{""level"": 5}"
уменьши громкость на два,volume_change,"{""delta"": ""-2""}"
переключи источник на телефон,media_source_set,"{""source"": ""phone""}"
включи ночной режим климата,ac_mode_set,"{""mode"": ""night""}"
установи режим охлаждения салона,ac_mode_set,"{""mode"": ""cool""}"
поставь подогрев руля,wheel_heater_set,"{""level"": ""medium""}"
поставь радиостанцию NPR,radio_set_station,"{""station"": ""NPR""}"
сделай паузу в музыке,media_pause,
переключи музыку с телефона,media_source_set,"{""source"": ""phone""}"
вернись к текущему маршруту,nav_start,"{""resume"": true}"
выключи кондиционер полностью,ac_off,
включи автоматический климат,ac_set,"{""mode"": ""auto""}"
Установи температуру в салоне 22,ac_set,"{""temperature"": 22}"
Установи температуру 23 градуса,ac_set,"{""temperature"": 23}"
Включи режим авто в кондиционере,ac_mode_set,"{""mode"": ""auto""}"
Установи скорость вентилятора на 3,ac_fan_set,"{""level"": 3}"
Включи подогрев сиденья водителю на 2,seat_heater_set,"{""seat"": ""driver"", ""level"": 2}"
Включи вентиляцию сиденья водителю на 1,seat_vent_set,"{""seat"": ""driver"", ""level"": 1}"
Включи обдув стекол,defrost_set,"{""mode"": ""defrost""}"
Переключи на следующую песню,next_track,"{""direction"": ""next""}"
Верни предыдущую песню,previous_track,"{""direction"": ""previous""}"
Уменьши громкость на 15,volume_change,"{""delta"": -15}"
Сделай повтор песни,media_repeat_set,"{""mode"": ""repeat""}"
Выбери радиостанцию Europa FM,radio_set_station,"{""station"": ""Europa FM""}"
Поставь маршрут домой,nav_start,"{""destination"": ""домой""}"
Поставь маршрут в офис,nav_start,"{""destination"": ""офис""}"
Удали маршрут,nav_cancel,
Установи дворники на средний режим,wipers_set,"{""level"": 2}"
Запусти дождевой режим стеклоочистителей,rain_set,"{""mode"": ""rain""}"
Включи подогрев руля на 2,wheel_heater_set,"{""level"": 2}"
Как дела на дороге?,chitchat,
"Говори со мной, как настроение?",chitchat,
Поставь любимую песню,play_music,"{""source"": ""playlist""}"
Свайай источник на USB,media_source_set,"{""source"": ""usb""}"
Проведи маршрут через центр города,nav_start,"{""destination"": ""центр города""}"
Поставь тепло на сиденье пассажира,seat_heater_set,"{""seat"": ""passenger"", ""level"": 1}"
Обнови источник медиа на Bluetooth,media_source_set,"{""source"": ""bluetooth""}"
Очисти стекла от запотевания,defrost_set,"{""mode"": ""defrost""}"
Выключи дворники,wipers_set,"{""level"": 0}"
Установи положение люка впритык,sunroof_set,"{""position"": ""closed""}"
Громкость минимальна,volume_set,"{""volume"": 0}"
Громкость на максимум,volume_set,"{""volume"": 100}"
Поставь песню в очередь,play_music,"{""source"": ""queue""}"
Включи радио из смартфона,media_source_set,"{""source"": ""phone""}"
Проложи маршрут через центр,nav_start,"{""destination"": ""центр""}"
Позвони коллеге,call_start,"{""contact"": ""коллега""}"
"Ответь на звонок, пожалуйста",call_answer,
Включи обогрев сиденья водителя,seat_heater_set,"{""seat"": ""driver"", ""level"": 1}"
Установи режим вентиляции на 2,ac_fan_set,"{""level"": 2}"
Переключи радиостанцию на Classic Rock,radio_set_station,"{""station"": ""Classic Rock""}"
Дворники выключи,wipers_set,"{""level"": 0}"
Выключи фары,headlights_set,"{""state"": ""off""}"
Открой дождевой режим,rain_set,"{""mode"": ""rain""}"
"Подскажи, что послушать сейчас",chitchat,
Сдвинь маршрут на другое место,nav_start,"{""destination"": ""другое место""}"
Какой маршрут сейчас быстрее?,chitchat,"{""topic"": ""traffic""}"
установи температуру в салоне 22 градуса,ac_set,"{""temperature"": 22}"
охлади салон до 18 градусов,ac_set,"{""temperature"": 18}"
поставь режим авто,ac_mode_set,"{""mode"": ""auto""}"
установи скорость вентилятора на три,ac_fan_set,"{""level"": 3}"
включи обогрев стекла,defrost_set,"{""zone"": ""windshield""}"
подогрей сиденье водителя на средний,seat_heater_set,"{""level"": 2}"
включи вентиляцию сиденья пассажира,seat_vent_set,"{""mode"": ""vent""}"
установи подогрев сиденья водителя на максимум,seat_heater_set,"{""level"": 3}"
открой люк крыши,sunroof_set,"{""position"": ""open""}"
включи дворники на среднюю скорость,wipers_set,"{""speed"": ""medium""}"
переключись на радиостанцию 101.5,radio_set_station,"{""station"": ""101.5""}"
проиграй любимую песню,play_music,
переключи на следующую дорожку,next_track,
переключи на предыдущую дорожку,previous_track,
прибавь громкость на три,volume_change,"{""delta"": 3}"
установи громкость 60 процентов,volume_set,"{""level"": 60}"
включи случайное воспроизведение,media_shuffle_set,"{""shuffle"": true}"
построй маршрут в центр города,nav_start,"{""destination"": ""центр города""}"
заверши вызов,call_hangup,
включи габаритные огни,headlights_set,"{""state"": ""on""}"
установи дворники на минимальную скорость,wipers_set,"{""speed"": ""low""}"
установи дворники на максимальную скорость,wipers_set,"{""speed"": ""high""}"
включи подогрев руля,wheel_heater_set,"{""state"": ""on""}"
путь в дом,nav_start,"{""destination"": ""дом""}"
установи режим ручной вентиляции,ac_mode_set,"{""mode"": ""manual""}"
установи температуру 24 градуса,ac_set,"{""temperature"": 24}"
настрой обдув лица пассажиру,ac_fan_set,"{""zone"": ""face_passenger"", ""level"": 2}"
установи вентиляцию подлокотника на средний,seat_vent_set,"{""mode"": ""mid""}"
установи стеклоочистители на среднюю скорость,wipers_set,"{""speed"": ""medium""}"
автоматический режим кондиционера,ac_mode_set,"{""mode"": ""auto""}"
установи радиостанцию 98.7,radio_set_station,"{""station"": ""98.7""}"
повтори весь плейлист,media_repeat_set,"{""mode"": ""repeat_all""}"
включи случайное воспроизведение из плейлиста,media_shuffle_set,"{""shuffle"": true}"
построй маршрут к офису,nav_start,"{""destination"": ""офис""}"
запусти радиопередачу на частоте 102.3,radio_set_station,"{""station"": ""102.3""}"
назначь уровень громкости на 25,volume_set,"{""level"": 25}"
прибавь громкость на 5,volume_change,"{""delta"": 5}"
уменьши громкость на 5,volume_change,"{""delta"": -5}"
включи обогрев сиденья водителя на минималку,seat_heater_set,"{""level"": 1}"
включи вентиляцию сиденья водителя на высокий,seat_vent_set,"{""mode"": ""vent"", ""level"": 2}"
сделай обогрев руля умеренным,wheel_heater_set,"{""state"": ""on"", ""level"": 2}"
включи режим анти запотевания,ac_mode_set,"{""mode"": ""defog""}"
переключи на радиостанцию 105.0,radio_set_station,"{""station"": ""105.0""}"
включи обогрев стекол в задней части,defrost_set,"{""zone"": ""rear_window""}"
установи авто режим кондиционера,ac_mode_set,"{""mode"": ""auto""}"
поставь скорость вентилятора на минимум,ac_fan_set,"{""level"": ""low""}"
нагрей сиденье водителя,seat_heater_set,"{""seat"": ""driver"", ""level"": 2}"
играй музыку,play_music,
поставь на паузу,media_pause,
прибавь громкость,volume_change,"{""direction"": ""up""}"
убавь громкость,volume_change,"{""direction"": ""down""}"
установи громкость на сорок,volume_set,"{""level"": 40}"
выбери Bluetooth,media_source_set,"{""source"": ""bluetooth""}"
выбери USB,media_source_set,"{""source"": ""usb""}"
переключи радио,radio_set,
настрой станцию 107.9,radio_set_station,"{""station"": ""107.9""}"
построй маршрут до дома,nav_start,"{""destination"": ""дом""}"
ответь на вызов,call_answer,
включи фары,headlights_set,"{""state"": ""on""}"
что нового за рулём,chitchat,
ты где сейчас,chitchat,
опусти окно,window_set,"{""direction"": ""down""}"
установи температуру салона 22,ac_set,"{""temperature"": 22}"
охлади салон до 18,ac_set,"{""temperature"": 18, ""mode"": ""cool""}"
разогрей салон до 24,ac_set,"{""temperature"": 24, ""mode"": ""heat""}"
настрою станцию 99.5,radio_set_station,"{""station"": ""99.5""}"
повтори текущую песню,media_repeat_set,"{""mode"": ""repeat_one""}"
поставь громкость на 25,volume_set,"{""level"": 25}"
выбери AUX,media_source_set,"{""source"": ""aux""}"
настрой станцию 103.3,radio_set_station,"{""station"": ""103.3""}"
построй маршрут к аэропорту,nav_start,"{""destination"": ""аэропорт""}"
остановить навигацию,nav_cancel,
позвони брату,call_start,"{""contact"": ""брат""}"
включи противотуманные фары,headlights_set,"{""state"": ""fog_on""}"
включи подогрев сиденья водителя на максимум,seat_heater_set,"{""seat"": ""driver"", ""level"": ""high""}"
включи вентиляцию сиденья пассажира на максимум,seat_vent_set,"{""seat"": ""passenger"", ""level"": ""high""}"
установи станцию 201.2,radio_set_station,"{""station"": ""201.2""}"
выбери источник AUX,media_source_set,"{""source"": ""aux""}"
покажи маршрут в офис,nav_start,"{""destination"": ""офис""}"
Открой окна,window_set,
Закрой окна,window_set,
Выключи климат,ac_off,
Установи режим обдува,ac_mode_set,
Настрой скорость вентилятора,ac_fan_set,
Включи подогрев сидений,seat_heater_set,
Отключи обогрев лобового стекла,defrost_set,
Открой крышу,sunroof_set,
Закрой крышу,sunroof_close,
Следующий трек,next_track,
Предыдущий трек,previous_track,
Установи громкость на ноль,volume_set,"{""level"": 0}"
Сменить источник воспроизведения,media_source_set,
Выбери источник музыки,media_source_set,
Включи повторение,media_repeat_set,
Переключись на станцию 101,radio_set_station,"{""station"": 101}"
Слушай радио сейчас,radio_set,
Начни навигацию к дому,nav_start,
Начни маршрут к офису,nav_start,
Отклонить звонок,call_hangup,
Включи обогрев руля,wheel_heater_set,
Скажи что нового,chitchat,
Где ближайшая заправка?,nav_start,
Сделай паузу музыке,media_pause,
Сделай громкость на максимум,volume_set,"{""level"": 100}"
Убавь звук на пять,volume_change,"{""level"": 5}"
Отключи звук,volume_mute_set,
Переключи станцию на шестьдесят,radio_set_station,"{""station"": 60}"
Автоматически настрой радиоприемник,radio_set,
Начни маршрут через центр города,nav_start,
Установи маршрут до аэропорта,nav_start,
Попроси прогноз погоды внутри салона,chitchat,
Скажи громкость,volume_change,
Установи режим энергосбережения,ac_mode_set,
Уменьши отопление,ac_off,
Активируй ночной режим освещения,headlights_set,
Установи скорость вентилятора на высокий,ac_fan_set,
Дай подсказку по маршруту,nav_start,
Переключись на аудиокниги,media_source_set,
Смени источник на AUX,media_source_set,
Выбери радиостанцию 99.9,radio_set_station,"{""station"": 99.9}"
ночью включи фары,headlights_set,
опусти дворники,wipers_set,
окна опусти,window_set,
мне нужна тишина,volume_mute_set,
повышай громкость,volume_change,
переключи радиостанцию на 101.5,radio_set_station,"{""station"": ""101.5""}"
поставь песню на паузу,media_pause,
следующая песня,next_track,
переключи на случайную,media_shuffle_set,
включи повтор текущей композиции,media_repeat_set,
установи авто режим климат,ac_mode_set,
регулируй вентилятор,ac_fan_set,
включи подогрев сидения водителя,seat_heater_set,
включи подогрев сиденья пассажира,seat_heater_set,
открой люк в крыше,sunroof_set,
проложи маршрут домой,nav_start,
включи дворники на максимум,wipers_set,
выбери источник CD,media_source_set,"{""source"": ""CD""}"
установи громкость на тридцать,volume_set,"{""level"": 30}"
переключи на радио 89.7,radio_set_station,"{""station"": ""89.7""}"
радио 94.2 включи,radio_set_station,"{""station"": ""94.2""}"
помоги найти парковку,nav_start,
покажи ближайшие парковки,nav_start,
помоги проложить путь к магазину,nav_start,
настрой направление к дому,nav_start,
сделай паузу и продолжай позже,media_pause,
поболтай со мной,chitchat,
как дела за рулём,chitchat,
сколько осталось ехать,nav_start,
покажи маршрут к дому,nav_start,
помоги найти ближайшую парковку,nav_start,
переключи на Spotify,media_source_set,"{""source"": ""Spotify""}"
установи авто климат в режим,ac_mode_set,
подскажи путь через центр,nav_start,
ответь на входящее,call_answer,
передай привет водителю,chitchat,
помоги вспомнить парковку,nav_start,
установи климат авто,ac_set,"{""mode"": ""auto""}"
поставь температуру 22,ac_set,"{""temperature"": 22}"
охлади салон до 20,ac_set,"{""temperature"": 20}"
нагрей салон до 24,ac_set,"{""temperature"": 24}"
выбери режим авто,ac_mode_set,"{""mode"": ""auto""}"
настрой обороты вентилятора до максимума,ac_fan_set,"{""level"": 3}"
подогрей сиденье пассажира,seat_heater_set,"{""seat"": ""passenger"", ""level"": 2}"
сделай дефрост лобового,defrost_set,"{""mode"": ""defrost""}"
переключи радиостанцию на Европа,radio_set_station,"{""station"": ""Европа""}"
поставь радиостанцию 101.5,radio_set_station,"{""station"": ""101.5""}"
включи радиопередачу,radio_set,"{""state"": ""on""}"
выключи радио,radio_set,"{""state"": ""off""}"
поставь плейлист,play_music,"{""source"": ""local""}"
играй любимую песню,play_music,"{""playlist"": ""favorite""}"
поставь паузу,media_pause,
переключись на следующий трек,next_track,
снизь громкость до 15,volume_set,"{""level"": 15}"
включи звук обратно,volume_mute_set,"{""muted"": false}"
настрой громкость на 60 процентов,volume_set,"{""level"": 60}"
переключись на USB,media_source_set,"{""source"": ""usb""}"
повтори песню,media_repeat_set,"{""mode"": ""repeat""}"
включи случайный режим,media_shuffle_set,"{""state"": ""on""}"
выбери источник Spotify,media_source_set,"{""source"": ""spotify""}"
покажи маршрут до дома,nav_start,"{""destination"": ""дом""}"
построй маршрут до работы,nav_start,"{""destination"": ""работа""}"
останови навигацию,nav_cancel,
позвони Андрею,call_start,"{""contact"": ""Андрей""}"
режим автоматических дворников,wipers_set,"{""mode"": ""auto""}"
зажги обогрев руля,wheel_heater_set,"{""level"": 1}"
установи подогрев руля на максимум,wheel_heater_set,"{""level"": 3}"
как настроение за рулём,chitchat,
погода за окном,chitchat,
помоги с маршрутом,nav_start,"{""destination"": ""помощь""}"
скажи прогноз погоды,chitchat,
поищи кафе по маршруту,nav_start,"{""destination"": ""кафе""}"
добавь следующую песню в очередь,media_shuffle_set,"{""state"": ""queue""}"
помоги выбрать маршрут к аэропорту,nav_start,"{""destination"": ""аэропорт""}"
Опусти переднее окно,window_set,
Закрой все стекла,window_set,
Открой окно на щелчок,window_set,
Установи дворники на среднюю скорость,wipers_set,
Идёт дождь — включи дворники,wipers_set,
Установи холодный режим,ac_mode_set,
Приостанови воспроизведение,media_pause,
Громкость выше,volume_change,
Установи станцию 101.6,radio_set_station,"{""station"": ""101.6""}"
Переключи радиостанцию на 97.2,radio_set_station,"{""station"": ""97.2""}"
Выбери источник воспроизведения,media_source_set,
Включи повтор треков,media_repeat_set,
Переключи радиостанцию на 104.4,radio_set_station,"{""station"": ""104.4""}"
Я тороплюсь — проложи маршрут домой,nav_start,"{""destination"": ""домой""}"
Сегодня день — проложи маршрут к магазину,nav_start,"{""destination"": ""магазин""}"
Начни звонок,call_start,
Во дворе идёт дождь — включи дворники,wipers_set,
Активируй режим дождя,rain_set,
Установи подогрев руля,wheel_heater_set,
Расскажи анекдот водителю,chitchat,
Поболтай со мной минуту,chitchat,
Проведём дружелюбный диалог,chitchat,
Оптимизируй маршрут через центр,nav_start,"{""destination"": ""центр""}"
Покажи прогноз погоды на сегодня,chitchat,
Проверь статус батареи,chitchat,
Включи режим ночной езды,ac_set,
Выключи климат-контроль,ac_off,
Увеличь температуру в салоне,ac_set,
Уменьши температуру в салоне,ac_set,
Включи дефрост лобового стекла,defrost_set,
Сделай паузу в навигации,nav_cancel,
Поставь песню из любимой коллекции,media_source_set,"{""collection"": ""любимая""}"
Меняй жанр музыки,media_source_set,
Сыграй песню текущего альбома,play_music,
Установи громкость до комфортного уровня,volume_set,
Перемотай трек на 10 секунд назад,previous_track,"{""seconds"": ""10""}"
Установи максимальную скорость вентилятора,ac_fan_set,"{""level"": ""max""}"
Запусти навигатор к дому на рассвете,nav_start,"{""destination"": ""дом""}"
Настрой радиостанцию на 101.1,radio_set_station,"{""station"": ""101.1""}"
Настрой радиостанцию на 89.5,radio_set_station,"{""station"": ""89.5""}"
Уменьши громкость на пять,volume_change,"{""delta"": -5}"
Установи громкость на семь,volume_set,"{""level"": 7}"
Выбери режим автообдува,ac_mode_set,"{""mode"": ""auto""}"
Увеличь скорость вентилятора до трёх,ac_fan_set,"{""fan_speed"": 3}"
Разморозь лобовое стекло после рассвета,defrost_set,"{""defrost"": true, ""target"": ""front""}"
Открой солнцезащитный люк,sunroof_set,"{""position"": ""open""}"
Настрой радиостанцию на 94.5,radio_set_station,"{""station"": ""94.5""}"
Начни маршрут к ближайшей заправке,nav_start,"{""destination"": ""ближняя заправка""}"
Найди маршрут к аптеке,nav_start,"{""destination"": ""аптека""}"
Прими вызов,call_answer,
Установи скорость дворников на максимум,wipers_set,"{""speed"": ""max""}"
В дождь включи режим стеклоочистителей,rain_set,"{""enabled"": true}"
Подогрей водительское сиденье на максимум,seat_heater_set,"{""seat"": ""driver"", ""level"": 3}"
Установи температуру 20 градусов,ac_set,"{""temperature"": 20}"
Переключи климат в ручной режим,ac_mode_set,"{""mode"": ""manual""}"
Как идёт дорога?,chitchat,
Установи обогрев сиденья пассажира на максимум,seat_heater_set,"{""seat"": ""passenger"", ""level"": 3}"
Открой переднее окно чуть-чуть,window_set,"{""windows"": ""front"", ""position"": ""slightly_open""}"
Опусти заднее окно,window_set,"{""windows"": ""rear"", ""position"": ""down""}"
Очисти лобовое стекло от пыли,defrost_set,"{""defrost"": true, ""target"": ""front""}"
Переключи радиостанцию на 105.1,radio_set_station,"{""station"": ""105.1""}"
Включи режим ночного прослушивания,volume_mute_set,"{""muted"": true}"
Настрой USB как источник,media_source_set,"{""source"": ""usb""}"
Запусти маршрут к магазину рядом,nav_start,"{""destination"": ""магазин рядом""}"
Проверь дорогу и скажи погоду,chitchat,"{""topic"": ""weather_road""}"
Выключи режим автоматической климатизации,ac_mode_set,"{""mode"": ""manual""}"
Уменьши громкость на 2,volume_change,"{""delta"": -2}"
Переключи источник на CD,media_source_set,"{""source"": ""cd""}"
Настрой станцию 99.9,radio_set_station,"{""station"": ""99.9""}"
Начни маршрут к дому,nav_start,"{""destination"": ""дом""}"
Включи песню из плейлиста,play_music,"{""source"": ""playlist""}"
Начни маршрут к дому на рассвете,nav_start,"{""destination"": ""дом""}"
Светлая дорога подскажет путь,chitchat,"{""topic"": ""road_brightness""}"
"Пылью двор дурной, сделай погоду",ac_set,"{""temperature"": 22}"
Заведи навигатор к ближайшей заправке,nav_start,"{""destination"": ""ближняя заправка""}"
Снизь шум радиопередач,volume_change,"{""delta"": -3}"
Увеличь громкость до 8,volume_set,"{""level"": 8}"
Включи режим обдува лица,ac_mode_set,"{""mode"": ""vent_face""}"
Установи температуру 22,ac_set,"{""temperature"": 22}"
Включи авто режим климата,ac_mode_set,
Включи режим авто в климат-контроле,ac_mode_set,
Уменьши обдув на ноль,ac_fan_set,"{""level"": 0}"
Увеличь обдув до максимума,ac_fan_set,"{""level"": 5}"
Поставь обдув на скорость среднюю,ac_fan_set,"{""level"": 3}"
Отключи климат,ac_off,
Установи подогрев сиденья водителя,seat_heater_set,"{""zone"": ""driver""}"
Включи вентиляцию ног,seat_vent_set,"{""zone"": ""feet""}"
Подогрей задний ряд сидений,seat_heater_set,"{""zone"": ""rear""}"
Включи подогрев лобового стекла,defrost_set,
Подними все окна,window_set,"{""windows"": ""all"", ""position"": ""up""}"
Настрой радиостанцию 101.2,radio_set_station,"{""station"": ""101.2""}"
Громкость растёт на три деления,volume_change,"{""delta"": 3, ""direction"": ""up""}"
Уменьши громкость на четыре пункта,volume_change,"{""delta"": 4, ""direction"": ""down""}"
Установи громкость до 60,volume_set,"{""level"": 60}"
Подними громкость до максимума,volume_set,"{""level"": 100}"
Слушай радио через Bluetooth,media_source_set,"{""source"": ""bluetooth""}"
Включи повтор текущего трека,media_repeat_set,
Настрой радиостанцию 97.9,radio_set_station,"{""station"": ""97.9""}"
Подними дальний свет,high_beam_set,"{""state"": ""on""}"
Включи дворники на низкой скорости,wipers_set,"{""speed"": ""low""}"
Установи дворники на режим дождя,wipers_set,"{""mode"": ""rain""}"
Включи дворники в режиме дождя,wipers_set,"{""mode"": ""rain""}"
Включи дождевой режим дворников,wipers_set,"{""mode"": ""rain""}"
Включи подогрев рулевого колеса,wheel_heater_set,
Как пройти к ближайшей заправке?,nav_start,"{""destination"": ""gas_station""}"
Включи мой любимый плейлист,play_music,
Запусти энергичную композицию,play_music,
Перемотай назад трек на 15 секунд,previous_track,"{""delta"": 15}"
Переключить источник на USB,media_source_set,"{""source"": ""usb""}"
Настрой FM-радио,radio_set,"{""source"": ""fm""}"
Настрой радиостанцию 103.2,radio_set_station,"{""station"": ""103.2""}"
Начни навигацию до дома,nav_start,"{""destination"": ""home""}"
"Останови навигацию, пожалуйста",nav_cancel,
Позвони коллеге по работе,call_start,"{""contact"": ""colleague""}"
Завершай звонок,call_hangup,
Включи дальний свет на трассе,high_beam_set,"{""location"": ""highway"", ""state"": ""on""}"
Включи режим дождя дворников,wipers_set,"{""mode"": ""rain""}"
режим охлаждения,ac_mode_set,
режим вентиляции,ac_mode_set,
поставь скорость вентилятора пять,ac_fan_set,"{""fan_speed"": 5}"
выключи подогрев сидений,seat_heater_set,
уровень подогрева сидений высокий,seat_heater_set,"{""heater_level"": 3}"
уровень подогрева сидений средний,seat_heater_set,"{""heater_level"": 2}"
настрой вентиляцию сидений на умеренную,seat_vent_set,"{""vent_level"": 2}"
закрой люк крыши,sunroof_close,
запусти любимую песню,play_music,
возьми предыдущий трек,previous_track,
поставь громкость на пять,volume_set,"{""volume"": 5}"
выбери радиостанцию,radio_set,
настрой радиостанцию Европа Плюс,radio_set_station,
запусти навигацию к офису,nav_start,
режим дождя дворников,wipers_set,
выключи подогрев руля,wheel_heater_set,
как твои дела за рулём,chitchat,
помоги проложить маршрут в центр,nav_start,
переключи на радиостанцию 101.2,radio_set_station,
поставь ночной режим на дисплее,defrost_set,
включи ночной режим дисплея,defrost_set,
"пожалуйста, продолжай музыку",play_music,
настрой громкость на уровне десять,volume_set,"{""volume"": 10}"
ключи стекло-центр,defrost_set,
позвони в колл-центр,call_start,
переключи радиоканал,radio_set,
проверь дальний свет,high_beam_set,
проверь ближний свет,headlights_set,
включи авто-режим климат-контроля,ac_mode_set,
посмотри погоду,chitchat,
покажи время,chitchat,
Опусти окно до упора,window_set,
Включи обдув на лицо,ac_mode_set,"{""mode"": ""face""}"
Установи температуру 18 градусов,ac_set,"{""temperature"": ""18""}"
Переключись на радиостанцию 101.2,radio_set_station,"{""station"": ""101.2""}"
Назначь радиостанцию 94.7,radio_set_station,"{""station"": ""94.7""}"
Настрой радиопередачу на 98,radio_set_station,"{""station"": ""98""}"
Позвони Анне,call_start,"{""contact"": ""Anna""}"
Следующую дорожку,next_track,
Установи громкость на 50,volume_set,"{""level"": ""50""}"
Переключись на Bluetooth,media_source_set,"{""source"": ""bluetooth""}"
Установи скорость дворников на среднюю,wipers_set,"{""speed"": ""medium""}"
Дворники на слабом режиме,wipers_set,"{""speed"": ""low""}"
Включи авто-режим стеклоочистителя,wipers_set,"{""mode"": ""auto""}"
Подогрей сиденье водителя на три деления,seat_heater_set,"{""seat"": ""driver"", ""level"": ""3""}"
Подогрей сиденье пассажира на максимум,seat_heater_set,"{""seat"": ""passenger"", ""level"": ""max""}"
Открой люк во время движения,sunroof_set,"{""position"": ""open""}"
Установи климат в авто на авто,ac_mode_set,"{""mode"": ""auto""}"
Авто-режим кондиционера включи,ac_mode_set,"{""mode"": ""auto""}"
Включи дефрост лобового стекла и обдув стекол,defrost_set,"{""mode"": ""defrost_and_blow""}"
Сделай комфортной температуру 24 градуса,ac_set,"{""temperature"": ""24""}"
Сделай обдув на стекло вперед,ac_mode_set,"{""mode"": ""defrost_front""}"
Переключись на Spotify,media_source_set,"{""source"": ""spotify""}"
Настрой радиостанцию на 88.8,radio_set_station,"{""station"": ""88.8""}"
Построй маршрут через центр города,nav_start,"{""destination"": ""city_center""}"
Найди ближайшую станцию обслуживания,nav_start,"{""destination"": ""service_station""}"
Поставь обдув на лицо и ноги,ac_mode_set,"{""mode"": ""face_and_legs""}"
Установи температуру 21 градус,ac_set,"{""temperature"": ""21""}"
Переключи на радиостанцию 107.9,radio_set_station,"{""station"": ""107.9""}"
Ответь на входящее сообщение,call_answer,
Установи громкость на 20,volume_set,"{""level"": ""20""}"
Поставь громкость ещё громче,volume_change,"{""delta"": ""up""}"
Отключи режим громкой связи,volume_mute_set,"{""state"": ""mute_off""}"
Переключись на радиоканал рок,media_source_set,"{""source"": ""rock_radio""}"
Начни маршрут через центр города к магазину,nav_start,"{""destination"": ""store_center""}"
Включи режим авто-стеклоочистителя дождь,wipers_set,"{""mode"": ""auto_rain""}"
Установи дефрост на лобовое стекло и боковые стекла,defrost_set,"{""mode"": ""front_and_sides""}"
Сделай паузу на воспроизведение музыки до следующего трека,media_pause,
открой окно чуть-чуть,window_set,"{""state"": ""open"", ""level"": 1}"
опусти переднее правое окно,window_set,"{""position"": ""front_right"", ""state"": ""open"", ""level"": 1}"
закрой все окна,window_set,"{""state"": ""closed"", ""position"": ""all""}"
сменить режим климата на авто,ac_mode_set,"{""mode"": ""auto""}"
разогрей температуру до 26,ac_set,"{""temperature"": 26}"
подиżь температуру до 18,ac_set,"{""temperature"": 18}"
включи подогрев водителя,seat_heater_set,"{""seat"": ""driver"", ""level"": 1}"
включи вентиляцию водителя,seat_vent_set,"{""seat"": ""driver"", ""level"": 1}"
открой панорамную крышу,sunroof_set,"{""position"": ""open""}"
закрой панорамную крышу,sunroof_close,"{""position"": ""panorama""}"
воспроизведи любимую музыку,play_music,
подними громкость на десять,volume_change,"{""delta"": 10}"
переключи на радиостанцию 102.5,radio_set_station,"{""station"": ""102.5""}"
установи FM станцию 23,radio_set_station,"{""station"": ""23""}"
начни маршрут к рассветному офису,nav_start,"{""destination"": ""рассветный офис""}"
прерви маршрут прямо сейчас,nav_cancel,
включи дальний свет прямо сейчас,high_beam_set,"{""state"": ""on""}"
установи подогрев руля на средний уровень,wheel_heater_set,"{""level"": ""medium""}"
сделай климат комфортной температуры,ac_set,"{""temperature"": 22}"
проведи маршрут через пригород,nav_start,"{""destination"": ""пригород""}"
положи маршрут через рассветную магистраль,nav_start,"{""destination"": ""рассветная магистраль""}"
звуковые сигналы приглуши,volume_change,"{""delta"": -3}"
повтори последний трек,media_repeat_set,"{""state"": ""repeat""}"
поставь радио на станцию 88.0,radio_set_station,"{""station"": ""88.0""}"
настрой навигацию на дом,nav_start,"{""destination"": ""дом""}"
позвони начальнику,call_start,"{""contact"": ""начальник""}"
заверши звонок сейчас,call_hangup,
поставь габариты в автомат,headlights_set,"{""mode"": ""auto""}"
включи низкую скорость дворников,wipers_set,"{""speed"": ""low""}"
поговори о запахах на улице,chitchat,"{""topic"": ""street_smells""}"
как твой рассвет сегодня?,chitchat,"{""topic"": ""morning""}"
помоги выбрать маршрут к рассветному проспекту,nav_start,"{""destination"": ""рассветный проспект""}"
"подскажи, как проехать через снегопад",chitchat,"{""topic"": ""driving_in_snow""}"
тороплюсь — проложи маршрут к офису,nav_start,"{""destination"": ""офис"", ""urgency"": ""high""}"
включи режим экономии энергии,ac_mode_set,"{""mode"": ""eco""}"
разморозь лобовое стекло и включи обогрев,defrost_set,"{""type"": ""windshield"", ""state"": ""on""}"
Дальний свет включи,high_beam_set,"{""mode"": ""on""}"
Включи дворники на авто,wipers_set,"{""mode"": ""auto""}"
Установи дворники в авто,wipers_set,"{""mode"": ""auto""}"
Включи дворники Auto,wipers_set,"{""mode"": ""auto""}"
Установи температуру 24,ac_set,"{""temperature"": 24}"
Подними температуру до 23,ac_set,"{""temperature"": 23}"
Задай климат Auto,ac_mode_set,"{""mode"": ""auto""}"
Включи режим Auto климата,ac_mode_set,"{""mode"": ""auto""}"
Установи режим вентилятора Auto,ac_fan_set,"{""level"": 2}"
Установи уровень вентилятора 3,ac_fan_set,"{""level"": 3}"
Подогрей сиденье водителя до 2,seat_heater_set,"{""seat"": ""driver"", ""level"": 2}"
Погрей руль,wheel_heater_set,"{""level"": 1}"
Установи обогрев лобового стекла,defrost_set,"{""mode"": ""front""}"
Включи разморозку лобового,defrost_set,"{""mode"": ""front""}"
Сделай музыку громче,volume_change,"{""delta"": 3}"
Выбери источник медиа Bluetooth,media_source_set,"{""source"": ""bluetooth""}"
Включи радиостанцию 101.5,radio_set_station,"{""station"": ""101.5""}"
Лови радиостанцию 95.7,radio_set_station,"{""station"": ""95.7""}"
Выбери радиоканал News,radio_set,"{""station"": ""News""}"
Найди маршрут до работы,nav_start,"{""destination"": ""work""}"
Опусти водительское окно,window_set,"{""window"": ""driver"", ""position"": ""down""}"
Опусти левое переднее окно,window_set,"{""window"": ""left_front"", ""position"": ""down""}"
Подними правое заднее окно,window_set,"{""window"": ""right_rear"", ""position"": ""up""}"
Установи ночной режим климата,ac_mode_set,"{""mode"": ""auto""}"
Включи авто-режим вентилятора,ac_fan_set,"{""level"": 2}"
Установи станцию радио 105.3,radio_set_station,"{""station"": ""105.3""}"
Сделай Bluetooth как источник,media_source_set,"{""source"": ""bluetooth""}"
Включи режим Auto кондиционера,ac_mode_set,"{""mode"": ""auto""}"
Поставь громкость на 60,volume_set,"{""volume"": 60}"
Проиграй следующую дорожку,next_track,
Верни предыдущую дорожку,previous_track,
Задай радиостанцию 89.1,radio_set_station,"{""station"": ""89.1""}"
Наведи маршрут к магазину,nav_start,"{""destination"": ""store""}"
Открой источник медиа на AUX,media_source_set,"{""source"": ""aux""}"
Начни поиск маршрута к аэропорту,nav_start,"{""destination"": ""airport""}"
Уменьши громкость на 10,volume_change,"{""delta"": -10}"
Установи громкость 25,volume_set,"{""volume"": 25}"
Переключись на станцию 88.8,radio_set_station,"{""station"": ""88.8""}"
Начни навигацию к парку,nav_start,"{""destination"": ""park""}"
Установи дефрост Front,defrost_set,"{""mode"": ""front""}"
Добавь шум шин в тише,volume_change,"{""delta"": -2}"
Нужно быстро свернуть,nav_start,
Поверни направо прямо сейчас,nav_start,
Срочно сверни на ближайшую развязку,nav_start,
Поставь навигацию на ближайший поворот,nav_start,
Дай мне маршрут к офису,nav_start,
Нужен путь к дому,nav_start,
Убавь шум в салоне,volume_mute_set,
Заведи громкость потише,volume_change,
Увеличь громкость до максимума,volume_set,
Переключи на любимую радиостанцию,radio_set_station,
Сделай обогрев лобового стекла,defrost_set,
Переключи климат на автоматический режим,ac_mode_set,
Уменьши обороты вентилятора,ac_fan_set,
Включи обогрев сиденья слева,seat_heater_set,"{""seat"": ""left""}"
Разогрей правое сиденье,seat_heater_set,"{""seat"": ""right""}"
Сделай обогрев левого кресла,seat_heater_set,"{""seat"": ""left""}"
Сбрось настройки климата,ac_off,
Сними обогрев стекол,defrost_set,"{""state"": ""off""}"
Включи любимую песню сейчас,play_music,
Сменим трек на следующий,next_track,
Убери звук в салоне,volume_mute_set,
"Громкость потише, пожалуйста",volume_change,"{""level"": ""low""}"
Переключи источник воспроизведения на Bluetooth,media_source_set,"{""source"": ""bluetooth""}"
Включи повторение текущего трека,media_repeat_set,
Сделай случайный порядок воспроизведения,media_shuffle_set,
Настрой радиостанцию 101.2 FM,radio_set_station,"{""station"": ""101.2 FM""}"
Найди маршрут к ближайшей заправке,nav_start,
Включи навигацию к рынку поблизости,nav_start,
Позвони маме прямо сейчас,call_start,"{""contact"": ""мама""}"
Поставь фары в режим дневного света,headlights_set,"{""mode"": ""daylight""}"
Установи режим авто дворников,wipers_set,"{""mode"": ""auto""}"
Настрой люк на крыше в открытое положение,sunroof_set,"{""position"": ""open""}"
Установи подогрев передних сидений пассажира и водителя,seat_heater_set,"{""seat"": ""both""}"
"Как дела, машина?",chitchat,
Расскажи анекдот про дорогу,chitchat,
"Скажи, как проехать к центру",nav_start,
Переключи медиапроигрыватель на Spotify,media_source_set,"{""source"": ""spotify""}"
Настрой радио на 92.5 FM,radio_set_station,"{""station"": ""92.5 FM""}"
Сделай ночной режим фар,headlights_set,"{""mode"": ""night""}"
Включи дневной режим фар,headlights_set,"{""mode"": ""day""}"
Сделай дефрост на лобовом стекле,defrost_set,
Выключи обогрев сидений,seat_heater_set,"{""seat"": ""all"", ""state"": ""off""}"
Включи обогрев руля сильнее,wheel_heater_set,"{""level"": ""high""}"
Уменьши температуру на климате,ac_set,"{""temperature"": ""lower""}"
Сделай тихое включение музыки,volume_change,"{""volume"": ""low""}"
Включи повторное проигрывание,media_repeat_set,
"Проверь, нет ли задержки голосовых команд",chitchat,
Сделай звук потише,volume_change,
Установи громкость на двадцать процентов,volume_set,"{""level"": 20}"
Уменьши громкость до нуля,volume_set,"{""level"": 0}"
Поставь музыку,play_music,
Выбери радиостанцию 102.4,radio_set_station,"{""station"": ""102.4""}"
Переключи радиостанцию на 98.7,radio_set_station,"{""station"": ""98.7""}"
Найди радиостанцию с частотой 101.1,radio_set_station,"{""station"": ""101.1""}"
Начни маршрут к работе,nav_start,"{""destination"": ""работа""}"
Найди ближайшее метро,nav_start,"{""destination"": ""ближайшее метро""}"
Найди маршрут через тоннель,nav_start,"{""destination"": ""тоннель""}"
"Хочу тишины, отключи чат",chitchat,
"Пожалуйста, молчи во время поездки",chitchat,
Дай дворникам автоматический режим,wipers_set,"{""speed"": ""auto""}"
Включи обогрев водителя,seat_heater_set,"{""seat"": ""driver"", ""level"": 2}"
Установи подогрев пассажира на максимум,seat_heater_set,"{""seat"": ""passenger"", ""level"": 5}"
Включи вентиляцию на лицо,seat_vent_set,"{""position"": ""face""}"
Установи температуру на 22 градуса,ac_set,"{""temperature"": 22}"
Сделай температуру 18 градусов,ac_set,"{""temperature"": 18}"
Включи режим охлаждения,ac_mode_set,"{""mode"": ""cool""}"
Уменьши скорость вентилятора до двух,ac_fan_set,"{""speed"": 2}"
Направь обдув на лоб,ac_fan_set,"{""direction"": ""front""}"
Открой окно водителя,window_set,"{""position"": ""driver"", ""state"": ""open""}"
Закрой окно водителя,window_set,"{""position"": ""driver"", ""state"": ""closed""}"
Выключи обогрев руля,wheel_heater_set,"{""state"": ""off""}"
Режим обдува лобового стекла,defrost_set,"{""mode"": ""defrost""}"
Очисти лобовое стекло,wipers_set,"{""speed"": ""high""}"
Включи режим автоклимата,ac_mode_set,"{""mode"": ""auto""}"
Поставь обогрев сиденья на максимум,seat_heater_set,"{""seat"": ""driver"", ""level"": 5}"
Поставь обдув на лицо,seat_vent_set,"{""position"": ""face""}"
Установи температуру на двадцать четыре градуса,ac_set,"{""temperature"": 24}"
Сделай режим Auto климата,ac_mode_set,"{""mode"": ""auto""}"
Сделай обдув на стекло сверху,ac_fan_set,"{""direction"": ""top""}"
Сделай дворники на минимальный режим,wipers_set,"{""speed"": ""low""}"
Включи дворники на auto,wipers_set,"{""speed"": ""auto""}"
На маршрут к дому найди кафе по пути,nav_start,"{""destination"": ""кафе""}"
Ответь на входящий вызов,call_answer,
Начни звонок абоненту 5550123,call_start,"{""number"": ""5550123""}"
Завершить звонок,call_hangup,
Переключи источник на Bluetooth и проиграй музыку,media_source_set,"{""source"": ""Bluetooth""}"
"Скажи, что сейчас ночь и снег, пусть навигатор молчит",chitchat,
Опусти окно чуть ниже,window_set,
Установи окно в нижнее положение,window_set,
Поставь правое окно внизу,window_set,
Слегка опусти переднее окно,window_set,
Пусти левое окно вниз,window_set,
Оставь люк открытым,sunroof_set,
Пусти люк чуть повыше,sunroof_set,
Включи автоматическое открытие люка,sunroof_set,
Включи режим авто,ac_mode_set,
Установи обдув на лицо,ac_mode_set,
Включи максимальную скорость вентилятора,ac_fan_set,
Уменьши температуру до 20 градусов,ac_set,"{""temperature"": 20}"
Включи обдув на лобовое стекло,defrost_set,
Запусти последний трек,play_music,
Вернись к предыдущему треку,previous_track,
Установи повтор плейлиста,media_repeat_set,
Включи случайный проигрыш,media_shuffle_set,
Поставь громкость на 40 процентов,volume_set,"{""level"": 40}"
Понизь громкость до минимума,volume_set,"{""level"": 0}"
Настрой радиостанцию,radio_set,
Переставь на радиостанцию 101.5,radio_set_station,"{""station"": ""101.5""}"
Настрой станцию 98.3,radio_set_station,"{""station"": ""98.3""}"
Проложи маршрут к офису,nav_start,"{""destination"": ""office""}"
Построй маршрут домой,nav_start,"{""destination"": ""home""}"
Покажи маршрут до магазина,nav_start,"{""destination"": ""store""}"
Начни маршрут к аэропорту,nav_start,"{""destination"": ""airport""}"
Проложи путь к парку,nav_start,"{""destination"": ""park""}"
Отклони звонок,call_hangup,
Позвони в сервис,call_start,"{""contact"": ""service""}"
Установи режим дождя,rain_set,
Включи режим дождливой езды,rain_set,
Подогрей сиденья,seat_heater_set,
Как дела за рулем?,chitchat,
Погода за окном какая?,chitchat,
Проведи навигацию к парку,nav_start,"{""destination"": ""park""}"
Открой левое окно,window_set,"{""window"": ""left"", ""state"": ""open""}"
Закрой правое окно,window_set,"{""window"": ""right"", ""state"": ""close""}"
Открой заднее правое окно,window_set,"{""window"": ""rear_right"", ""state"": ""open""}"
Закрой заднее левое окно,window_set,"{""window"": ""rear_left"", ""state"": ""close""}"
Открой все окна,window_set,"{""window"": ""all"", ""state"": ""open""}"
Установи температуру 19 градусов,ac_set,"{""temperature"": 19}"
Включи автоматический режим охлаждения,ac_set,"{""mode"": ""auto""}"
Установи режим обогрева,ac_mode_set,"{""mode"": ""heat""}"
Установи скорость вентилятора на 2,ac_fan_set,"{""fan_speed"": 2}"
Включи подогрев водительского сиденья,seat_heater_set,"{""seat"": ""driver"", ""state"": ""on""}"
Установи подогрев сиденья пассажира на 1,seat_heater_set,"{""seat"": ""passenger"", ""level"": 1}"
Выключи подогрев всех сидений,seat_heater_set,"{""seat"": ""all"", ""state"": ""off""}"
Включи обогрев водительского руля,wheel_heater_set,"{""wheel"": ""driver"", ""state"": ""on""}"
Включи обогрев руля на обе стороны,wheel_heater_set,"{""wheel"": ""both"", ""state"": ""on""}"
Очисти лобовое стекло обогревом,defrost_set,"{""target"": ""windscreen""}"
Сыграй следующую композицию,next_track,
Поставь предыдущий трек,previous_track,
Выбери радиостанцию FM 99.1,radio_set_station,"{""station"": ""99.1""}"
Настрой радиоприемник на станцию 105.3,radio_set_station,"{""station"": ""105.3""}"
Сделай громче на 5,volume_change,"{""delta"": 5}"
Уменьши громкость на 7,volume_change,"{""delta"": -7}"
Установи громкость 50 процентов,volume_set,"{""level"": 50}"
Включи режим без звука,volume_mute_set,"{""state"": ""muted""}"
Подключи Bluetooth в источник,media_source_set,"{""source"": ""bluetooth""}"
Сделай случайную подборку,media_shuffle_set,"{""mode"": ""shuffle""}"
Найди ближайшее кафе,nav_start,"{""destination"": ""nearest_cafe""}"
Отклони входящий вызов,call_hangup,
Включи автоматический дальний свет,high_beam_set,"{""mode"": ""auto""}"
Назначь маршрут через центр города,nav_start,"{""destination"": ""downtown""}"
Найди ближайший автосервис,nav_start,"{""destination"": ""nearest_service_center""}"
Звонок Олегу,call_start,"{""contact"": ""oleg""}"
Принять вызов,call_answer,
Отклонить входящий вызов,call_hangup,
Хорошего дня за рулём,chitchat,
Расскажи смешную историю,chitchat,
Спасибо за помощь,chitchat,
"Помоги расслабиться, расскажи историю",chitchat,
Установи режим климата на авто,ac_mode_set,"{""mode"": ""auto""}"
Поставь скорость вентилятора на высокий,ac_fan_set,"{""level"": 3}"
Включи подогрев сиденья водителю на максимум,seat_heater_set,"{""seat"": ""driver"", ""level"": 3}"
Активируй вентиляцию сиденья пассажира на средний,seat_vent_set,"{""seat"": ""passenger"", ""level"": 2}"
Открой люк на максимум,sunroof_set,"{""level"": 100}"
Слушай мою любимую песню,play_music,
Давай следующий трек,next_track,
Увеличь громкость на 15,volume_change,"{""delta"": 15}"
Установи громкость на 70 процентов,volume_set,"{""level"": 70}"
Переключи источник на радиоприёмник,media_source_set,"{""source"": ""radio""}"
Включи повтор музыки,media_repeat_set,"{""state"": ""on""}"
Включи воспроизведение в случайном порядке,media_shuffle_set,"{""state"": ""on""}"
Отклони вызов,call_hangup,
Переключи на дальний свет,high_beam_set,
Установи дворники в автоматическом режиме,wipers_set,"{""mode"": ""auto""}"
Говори со мной,chitchat,
Увеличь громкость ещё на пять,volume_change,"{""delta"": 5}"
Уменьши громкость на десять,volume_change,"{""delta"": -10}"
Максимальная громкость,volume_set,"{""level"": 100}"
Выбери радиостанцию 97.2,radio_set_station,"{""station"": ""97.2""}"
Переключи на радиостанцию 88.5,radio_set_station,"{""station"": ""88.5""}"
Какие дороги сегодня лучше?,chitchat,"{""topic"": ""traffic""}"
Поставь песню из поп-музыки,play_music,"{""source"": ""pop_playlist""}"
Переключи радиоприёмник на мою любимую станцию,radio_set_station,"{""station"": ""favorite""}"
"Сделай громкость тише, но не менее чем на 15",volume_change,"{""delta"": -15}"
Сделай маршрут к аэропорту,nav_start,"{""destination"": ""airport""}"
Подключи Bluetooth для музыки,media_source_set,"{""source"": ""bluetooth""}"
Подключи USB для воспроизведения,media_source_set,"{""source"": ""usb""}"
Переключи радиостанцию на 102.5,radio_set_station,"{""station"": ""102.5""}"
Наведи маршрут к кафе,nav_start,"{""destination"": ""cafe""}"
Сделай повтор плейлиста,media_repeat_set,"{""state"": ""on""}"
Установи громкость на 65,volume_set,"{""level"": 65}"
Уменьши громкость на 3 пункта,volume_change,"{""delta"": -3}"
Сделай паузу воспроизведения прямо сейчас,media_pause,
Открой люк на 30 процентов,sunroof_set,"{""level"": 30}"
Установи дефрост на стекла на среднем уровне,defrost_set,"{""mode"": ""defrost"", ""level"": 2}"
Подогрей сиденье пассажира на 2,seat_heater_set,"{""seat"": ""front_passenger"", ""level"": 2}"
Установи температуру в салоне на 22 градуса,ac_set,"{""temperature"": 22}"
Понизь температуру климата до 19 градусов,ac_set,"{""temperature"": 19}"
Переключи климат в авто,ac_mode_set,"{""mode"": ""auto""}"
Установи вентилятор на 3,ac_fan_set,"{""level"": 3}"
Закрой окно с правой стороны,window_set,"{""window"": ""front_right"", ""state"": ""close""}"
Установи подогрев сидения водителя на 3,seat_heater_set,"{""seat"": ""driver"", ""level"": 3}"
Включи обдув сиденья водителя на 1,seat_vent_set,"{""seat"": ""driver"", ""level"": 1}"
Выключи режим дождя,rain_set,"{""state"": ""off""}"
Установи FM радиостанцию,radio_set,"{""band"": ""fm""}"
Переключись на радиостанцию 97.4,radio_set_station,"{""station"": 97.4}"
Укажи источник Bluetooth,media_source_set,"{""source"": ""bluetooth""}"
Сменить источник на USB,media_source_set,"{""source"": ""usb""}"
Старт маршрута домой,nav_start,"{""destination"": ""home""}"
Отмени маршрут к магазину,nav_cancel,"{""destination"": ""store""}"
Установи фары в автоматический режим,headlights_set,"{""mode"": ""auto""}"
Выключи дальний свет,high_beam_set,"{""state"": ""off""}"
Как твои дела? Дорога сегодня свободна?,chitchat,
"Скажи, какая дорога лучше?",chitchat,
Расскажи погоду за окном,chitchat,
Установи температуру в салоне на 23 градуса,ac_set,"{""temperature"": 23}"
Установи температуру в салоне на 24 градуса,ac_set,"{""temperature"": 24}"
Сделай климат авто,ac_mode_set,"{""mode"": ""auto""}"
Включи обдув заднего стекла,defrost_set,"{""zone"": ""rear""}"
Закрой окно задних пассажиров,window_set,"{""window"": ""rear_passengers"", ""state"": ""close""}"
Установи подогрев сиденья водителя на 1,seat_heater_set,"{""seat"": ""driver"", ""level"": 1}"
Повысь громкость до 40,volume_set,"{""level"": 40}"
Сделай громче на 8,volume_change,"{""delta"": 8}"
Снизь громкость на 15,volume_change,"{""delta"": -15}"
Уменьши громкость до минимума,volume_set,"{""level"": 0}"
Сменить источник на радио,media_source_set,"{""source"": ""radio""}"
Сделай повтор треков,media_repeat_set,"{""state"": ""repeat""}"
Громкость увеличь на 15,volume_change,"{""amount"": 15}"
Громкость снизь на 5,volume_change,"{""amount"": 5}"
Установи громкость 40 процентов,volume_set,"{""value"": 40}"
Сделай громче до 60 процентов,volume_set,"{""value"": 60}"
Включи Bluetooth как источник,media_source_set,"{""source"": ""bluetooth""}"
Переключи источник на радио,media_source_set,"{""source"": ""radio""}"
Настрой дефрост на лобовом стекле,defrost_set,"{""position"": ""front""}"
Включи обогрев водительского сиденья,seat_heater_set,"{""seat"": ""driver"", ""level"": 3}"
Установи режим вентиляции на авто,ac_mode_set,"{""mode"": ""auto""}"
Установи режим вентилятора на средний,ac_fan_set,"{""level"": ""medium""}"
Включи подогрев водительского сиденья на максимум,seat_heater_set,"{""seat"": ""driver"", ""level"": 5}"
Включи подогрев пассажирского сиденья на минимуме,seat_heater_set,"{""seat"": ""passenger"", ""level"": 1}"
Включи дворники на медленной скорости,wipers_set,"{""speed"": ""slow""}"
Включи режим ливня,rain_set,"{""mode"": ""auto""}"
Отменить маршрут,nav_cancel,
Настрой радиостанцию 105.7,radio_set_station,"{""station"": ""105.7""}"
Переключись на FM-диапазон,radio_set,"{""band"": ""FM""}"
Настрой Bluetooth-источник,media_source_set,"{""source"": ""bluetooth""}"
Используй USB как источник,media_source_set,"{""source"": ""usb""}"
Поставь окна в автоматический режим,window_set,"{""mode"": ""auto""}"
"Как дела, водитель?",chitchat,
"Скажи, погода за окном",chitchat,
Включи стеклоочистители на автомате,wipers_set,"{""mode"": ""auto""}"
Увеличь скорость обдува на две ступени,ac_fan_set,"{""level_increase"": 2}"
Настрой радиостанцию на 101.2,radio_set_station,"{""station"": ""101.2""}"
Включи дефрост на лобовом стекле,defrost_set,"{""position"": ""front""}"
Переключи на радио 1,radio_set_station,"{""station"": ""1""}"
Включи автоматический режим вентиляции,ac_mode_set,"{""mode"": ""auto""}"
Установи обогрев сиденья водителя на высокий уровень,seat_heater_set,"{""seat"": ""driver"", ""level"": 5}"
Переключи источник на AUX,media_source_set,"{""source"": ""aux""}"
Отмени текущий маршрут,nav_cancel,
Подай вызов на номер 555-1234,call_start,"{""phone"": ""555-1234""}"
Перезвони по номеру 555-1234,call_start,"{""phone"": ""555-1234""}"
Открой только левое окно,window_set,"{""window"": ""left"", ""action"": ""open""}"
Включи дворников при дожде,wipers_set,"{""mode"": ""rain""}"
Поставь радиостанцию на 88.5,radio_set_station,"{""station"": ""88.5""}"
установи климат авто 22,ac_set,"{""mode"": ""auto"", ""temperature"": 22}"
задай режим авто,ac_mode_set,"{""mode"": ""auto""}"
скорость вентилятора три,ac_fan_set,"{""fan_speed"": 3}"
разморозь лобовое,defrost_set,
дворники включи,wipers_set,
поставь громкость пять,volume_set,"{""volume"": 5}"
снизь громкость на десять,volume_change,"{""delta"": -10}"
выбери bluetooth в источнике,media_source_set,"{""source"": ""bluetooth""}"
установи станцию nostalgia,radio_set_station,"{""station"": ""nostalgia""}"
построй маршрут до офиса,nav_start,"{""destination"": ""office""}"
поменяй фары на ближний,headlights_set,"{""mode"": ""lowbeam""}"
подогрей сиденье водителя,seat_heater_set,"{""seat"": ""driver"", ""level"": ""max""}"
вентиляция сиденья водителя,seat_vent_set,"{""seat"": ""driver""}"
опусти стекло,window_set,"{""direction"": ""down"", ""location"": ""driver""}"
поставь громкость пятнадцать,volume_set,"{""volume"": 15}"
увеличь громкость на пять,volume_change,"{""delta"": 5}"
выбери usb как источник,media_source_set,"{""source"": ""usb""}"
выбери станцию nostalgia,radio_set_station,"{""station"": ""nostalgia""}"
покажи маршрут к заправке,nav_start,"{""destination"": ""gas_station""}"
как пройти к развязке,nav_start,"{""destination"": ""junction""}"
проветривание сиденья водителя,seat_vent_set,"{""seat"": ""driver""}"
поменяй фары на дальний,headlights_set,"{""mode"": ""highbeam""}"
переключи станцию nostalgia,radio_set_station,"{""station"": ""nostalgia""}"
включи музыкальную подборку Fav,play_music,"{""playlist"": ""favorites""}"
загрузи последнюю песню,play_music,"{""track"": ""last""}"
включи радиостанцию Nostalgia,radio_set_station,"{""station"": ""nostalgia""}"
повтори песню заново,media_repeat_set,
перемешай плейлист рок,media_shuffle_set,"{""genre"": ""rock""}"
сделай тишину в салоне,volume_mute_set,
поставь плейлист любимые,play_music,"{""playlist"": ""favorites""}"
выбери станцию nostalgia2,radio_set_station,"{""station"": ""nostalgia2""}"
проверь маршрут до дома,nav_start,"{""destination"": ""home""}"
запусти трек,play_music,
проиграй любимый трек,play_music,
пауза музыки,media_pause,
переключись на радио,radio_set,
радио 101.3,radio_set_station,"{""station"": ""101.3""}"
источник Bluetooth,media_source_set,
установи громкость 40,volume_set,"{""volume"": 40}"
установи громкость 0,volume_set,"{""volume"": 0}"
охлади салон до 22 градусов,ac_set,"{""temperature"": 22}"
нагрей салон до 28 градусов,ac_set,"{""temperature"": 28}"
установи режим AUTO,ac_mode_set,"{""mode"": ""AUTO""}"
установи обороты вентилятора на 3,ac_fan_set,"{""fan_speed"": 3}"
включи обогрев сиденья,seat_heater_set,
включи вентиляцию сиденья,seat_vent_set,
включи обдув лобового,defrost_set,
опусти правое стекло,window_set,
покажи маршрут к торговому центру,nav_start,
включи передние дворники,wipers_set,
как дорога домой,chitchat,
что сегодня на дороге,chitchat,
помоги найти заправку,nav_start,
установи громкость 75,volume_set,"{""volume"": 75}"
покажи карту сейчас,chitchat,
поищи ближайшую парковку,chitchat,
посоветуй маршрут для парковки,chitchat,
расскажи план на вечер,chitchat,
проверь заряд батареи,chitchat,
покажи ближайшую заправку,nav_start,
установи громкость 90,volume_set,"{""volume"": 90}"
сделай паузу на 5 секунд,media_pause,"{""duration_seconds"": 5}"
расскажи прогноз погоды,chitchat,
сделай потише,volume_change,
сделай громче,volume_change,
запусти навигацию,nav_start,
начни маршрут,nav_start,
включи очистку лобового,defrost_set,
разогрей лобовое стекло,defrost_set,
установи температуру,ac_set,
установи режим Auto для вентиляции,ac_mode_set,
включи режим Auto вентиляции,ac_mode_set,
включи обдув салона,ac_mode_set,
установи скорость вентилятора на среднюю,ac_fan_set,
"помолчи, пассажир спит",volume_mute_set,
переключи радио на волну 99.5,radio_set_station,"{""station"": ""99.5""}"
установи громкость на 10,volume_set,"{""level"": 10}"
установи громкость на 30,volume_set,"{""level"": 30}"
опусти солнцезащитные шторы,sunroof_set,"{""position"": ""open""}"
поставь режим в машине на ночь,headlights_set,"{""mode"": ""night""}"
прикрой свет приборов,headlights_set,"{""mode"": ""auto""}"
приглуши звук уведомлений,volume_mute_set,
сделай паузу навигатора,media_pause,
обнови маршрут в навигаторе,nav_start,
покажи карту на дисплее,nav_start,
поменяй источник медиa на Bluetooth,media_source_set,"{""source"": ""bluetooth""}"
поменяй источник медиa на радио,media_source_set,"{""source"": ""radio""}"
включи повтор,media_repeat_set,
включи случайное повторение,media_shuffle_set,
выбери FM-радио,radio_set_station,"{""station"": ""FM""}"
передвинь маршрут к ближайшей заправке,nav_start,
посмотри состояние стекол,defrost_set,
включи экономичный режим,defrost_set,"{""mode"": ""economy""}"
поставь защиту от запотевания лобового,defrost_set,
Опусти заднее правое стекло,window_set,"{""window_position"": ""rear_right""}"
Установи температуру воздуха в салоне на двадцать два,ac_set,"{""temperature"": 22}"
Переключи режим климата на авто,ac_mode_set,"{""mode"": ""auto""}"
Установи подогрев сиденья водителю на два,seat_heater_set,"{""seat_heater"": ""driver"", ""level"": 2}"
Включи вентиляцию сиденья пассажира на один,seat_vent_set,"{""seat_vent"": ""passenger"", ""level"": 1}"
Открой люк на солнце,sunroof_set,"{""sunroof_position"": ""open""}"
Увеличь громкость на два пункта,volume_change,"{""delta"": 2}"
Установи громкость на пятьдесят процентов,volume_set,"{""volume"": 50}"
Включи беззвучный режим,volume_mute_set,"{""mute"": true}"
Включи повтор песни,media_repeat_set,"{""repeat"": ""song""}"
Перемешай воспроизведение,media_shuffle_set,"{""shuffle"": true}"
Переключи радиостанцию на 102.5 FM,radio_set_station,"{""station"": ""102.5""}"
Подними скорость дворников до максимума,wipers_set,"{""speed"": ""max""}"
Включи подогрев руля на два,wheel_heater_set,"{""level"": 2}"
Как идёт погода за окном?,chitchat,"{""topic"": ""weather""}"
Расскажи историю из пути,chitchat,"{""topic"": ""road_story""}"
Есть ли маршрут без пробок?,chitchat,"{""topic"": ""traffic""}"
Опусти переднее левое стекло,window_set,"{""window_position"": ""front_left""}"
Установи режим обогрева сиденья пассажира на три,seat_heater_set,"{""seat_heater"": ""passenger"", ""level"": 3}"
Установи радиостанцию на FM 88.8,radio_set_station,"{""station"": ""88.8""}"
Установи маршрут до офиса,nav_start,"{""destination"": ""office""}"
Очисти маршрут,nav_cancel,
Ответь на звонок сейчас,call_answer,
Выключи ближний свет,headlights_set,"{""mode"": ""off""}"
Включи обогрев заднего сиденья,seat_heater_set,"{""seat_heater"": ""rear"", ""level"": 1}"
Установи температуру в салоне на 25 градусов,ac_set,"{""temperature"": 25}"
Разверни маршрут по кратчайшему пути,nav_start,"{""destination"": ""shortest_path""}"
Переключи источник на спутниковое радио,media_source_set,"{""source"": ""sat_radio""}"
Переключи радиостанцию на FM 95.7,radio_set_station,"{""station"": ""95.7""}"
Построй маршрут до аэропорта,nav_start,"{""destination"": ""airport""}"
Очисти маршрут от пробок,nav_cancel,
Помоги выбрать плейлист для дороги,chitchat,"{""topic"": ""playlist_advice""}"
Сделай анекдот для водителя,chitchat,"{""topic"": ""driver_joke""}"
Сколько осталось до цели?,chitchat,"{""topic"": ""time_to_goal""}"
Включи режим Eco в климате,ac_mode_set,"{""mode"": ""eco""}"
Установи дефрост на заднее стекло,defrost_set,"{""defrost_target"": ""rear""}"
Охлади салон до 20 градусов,ac_set,"{""temperature"": 20}"
Поставь температуру 21 градус,ac_set,"{""temperature"": 21}"
Сделай температуру 23 градуса,ac_set,"{""temperature"": 23}"
Увеличь нагрев до 25 градусов,ac_set,"{""temperature"": 25}"
Выключи кондиционер сейчас,ac_off,
Сними климат-контроль,ac_off,
Включи автоматический режим обдува,ac_mode_set,
Установи ручной режим обдува,ac_mode_set,
Переключи обдув на режим авто,ac_mode_set,
Задай комфортный режим обдува,ac_mode_set,
Установи вентилятор на 60 процентов,ac_fan_set,"{""fan_speed"": 60}"
Поставь скорость вентилятора 40 процентов,ac_fan_set,"{""fan_speed"": 40}"
Установи скорость вентилятора на 75,ac_fan_set,"{""fan_speed"": 75}"
Установи тихий режим вентилятора на 15 процентов,ac_fan_set,"{""fan_speed"": 15}"
Увеличь мощность вентилятора до 60 процентов,ac_fan_set,"{""fan_speed"": 60}"
Снизь скорость вентилятора до 25 процентов,ac_fan_set,"{""fan_speed"": 25}"
Включи обогрев заднего стекла,defrost_set,
Включи дефрост передних стекол,defrost_set,
Сделай обогрев ветрового стекла,defrost_set,
Закрой окно пассажира,window_set,"{""window"": ""front_passenger""}"
Опусти окно задней правой двери,window_set,"{""window"": ""rear_right""}"
Подними окно сзади слева,window_set,"{""window"": ""rear_left""}"
Установи люк в положение закрыто,sunroof_close,
Включи подогрев водительского сиденья на 3,seat_heater_set,"{""level"": 3}"
Установи подогрев сиденья водителя на 2,seat_heater_set,"{""level"": 2}"
Подогрей сиденье пассажира до 1,seat_heater_set,"{""level"": 1}"
Включи подогрев сидений передних,seat_heater_set,
Включи подогрев сидений задних,seat_heater_set,
Установи подогрев руля на 3,wheel_heater_set,"{""level"": 3}"
Установи подогрев руля на 2,wheel_heater_set,"{""level"": 2}"
Уменьши скорость дворников,wipers_set,"{""speed"": ""low""}"
Настрой дворники на высокий режим,wipers_set,"{""speed"": ""high""}"
Включи стеклоочистители по дождю,rain_set,"{""mode"": ""auto""}"
Активируй автоматический режим дождя,rain_set,"{""mode"": ""auto""}"
Отключи стеклоочистители,rain_set,"{""mode"": ""off""}"
Отключи фары,headlights_set,"{""mode"": ""off""}"
Переключи фары на авто,headlights_set,
Включи режим авто фар,headlights_set,
Включи любимую песню,play_music,
Включи плейлист 'По дороге',play_music,
Начни воспроизведение любимого трека,play_music,
Перейти к следующему треку,next_track,
Установи громкость на 60,volume_set,"{""volume"": 60}"
Подними переднее стекло,window_set,
Открой заднее стекло,window_set,
Включи подогрев сиденья,seat_heater_set,
Активируй вентиляцию сиденья,seat_vent_set,
Сыграй музыку,play_music,
Понизь громкость,volume_change,
Настрой радио,radio_set,
Запусти навигацию до дома,nav_start,
Сделай звонок Анне,call_start,
Поставь дворники на средние,wipers_set,
Что ты думаешь об этом,chitchat,
Покажи маршрут до офиса,nav_start,
Сгенерируй маршрут к дому,nav_start,
Отменить текущий маршрут,nav_cancel,
Закрой звонок,call_hangup,
Переключи фары на дальний свет,high_beam_set,
Какой сейчас трафик за рулем?,chitchat,
"Расскажи, какая погода за окном",chitchat,
Установи радиостанцию Шансон,radio_set_station,
Включи радио сейчас,radio_set,
Поставь громкость тридцать процентов,volume_set,
Включи стеклоочистители на максимум,wipers_set,
Отмени указания маршрута,nav_cancel,
Скажи оставь маршрут на завтра,chitchat,
Подскажи путь к дому,nav_start,
Сделай ремонт дороги на карте,chitchat,
На рассвете включи дворники,wipers_set,
Дождь идёт — включи стеклоочистители,wipers_set,
"Лобовое запотело, включи обдув",defrost_set,
Запотевшее стекло — ускорь обдув,defrost_set,
Утром включи авто дворники,wipers_set,
Дворники в режиме экономии,wipers_set,
Поставь дворники в авто-режим,wipers_set,
Дворники работают медленно,wipers_set,
С рассветом включи дождевые дворники,wipers_set,
Включи дворники в режиме авто,wipers_set,
"Сейчас жарко, включи кондиционер",ac_set,
"Уменьши температуру, слишком жарко",ac_set,
Переключи режим вентилятора на максимум,ac_fan_set,
Сделай прохладу в салоне,ac_set,
Уменьши поток воздуха к ногам,ac_fan_set,
Раздели поток воздуха на лицо,ac_mode_set,
Поставь авто-климат на режим комфорт,ac_mode_set,
Включи рециркуляцию воздуха,ac_mode_set,
Перемотай трек,next_track,
Верни прошлый трек,previous_track,
Переключи на Bluetooth радио,media_source_set,
Выбери источник радио,media_source_set,
Выбери радиостанцию 101.1 FM,radio_set_station,
Выберите источник CarPlay,media_source_set,
Покажи маршрут к парку,nav_start,
Позвони диспетчеру,call_start,
Найди парковку рядом,nav_start,
Покажи ближайшую парковку,nav_start,
Проведи маршрут к офису,nav_start,
Навигация домой,nav_start,
Настрой маршрут через навигатор,nav_start,
Скажи маршрут до дома,nav_start,
Снизь шум в салоне,volume_change,
Раздражает шум — приглуши звук,volume_change,
Поставь режим ночной тишины,chitchat,
Проверь звуковые настройки,chitchat,
Расскажи шутку про дорогу,chitchat,
Убери шум двигателя,volume_change,
Сделай музыку потише,volume_change,
Установи подогрев сиденья,seat_heater_set,
Включи подогрев рулевого,wheel_heater_set,
Установи температуру салона на 22,ac_set,"{""temperature"": 22}"
Подними температуру на два градуса,ac_set,"{""delta_temperature"": 2}"
Сделай прохладу на пять градусов,ac_set,"{""delta_temperature"": -5}"
Включи режим обогрева,ac_mode_set,"{""mode"": ""heat""}"
Включи режим вентиляции,ac_mode_set,"{""mode"": ""vent""}"
Установи скорость обдува на максимум,ac_fan_set,"{""level"": ""max""}"
Уменьши скорость обдува,ac_fan_set,"{""level"": ""min""}"
Разогрей салон до 24 градусов,ac_set,"{""temperature"": 24}"
Авто-режим климата,ac_mode_set,"{""mode"": ""auto""}"
Сброс настроек климата,ac_off,
Подними окно на заднем правом сиденье,window_set,"{""direction"": ""rear_right"", ""position"": ""up""}"
Открой боковое окно,window_set,"{""direction"": ""side"", ""position"": ""open""}"
Закрой боковое окно,window_set,"{""direction"": ""side"", ""position"": ""close""}"
Установи люк в среднее положение,sunroof_set,"{""position"": ""half""}"
Оставь люк открытым на 5 минут,sunroof_set,"{""position"": ""open"", ""duration"": 5}"
Громче музыку,volume_change,"{""delta"": 5}"
Воспроизведи мою любимую песню,play_music,
Переключи на радиостанцию 98.5,radio_set_station,"{""station"": ""98.5""}"
Включи радиостанцию 101.1,radio_set_station,"{""station"": ""101.1""}"
Выбери источник воспроизведения — Bluetooth,media_source_set,"{""source"": ""Bluetooth""}"
Выбери источник — USB,media_source_set,"{""source"": ""USB""}"
Повтори последнюю песню,media_repeat_set,"{""mode"": ""repeat_one""}"
Выключи звук полностью,volume_mute_set,"{""mute"": true}"
Верни громкость по умолчанию,volume_set,"{""level"": 50}"
Начни маршрут домой,nav_start,"{""destination"": ""дом""}"
Начни навигацию к аэропорту,nav_start,"{""destination"": ""аэропорт""}"
Покажи маршрут до ближайшей заправки,nav_start,"{""destination"": ""ближняя заправка""}"
Установи фары в режим авто,headlights_set,"{""mode"": ""auto""}"
Установи дворники в автоматический режим,wipers_set,"{""mode"": ""auto""}"
Подогрей оба сиденья,seat_heater_set,"{""seat"": ""both"", ""level"": ""medium""}"
Как проходит рассвет за окном?,chitchat,
Какая дорога к дому сегодня?,chitchat,
"Спасибо, продолжай двигаться",chitchat,
Включи кондиционер на холод,ac_mode_set,"{""mode"": ""cold""}"
Установи режим авто,ac_mode_set,"{""mode"": ""auto""}"
Понизь температуру,ac_set,"{""temperature"": ""low""}"
Установи громкость на двадцать,volume_set,"{""level"": 20}"
Включи режим перемешивания,media_shuffle_set,"{""mode"": ""on""}"
Сделай автоматическую очистку стекол,defrost_set,"{""mode"": ""auto""}"
Установи подогрев сиденья пассажира,seat_heater_set,"{""seat"": ""passenger"", ""level"": ""high""}"
Установи обогрев рулевого колеса,wheel_heater_set,"{""level"": ""high""}"
Сделай салон прохладнее,ac_set,"{""temperature"": ""cool""}"
Поставь климат в режим авто,ac_mode_set,"{""mode"": ""auto""}"
Подай музыку через телефон,media_source_set,"{""source"": ""phone""}"
Включи радио 98.5,radio_set_station,"{""station"": ""98.5""}"
Выбери радиостанцию поп,radio_set_station,"{""station"": ""pop""}"
Сделай навигацию к офису,nav_start,"{""destination"": ""office""}"
Поставь навигацию на паузу,nav_cancel,
Найди парковку рядом с перекрестком,nav_start,"{""destination"": ""parking_near_intersection""}"
Скажи навигацию к дому,nav_start,"{""destination"": ""home""}"
Поищи маршрут через объезд,nav_start,"{""destination"": ""detour""}"
"Дай знать, как дорога",chitchat,
Найди ближайшую парковку снова,nav_start,"{""destination"": ""parking_nearby""}"
Поставь на паузу музыку,media_pause,
Уровень громкости на максимум,volume_set,"{""level"": 100}"
Включи режим повторения,media_repeat_set,"{""mode"": ""on""}"
Включи режим случайного воспроизведения,media_shuffle_set,"{""mode"": ""on""}"
Включи радио 107.5,radio_set_station,"{""station"": ""107.5""}"
Наведи маршрут к торговому центру,nav_start,"{""destination"": ""mall""}"
Включи стеклоочистители на авто,wipers_set,"{""state"": ""auto""}"
Переключи источник на Spotify,media_source_set,"{""source"": ""spotify""}"
Включи подогрев сиденья пассажира на максимум,seat_heater_set,"{""seat"": ""passenger"", ""level"": ""high""}"
Включи режим авто на ночь,ac_mode_set,"{""mode"": ""night_auto""}"
Включи подсветку салона,chitchat,
Найди заправку рядом,nav_start,"{""destination"": ""gas_station""}"
Открой правое стекло,window_set,"{""window_side"": ""right""}"
Подними переднее левое окно,window_set,"{""window_side"": ""front_left""}"
Установи климат в автоматическом режиме,ac_mode_set,"{""mode"": ""auto""}"
Сделай прохладнее в салоне,ac_mode_set,"{""mode"": ""cool""}"
Уменьши скорость вентилятора до среднего,ac_fan_set,"{""speed"": ""medium""}"
Поставь обдув в ноги,ac_fan_set,"{""fan_location"": ""feet""}"
Установи температуру на 20 градусов,ac_set,"{""temperature"": 20}"
Включи режим Auto для вентилятора,ac_mode_set,"{""mode"": ""auto""}"
Переключи обдув на лицо,ac_fan_set,"{""fan_location"": ""face""}"
Сделай одновременный обдув ног и лица,ac_fan_set,"{""fan_location"": ""feet_face""}"
Пусти маршрут к дому,nav_start,"{""destination"": ""дом""}"
Покажи маршрут к офису,nav_start,"{""destination"": ""офис""}"
Запусти маршрут к магазину,nav_start,"{""destination"": ""магазин""}"
"Скажи, куда мне повернуть",chitchat,
Пусть навигатор подскажет поворот,chitchat,
Пробегись по маршруту и скажи развязку,chitchat,
Начни воспроизводить музыку,play_music,
Перемотай трек вперед,next_track,
Вперёд к следующей дорожке,next_track,
Установи громкость на 60 процентов,volume_set,"{""volume"": 60}"
Сохрани текущую волну как избранную,radio_set,"{""favorite"": ""current""}"
Установи дворники на минимум,wipers_set,"{""speed"": ""low""}"
Установи дворники на максимум,wipers_set,"{""speed"": ""high""}"
Раскрой солнцезащитный люк,sunroof_set,"{""position"": ""open""}"
Закрой солнцезащитный люк,sunroof_close,
Подогрев сидений спереди включи,seat_heater_set,"{""seat"": ""front""}"
Подогрей заднее сиденье,seat_heater_set,"{""seat"": ""rear""}"
Сделай подсветку на подлокотнике,play_music,
Сохранить радиостанцию в избранное,radio_set,"{""favorite"": ""current""}"
Покажи маршрут через мост к офису,nav_start,"{""destination"": ""офис через мост""}"
Отложи навигацию к рассвету над двориком,nav_start,"{""destination"": ""дом""}"
Скажи путь на рассветное утро,nav_start,"{""destination"": ""рассвет""}"
Пусти маршрут к дому через луга и двор,nav_start,"{""destination"": ""дом""}"
"Раскрой солнцезащитный люк опять, рассвет начался",sunroof_set,"{""position"": ""open""}"
"Слякоть за окном, включи подогрев руля и стекол",wheel_heater_set,
Включи дефрост для лобового стекла,defrost_set,
Переключи режим вентиляции на авто,ac_mode_set,"{""mode"": ""auto""}"
"Потеет лобовое стекло, включи обдув",defrost_set,
"Сделай тишину, выключи звук",volume_mute_set,
Переключи радиостанцию на 101.4,radio_set_station,"{""station"": 101.4}"
Закончи звонок,call_hangup,
Дворники на слабой скорости,wipers_set,"{""speed"": ""low""}"
Дворники на средней скорости,wipers_set,"{""speed"": ""medium""}"
"Замолчи музыку, выключи звук",volume_mute_set,
Подними громкость до 70 процентов,volume_set,"{""level"": 70}"
Воспроизведи следующую дорожку,next_track,
Запусти случайный плейлист,media_shuffle_set,
Установи радиостанцию 92.3,radio_set_station,"{""station"": 92.3}"
Покажи маршрут домой,nav_start,"{""destination"": ""home""}"
Включи экономичный режим кондиционирования,ac_mode_set,"{""mode"": ""eco""}"
Сделай температуру 24 градуса,ac_set,"{""temperature"": 24, ""unit"": ""C""}"
Громкость 55 процентов,volume_set,"{""level"": 55}"
Переключи на радиоприёмник,media_source_set,"{""source"": ""radio""}"
Включи музыку через USB,play_music,"{""source"": ""usb""}"
Воспроизведи мои любимые треки,play_music,"{""playlist"": ""favorites""}"
Скажи мне что-нибудь интересное,chitchat,
"Подскажи, как далеко до дома",chitchat,
Увеличь обдув перед стеклом,defrost_set,
Снизь шум дороги,volume_change,"{""direction"": ""down"", ""step"": 1}"
Настрой громкость на 60,volume_set,"{""level"": 60}"
Сделай тишину во время езды,volume_mute_set,
Переключи радиостанцию на 105.9,radio_set_station,"{""station"": 105.9}"
Слушай мой USB-плейлист,play_music,"{""playlist"": ""usb""}"
Поставь паузу песне,media_pause,
Включи режим ночной подсветки фар,headlights_set,"{""mode"": ""night""}"
Дай совет по вождению в тумане,chitchat,
Сделай режим обдува автоматическим,ac_mode_set,"{""mode"": ""auto""}"
Открой окно заднего багажника,window_set,"{""window"": ""rear"", ""position"": ""open""}"
Закрой заднее окно,window_set,"{""window"": ""rear"", ""position"": ""closed""}"
Уменьши яркость фар,headlights_set,"{""brightness"": ""low""}"
Включи повторение радио,media_repeat_set,
Позвони оператору поддержки,call_start,"{""contact"": ""support""}"
Ответь на звонок от неизвестного номера,call_answer,
"Заглохни за рулём, включи дефрост",defrost_set,
Отрегулируй направление дуйки на лобовом стекле,defrost_set,
"Пусть день будет спокойным, без лишних звуков",chitchat,
Настрой вентилятор на средний,ac_fan_set,"{""level"": ""средний""}"
Подогрей сиденье пассажиру,seat_heater_set,"{""seat"": ""front_passenger""}"
Играй любимую музыку,play_music,"{""playlist"": ""favorites""}"
Выбери радиостанцию 98.5 FM,radio_set_station,"{""station"": ""98.5 FM""}"
Переключись на радиостанцию 101.7,radio_set_station,"{""station"": ""101.7""}"
Установи дальний свет,high_beam_set,"{""state"": ""on""}"
Включи дворники на максимальную скорость,wipers_set,"{""speed"": ""max""}"
Разогрей рулевое колесо,wheel_heater_set,"{""level"": ""high""}"
"Как дела, помощник?",chitchat,"{""topic"": ""greeting""}"
Найди песню по исполнителю,play_music,"{""query"": ""artist""}"
Выбери источник медиа USB,media_source_set,"{""source"": ""USB""}"
Переключи радиостанцию на 107.9 FM,radio_set_station,"{""station"": ""107.9 FM""}"
Увеличь громкость до 60 процентов,volume_set,"{""level"": ""60""}"
Включи обогрев сидений на всех местах,seat_heater_set,"{""seat"": ""all""}"
Установи авто климат в зоне водителя,ac_mode_set,"{""zone"": ""driver""}"
Найди маршрут через центр города,nav_start,"{""destination"": ""центр города""}"
Добавь в маршрут заправку,nav_start,"{""destination"": ""заправка""}"
Скажите мне погоду,chitchat,"{""topic"": ""weather""}"
Сменить источник на Bluetooth,media_source_set,"{""source"": ""Bluetooth""}"
Случайно перемешай плейлист,media_shuffle_set,"{""shuffle"": ""on""}"
Запусти радио,radio_set,
Найди песню по артисту,play_music,"{""artist_query"": ""true""}"
Скажите привет ассистенту,chitchat,"{""topic"": ""greeting""}"
Сделай дефрост лобового стекла,defrost_set,"{""mode"": ""defrost""}"
Установи авто климат в режиме auto,ac_mode_set,"{""mode"": ""auto""}"
Установи обогрев задних сидений,seat_heater_set,"{""seat"": ""rear""}"
Найди маршрут до офиса,nav_start,"{""destination"": ""офис""}"
Скажите погоду в регионе,chitchat,"{""topic"": ""weather""}"
Установи кондиционер на минимальную прохладу,ac_set,
Переключи кондиционер в авто режим,ac_mode_set,"{""mode"": ""auto""}"
Задай температуру 22 градуса,ac_set,"{""temperature"": 22}"
Снизь скорость вентилятора до минимума,ac_fan_set,"{""fan_speed"": ""low""}"
Сделай обдув лобового стекла,defrost_set,"{""zone"": ""front""}"
Настрой обдув лобового стекла,defrost_set,"{""zone"": ""front""}"
Поставь паузу воспроизведения,media_pause,
Увеличь громкость на две ступени,volume_change,"{""delta"": 2}"
Задай громкость 50 процентов,volume_set,"{""level"": 50}"
Случайный режим воспроизведения включи,media_shuffle_set,"{""shuffle"": ""on""}"
Стань на волне 99.5 FM,radio_set_station,"{""station"": ""99.5 FM""}"
Выбери радиостанцию Эхо Москвы,radio_set_station,"{""station"": ""Эхо Москвы""}"
Наведи маршрут к дому,nav_start,"{""destination"": ""дом""}"
Отмени маршрут к офису,nav_cancel,"{""destination"": ""офис""}"
"Звонок маме, пожалуйста",call_start,"{""contact"": ""мама""}"
Дальний свет включай,headlights_set,
Дальний свет максимум,high_beam_set,"{""level"": ""max""}"
Дворники включай,wipers_set,
Дождь включи на стекле,rain_set,
Разогрей водительское сиденье,seat_heater_set,"{""seat"": ""driver""}"
Обогрев руля включи,wheel_heater_set,"{""wheel"": ""on""}"
Уменьши подогрев руля,wheel_heater_set,"{""wheel"": ""off""}"
Скажите что-нибудь дружелюбное,chitchat,"{""tone"": ""friendly""}"
Расскажи о погоде за окном,chitchat,"{""topic"": ""weather""}"
"Подскажи, где заправка по пути",chitchat,"{""topic"": ""gas_station""}"
Куда мне идти к развязке?,nav_start,"{""destination"": ""развязка""}"
Отмени маршрут по оставшемуся пути,nav_cancel,"{""destination"": ""оставшийся путь""}"
Пусть дорога будет спокойной,chitchat,"{""tone"": ""soft""}"
Включи плейлист для дороги,play_music,
Набери номер мамы,call_start,"{""contact"": ""мама""}"
Ответь на звонок от клиента,call_answer,"{""contact"": ""клиент""}"
Задай громкость на 60 процентов,volume_set,"{""level"": 60}"
Выбери радиостанцию Рокс-101,radio_set_station,"{""station"": ""Рокс-101""}"
Включи дорожной плейлист,play_music,"{""genre"": ""road""}"
"Сделай паузу, смотрю на дорогу",media_pause,
Пролистай трек назад,previous_track,
Начни проигрывать снова,play_music,
Уменьши громкость на один пункт,volume_change,"{""delta"": -1}"
Задай авто-режим вентилятора,ac_mode_set,"{""mode"": ""auto""}"
Сделай дефрост на стекле на 5 минут,defrost_set,"{""duration"": 5}"
Подними окна на одну ступень,window_set,"{""position"": ""up""}"
Опусти стекла на одну ступень,window_set,"{""position"": ""down""}"
Подскажи погоду за окном прямо сейчас,chitchat,"{""topic"": ""weather_now""}"
Включи поп-музыку для поездки,play_music,"{""genre"": ""pop""}"
поставь скорость вентилятора средняя,ac_fan_set,"{""speed"": ""medium""}"
подогрев сиденья на 3,seat_heater_set,"{""level"": 3}"
включи вентиляцию сидений на средний,seat_vent_set,"{""level"": ""medium""}"
сделай погромче,volume_change,"{""change"": ""increase""}"
выбери радиостанцию 101.1,radio_set_station,"{""station"": ""101.1""}"
включи дальние фары,high_beam_set,"{""state"": ""on""}"
включи передние фары,headlights_set,"{""state"": ""on""}"
поставь режим дождя в салоне,rain_set,"{""state"": ""on""}"
помоги найти маршрут к офису,nav_start,"{""destination"": ""офис""}"
установи температуру 23,ac_set,"{""temperature"": 23}"
переключи режим обдува на авто,ac_mode_set,"{""mode"": ""auto""}"
включи климат в ручном режиме,ac_mode_set,"{""mode"": ""manual""}"
установи громкость 60,volume_set,"{""volume"": 60}"
повтори текущий трек ещё раз,media_repeat_set,"{""mode"": ""repeat_one""}"
перемешай весь плейлист,media_shuffle_set,"{""enabled"": true}"
включи радиостанцию 98.7,radio_set_station,"{""station"": ""98.7""}"
поставь навигацию к офису,nav_start,"{""destination"": ""офис""}"
отмени маршрут к дому,nav_cancel,"{""destination"": ""дом""}"
позвонить Ивану,call_start,"{""contact"": ""Иван""}"
передай звонок на громкую связь,call_start,"{""mode"": ""hands_free""}"
напомни маршрут на работу,nav_start,"{""destination"": ""работа""}"
назначь обдув на максимум,ac_fan_set,"{""speed"": ""max""}"
открой люк на крыше чуть приоткрыто,sunroof_set,"{""position"": ""tilt""}"
установи температуру 21,ac_set,"{""temperature"": 21}"
верни режим авто обдува,ac_mode_set,"{""mode"": ""auto""}"
помогите выбрать радио,radio_set,
расскажи что-нибудь нейтральное,chitchat,
сделай вентилятор на максимум,ac_fan_set,"{""level"": 3}"
поставь сиденье в подогрев,seat_heater_set,"{""seat"": ""driver"", ""state"": ""on""}"
переключи трек вперёд,next_track,
переключи трек назад,previous_track,
убавь громкость на три,volume_change,"{""delta"": -3}"
установи громкость на семнадцать,volume_set,"{""value"": 17}"
переключись на радиостанцию 88.7,radio_set_station,"{""station"": 88.7}"
переключись на радиостанцию 101.3,radio_set_station,"{""station"": 101.3}"
проложи маршрут до дома,nav_start,"{""destination"": ""home""}"
поведи трубку,call_hangup,
включи дождевые стеклоочистители,rain_set,"{""mode"": ""rain""}"
прикрути руль подогрев,wheel_heater_set,"{""state"": ""on""}"
как твои дела сегодня за рулём,chitchat,"{""topic"": ""status""}"
установи режим вентилятора на лицо,ac_fan_set,"{""zone"": ""face"", ""level"": 2}"
подогрей сиденье водителя до 3,seat_heater_set,"{""seat"": ""driver"", ""level"": 3}"
обдув на ноги,ac_fan_set,"{""zone"": ""feet"", ""level"": 2}"
обдув на лицо,ac_fan_set,"{""zone"": ""face"", ""level"": 2}"
переключись на радиостанцию 70.0,radio_set_station,"{""station"": 70.0}"
настрой маршрут до офиса,nav_start,"{""destination"": ""office""}"
позвони Али,call_start,"{""contact"": ""Ali""}"
открой окно пассажира,window_set,"{""window"": ""passenger"", ""position"": ""up""}"
закрой окно сзади,window_set,"{""window"": ""rear"", ""position"": ""down""}"
выбери Streaming как источник,media_source_set,"{""source"": ""streaming""}"
повтори прошлый трек,media_repeat_set,"{""mode"": ""previous""}"
переключись на следующую песню,next_track,
затемни звук на две ступени,volume_change,"{""delta"": -2}"
поставь громкость на ноль,volume_set,"{""value"": 0}"
поставь режим разморозки лобового,defrost_set,"{""mode"": ""defrost"", ""target"": ""front""}"
Установи климат на 22 градуса,ac_set,"{""temperature"": 22}"
Включи обдув лица,ac_mode_set,"{""mode"": ""face""}"
Установи температуру на 23,ac_set,"{""temperature"": 23}"
Включи обдув лба,ac_mode_set,"{""mode"": ""windshield""}"
Открой переднее окно,window_set,"{""target"": ""driver_front""}"
Закрой заднее правое окно,window_set,"{""target"": ""rear_right""}"
Построй маршрут в офис,nav_start,"{""destination"": ""office""}"
Запусти навигацию к музею,nav_start,"{""destination"": ""museum""}"
Включи радиостанцию 103.5,radio_set_station,"{""station"": 103.5}"
Переключи на 101.1,radio_set_station,"{""station"": 101.1}"
Установи радиостанцию на поп,radio_set,"{""genre"": ""pop""}"
Поставь подогрев водительского сиденья,seat_heater_set,"{""seat"": ""driver""}"
Поставь подогрев сиденья пассажира,seat_heater_set,"{""seat"": ""passenger""}"
Сделай вентиляцию на заднем сиденье,seat_vent_set,"{""seat"": ""rear""}"
Установи режим автоклимата,ac_mode_set,"{""mode"": ""auto""}"
Распредели обдув на ноги,ac_mode_set,"{""mode"": ""feet""}"
Выбери песню из плейлиста,play_music,"{""playlist"": ""default""}"
Перемещай трек вперед,next_track,
Сделай рандомный порядок воспроизведения,media_shuffle_set,"{""state"": ""on""}"
Переключи на Bluetooth,media_source_set,"{""source"": ""Bluetooth""}"
Включи Spotify,media_source_set,"{""source"": ""Spotify""}"
Держи курс на торговый центр,nav_start,"{""destination"": ""mall""}"
Установи дневной режим фар,headlights_set,"{""mode"": ""day""}"
Как там дорога,chitchat,
Перемотай трек назад,previous_track,
Уменьши громкость до трети,volume_set,"{""level"": 33}"
Покажи ночной режим фар,headlights_set,"{""mode"": ""night""}"
установи температуру двадцать два,ac_set,"{""temperature"": 22}"
поставь скорость вентилятора три,ac_fan_set,"{""fan_speed"": 3}"
включи перемешивание,media_shuffle_set,"{""shuffle"": true}"
выбери радиостанцию 101.5,radio_set_station,"{""station"": ""101.5""}"
переключи радиостанцию на 93.0,radio_set_station,"{""station"": ""93.0""}"
установи температуру тридцать,ac_set,"{""temperature"": 30}"
установи скорость вентилятора пять,ac_fan_set,"{""fan_speed"": 5}"
закрой люк полностью,sunroof_close,
включи случайное перемешивание,media_shuffle_set,"{""shuffle"": true}"
настрой радиостанцию на мегаФМ,radio_set_station,"{""station"": ""MegaFM""}"
загрузи маршрут к работе,nav_start,"{""destination"": ""работа""}"
что-нибудь полезное скажи,chitchat,
приглуши шум вокруг,volume_change,"{""delta"": -10}"
поставь радиостанцию на 107.7,radio_set_station,"{""station"": ""107.7""}"
настрой навигацию через туннель,nav_start,"{""destination"": ""туннель""}"
обнови маршрут к офису,nav_start,"{""destination"": ""офис""}"
положи трубку немедленно,call_hangup,
включи дворники быстро,wipers_set,"{""speed"": ""fast""}"
включи режим дождя на максимум,rain_set,"{""rain_mode"": ""max""}"
переключи станцию на классическую,radio_set_station,"{""station"": ""Classic""}"
переведи громкость на ноль,volume_set,"{""volume"": 0}"
поставь песню,play_music,
переключись на следующую дорожку,next_track,
вернись к предыдущей дорожке,previous_track,
включи Bluetooth,media_source_set,"{""source"": ""bluetooth""}"
радио 89.5,radio_set_station,"{""station"": ""89.5""}"
навигация к дому,nav_start,"{""destination"": ""дом""}"
регулируй вентилятор на минимум,ac_fan_set,"{""level"": ""low""}"
поставь вентиляцию сиденья водителя,seat_vent_set,"{""seat"": ""driver"", ""level"": ""on""}"
проветривание сиденья пассажира,seat_vent_set,"{""seat"": ""passenger"", ""level"": ""on""}"
разогрей кресло пассажира,seat_heater_set,"{""seat"": ""passenger"", ""level"": ""high""}"
обогрей рулевое колесо,wheel_heater_set,"{""state"": ""on""}"
как идёт вечер за рулём,chitchat,
выбери маршрут через центр города,nav_start,"{""destination"": ""центр города""}"
проверь трафик впереди,chitchat,
есть ли пробки на маршруте,chitchat,
переключись на радиостанцию 103.4,radio_set_station,"{""station"": ""103.4""}"
сменить радиостанцию на 97.2,radio_set_station,"{""station"": ""97.2""}"
включи режим авто дворников,wipers_set,"{""mode"": ""auto""}"
установи режим авто кондиционирования,ac_mode_set,"{""mode"": ""auto""}"
подогрей руль полностью,wheel_heater_set,"{""state"": ""on""}"
помоги с парковкой,chitchat,
сделай маршрут через мост,nav_start,"{""destination"": ""мост""}"
настрой музыку под настроение,play_music,"{""song"": ""настроение""}"
сделай маршрут через заправку,nav_start,"{""destination"": ""заправка""}"
сделай громкость ниже,volume_change,"{""delta"": ""down""}"
установи громкость на двадцать пять,volume_set,"{""level"": 25}"
слушай через USB,media_source_set,"{""source"": ""usb""}"
навигация до станции метро,nav_start,"{""destination"": ""станция метро""}"
Утром включи музыку,play_music,
Громкость пять,volume_set,"{""level"": 5}"
Установи громкость восемьдесят,volume_set,"{""level"": 80}"
Включи следующую дорожку,next_track,
Сделай случайное перемешивание,media_shuffle_set,
Переключись на радиостанцию 98.7,radio_set_station,"{""station"": ""98.7""}"
Направь вентиляцию на лицо,ac_fan_set,"{""vent"": ""face""}"
Сделай вентиляцию на ноги,ac_fan_set,"{""vent"": ""feet""}"
Обогрей кресло водителя на два,seat_heater_set,"{""position"": ""driver"", ""level"": 2}"
Обогрей кресло пассажира на три,seat_heater_set,"{""position"": ""passenger"", ""level"": 3}"
Поставь стеклоочистители на среднюю скорость,wipers_set,"{""speed"": ""medium""}"
Увеличь интервал дворников на две секунды,wipers_set,"{""interval"": 2}"
Поставь радио на 104.3,radio_set_station,"{""station"": ""104.3""}"
Наведи маршрут к офису,nav_start,"{""destination"": ""офис""}"
Покажи путь домой,nav_start,"{""destination"": ""home""}"
На трассе включи дальний свет,high_beam_set,"{""state"": ""on""}"
Уменьши громкость до среднего,volume_set,"{""level"": 50}"
Сделай громкость до 60,volume_set,"{""level"": 60}"
Поговори о погоде,chitchat,
Поговори с водителем о маршруте,chitchat,
Скажи маршрут через серпантин,nav_start,"{""destination"": ""serpentine""}"
Загрузи маршрут к аэропорту,nav_start,"{""destination"": ""airport""}"
Сделай парковку рядом с офисом,nav_start,"{""destination"": ""office_parking""}"
Включи кондиционер на 18 градусов,ac_set,"{""temperature"": 18}"
Установи температуру в салоне на 21,ac_set,"{""temperature"": 21}"
Направь вентиляцию на лобовое стекло,ac_fan_set,"{""vent"": ""windshield""}"
Подогрей кресла водителя и пассажира на максимум,seat_heater_set,"{""position"": ""both"", ""level"": 5}"
Включи авто стеклоочистители в режиме Auto,wipers_set,"{""mode"": ""auto""}"
Разморозь лобовое стекло снова,defrost_set,"{""state"": ""on""}"
Открой панорамный люк,sunroof_set,"{""state"": ""open""}"
Проверь маршрут к серпантину,nav_start,"{""destination"": ""serpentine_check""}"
Переключи на радиостанцию 97.2,radio_set_station,"{""station"": ""97.2""}"
Улучши ночную видимость включи дальний свет,high_beam_set,"{""state"": ""on""}"
Установи громкость 30,volume_set,"{""level"": 30}"
Сделай тише на пять шагов,volume_change,"{""delta"": -5}"
Сменить источник на CD,media_source_set,"{""source"": ""cd""}"
Включи ветерок на лобовое,ac_fan_set,"{""vent"": ""windshield""}"
"Дети шумят на заднем сиденье, включи музыку",play_music,
Включи обдув на максимум,ac_fan_set,"{""speed"": 5}"
Переключи режим охлаждения,ac_mode_set,"{""mode"": ""cool""}"
Температура 20,ac_set,"{""temperature"": 20}"
Установи обдув лобового стекла,defrost_set,"{""target"": ""windshield""}"
Увеличь громкость на три,volume_change,"{""step"": 3}"
Громкость до 50,volume_set,"{""volume"": 50}"
Переключи радиостанцию на 101.2,radio_set_station,"{""station"": ""101.2""}"
Дворники включены,wipers_set,"{""state"": ""on""}"
Дворники на максимум,wipers_set,"{""speed"": ""high""}"
Уменьши скорость стеклоочистителей,wipers_set,"{""speed"": ""low""}"
Какая дорога до магазина сейчас?,chitchat,
Включи ECO-режим кондиционера,ac_mode_set,"{""mode"": ""eco""}"
Установи радиостанцию 107.9,radio_set_station,"{""station"": ""107.9""}"
Удалить маршрут,nav_cancel,
Позвони доктору,call_start,"{""contact"": ""doctor""}"
Установи жанр Jazz,play_music,"{""genre"": ""jazz""}"
Поставь радиостанцию 99.5,radio_set_station,"{""station"": ""99.5""}"
Найди маршрут до супермаркета,nav_start,"{""destination"": ""supermarket""}"
Удали маршрут к дому,nav_cancel,
Позвони другу Александру,call_start,"{""contact"": ""Alexander""}"
Ответь на звонок другу,call_answer,"{""contact"": ""friend""}"
Включи ночной режим кондиционера,ac_mode_set,"{""mode"": ""night""}"
Дальний свет снова включен,high_beam_set,"{""mode"": ""on""}"
Снизь температуру,ac_set,
Установи авто-режим,ac_mode_set,"{""mode"": ""auto""}"
Уменьши скорость вентилятора,ac_fan_set,"{""speed"": 2}"
Переключи на радио 106.7,radio_set_station,"{""station"": ""106.7""}"
Навигируй к ближайшему банку,nav_start,"{""destination"": ""bank""}"
Проверь связь со смартфоном,chitchat,
Сделай рок-музыку,play_music,"{""genre"": ""rock""}"
Какой сейчас маршрут на работу?,chitchat,
Проверь трафик на дорогах,chitchat,
Увеличь скорость обдува,ac_fan_set,
Установи температуру 19,ac_set,"{""temperature"": 19}"
Разморозь лобовое стекло полностью,defrost_set,
Настрой радиостанцию на 103.5,radio_set_station,"{""station"": ""103.5""}"
Переключи на радиостанцию 102.4,radio_set_station,"{""station"": ""102.4""}"
Построй путь к дому,nav_start,
Включи дождливый режим,rain_set,
Поговорим немного,chitchat,
"Как сегодня дела, водитель?",chitchat,
Сыграй любимую песню,play_music,
Стоп музыку,stop_music,
Следующая композиция,next_track,
Предыдущая композиция,previous_track,
Громкость повысь,volume_change,
Громкость 0 процентов,volume_set,"{""volume"": 0}"
Повторяй песню,media_repeat_set,
Включи радио снова,radio_set,
Выбери станцию 94.7,radio_set_station,"{""station"": ""94.7""}"
Подскажи ближайшую заправку,nav_start,"{""dest_type"": ""gas_station""}"
Какой прогноз на вечер?,chitchat,
"Поздоровайся со мной, водитель",chitchat,
"Подскажи, как проехать до аэропорта",nav_start,"{""dest_type"": ""airport""}"
Включи экономичный режим климата,ac_mode_set,
Переключи на ручной режим климата,ac_mode_set,
Определи температуру 25,ac_set,"{""temperature"": 25}"
Куда мы едем дальше?,chitchat,
опусти все окна,window_set,
закрой переднее окно,window_set,
установи климат на холод,ac_set,
регулируй температуру,ac_set,
поставь климат на авто,ac_set,
сделай температуру комфортной,ac_set,
переключи на авто режим,ac_mode_set,
выбери ручной режим,ac_mode_set,
активируй автоматический режим,ac_mode_set,
повыси скорость вентилятора,ac_fan_set,
установи скорость вентилятора на пять,ac_fan_set,"{""fan_speed"": 5}"
установи обогрев сидений,seat_heater_set,
включи обдув сидений,seat_vent_set,
регулируй обдув сидений на минимальный,seat_vent_set,
переключи обогрев заднего стекла,defrost_set,
установи угол открытия люка,sunroof_set,
сделай люк крыши чуть открытым,sunroof_set,
запусти дорожки,play_music,
воспроизведи плейлист,play_music,
сделай громкость выше,volume_change,
включи тихий режим,volume_mute_set,
выбери источник,media_source_set,
переключи на usb,media_source_set,
включи повтор плейлиста,media_repeat_set,
настрой частоту радиостанции 87.9,radio_set_station,"{""station"": 87.9}"
найди ближайший паркинг,nav_start,"{""destination"": ""ближняя парковка""}"
Установи температуру кондиционера на 22,ac_set,"{""temperature"": 22}"
Активируй вентиляцию сиденья пассажира,seat_vent_set,"{""seat"": ""passenger"", ""level"": 1}"
Включи обдув фронтального стекла на максимум,defrost_set,"{""zone"": ""front"", ""level"": ""high""}"
Установи температуру воздуха в салоне на 24 градуса,ac_set,"{""temperature"": 24}"
Сделай режим авто для климата,ac_mode_set,"{""mode"": ""auto""}"
Убавь громкость музыки на 10 процентов,volume_change,"{""delta"": -10}"
Установи громкость до 60 процентов,volume_set,"{""level"": 60}"
Переключи источник аудио на USB,media_source_set,"{""source"": ""usb""}"
Переключи песню на следующий трек,next_track,
Переключи песню на предыдущий трек,previous_track,
Переключи на радиостанцию 99.9,radio_set_station,"{""station"": ""99.9""}"
Начни маршрут до дома,nav_start,"{""destination"": ""дом""}"
Заверши разговор,call_hangup,
Дворники на среднюю скорость,wipers_set,"{""speed"": ""medium""}"
Дворники на максимальную скорость,wipers_set,"{""speed"": ""high""}"
Активируй подогрев руля,wheel_heater_set,"{""position"": ""steering_wheel""}"
Как обстоят дела на дороге?,chitchat,"{""topic"": ""road_status""}"
Как твоё настроение за рулём?,chitchat,"{""topic"": ""mood""}"
Выбери источник аудио Bluetooth,media_source_set,"{""source"": ""bluetooth""}"
Включи радиоприёмник,radio_set,
Скажи станцию 88.5,radio_set_station,"{""station"": ""88.5""}"
Играйте любимую песню,play_music,"{""playlist"": ""favorites""}"
Сбрось навигацию,nav_cancel,
Включи климат-контроль в автоматическом режиме,ac_mode_set,"{""mode"": ""auto""}"
Поставь стеклоочистители на минимальную скорость,wipers_set,"{""speed"": ""low""}"
Включи задний стеклоочиститель,defrost_set,"{""zone"": ""rear""}"
Сделай тёплый воздух в салоне,ac_set,"{""temperature"": 25}"
Включи режим вентиляции салона,ac_mode_set,"{""mode"": ""vent""}"
Разморозь лобовое стекло и зеркала,defrost_set,"{""zone"": ""front_and_mirrors""}"
Подними подогрев сиденья пассажира,seat_heater_set,"{""seat"": ""passenger"", ""level"": 2}"
Проведи маршрут до магазина,nav_start,"{""destination"": ""магазин""}"
Отмени звонок,call_hangup,
Переключи радиостанцию на 107.9,radio_set_station,"{""station"": ""107.9""}"
Включи Bluetooth для музыки,media_source_set,"{""source"": ""bluetooth""}"
Установи температуру на 19,ac_set,"{""temperature"": 19}"
Автоматический обогрев лобового стекла,defrost_set,"{""zone"": ""front"", ""mode"": ""auto""}"
Задай маршрут до аэропорта,nav_start,"{""destination"": ""аэропорт""}"
"Включи режим дождя, чтобы дворники работали",rain_set,
Убавь громкость в салоне,volume_change,
Выбери режим охлаждения,ac_mode_set,"{""mode"": ""cool""}"
Подогрей сиденье,seat_heater_set,"{""seat"": ""driver"", ""level"": ""high""}"
Открой люк солнца,sunroof_set,"{""state"": ""open""}"
Включи радио на 101.2,radio_set_station,"{""station"": ""101.2""}"
Переключи на станцию классика,radio_set_station,"{""station"": ""классика""}"
Сыграй следующую мелодию,next_track,
Подними громкость,volume_change,
Уменьши громкость музыки,volume_change,
Запусти режим охлаждения,ac_mode_set,"{""mode"": ""cool""}"
Установи скорость вентилятора на средний уровень,ac_fan_set,"{""level"": ""medium""}"
Направь поток воздуха вниз,ac_fan_set,"{""direction"": ""down""}"
Закрой окна против слепящего света,window_set,"{""state"": ""closed"", ""level"": ""shade""}"
Найди радиостанцию с поп-музыкой,radio_set_station,"{""station"": ""pop""}"
Введи навигацию к дому,nav_start,"{""destination"": ""home""}"
Включи дворники на автомат,wipers_set,"{""mode"": ""auto""}"
Включи дождевой режим стеклоочистителей,rain_set,"{""intensity"": ""light""}"
Сделай музыку тихой,volume_change,"{""level"": ""low""}"
"Расскажи шутку, пожалуйста",chitchat,
Как проходит твой день на дороге,chitchat,
Повтори маршрут к дому,nav_start,"{""destination"": ""home""}"
Найди маршрут к школе,nav_start,"{""destination"": ""school""}"
Повтор трека,media_repeat_set,
Включи Bluetooth как источник аудио,media_source_set,"{""source"": ""bluetooth""}"
Включи USB как источник аудио,media_source_set,"{""source"": ""usb""}"
Включи радио без рекламы,radio_set,"{""state"": ""on"", ""skip_ads"": ""true""}"
Включи маршрут к торговому центру,nav_start,"{""destination"": ""mall""}"
Включи ночной режим приборной панели,window_set,"{""state"": ""night_mode""}"
Найди маршрут к дому через альтернативный путь,nav_start,"{""destination"": ""home"", ""alternative"": ""true""}"
Найди маршрут к ближайшей парковке,nav_start,"{""destination"": ""nearest_parking""}"
Отключи навигацию,nav_cancel,
Звони другу Еву,call_start,"{""contact"": ""eva""}"
Переключи аудио на Bluetooth,media_source_set,"{""source"": ""bluetooth""}"
Уменьши шум за дверью,volume_change,
Сообщи температуру в салоне,ac_set,"{""temperature"": ""display""}"
Включи подсветку в салоне,window_set,"{""state"": ""lighting_on""}"
Режим обдува на лицо,ac_mode_set,
Максимальная скорость вентилятора,ac_fan_set,
Верни на прошлый трек,previous_track,
Установи громкость пять,volume_set,
Сделай звонок,call_start,
Режим дождя,rain_set,
Подогрев руля включи,wheel_heater_set,
Давай поболтаем,chitchat,
Как идёт дорога сегодня,chitchat,
Сверни на ближайшую парковку,nav_start,
Срочно сверни дорогу,nav_start,
Включи режим обдува на лоб,ac_mode_set,
Поставь обогрев сиденья водителя,seat_heater_set,
Поставь дефрост на лобовое стекло,defrost_set,
Снизь громкость на немного,volume_change,
Увеличь громкость до среднего уровня,volume_set,
Сделай громче музыку,volume_change,
Сделай тише музыку,volume_change,
Настрой радиостанцию на поп-музыку,radio_set_station,
Запусти навигацию домой,nav_start,
Найди парковку возле ресторана,nav_start,
Сверни на парковку у магазина,nav_start,
Прокрути трек назад,previous_track,
Громкость громче на пять пунктов,volume_set,"{""level"": ""пять""}"
Отрегулируй обдув на лоб,ac_mode_set,
Определи режим обдува лица,ac_mode_set,
Проверь дворники на максимуме,wipers_set,"{""speed"": ""max""}"
Пошли погоду на экран,chitchat,
Сейчас снег идёт сверни на парковку,nav_start,
установи режим климата,ac_mode_set,
настрой вентилятор на максимум,ac_fan_set,
установи громкость на среднее,volume_set,
выбери другую станцию,radio_set,
воспроизведи музыку,play_music,
уменьши громкость потише,volume_change,
поставь случайный порядок воспроизведения,media_shuffle_set,
включи радио в эфир,radio_set,
найди FM-станцию,radio_set_station,
запусти навигацию к дому,nav_start,
переключи на дальний,high_beam_set,
включи дворники на минимальной скорости,wipers_set,
разогрей сидение водителя,seat_heater_set,
настрой вентиляцию на передних сиденьях,seat_vent_set,
"не отвлекайся, держи направление",chitchat,
"рассвет за окном вдохновляет, продолжай движение",chitchat,
"ветер за брезентом стучит, молчи",chitchat,
я хочу сосредоточиться на дороге,chitchat,
тишина за рулём помогает сосредоточиться,chitchat,
утренний запах улиц — не отвлекай,chitchat,
"давай держать фокус, без разговоров",chitchat,
запусти режим энергосбережения,ac_mode_set,
сделай температуру попрохладную,ac_set,
"отрегулируй обдув, как тебе удобно",ac_fan_set,
включи кондиционер на слабый обдув,ac_fan_set,
позвони в мой контакт,call_start,
заверши все звонки,call_hangup,
включи дальний свет автомобиля,high_beam_set,
навигация в маршрут домой,nav_start,
аннулируй маршрут,nav_cancel,
помоги держать курс без разговоров,chitchat,
как там рассвет за окном,chitchat,
мне важно не отвлекаться,chitchat,
"держи курс, не разговаривай",chitchat,
вечером в тумане на серпантине руки мёрзнут — включи подогрев сидений,seat_heater_set,
"руки мёрзнут, включи обогрев лобового стекла",defrost_set,
в вечернем тумане включи кондиционер,ac_set,
выбери режим обдува лица,ac_mode_set,
переключи радиостанцию на 89.6,radio_set_station,"{""station"": ""89.6""}"
включи повторение трека,media_repeat_set,
верни к предыдущему треку,previous_track,
сделай звонок маме,call_start,
включи дворники во время дождя,wipers_set,
установи режим Auto климата,ac_mode_set,
подними переднее окно,window_set,
подними заднее окно,window_set,
выключи музыку полностью,stop_music,
поменяй источник на Bluetooth,media_source_set,"{""source"": ""bluetooth""}"
снижай громкость на 10 единиц,volume_change,"{""delta"": -10}"
помести нас через центр города,nav_start,"{""destination"": ""центр города""}"
позвони сотруднику,call_start,
как тут дорога в тумане?,chitchat,
"дороги скользкие, держу дистанцию",chitchat,
расскажи шутку,chitchat,
помоги найти объезд из-за тумана,nav_start,"{""destination"": ""объезд""}"
поставь радио на волну,radio_set_station,
переключи на USB-носитель,media_source_set,"{""source"": ""usb""}"
переключи источник на Bluetooth и включи громкость,media_source_set,"{""source"": ""bluetooth""}"
поставь дефрост на максимум,defrost_set,
включи экономичный режим кондиционера,ac_mode_set,
установи обдув ног,ac_mode_set,
"мне жарко, снизь температуру",ac_set,"{""level"": 18}"
"мне холодно, включи обогрев сидений",seat_heater_set,
прикрой солнцезащитную штору,sunroof_set,
покажи прогноз погоды на маршруте,nav_start,"{""destination"": ""погода на маршруте""}"
мне нужна помощь водителю,chitchat,
как там дорога впереди,chitchat,
устрои тихий вечерный саундтрак,play_music,
Переключи на предыдущую песню,previous_track,
Уменьши громкость на три,volume_change,"{""delta"": -3}"
Установи громкость на семьдесят,volume_set,"{""level"": 70}"
Настрой радио на волну FM,radio_set,
Поставь навигацию до дома,nav_start,"{""destination"": ""Дом""}"
Закрой панорамный люк,sunroof_close,
Подогрей пассажирское сиденье на три,seat_heater_set,"{""seat"": ""passenger"", ""level"": 3}"
Отключи дождь,rain_set,"{""state"": ""off""}"
Настрой температуру климата 23 градуса,ac_set,"{""temperature"": 23, ""unit"": ""C""}"
Уменьши температуру до 18 градусов,ac_set,"{""temperature"": 18, ""unit"": ""C""}"
Установи режим обдува лица,ac_mode_set,"{""mode"": ""face""}"
Установи режим обдува на ноги,ac_mode_set,"{""mode"": ""feet""}"
Направь обдув на лобовое стекло,ac_mode_set,"{""mode"": ""defrost""}"
Поставь направление воздуха на ноги,ac_mode_set,"{""mode"": ""feet""}"
Что за ситуация на дороге?,chitchat,
Как там музыка сейчас звучит?,chitchat,
Какая песня сейчас играет?,chitchat,
Сменить радиостанцию на 88.1,radio_set_station,"{""station"": ""88.1""}"
Повтори радиостанцию 101.9,radio_set_station,"{""station"": ""101.9""}"
Выключи повтор треков,media_repeat_set,"{""state"": ""off""}"
Смени источник на Spotify,media_source_set,"{""source"": ""spotify""}"
Смени источник на Apple Music,media_source_set,"{""source"": ""apple_music""}"
Настрой радиоприёмник на 97.0,radio_set_station,"{""station"": ""97.0""}"
Построй маршрут до школы,nav_start,"{""destination"": ""Школа""}"
Скажи погоду в городе,chitchat,
Какой сейчас расход топлива?,chitchat,
"пожалуйста, помолчи",chitchat,
не говори сейчас,chitchat,
поставь громче,volume_change,
радио выключи,volume_mute_set,
построй маршрут к дому,nav_start,
не слепи дальним,high_beam_set,
не слепи встречку,headlights_set,
идёт дождь — включи стеклоочистители,wipers_set,
переключи в авто режим климата,ac_mode_set,
поставь климат на низкую скорость,ac_fan_set,
проверь климатическую систему,ac_set,
закрой окно для проветривания,window_set,
открой окно на парковке,window_set,
подогрей сиденья полностью,seat_heater_set,
выключи радио и молчи,volume_mute_set,
выбери станцию 101.5,radio_set_station,
включи повтор радиостанции,media_repeat_set,
перемешай радиостанции,media_shuffle_set,
сохрани маршрут в памяти,nav_start,
начни путь к дому,nav_start,
покажи карту маршрута,nav_start,
не включай дальний свет,high_beam_set,
включи ближний свет снова,headlights_set,
"пожалуйста, оставь радио выключенным",volume_mute_set,
не разговаривай пока не скажу,chitchat,
мне не мешайте с поездкой,chitchat,
Подними левое окно,window_set,"{""side"": ""left"", ""position"": ""up""}"
Опусти заднее окно справа,window_set,"{""side"": ""rear_right"", ""position"": ""down""}"
Увеличь скорость вентилятора до 3,ac_fan_set,"{""fan"": 3}"
Включи подогрев водителя на 2,seat_heater_set,"{""seat"": ""driver"", ""level"": 2}"
Установи подогрев пассажира 1,seat_heater_set,"{""seat"": ""passenger"", ""level"": 1}"
Подогрей оба сиденья до 3,seat_heater_set,"{""seat"": ""all"", ""level"": 3}"
Переключи трек вперед,next_track,
Установи громкость на 75,volume_set,"{""level"": 75}"
Настрой радио на 97.7,radio_set_station,"{""station"": ""97.7""}"
Перестрой станцию на 101.1,radio_set_station,"{""station"": ""101.1""}"
Включи радиостанцию 88.5 FM,radio_set_station,"{""station"": ""88.5""}"
Выбери волну 102.3,radio_set_station,"{""station"": ""102.3""}"
Начни навигацию до станции метро,nav_start,"{""destination"": ""metro_station""}"
Укажи маршрут по объездной,nav_start,"{""destination"": ""bypass""}"
Включи автоматическое освещение,headlights_set,"{""mode"": ""auto""}"
Дворники на средних оборотах,wipers_set,"{""speed"": ""medium""}"
Как твой день за рулем?,chitchat,
Сделай громкость тише на 8,volume_change,"{""delta"": -8}"
Переведи климат в авто-режим,ac_mode_set,"{""mode"": ""auto""}"
Обогрей сиденье водителя на 1,seat_heater_set,"{""seat"": ""driver"", ""level"": 1}"
Обогрей заднее сиденье на 2,seat_heater_set,"{""seat"": ""rear"", ""level"": 2}"
Установи обдув лобового стекла на минимум,defrost_set,"{""mode"": ""front"", ""level"": 1}"
Направь обдув на лоб и лицо,defrost_set,"{""mode"": ""front"", ""zone"": ""face""}"
Включи ближний свет на автоматическом режиме,headlights_set,"{""mode"": ""auto""}"
Включи дальний свет до максимума,high_beam_set,"{""mode"": ""high"", ""level"": ""max""}"
Очисти дворники до минимальной скорости,wipers_set,"{""speed"": ""minimum""}"
Пусть будет спокойный ход,chitchat,
медленно открой окна,window_set,"{""state"": ""open"", ""speed"": ""slow""}"
включи кондиционер на 22 градуса,ac_set,"{""temperature"": 22}"
охлади кондиционер до 18,ac_set,"{""temperature"": 18}"
скорость вентилятора на пять,ac_fan_set,"{""level"": 5}"
включи обогрев сидения,seat_heater_set,"{""seat"": ""all"", ""level"": 1}"
включи вентиляцию под сиденье водителя,seat_vent_set,"{""seat"": ""driver"", ""level"": 2}"
разморозь лобовое стекло на максимум,defrost_set,"{""mode"": ""max""}"
включи случайный плейлист,media_shuffle_set,"{""state"": ""on""}"
переключись на станцию сто один,radio_set_station,"{""station"": 101}"
покажи маршрут к работе,nav_start,"{""destination"": ""work""}"
активируй дождевой режим,rain_set,"{""mode"": ""rain""}"
что нового,chitchat,
сможешь подсказать ближайшую заправку,chitchat,"{""location"": ""near""}"
как пройти по городу,chitchat,"{""topic"": ""city""}"
поставь режим экономии топлива,ac_mode_set,"{""mode"": ""eco""}"
включи дождевой режим стеклоочистителя,rain_set,"{""mode"": ""rain""}"
поставь обогрев руля на минимальный,wheel_heater_set,"{""level"": 1}"
помоги планировать маршрут в центр,nav_start,"{""destination"": ""city_center""}"
переключи радиостанцию на FM 98.7,radio_set_station,"{""station"": ""FM 98.7""}"
установи громкость на 15 процентов,volume_set,"{""level"": 15}"
установи громкость ноль,volume_set,"{""level"": 0}"
переключи радиостанцию на FM,radio_set_station,"{""station"": ""FM""}"
переключи волну на FM,radio_set_station,"{""station"": ""FM""}"
как проехать через центр города,chitchat,"{""topic"": ""city_center""}"
попробуй найти ближайшую заправку,chitchat,"{""location"": ""near""}"
поставь климат-контроль,ac_set,
поставь вентилятор на максимум,ac_fan_set,"{""fan_speed"": ""high""}"
поставь вентилятор на средний,ac_fan_set,"{""fan_speed"": ""medium""}"
включи вентилятор на минимум,ac_fan_set,"{""fan_speed"": ""min""}"
выключи вентилятор,ac_fan_set,
переключи ручной режим,ac_mode_set,
настрой режим вентиляции авто,ac_mode_set,"{""mode"": ""auto""}"
запусти песню Моцарта,play_music,
задай громкость тридцать процентов,volume_set,"{""level"": 30}"
убавь громкость до тихого уровня,volume_change,
выбери радио,radio_set,
установи станцию Европа Плюс,radio_set_station,"{""station"": ""Европа Плюс""}"
выбери станцию NRJ,radio_set_station,"{""station"": ""NRJ""}"
позвони врачу,call_start,
как дорога?,chitchat,
как настроение за рулем?,chitchat,
ты скучал по дороге?,chitchat,
проложи маршрут к магазину,nav_start,"{""destination"": ""магазин""}"
проложи маршрут к кафе,nav_start,"{""destination"": ""кафе""}"
настрой маршрут к аэропорту,nav_start,"{""destination"": ""аэропорт""}"
построй маршрут к магазину,nav_start,"{""destination"": ""магазин""}"
проложи маршрут к банку,nav_start,"{""destination"": ""банк""}"
установи маршрут к парку,nav_start,"{""destination"": ""парк""}"
установи маршрут к аптеке,nav_start,"{""destination"": ""аптека""}"
проложи маршрут к салону,nav_start,"{""destination"": ""салон""}"
установи громкость на десять,volume_set,"{""level"": 10}"
переключи на станцию 101.5,radio_set_station,"{""station"": ""101.5""}"
поставь радиостанцию 88.7,radio_set_station,"{""station"": ""88.7""}"
установи источник на USB,media_source_set,"{""source"": ""usb""}"
поставь источник на телефон,media_source_set,"{""source"": ""phone""}"
начни навигацию до аэропорта,nav_start,"{""destination"": ""аэропорт""}"
построй маршрут до клиники,nav_start,"{""destination"": ""клиника""}"
перезвони Мише,call_start,"{""contact"": ""Миша""}"
передай звонок маме,call_start,"{""contact"": ""мама""}"
установи режим обдува лобового стекла,ac_mode_set,"{""mode"": ""defrost""}"
включи вентилятор на максимум,ac_fan_set,"{""level"": 10}"
включи подогрев сиденья водителю,seat_heater_set,"{""seat"": ""driver"", ""level"": 2}"
выключи подогрев сиденья пассажиру,seat_heater_set,"{""seat"": ""passenger"", ""level"": 0}"
поставь подогрев сидений на максимум,seat_heater_set,"{""seat"": ""driver"", ""level"": 5}"
скорость дворников ниже,wipers_set,"{""speed"": ""low""}"
включи дождевую очистку стекла,rain_set,"{""state"": ""on""}"
какая сейчас погода,chitchat,
напомни через час,chitchat,
расскажи анекдот про водителей,chitchat,
зачем мигать дальним светом,chitchat,
замени дворники на автомат,wipers_set,"{""mode"": ""auto""}"
Установи громкость на средний уровень,volume_set,
Вернись к предыдущей песне,previous_track,
"Останови музыку, пассажир спит",stop_music,
Установи станцию радиостанции,radio_set_station,
Начни навигацию к офису,nav_start,
Установи режим обдува стекол,ac_mode_set,
Установи режим обдува на лобовое,ac_mode_set,
Установи подогрев водительского сиденья,seat_heater_set,
Установи комфортную температуру в салоне,ac_set,
Установи дворники на медленную скорость,wipers_set,
Включи фары дневного света,headlights_set,
Настрой станцию радиостанции,radio_set_station,
Покажи маршрут к дому утром,nav_start,
Прими звонок,call_answer,
Установи дефрост для лобового,defrost_set,
Включи источник Bluetooth,media_source_set,
Сделай повтор текущего трека,media_repeat_set,
Включи режим подогрева сиденья,seat_heater_set,
Выбери источник USB-C,media_source_set,
Установи режим обдува на задние зоны,ac_mode_set,
Задай температуру на 24 градуса,ac_set,
Включи режим обогрева ног,ac_mode_set,
Сделай музыку тише,volume_change,
Начни поиск маршрута к парковке возле магазина утром,nav_start,
Опусти левое окно на 25 процентов,window_set,"{""window"": ""left"", ""percentage"": 25}"
Установи температуру салона на 22 градуса,ac_set,"{""temperature"": 22}"
Переключи режим обдува на охлаждение,ac_mode_set,"{""mode"": ""cool""}"
Установи подогрев сиденья пассажира на средний,seat_heater_set,"{""seat"": ""passenger_front"", ""level"": ""medium""}"
Включи подогрев вентиляции задних сидений,seat_vent_set,"{""seat"": ""rear"", ""level"": ""on""}"
Уменьши громкость на 15 процентов,volume_change,"{""delta"": -15}"
Выбери источник: радио,media_source_set,"{""source"": ""radio""}"
Увеличь громкость до 70%,volume_set,"{""level"": 70}"
Настрой радиостанцию на 103.4 FM,radio_set_station,"{""station"": ""103.4""}"
Переключись на радиоканал 101.1,radio_set_station,"{""station"": ""101.1""}"
Начни навигацию к ближайшему магазину,nav_start,"{""destination"": ""store_nearby""}"
Поезжай к магазину рядом,nav_start,"{""destination"": ""store_nearby""}"
Сними звонок,call_hangup,
Включи переднюю оптику,headlights_set,"{""state"": ""on""}"
Установи режим обогрева лобового стекла,defrost_set,"{""zone"": ""front"", ""level"": ""low""}"
Очисти стеклоочистители на максимум,wipers_set,"{""speed"": ""max""}"
Установи климат в авто,ac_mode_set,"{""mode"": ""auto""}"
Включи режим экономии топлива,ac_mode_set,"{""mode"": ""eco""}"
Переключись на маршрут к аэропорту,nav_start,"{""destination"": ""airport""}"
Скажи маршрут через автобан,nav_start,"{""destination"": ""highway_through""}"
Запусти локальный плейлист,play_music,"{""playlist"": ""local""}"
Укажи маршрут в центр города,nav_start,"{""destination"": ""city_center""}"
Скажи анекдот,chitchat,"{""topic"": ""joke""}"
Расскажи шутку про авто,chitchat,"{""topic"": ""car_joke""}"
Как дорога现在?,chitchat,"{""topic"": ""road_condition""}"
Построй маршрут к центру города,nav_start,"{""destination"": ""city_center""}"
Сыграй новый хит,play_music,"{""song"": ""new_hit""}"
Повышай громкость до 85 процентов,volume_set,"{""level"": 85}"
Переключи радиостанцию на 88.8,radio_set_station,"{""station"": ""88.8""}"
Установи авто-режим климата,ac_mode_set,"{""mode"": ""auto""}"
Сделай дефрост для лобового стекла на максимум,defrost_set,"{""zone"": ""front"", ""level"": ""max""}"
Загрузи последний плейлист,play_music,"{""playlist"": ""recent""}"
Сменить источник на интернет-радио,media_source_set,"{""source"": ""internet_radio""}"
Переключи режим авто,ac_mode_set,"{""mode"": ""auto""}"
Активируй подогрев сиденья пассажира,seat_heater_set,"{""seat"": ""passenger""}"
Установи уровень подогрева сидений на средний,seat_heater_set,"{""level"": ""medium""}"
Выключи подогрев лобового стекла,defrost_set,"{""target"": ""windscreen"", ""state"": ""off""}"
Подними громкость на три пункта,volume_change,"{""delta"": 3}"
Уменьши громкость на два пункта,volume_change,"{""delta"": -2}"
Переключи источник медиа на Bluetooth,media_source_set,"{""source"": ""bluetooth""}"
Включи случайную смену треков,media_shuffle_set,"{""state"": ""shuffle""}"
Переключись на станцию Радио 101.5,radio_set_station,"{""station"": ""101.5""}"
Установи максимальный подогрев руля,wheel_heater_set,"{""level"": ""high""}"
Как идут дела на дороге?,chitchat,"{""topic"": ""traffic""}"
Говори со мной дружелюбно,chitchat,"{""tone"": ""friendly""}"
Есть ли новости о трафике?,chitchat,"{""topic"": ""traffic_news""}"
Сыграй мою любимую песню,play_music,"{""source"": ""user_favorites""}"
Подскажи маршрут к ближайшей заправке,nav_start,"{""destination"": ""gas_station""}"
Установи дефрост на авто,defrost_set,"{""mode"": ""auto""}"
Переключи на волну 103.9,radio_set_station,"{""station"": ""103.9""}"
Переключи на волну 98.3,radio_set_station,"{""station"": ""98.3""}"
"Скажи, сколько осталось до дома",chitchat,"{""topic"": ""eta""}"
Сделай громкость посильнее,volume_change,"{""delta"": 2}"
Уменьши громкость поменьше,volume_change,"{""delta"": -1}"
Включи режим очередности,media_shuffle_set,"{""state"": ""shuffle""}"
Переключи источник медиа на USB,media_source_set,"{""source"": ""usb""}"
Переключись на радиостанцию 105.1,radio_set_station,"{""station"": ""105.1""}"
Начни навигацию до торгового центра,nav_start,"{""destination"": ""shopping_center""}"
Включи туманки,headlights_set,"{""mode"": ""fog""}"
Установи стеклоочистители в автоматическом режиме,wipers_set,"{""state"": ""auto""}"
поставь громкость на пятьдесят,volume_set,"{""volume"": 50}"
увеличь громкость до двадцати,volume_set,"{""volume"": 20}"
настрой радиостанцию 101.1,radio_set_station,"{""station"": ""101.1""}"
переключись на радиостанцию 98.3,radio_set_station,"{""station"": ""98.3""}"
выбери волну восемьдесят восемь точка семь,radio_set_station,"{""station"": ""88.7""}"
сохрани любимую радиостанцию,radio_set,
собери маршрут к офису,nav_start,"{""destination"": ""офис""}"
найди маршрут до магазина,nav_start,"{""destination"": ""магазин""}"
установи режим авто кондиционера,ac_mode_set,"{""mode"": ""auto""}"
регулируй скорость вентилятора на пятнадцать,ac_fan_set,"{""speed"": 15}"
поставь температуру двадцать два градуса,ac_set,"{""temperature"": 22}"
опусти окно пассажира,window_set,"{""window"": ""passenger"", ""state"": ""down""}"
включи подогрев сидений водителя,seat_heater_set,"{""seat"": ""driver"", ""state"": ""on""}"
как дела на трассе?,chitchat,
почему так пыльно на трассе,chitchat,
что за темнота вокруг,chitchat,
поставь громкость на тридцать,volume_set,"{""volume"": 30}"
переключись на радиостанцию 107.2,radio_set_station,"{""station"": ""107.2""}"
найди маршрут до парка,nav_start,"{""destination"": ""парк""}"
поставь маршрут через центр города,nav_start,"{""destination"": ""центр города""}"
ответь на звонок от сотрудника,call_answer,"{""contact"": ""сотрудник""}"
установи автоматический климат,ac_mode_set,"{""mode"": ""auto""}"
приглуши шум ветра,volume_change,"{""delta"": -4}"
переключись на другую станцию,radio_set_station,
разогрей салон на один градус,ac_set,"{""temperature_delta"": 1}"
сделай громче на пять,volume_change,"{""delta"": 5}"
переключись на радиостанцию 102.3,radio_set_station,"{""station"": ""102.3""}"
поставь маршрут к дому через центр,nav_start,"{""destination"": ""дом через центр""}"
поставь режим тишины,volume_mute_set,
поддержи комфортную температуру 20 градусов,ac_set,"{""temperature"": 20}"
выстави температуру 25 градусов,ac_set,"{""temperature"": 25}"
выбери режим обогрева,ac_mode_set,
переведи климат в комфорт,ac_mode_set,
увеличь скорость вентилятора до пяти,ac_fan_set,"{""fan_speed"": 5}"
уменьши скорость вентилятора до трёх,ac_fan_set,"{""fan_speed"": 3}"
установи минимальную скорость вентилятора,ac_fan_set,"{""fan_speed"": 1}"
выключи обдув,defrost_set,"{""mode"": ""off""}"
закрой переднее правое окно,window_set,
опусти все окна на 20 процентов,window_set,"{""adjust"": ""20%""}"
включи подогрев пассажира,seat_heater_set,"{""seat"": ""passenger"", ""level"": 1}"
настрой подогрев сиденья пассажира на 3,seat_heater_set,"{""seat"": ""passenger"", ""level"": 3}"
поставь подогрев сиденья водителя на 2,seat_heater_set,"{""seat"": ""driver"", ""level"": 2}"
покажи маршрут до аэропорта,nav_start,"{""destination"": ""аэропорт""}"
начать навигацию к вокзалу,nav_start,"{""destination"": ""вокзал""}"
позвони Александру,call_start,"{""contact"": ""Александр""}"
верни на предыдущую дорожку,previous_track,
поставь громкость 60,volume_set,"{""level"": 60}"
переключи радиостанцию Европа Плюс,radio_set_station,"{""station"": ""Европа Плюс""}"
выбери радиостанцию Ретро FM,radio_set_station,"{""station"": ""Ретро FM""}"
повторяй текущий трек,media_repeat_set,
какая погода за окном,chitchat,
Увеличь скорость дворников,wipers_set,
Установи интервальный режим дворников,wipers_set,"{""mode"": ""intermittent""}"
Дворники в авто-режиме,wipers_set,"{""mode"": ""auto""}"
Поставь температуру на пятнадцать градусов,ac_set,"{""temperature"": 15}"
Установи температуру на двадцать два градуса,ac_set,"{""temperature"": 22}"
Включи режим авто климат,ac_mode_set,"{""mode"": ""auto""}"
Установи режим циркуляции воздуха,ac_mode_set,"{""mode"": ""recirculation""}"
Поставь обогрев лобового стекла,defrost_set,"{""zone"": ""front""}"
Переключи на рециркуляцию,ac_mode_set,"{""mode"": ""recirculation""}"
Установи автоматическое открытие люка,sunroof_set,"{""mode"": ""auto""}"
Установи положение люка на середину,sunroof_set,"{""position"": ""mid""}"
Установи громкость на тридцать процентов,volume_set,"{""volume"": 30}"
Понизь громкость немного,volume_change,"{""delta"": -1}"
Переключи источник музыки,media_source_set,
Включи рандомизацию треков,media_shuffle_set,"{""state"": ""on""}"
Настрой радио на станцию 585,radio_set_station,"{""station"": 585}"
Настрой радио на станцию 102,radio_set_station,"{""station"": 102}"
Настрой радио на FM,radio_set,
Переключи на FM-радио,radio_set,
Покажи маршрут к магазину,nav_start,"{""destination"": ""store""}"
Отклонить маршрут,nav_cancel,
Измени маршрут на ближайшую станцию метро,nav_start,"{""destination"": ""nearest_subway""}"
Установи свет в автоматическом режиме,headlights_set,"{""mode"": ""auto""}"
Переключи фары на дальний,headlights_set,"{""beam"": ""high""}"
Включи стеклоочиститель,wipers_set,
Установи ночной режим фар,headlights_set,"{""mode"": ""night""}"
Установи режим автоматического освещения,headlights_set,"{""mode"": ""auto""}"
Включи подогрев сидений слева,seat_heater_set,"{""seat"": ""left"", ""level"": ""high""}"
Включи подогрев сидений справа,seat_heater_set,"{""seat"": ""right"", ""level"": ""high""}"
Навигатор путается в тоннеле,chitchat,
поставь температуру климата на 24 градуса,ac_set,"{""temperature"": 24}"
сделай температуру в салоне 19 градусов,ac_set,"{""temperature"": 19}"
повысь температуру до 26 градусов,ac_set,"{""temperature"": 26}"
переключи режим авто кондиционера,ac_mode_set,"{""mode"": ""auto""}"
переключи в режим ручного охлаждения,ac_mode_set,"{""mode"": ""manual""}"
помести обороты вентилятора на средний,ac_fan_set,"{""level"": ""medium""}"
повышь скорость вентилятора до высокого,ac_fan_set,"{""level"": ""high""}"
сделай вентилятор минимальным,ac_fan_set,"{""level"": ""low""}"
подогрей оба сиденья на средний уровень,seat_heater_set,"{""seat"": ""all"", ""level"": ""medium""}"
включи вентиляцию сидений водителя,seat_vent_set,"{""seat"": ""driver"", ""mode"": ""on""}"
выключи вентиляцию сидений,seat_vent_set,"{""seat"": ""all"", ""mode"": ""off""}"
увеличь обдув лобового стекла на максимум,defrost_set,"{""target"": ""windshield"", ""level"": ""max""}"
запусти любимый трек,play_music,
пауза воспроизведения,media_pause,
уменьши звук на восемь,volume_change,"{""delta"": 8, ""direction"": ""down""}"
пусть громкость будет 60,volume_set,"{""level"": 60}"
используй источник USB,media_source_set,"{""source"": ""usb""}"
переключи радиопередачу,radio_set,"{""state"": ""on""}"
регулируй радиостанцию 102.5,radio_set_station,"{""station"": ""102.5""}"
переключи на радиостанцию 88.7,radio_set_station,"{""station"": ""88.7""}"
настрой радиостанцию 99.1 FM,radio_set_station,"{""station"": ""99.1""}"
навигация до офиса,nav_start,"{""destination"": ""office""}"
прибытие к ближайшему супермаркету,nav_start,"{""destination"": ""mall""}"
найди маршрут до аэропорта,nav_start,"{""destination"": ""airport""}"
сделай звонок папе,call_start,"{""contact"": ""dad""}"
позвонить другу,call_start,"{""contact"": ""friend""}"
принять звонок,call_answer,
переключи на автоматическое освещение,headlights_set,"{""state"": ""on"", ""mode"": ""auto""}"
поставь температуру двадцать два,ac_set,"{""temperature"": 22}"
включи подогрев переднего пассажирского кресла,seat_heater_set,"{""seat"": ""front_passenger"", ""state"": ""on""}"
проиграй музыку,play_music,
поставь громкость на восемь,volume_set,"{""volume"": 8}"
установи радиостанцию 101.5,radio_set_station,"{""station"": ""101.5""}"
переключи на волну 97.4,radio_set_station,"{""station"": ""97.4""}"
позвони в офис,call_start,"{""contact"": ""office""}"
скажи погоду в салоне,chitchat,"{""topic"": ""interior_weather""}"
проложи маршрут до аэропорта,nav_start,"{""destination"": ""airport""}"
перемешай текущий плейлист,media_shuffle_set,"{""enabled"": true}"
установи радиостанцию 102.3,radio_set_station,"{""station"": ""102.3""}"
настрой радио на 101.9,radio_set_station,"{""station"": ""101.9""}"
сообщи маршрут до дома,nav_start,"{""destination"": ""home""}"
позвони бабушке,call_start,"{""contact"": ""grandma""}"
ответь на звонок из дисплея,call_answer,
положи трубку сейчас,call_hangup,
включи музыку в пути,play_music,
сделай диагностику систем,chitchat,
помоги найти ближайшее кафе,nav_start,"{""destination"": ""cafe""}"
замени радио на Spotify,media_source_set,"{""source"": ""spotify""}"
уменьши громкость до шести,volume_set,"{""volume"": 6}"
установи кондиционер в авто в режиме авто,ac_mode_set,"{""mode"": ""auto""}"
привет водитель,chitchat,
как температура в салоне,chitchat,"{""topic"": ""interior_temperature""}"
покажи текущий маршрут,nav_start,"{""destination"": ""current_route""}"
"рассвет и слякоть на улице, включи климат",ac_set,
не хочу отвлекаться — держи режим кондиционера тихим,ac_set,
мне комфортнее авто-режим климата,ac_mode_set,
"не отвлекайся, оставь климат в авто-режиме",ac_mode_set,
разморозь лобовое перед выездом,defrost_set,"{""target"": ""windshield""}"
"паркуйся ближе к обочине, включи навигацию к парковке",nav_start,
переключи радиостанцию на FM 98.3,radio_set_station,"{""station"": ""FM 98.3""}"
подбери случайный плейлист,media_shuffle_set,
подключи Bluetooth и начни проигрывать,media_source_set,"{""source"": ""bluetooth""}"
повышай громкость на два шага,volume_change,"{""step"": 2}"
"включи ближний свет, пожалуйста",headlights_set,
поставь обогрев водительского сиденья на уровень два,seat_heater_set,"{""seat"": ""driver"", ""level"": 2}"
подогрей пассажирское сиденье до максимума,seat_heater_set,"{""seat"": ""passenger"", ""level"": 5}"
поставь обдув сидений на средний уровень,seat_vent_set,"{""level"": ""medium""}"
разморозь лобовое стекло перед стартом,defrost_set,"{""target"": ""windshield""}"
прикрой маршрут к ближайшей парковке,nav_start,"{""destination"": ""nearby_parking""}"
переключи радиостанцию на FM 102.7,radio_set_station,"{""station"": ""FM 102.7""}"
поясни маршрут до парковки,nav_start,"{""destination"": ""parking""}"
настроить навигацию до дома,nav_start,"{""destination"": ""home""}"
поставь габаритные огни,headlights_set,
включи дальний свет ночью,high_beam_set,
проверь состояние дворников,wipers_set,
включи дождевые дворники,wipers_set,
запусти утренний плейлист,play_music,"{""playlist"": ""morning""}"
выбери локальный файл для воспроизведения,media_source_set,"{""source"": ""local""}"
включи случайный трек,media_shuffle_set,
выбери радиостанцию BBC World,radio_set_station,"{""station"": ""BBC World""}"
проведи короткую запись о дороге,chitchat,
поговори со мной о дороге,chitchat,
расскажи историю о утреннем рассвете,chitchat,
послушай музыку с USB,media_source_set,"{""source"": ""usb""}"
настрой звуковой баланс на центр,volume_change,"{""balance"": ""center""}"
"разбуди уведомления, чтобы не мешали",chitchat,
проверь температуру воздуха в салоне,ac_set,
включи авто-режим климата автоматически,ac_mode_set,"{""mode"": ""auto""}"
включи обдув лобового стекла на минимуме,defrost_set,"{""target"": ""windshield"", ""level"": ""low""}"
"задний дефрост включить нельзя, но попробовал бы",defrost_set,"{""target"": ""rear""}"
открой окно на одну щель,window_set,"{""level"": 1}"
закрой все окна на салоне,window_set,"{""level"": 0}"
"прикрой стекло, чтобы слышать улицу",window_set,"{""state"": ""closed_slightly""}"
проведем парковку и затем скажи об запахах с улицы,chitchat,
активируй кондиционер,ac_set,
настрой температуру 22,ac_set,"{""temperature"": 22}"
режим авто климата,ac_mode_set,
регулируй скорость вентилятора,ac_fan_set,
охлади сиденье пассажира,seat_vent_set,
установи станцию 106.3,radio_set_station,"{""station"": ""106.3""}"
установи станцию 101.2,radio_set_station,"{""station"": ""101.2""}"
повесь трубку,call_hangup,
включи авто-дворники,wipers_set,
охлади сиденье водителя,seat_vent_set,
настрой вентиляцию в авто,ac_fan_set,
новости на дороге,chitchat,
найди парковку,nav_start,
сохраню маршрут до работы,nav_start,
повтори радиостанцию 88.7,radio_set_station,"{""station"": ""88.7""}"
переключи радио на 99.1,radio_set_station,"{""station"": ""99.1""}"
играй джазовую подборку,play_music,
поставь поп-плейлист,play_music,
ещё раз предыдущий трек,previous_track,
повышай температуру,ac_set,
включи режим климата ночью,ac_mode_set,
сделай дефрост чуть сильнее,defrost_set,
приглуши звук ненадолго,volume_change,
включи систему климат-контроль,ac_mode_set,
когда выезжаем на маршрут,nav_start,
выбери радиостанцию 101.3,radio_set_station,"{""station"": ""101.3""}"
построй маршрут до работы на рассвете,nav_start,"{""destination"": ""работа""}"
включи подогрев сиденья справа,seat_heater_set,"{""seat"": ""right""}"
установи скорость вентилятора на минимум,ac_fan_set,"{""level"": ""min""}"
установи прохладу в климате,ac_mode_set,"{""mode"": ""cool""}"
включи стеклоочистители на минимальной скорости,wipers_set,"{""speed"": ""low""}"
регулируй климат до 22 градусов,ac_set,"{""temperature"": ""22""}"
включи громкость на пять,volume_set,"{""level"": 5}"
снизь громкость до минимума,volume_set,"{""level"": 0}"
переключи источник воспроизведения,media_source_set,
включи повтор радиосигнала,media_repeat_set,
переключись на радиостанцию 98.4,radio_set_station,"{""station"": ""98.4""}"
навигация до парковки,nav_start,"{""destination"": ""парковка""}"
проверь путь к дому,nav_start,"{""destination"": ""дом""}"
включи дворники при дожде,wipers_set,"{""mode"": ""auto""}"
сделай дефрост перед стеклом,defrost_set,"{""location"": ""front""}"
"рассвет мешает, снизь громкость музыки",volume_change,"{""delta"": -5}"
поставь громкость поменьше,volume_change,"{""delta"": -3}"
построй маршрут к дому через карту,nav_start,"{""destination"": ""дом"", ""via"": ""карта""}"
как дела на дорогах?,chitchat,
выбери источник воспроизведения bluetooth,media_source_set,"{""source"": ""bluetooth""}"
повтори песню сейчас,media_repeat_set,
переключи на станцию 102.5,radio_set_station,"{""station"": ""102.5""}"
позвони Алексею,call_start,"{""contact"": ""Алексей""}"
установи режим авто для кондиционера,ac_mode_set,"{""mode"": ""auto""}"
выключи обдув лобового,defrost_set,"{""location"": ""front"", ""state"": ""off""}"
переключись на bluetooth аудио,media_source_set,"{""source"": ""bluetooth""}"
проверь маршрут к магазинам,nav_start,"{""destination"": ""магазин""}"
позвони 5550123,call_start,"{""number"": ""5550123""}"
выключи радио снова,radio_set,
установи температуру 18,ac_set,"{""temperature"": ""18""}"
расскажи шутку на дороге,chitchat,
подключи USB-устройство,media_source_set,"{""source"": ""USB""}"
воспроизведи случайный трек,media_shuffle_set,
скорость вентилятора высокая,ac_fan_set,"{""fan_speed"": ""high""}"
отключи обогрев сиденья водителя,seat_heater_set,"{""seat"": ""driver"", ""state"": ""off""}"
поставь обогрев сидения водителя,seat_heater_set,"{""seat"": ""driver"", ""level"": ""on""}"
включи обогрев задних сидений,seat_heater_set,"{""seat"": ""rear"", ""level"": ""on""}"
переключи на радиостанцию 97.5,radio_set_station,"{""station"": ""97.5""}"
подключи USB,media_source_set,"{""source"": ""usb""}"
поставь на потоковую передачу,media_source_set,"{""source"": ""stream""}"
ещё раз повтори,media_repeat_set,
поставь громкость 40,volume_set,"{""level"": 40}"
выключи звук уведомлений,volume_mute_set,"{""source"": ""notifications"", ""state"": ""muted""}"
увеличь громкость до 60,volume_set,"{""level"": 60}"
покажи источник звука Bluetooth,media_source_set,"{""source"": ""bluetooth""}"
переключись на радиостанцию 88.5,radio_set_station,"{""station"": ""88.5""}"
попроси навигацию к Шереметьево,nav_start,"{""destination"": ""Шереметьево""}"
напомни парковку здесь,chitchat,"{""topic"": ""parking_reminder""}"
выключи дефрост,defrost_set,"{""target"": ""all"", ""state"": ""off""}"
заведи маршрут к аэропорту,nav_start,"{""destination"": ""airport""}"
переключись на CD-плеер,media_source_set,"{""source"": ""cd""}"
выбери песню из библиотеки,media_source_set,"{""source"": ""library""}"
включи режим тишины в аудио,volume_mute_set,"{""state"": ""muted""}"
переключи на потоковую передачу,media_source_set,"{""source"": ""stream""}"
проверь камеры заднего вида,chitchat,"{""topic"": ""rear_camera_check""}"
закрой водительское стекло,window_set,
открой заднее правое стекло,window_set,
подними пассажирское окно,window_set,
открой левое переднее стекло,window_set,
установи температуру на 22,ac_set,"{""temperature"": 22}"
переключи режим обогрева,ac_mode_set,
установи нагрев сиденья на средний,seat_heater_set,"{""level"": ""средний""}"
поставь на максимум подогрев сиденья,seat_heater_set,"{""level"": ""максимум""}"
выключи подогрев сиденья,seat_heater_set,"{""level"": 0}"
установи слабую вентиляцию сиденья,seat_vent_set,"{""level"": ""низкий""}"
поставь вентиляцию сиденья на средний,seat_vent_set,"{""level"": ""средний""}"
выключи вентиляцию сиденья,seat_vent_set,"{""level"": 0}"
выключи обдув стекол,defrost_set,
выбери источник медиа,media_source_set,
перемешай дорожки,media_shuffle_set,
переключи на станцию 101.2,radio_set_station,"{""station"": ""101.2""}"
переключи на станцию 98.7,radio_set_station,"{""station"": ""98.7""}"
слушай радиостанцию 102.5,radio_set_station,"{""station"": ""102.5""}"
проложи маршрут до офиса,nav_start,"{""destination"": ""офис""}"
завершить навигацию,nav_cancel,
построй маршрут к ближайшей заправке,nav_start,"{""destination"": ""ближайшая заправка""}"
позвони по номеру 5550133,call_start,"{""phone"": ""5550133""}"
Установи температуру двадцать один,ac_set,"{""temperature"": ""21""}"
Снизь скорость вентилятора,ac_fan_set,"{""fan_speed"": ""low""}"
Включи обогрев стекол,defrost_set,
Настрой станцию Европа,radio_set_station,"{""station"": ""Европа""}"
Станция ретро ФМ,radio_set_station,"{""station"": ""Retro FM""}"
Настрой станцию Новости,radio_set_station,"{""station"": ""Новости""}"
Установи громкость тридцать,volume_set,"{""volume"": ""30""}"
Bluetooth как источник аудио,media_source_set,"{""source"": ""Bluetooth""}"
Сменить источник Bluetooth,media_source_set,"{""source"": ""Bluetooth""}"
Случайный порядок воспроизведения,media_shuffle_set,"{""state"": ""on""}"
Старт навигации к дому,nav_start,"{""destination"": ""дом""}"
Начать маршрут к офису,nav_start,"{""destination"": ""офис""}"
Старт навигации к торговому центру,nav_start,"{""destination"": ""торговый центр""}"
Включи дворники средней скорости,wipers_set,"{""state"": ""medium""}"
Уменьши дворники,wipers_set,"{""state"": ""low""}"
Включи дождь,rain_set,
Скажи что-нибудь,chitchat,
Настрой ночной режим освещения,headlights_set,"{""mode"": ""night""}"
Включи дальний свет постоянно,high_beam_set,"{""state"": ""on""}"
Очисти стекло очистителем,defrost_set,
Сделай дефолт по маршруту,nav_start,"{""destination"": ""по умолчанию""}"
Включи обогрев сидений передний,seat_heater_set,"{""seat"": ""front""}"
Настрой источник на Bluetooth,media_source_set,"{""source"": ""Bluetooth""}"
Поставь евро-станцию Europa,radio_set_station,"{""station"": ""Europa""}"
Скажи маршрут кратко,nav_start,"{""destination"": ""кратко""}"
"Утро туманное, запотевают стекла",defrost_set,
Поставь кондиционер на 21 градус,ac_set,"{""temperature"": 21}"
"Сделай прохладу в салоне, 19 градусов",ac_set,"{""temperature"": 19}"
"Режим охлаждения включи, температура 20",ac_mode_set,"{""temperature"": 20, ""mode"": ""cool""}"
"Режим обогрева активируй, салон согрей",ac_mode_set,"{""mode"": ""heat""}"
Уменьши подачу воздуха к ногам,ac_fan_set,"{""zone"": ""feet"", ""level"": ""low""}"
Открой окно на два пальца,window_set,"{""level"": 2}"
Открой правое окно полностью,window_set,"{""level"": 100}"
Закрой окно наполовину,window_set,"{""level"": 50}"
Направь поток воздуха в лицо,window_set,"{""zone"": ""face""}"
Опусти люк крыши на максимум,sunroof_set,
Открой люк крыши на всю ширину,sunroof_set,
Сбавь громкость на пять,volume_change,"{""delta"": -5}"
Включи станцию 98.7 FM,radio_set_station,"{""station"": 98.7}"
Сменим радиопередачу на следующую,next_track,
Переключи на предыдущую радиопередачу,previous_track,
Начни воспроизведение моего плейлиста,play_music,
Сыграй любимую песню сейчас,play_music,
Удали маршрут к офису,nav_cancel,
Фары в дневном режиме,headlights_set,"{""mode"": ""day""}"
Дворники на минимальную скорость,wipers_set,"{""level"": ""low""}"
Установи режим стеклоочистителя средний,wipers_set,"{""level"": ""medium""}"
Включи дефрост лобового стекла на максимум,defrost_set,
Переключи фары на ночной режим,headlights_set,"{""mode"": ""night""}"
"Привет, как настроение?",chitchat,
Расскажи шутку водителю,chitchat,
Покажи маршрут на карте,nav_start,"{""destination"": ""map""}"
Расскажи дорогу до двора,nav_start,"{""destination"": ""courtyard""}"
Скажи прогноз пробок на сегодня,chitchat,"{""topic"": ""traffic"", ""time"": ""today""}"
Сократи шум в салоне на два пункта,volume_change,"{""delta"": -2}"
Включи Bluetooth звук на максимум,volume_set,"{""level"": 100}"
Начни проверку состояния шин,chitchat,"{""topic"": ""car_checks""}"
Расскажи факт о дороге,chitchat,
Дай советы по вождению в тумане,chitchat,
Снижай общий шум на два пункта,volume_change,"{""delta"": -2}"
Ставь режим shuffle для плейлиста,media_shuffle_set,
Перескочи на следующий трек,next_track,
Выбери радио на частоте 101.7,radio_set_station,"{""station"": ""101.7""}"
Глуши звук,volume_mute_set,
Медленно прибавь громкость,volume_change,"{""direction"": ""up""}"
Поставь радио на частоте 88.1,radio_set_station,"{""station"": ""88.1""}"
Навигация к ближайшей заправке,nav_start,
Поставь подогрев сидений водителя,seat_heater_set,
Поставь подогрев сидений пассажира,seat_heater_set,
Поставь дворники на всю скорость,wipers_set,
Установи режим авто в климате,ac_mode_set,
Запусти повторение плейлиста,media_repeat_set,
Перехвати звонок,call_answer,
Проведи разговор спокойно,chitchat,
"Расскажи анекдот, пожалуйста",chitchat,
Как красиво светится рассвет,chitchat,
Оставь тишину за рулем,volume_mute_set,
Установи громкость на 50 процентов,volume_set,"{""level"": ""50""}"
Переключи станцию на радио 99.3,radio_set_station,"{""station"": ""99.3""}"
Передвинь маршрут к офису через центр,nav_start,
Включи дальний свет на ночной трассе,high_beam_set,
Сделай обходной маршрут через объезд,nav_start,
Разморозь лобовое стекло на полминуты,defrost_set,
Проверь подключение USB и спой музыку,media_source_set,"{""source"": ""usb""}"
Переключи источник на bluetooth повторно,media_source_set,"{""source"": ""bluetooth""}"
Поставь радиостанцию на 101.1,radio_set_station,"{""station"": ""101.1""}"
Задай громкость на 40,volume_set,"{""level"": 40}"
Громче музыки,volume_change,
Проиграй песню,play_music,
Включи рандомное воспроизведение,media_shuffle_set,
Настрой радиостанцию на Шансон,radio_set_station,"{""station"": ""Шансон""}"
Настрой источник музыки на Bluetooth,media_source_set,"{""source"": ""bluetooth""}"
Обогрей руки на руле,wheel_heater_set,"{""state"": ""on""}"
Установи режим кондиционирования на AUTO,ac_mode_set,"{""mode"": ""auto""}"
Направь воздух на лицо,ac_mode_set,"{""zone"": ""face""}"
Включи режим дальнего света,high_beam_set,
Уменьши шум в туннеле,chitchat,
"Расскажи шутку, машина",chitchat,
Поставь музыку потише и сосредоточься на дороге,volume_change,
Включи радиостанцию 98.3,radio_set_station,"{""station"": ""98.3""}"
Переключи источники звука на AUX,media_source_set,"{""source"": ""aux""}"
Найди ближайшую бензозаправку,nav_start,"{""destination"": ""nearest_fuel_station""}"
Сформируй маршрут через центр города,nav_start,"{""destination"": ""city_center""}"
Поставь воздух на лицо и ноги одновременно,ac_mode_set,"{""zone"": ""face_and_feet""}"
Открой правое окно на секунду,window_set,"{""side"": ""right"", ""duration"": ""1_second""}"
Задействуй автоматическое закрытие окон,window_set,"{""mode"": ""auto_close""}"
Установи климат на Auto и обдув на ноги,ac_mode_set,"{""mode"": ""auto"", ""zone"": ""feet""}"
Проверь дальний свет и включи его,headlights_set,"{""state"": ""on"", ""mode"": ""high_beam""}"
Снизь шум резины в тоннеле,chitchat,
Включи дворники по режиму Auto,wipers_set,"{""mode"": ""auto""}"
Уменьши звук навигационной речи,volume_change,
Переключи радиоканал на 102.7,radio_set_station,"{""station"": ""102.7""}"
Сделай тише громкую музыку,volume_change,
Начни маршрут к дому через автомагистраль,nav_start,"{""destination"": ""home_via_highway""}"
Инициализируй вызов по номеру,call_start,"{""phone"": ""number""}"
Ответь на входящий звонок с номера 555,call_answer,"{""phone"": ""555""}"
Отключи стеклоочистители на лето,wipers_set,"{""state"": ""off""}"
Сделай дефрост на заднем стекле,defrost_set,"{""zone"": ""rear""}"
установи станцию 101,radio_set_station,"{""station"": 101}"
сделай звонок Мише,call_start,
ты как там,chitchat,
погода на улице расскажи,chitchat,
сделай маршрут до работы,nav_start,
сними маршрут,nav_cancel,
позвони в службу поддержки,call_start,
переключись на 88,radio_set_station,"{""station"": 88}"
переключи станцию,radio_set_station,
выруби кондиционер,ac_off,
установи режим циркуляции,ac_mode_set,
поставь обогрев сидений водителя,seat_heater_set,"{""seat"": ""driver""}"
поставь вентиляцию сидений пассажира,seat_vent_set,"{""seat"": ""front_passenger""}"
помоги с навигацией,nav_start,
покажи текущее радио,radio_set,
позвони в службу поддержки клиента,call_start,
"здесь тихо, привет",chitchat,
переключи на станцию 102,radio_set_station,"{""station"": 102}"
громкость до максимума,volume_set,"{""volume"": 10}"
запусти музыку из телефона,play_music,
опусти переднее левое окно,window_set,
закрой заднее правое стекло,window_set,
установи температуру двадцать два градуса,ac_set,"{""temperature"": 22}"
проиграй новую песню,play_music,"{""song"": ""new""}"
прибавь громкость на двадцать пять процентов,volume_change,"{""level"": 25}"
переключи на радиостанцию 94.7,radio_set_station,"{""station"": ""94.7""}"
повеси трубку,call_hangup,
поставь маршрут к аэропорту,nav_start,"{""destination"": ""аэропорт""}"
как дорога сейчас?,chitchat,"{""topic"": ""traffic""}"
подогрей кресло водителя до максимума,seat_heater_set,"{""seat"": ""водителя"", ""level"": ""макс""}"
подогрей кресло пассажира,seat_heater_set,"{""seat"": ""пассажира""}"
укажи ближайшую заправку,nav_start,"{""destination"": ""ближайшая заправка""}"
переключи радиоканал на 103.9,radio_set_station,"{""station"": ""103.9""}"
уменьши громкость на пять процентов,volume_change,"{""level"": 5}"
установи громкость на шестьдесят,volume_set,"{""level"": 60}"
выбери источник AirPlay,media_source_set,"{""source"": ""airplay""}"
позвони папе,call_start,"{""contact"": ""папе""}"
проверь прогноз погоды на сегодня,chitchat,"{""topic"": ""weather""}"
приготуй музыку через Spotify,media_source_set,"{""source"": ""spotify""}"
как дорога к дому,chitchat,"{""destination"": ""дом""}"
включи ночной режим климат-контроля,ac_mode_set,"{""mode"": ""night""}"
включи подогрев руля полностью,wheel_heater_set,
Опусти переднее стекло,window_set,
Подними заднее стекло,window_set,
Закрой правое стекло,window_set,
Сделай проветривание салона,window_set,
Установи температуру на двадцать пять,ac_set,"{""temperature"": 25}"
Режим авто включи,ac_mode_set,"{""mode"": ""auto""}"
Включи авторежим,ac_mode_set,"{""mode"": ""auto""}"
Подогрей заднее стекло,defrost_set,"{""mode"": ""defrost"", ""target"": ""rear""}"
Включи звук,volume_mute_set,"{""state"": ""on""}"
Станцию 97.4 включи,radio_set_station,"{""station"": ""97.4""}"
Найди радиостанцию,radio_set,
Переключи на предыдущую радиостанцию,radio_set,
Наведи маршрут домой,nav_start,"{""destination"": ""дом""}"
Маршрут до офиса,nav_start,"{""destination"": ""офис""}"
Добавь адрес домой в навигацию,nav_start,"{""destination"": ""дом""}"
Позвонить маме,call_start,"{""contact"": ""мама""}"
Включи авто режим дальнего света,high_beam_set,"{""mode"": ""auto""}"
Дальний свет выключи,high_beam_set,"{""state"": ""off""}"
Установи скорость дворников на быстро,wipers_set,"{""speed"": ""fast""}"
Установи режим авто для дворников,wipers_set,"{""mode"": ""auto""}"
Установи режим дождя на слабый,rain_set,"{""level"": ""light""}"
Установи подогрев руля на второй уровень,wheel_heater_set,"{""level"": 2}"
Установи подогрев сиденья пассажира на два,seat_heater_set,"{""seat"": ""passenger"", ""level"": 2}"
Отключи подогрев сиденья пассажира,seat_heater_set,"{""seat"": ""passenger"", ""level"": 0}"
открой левое стекло,window_set,
сделай прохладу,ac_set,
настрой климат,ac_set,
поддерживай комфорт,ac_set,
поддерживай режим авто,ac_set,
настрой авто климат,ac_set,
переключи в авто режим,ac_mode_set,
переключи режим вентиляции,ac_mode_set,
выбери режим циркуляции,ac_mode_set,
увеличь мощность вентилятора,ac_fan_set,
повысь скорость вентилятора,ac_fan_set,
поставь подогрев сидений,seat_heater_set,
активируй обдув лобового,defrost_set,
включи панорамную крышу,sunroof_set,
поставь крышу в панорамный режим,sunroof_set,
начни воспроизведение,play_music,
включи трек из списка,play_music,
проиграй последнюю песню,play_music,
выбери любимую песню,play_music,
верни к прошлому треку,previous_track,
подними громкость чуть-чуть,volume_change,
снизь громкость,volume_change,
установи громкость на середину,volume_set,
Разбуди любимую песню,play_music,
Установи громкость,volume_set,
Запусти радиостанцию,radio_set,
Установи скорость вентилятора максимум,ac_fan_set,
Включи вентиляцию на ноги,seat_vent_set,
Поставь стеклоочиститель,wipers_set,
Дай автоматический режим дворников,wipers_set,
Засвети фары,headlights_set,
Скажи погодку за окном,chitchat,
Как дела у дороги?,chitchat,
Переключись на станцию 98.3,radio_set_station,
Включи Bluetooth на источник,media_source_set,
Включи повтор трека,media_repeat_set,
Поставь на Bluetooth аудио,media_source_set,
Назови маршрут к дому,nav_start,
Сделай паузу и продолжи позже,media_pause,
Покажи текущую скорость,chitchat,
Подскажи дорогу до парковки,nav_start,
"Если парковка найдена, скажи",chitchat,
Включи ночной режим фар,headlights_set,
Снизь яркость панели,volume_change,
Установи режим затемнения зеркал,headlights_set,
Очисти заднее стекло,defrost_set,
Очисти стекло после мойки,window_set,
"Включи ближний свет, туман мешает видеть",headlights_set,
Обдувай лобовое стекло,defrost_set,
Разогрей лобовое стекло обдувом,defrost_set,
Установи максимум вентилятора,ac_fan_set,"{""level"": 5}"
Установи режим вентилятора на максимум,ac_fan_set,"{""level"": 5}"
Предыдущая песня,previous_track,
Выбери источник звука на телефон,media_source_set,"{""source"": ""phone""}"
Настрой радио на станцию 98.1,radio_set_station,"{""station"": ""98.1""}"
Включи радиоприемник,radio_set,
Настрой экономичный режим климата,ac_mode_set,"{""mode"": ""eco""}"
Установи дворники в автомат,wipers_set,"{""mode"": ""auto""}"
Разогрей руль подогревом,wheel_heater_set,"{""level"": ""max""}"
Установи обогрев руля на максимум,wheel_heater_set,"{""level"": ""high""}"
Поставь подогрев сиденья водителя на средний уровень,seat_heater_set,"{""seat"": ""driver"", ""level"": ""medium""}"
Очисти заднее стекло обдувом,defrost_set,
Открой окна чуть,window_set,
Опусти окно на щель,window_set,
Настрой дальний свет на ночной режим,high_beam_set,
Сделай фары ярче,headlights_set,
Поставь дворники на дождевой режим,wipers_set,"{""mode"": ""rain""}"
Перемотай на следующий трек,next_track,
Воспроизвести трек из плейлиста,play_music,"{""playlist"": ""custom""}"
Настрой повтор одной песни,media_repeat_set,"{""repeat"": ""one""}"
Включи случайный режим воспроизведения,media_shuffle_set,
Найди кафе поблизости в навигации,nav_start,
Маршрут к аэропорту,nav_start,
Поведи меня к ближайшей аптеке,nav_start,
Как у тебя дела?,chitchat,
Какой сейчас прогноз?,chitchat,
Сделай громкость с басами выше,volume_change,
Опусти окно правой двери,window_set,"{""window"": ""right_rear"", ""state"": ""down""}"
Воспроизведи трек из плейлиста Ритм,play_music,"{""source"": ""playlist"", ""name"": ""Ритм""}"
Повысь громкость на десять,volume_change,"{""delta"": 10}"
Переключи источник звука на Bluetooth,media_source_set,"{""source"": ""Bluetooth""}"
Переключись на радиостанцию 99.5,radio_set_station,"{""station"": ""99.5""}"
Включи режим дождя стеклоочистителя,rain_set,"{""mode"": ""rain""}"
Подскажи дорогу в центр,nav_start,"{""destination"": ""центр""}"
"Скажи, как доехать до вокзала",nav_start,"{""destination"": ""вокзал""}"
Сделай паузу в воспроизведении,media_pause,
Включи USB как источник,media_source_set,"{""source"": ""USB""}"
Сделай авто-режим кондиционирования,ac_mode_set,"{""mode"": ""auto""}"
Уменьши температуру до 18,ac_set,"{""temperature"": 18}"
Опусти окно задней левой двери,window_set,"{""window"": ""rear_left"", ""state"": ""down""}"
Подними окно задней правой двери,window_set,"{""window"": ""rear_right"", ""state"": ""up""}"
Переключи на FM-диапазон,radio_set,"{""band"": ""FM""}"
Повтор текущего трека,media_repeat_set,"{""mode"": ""repeat""}"
Выбери источник на Bluetooth,media_source_set,"{""source"": ""Bluetooth""}"
Установи станцию 101.1,radio_set_station,"{""station"": ""101.1""}"
Сделай маршрут через парк,nav_start,"{""destination"": ""парк""}"
Отмени навигацию сейчас,nav_cancel,
Ответь на звонок с номера неизвестен,call_answer,
Скажи прогноз по трафику,chitchat,
Расскажи шутку для водителя,chitchat,
Включи режим энергосбережения дисплея,chitchat,
Снизь яркость дисплея,chitchat,
Удвоив тишину между треками,volume_change,"{""delta"": 0}"
Установи автоматический режим климат-контроля,ac_mode_set,"{""mode"": ""auto""}"
Уменьши температуру на два градуса,ac_set,"{""temperature_delta"": -2}"
Поставь вентилятор на минимум,ac_fan_set,"{""fan_level"": 0}"
Поставь температуру 24 градуса в салоне,ac_set,"{""temperature"": 24}"
Установи обогрев сиденья пассажира 2,seat_heater_set,"{""seat"": ""passenger"", ""level"": 2}"
Сыграй предыдущий трек,previous_track,
Настрой радиоканал на частоту 101.1,media_source_set,"{""source"": ""radio""}"
Переключи радиостанцию на волну 97.2,radio_set_station,"{""station"": ""97.2""}"
Дай маршрут до аэропорта,nav_start,"{""destination"": ""airport""}"
Включи дворники в автоматическом режиме,wipers_set,"{""mode"": ""auto""}"
Выключи дворники сейчас,wipers_set,"{""speed"": ""off""}"
Скажи прогноз погоды на сегодня,chitchat,
Укажи маршрут к магазину ближайшему,nav_start,"{""destination"": ""store_nearby""}"
Очисти маршрут и начни заново,nav_cancel,
"Скажи, сколько ещё ехать до дома",nav_start,"{""destination"": ""home"", ""eta_requested"": true}"
Расскажи прогноз по дороге,chitchat,
Уменьши яркость дисплея до 40,chitchat,"{""brightness"": 40}"
Увеличь яркость дисплея до 70,chitchat,"{""brightness"": 70}"
Задай громкость на максимум,volume_set,"{""level"": 100}"
Снизь громкость до среднего уровня,volume_set,"{""level"": 50}"
Запусти плейлист для вечеринки,play_music,"{""playlist"": ""party""}"
Используй USB как источник сейчас,media_source_set,"{""source"": ""usb""}"
Сделай случайное воспроизведение снова,media_shuffle_set,"{""state"": ""on""}"
Настрой радиостанцию на локальную станцию,radio_set_station,"{""station"": ""local""}"
Переключи радиостанцию на 101.5 FM,radio_set_station,"{""station"": ""101.5 FM""}"
Настрой радио на жанр поп,radio_set,"{""station"": ""pop""}"
Установи температуру климата двадцать два,ac_set,"{""temperature"": 22}"
Разогрей сиденье водителя,seat_heater_set,"{""seat"": ""driver"", ""level"": 2}"
Подогрей колесо,wheel_heater_set,"{""level"": 1}"
Поставь обогрев сидения водителя на средний,seat_heater_set,"{""seat"": ""driver"", ""level"": 2}"
Настрой дождь на стекло,rain_set,"{""mode"": ""auto""}"
Установи режим дворников на автомат,wipers_set,"{""mode"": ""auto""}"
Включи дворники на средний,wipers_set,"{""speed"": ""mid""}"
"Навигатор, к дому",nav_start,"{""destination"": ""дом""}"
Планируй маршрут до офиса,nav_start,"{""destination"": ""офис""}"
Сброси звонок,call_hangup,
Включи фары ближний свет,headlights_set,"{""beam"": ""low""}"
Дай дальний свет,high_beam_set,"{""state"": ""on""}"
Установи режим стеклоочистителя на интервальный,wipers_set,"{""mode"": ""interval""}"
Проведи дружескую беседу,chitchat,
Спроси водителю как дела,chitchat,
Настрой радио на джаз,radio_set,"{""station"": ""Jazz""}"
Настрой радиоприемник на поп-музыку,radio_set,"{""station"": ""Pop""}"
Переключи на FM 98.7,radio_set_station,"{""station"": ""FM 98.7""}"
Поставь повтор плейлиста,media_repeat_set,
Переключи рок-радио,radio_set,"{""station"": ""rock""}"
Включи громкость на двадцать пять,volume_set,"{""volume"": 25}"
"Уменьши шум, сделай тише",volume_change,
Настрой дефрост на лобовое стекло,defrost_set,"{""zone"": ""front""}"
Сделай дефрост на стекло,defrost_set,"{""zone"": ""all""}"
Включи кондиционер на авто,ac_mode_set,"{""mode"": ""auto""}"
Установи нагрев руля,wheel_heater_set,"{""level"": 1}"
Запусти навигацию к ресторану,nav_start,"{""destination"": ""ресторан""}"
выставь режим авто,ac_mode_set,
увеличь поток воздуха,ac_fan_set,
перейди на следующий трек,next_track,
перейди на предыдущий трек,previous_track,
переключись на дальний,high_beam_set,
включи стеклоомыватель,wipers_set,
проветривание салона,ac_mode_set,
поставь вентилятор на средние обороты,ac_fan_set,
сделай прохладу посильнее,ac_set,
помоги найти заправку неподалёку,nav_start,
послушай спокойную мелодию,play_music,
пауза музыке,media_pause,
установи громкость среднюю,volume_set,
радио включи в авто,radio_set,
выбери станцию на радио,radio_set_station,
перенаправь маршрут к офису,nav_start,
принимай звонок,call_answer,
сделай звонок другу,call_start,
заведи разговор,call_start,
включи противотуманки,headlights_set,
помни маршрут на вечер,nav_start,
что по дороге,chitchat,
Поставь климат на 22 градуса,ac_set,"{""temperature"": 22}"
Установи подогрев сиденья водителя на второй уровень,seat_heater_set,"{""seat"": ""driver"", ""level"": 2}"
Уменьши громкость на один шаг,volume_change,"{""delta"": -1}"
Громкость 60 процентов,volume_set,"{""volume"": 60}"
Сделай плейлист рандомно,media_shuffle_set,
Переключи радиостанцию на Европа Плюс,radio_set_station,"{""station"": ""Европа+""}"
Позвони Богдан,call_start,"{""contact"": ""Богдан""}"
Установи скорость дворников на Auto,wipers_set,"{""mode"": ""auto""}"
Какой прогноз на сегодня?,chitchat,
Включи FM 107.9,radio_set_station,"{""station"": ""107.9 FM""}"
Прокладывай маршрут к аэропорту,nav_start,"{""destination"": ""аэропорт""}"
Забронируй путь к работе,nav_start,"{""destination"": ""работа""}"
Перезвони другу Павлу,call_start,"{""contact"": ""Павел""}"
Ответь на звонок прямо сейчас,call_answer,
Закрой звонок немедленно,call_hangup,
Открой все окна в салоне,window_set,"{""windows"": [""all""], ""state"": ""open""}"
Уменьши температуру до двадцати,ac_set,"{""temperature"": 20}"
"Приостанови текущий трек, пожалуйста",media_pause,
Покажи маршрут к ближайшей заправке,nav_start,"{""destination"": ""заправка поблизости""}"
включи режим авто климат-контроля,ac_mode_set,
регулируй подогрев пассажира,seat_heater_set,"{""seat"": ""passenger"", ""state"": ""on""}"
выключи подогрев сиденья водителю,seat_heater_set,"{""seat"": ""driver"", ""state"": ""off""}"
включи обдув сиденья,seat_vent_set,"{""seat"": ""driver"", ""state"": ""on""}"
установи обдув сиденья на максимум,seat_vent_set,"{""level"": ""max""}"
обдувай сиденье слабее,seat_vent_set,"{""level"": ""low""}"
поставь люк в закрытое положение,sunroof_set,"{""position"": ""closed""}"
играй следующий трек,next_track,
поставь воспроизведение на паузу,media_pause,
укажи источник медиа Spotify,media_source_set,"{""source"": ""Spotify""}"
включи повторение треков,media_repeat_set,
включи перемешанное воспроизведение,media_shuffle_set,
переключи на радиостанцию 97.3,radio_set_station,"{""station_frequency"": 97.3}"
позвони Марии,call_start,"{""contact"": ""Мария""}"
переключи режим фар на авто,headlights_set,"{""mode"": ""auto""}"
поставь дворники на быстрый режим,wipers_set,"{""speed"": ""fast""}"
очисти стекло после ливня,wipers_set,
помоги выбрать фильм,chitchat,
повтори ещё трек,media_repeat_set,
установи радиостанцию 104.2,radio_set_station,"{""station_frequency"": 104.2}"
Установи температуру 24 градуса справа,ac_set,"{""temperature"": 24, ""zone"": ""right""}"
Режим авто в климат-контроле,ac_mode_set,"{""mode"": ""auto""}"
Снизь температуру до 18 градусов,ac_set,"{""temperature"": 18}"
Уменьши подогрев водителя,seat_heater_set,"{""seat"": ""driver"", ""level"": ""low""}"
Установи вентиляцию на задних сиденьях среднюю,seat_vent_set,"{""seat"": ""rear"", ""level"": ""medium""}"
Установи люк в автоматическом режиме,sunroof_set,"{""state"": ""auto""}"
Воспроизведи следующий трек,next_track,
Переключи источник музыки на Bluetooth,media_source_set,"{""source"": ""bluetooth""}"
Настрой радиостанцию на Classic FM,radio_set,"{""station"": ""classic_fm""}"
"Скажи, включи радио 99.5",radio_set_station,"{""station"": ""99.5""}"
Поставь дворники на авто,wipers_set,"{""mode"": ""auto""}"
Погрей руль до средней температуры,wheel_heater_set,"{""level"": ""medium""}"
Сколько километров до дома,chitchat,
Сколько осталось по времени до прибытия,chitchat,
Узнай статус заряда батареи,chitchat,
Зачем нужен этот режим климат-контроля,chitchat,
Переключи на радиостанцию 88.8,radio_set_station,"{""station"": ""88.8""}"
Установи громкость в 50 процентов,volume_set,"{""level"": 50}"
установи режим обдува авто,ac_mode_set,"{""mode"": ""auto""}"
включи вентилятор сиденья пассажира,seat_vent_set,
включи любимую музыку,play_music,
установи громкость на восемь,volume_set,"{""volume"": 8}"
настрой радиостанцию Радио Маяк,radio_set_station,"{""station"": ""Радио Маяк""}"
установи громкость на шесть,volume_set,"{""volume"": 6}"
сделай паузу на треке,media_pause,
переключи на радиостанцию Радио Эхо,radio_set_station,"{""station"": ""Радио Эхо""}"
настрой радиостанцию NPR,radio_set_station,"{""station"": ""NPR""}"
перейди к следующей композиции,next_track,
вернись к предыдущей композиции,previous_track,
включи быструю дефростировку стекол,defrost_set,
настрой радиостанцию в FM 101.1,radio_set_station,"{""station"": ""FM 101.1""}"
открой правое заднее окно,window_set,
закрой правое заднее окно,window_set,
установи температуру в 19 градусов,ac_set,"{""temperature"": 19}"
настрой радиоприёмник на стерео,media_source_set,"{""source"": ""stereo""}"
увеличь громкость ещё,volume_change,
установи громкость на тринадцать,volume_set,"{""volume"": 13}"
начни воспроизведение сначала,play_music,
включи перемешивание треков,media_shuffle_set,
настрой радиостанцию на спорт FM,radio_set_station,"{""station"": ""Спорт FM""}"
перейди к следующему треку через 5 секунд,next_track,"{""delay"": 5}"
покажи маршрут через объездной путь,nav_start,
Установи режим Auto климат-контроля,ac_mode_set,"{""mode"": ""auto""}"
Включи FM радио,radio_set,"{""band"": ""FM""}"
Включи режим дождь,rain_set,"{""mode"": ""rain""}"
Опусти левое стекло,window_set,"{""window"": ""left"", ""state"": ""down""}"
Авто-режим климата включен,ac_mode_set,"{""mode"": ""auto""}"
Выключи звуковые оповещения в салоне,chitchat,"{""topic"": ""quiet""}"
Снизь шум двигателя,chitchat,"{""topic"": ""engine_noise""}"
"Навигатор, маршрут к парку",nav_start,"{""destination"": ""парк""}"
Отмени маршрут к работе,nav_cancel,
Позвони Олегу,call_start,"{""contact"": ""Олег""}"
Зачем нужна помощь за рулем?,chitchat,"{""topic"": ""help""}"
Настрой радиостанцию на 97.4,radio_set_station,"{""station"": ""97.4""}"
Переключи на следующую композицию,next_track,
Включи повтор без рекламы,media_repeat_set,"{""mode"": ""no_ads""}"
Переключи на AUX,media_source_set,"{""source"": ""AUX""}"
Настрой радиостанцию на стерео 102.5,radio_set_station,"{""station"": ""102.5""}"
Начни маршрут к даче,nav_start,"{""destination"": ""дача""}"
Отмени маршрут к даче,nav_cancel,
Попроси маршрут по дороге,chitchat,"{""topic"": ""route""}"
Подогрей правое сиденье,seat_heater_set,"{""seat"": ""right"", ""state"": ""on""}"
Установи температуру на умеренный уровень,ac_set,"{""temperature"": ""moderate""}"
Сделай темнее в салоне,chitchat,"{""topic"": ""brightness""}"
Дай тишину за рулем,chitchat,"{""topic"": ""quiet""}"
Сгенерируй маршрут к даче через центр города,nav_start,"{""destination"": ""дача через центр города""}"
включи авто режим фар,headlights_set,
установи режим авто климата,ac_mode_set,
регулируй скорость вентилятора на максимум,ac_fan_set,
снизь скорость вентилятора до среднего,ac_fan_set,
установи температуру в салоне на двадцать два градуса,ac_set,"{""temperature"": 22}"
включи любимый трек,play_music,
перемешай треки в плейлисте,media_shuffle_set,
выбери Bluetooth как источник аудио,media_source_set,"{""source"": ""Bluetooth""}"
переключи источник на CarPlay,media_source_set,"{""source"": ""CarPlay""}"
сделай маршрут до вокзала,nav_start,"{""destination"": ""вокзал""}"
помоги найти ближайшую заправку,chitchat,
переключи радиостанцию на 99.5,radio_set_station,"{""station"": ""99.5""}"
сделай прохладнее,ac_set,
проверь уровень бензина,chitchat,
распиши маршрут через центр,nav_start,"{""destination"": ""центр""}"
включи дефрост на мороз,defrost_set,
повтори мой последний трек,media_repeat_set,
включи CarPlay как источник,media_source_set,"{""source"": ""CarPlay""}"
поставь громкость на тридцать процентов,volume_set,"{""level"": 30}"
сделай режим авто кондиционирования,ac_mode_set,"{""mode"": ""auto""}"
выключи кондиционер на время,ac_off,
запусти плейлист: моя музыка,play_music,"{""playlist"": ""моя музыка""}"
открой заднее окно,window_set,
включи кондиционер на охлаждение,ac_set,"{""mode"": ""cool""}"
установи режим вентиляции,ac_mode_set,"{""mode"": ""vent""}"
поставь климат на комфорт,ac_mode_set,"{""mode"": ""comfort""}"
выставь среднюю скорость вентилятора,ac_fan_set,"{""fan_speed"": ""medium""}"
"меньшая скорость вентилятора, пожалуйста",ac_fan_set,"{""fan_speed"": ""low""}"
поставь вентилятор на средний режим,ac_fan_set,"{""fan_speed"": ""medium""}"
включи подогрев сидения пассажира,seat_heater_set,"{""seat"": ""passenger"", ""level"": ""high""}"
установи обогрев водительского сиденья на средний,seat_heater_set,"{""seat"": ""driver"", ""level"": ""medium""}"
настрой нагрев водительского сиденья на низкий,seat_heater_set,"{""seat"": ""driver"", ""level"": ""low""}"
установи нагрев пассажирского сиденья на высокий,seat_heater_set,"{""seat"": ""passenger"", ""level"": ""high""}"
включи вентиляцию водительского сиденья,seat_vent_set,"{""seat"": ""driver"", ""level"": ""on""}"
настрой вентиляцию сиденья водителя на максимум,seat_vent_set,"{""seat"": ""driver"", ""level"": ""max""}"
выключи обогрев лобового стекла,defrost_set,"{""state"": ""off""}"
установи угол открытия люка на 45 градусов,sunroof_set,"{""angle"": 45}"
используй AUX вход,media_source_set,"{""source"": ""aux""}"
выбери станцию 101.3,radio_set_station,"{""station"": ""101.3""}"
переключись на волну 99.5,radio_set_station,"{""station"": ""99.5""}"
подбери волну радиостанций,radio_set_station,
покажи ближайший маршрут,nav_start,"{""destination"": ""nearest""}"
Утро в слякоте: разморозь лобовое,defrost_set,"{""mode"": ""front""}"
Поставь температуру воздуха на 22 градуса,ac_set,"{""temperature"": 22}"
Задай охлаждение на минимуме,ac_mode_set,"{""mode"": ""cool"", ""level"": ""min""}"
Сделай фронтальный обдув чуть сильнее,defrost_set,"{""mode"": ""front"", ""level"": ""slightly""}"
Опусти левое окно чуть-чуть,window_set,"{""window_side"": ""left"", ""action"": ""open"", ""amount"": ""slightly""}"
Подними правое окно до конца,window_set,"{""window_side"": ""right"", ""action"": ""close"", ""amount"": ""all""}"
Стань радиостанцию на FM 102.3,radio_set_station,"{""station"": ""102.3""}"
Переключи канал на FM 88.7,radio_set_station,"{""station"": ""88.7""}"
Увеличь громкость на два шага,volume_change,"{""delta"": 2}"
Поставь громкость 40 процентов,volume_set,"{""volume"": 40}"
Подключи USB-накопитель,media_source_set,"{""source"": ""usb""}"
Включи утреннюю подборку,play_music,"{""playlist"": ""morning""}"
Переключи радиостанцию на FM 99.5,radio_set_station,"{""station"": ""99.5""}"
Наведи маршрут в пригород,nav_start,"{""destination"": ""пригород""}"
"Позвони папе, пожалуйста",call_start,"{""contact"": ""папа""}"
Отклонить входящий звонок,call_hangup,
Активируй систему дождя,rain_set,"{""sensor"": ""rain""}"
Установи подогрев сиденья водителя на три уровня,seat_heater_set,"{""seat"": ""driver"", ""level"": 3}"
Пассажирский подогрев сиденья на средней интенсивности,seat_heater_set,"{""seat"": ""passenger"", ""level"": ""medium""}"
"Доброе утро, как настроение за рулём?",chitchat,
Шум шин на мокром асфальте — обсудим маршрут,chitchat,
Запусти маршрут через пригород — начинаем навигацию,nav_start,"{""destination"": ""пригород""}"
Покажи маршрут к ближайшему парку,nav_start,"{""destination"": ""парк""}"
Запусти маршрут до магазина,nav_start,"{""destination"": ""магазин""}"
Поставь громкость на 60 процентов,volume_set,"{""volume"": 60}"
Сменить источник на AUX,media_source_set,"{""source"": ""aux""}"
Настрой утренний плейлист,play_music,"{""playlist"": ""morning""}"
Включи радиостанцию FM 107.0,radio_set_station,"{""station"": ""107.0""}"
Включи AUX как источник,media_source_set,"{""source"": ""aux""}"
Сделай Auto режим климата,ac_mode_set,"{""mode"": ""auto""}"
Проверь давление в шинах,chitchat,
Верни климат в Auto,ac_mode_set,"{""mode"": ""auto""}"
Включи ночной режим подсветки,headlights_set,"{""mode"": ""night""}"
Запусти радиостанцию FM 88.7,radio_set_station,"{""station"": ""88.7""}"
Установи источник USB,media_source_set,"{""source"": ""usb""}"
Задай Auto режим вентилятора,ac_fan_set,"{""fan_speed"": ""auto""}"
Поменяй радиостанцию на FM 92.3,radio_set_station,"{""station"": ""92.3""}"
Отменить маршрут к дому,nav_cancel,"{""destination"": ""дом""}"
Включи ближний свет фар,headlights_set,"{""beam"": ""low""}"
подними стекло,window_set,
на двадцать два градуса в режиме авто,ac_mode_set,"{""temperature"": 22, ""mode"": ""auto""}"
поставь вентилятор на среднюю скорость,ac_fan_set,"{""level"": ""medium""}"
выбери источник аудио радио,media_source_set,"{""source"": ""radio""}"
переключись на FM,radio_set,"{""band"": ""FM""}"
прибавь подогрев руля для водителя,wheel_heater_set,"{""position"": ""driver""}"
поставь подогрев руля для пассажира,wheel_heater_set,"{""position"": ""passenger""}"
включи Bluetooth аудио,media_source_set,"{""source"": ""bluetooth""}"
слушай радио,radio_set,"{""source"": ""radio""}"
перейди на волну 99.9,radio_set_station,"{""station"": ""99.9""}"
поставь обдув на средний,ac_fan_set,"{""level"": ""medium""}"
повыс громкость на два децибела,volume_change,"{""delta"": 2}"
перебрось музыку на Bluetooth,media_source_set,"{""source"": ""bluetooth""}"
перейди к маршруту до дома,nav_start,"{""destination"": ""home""}"
поведи меня к офису,nav_start,"{""destination"": ""office""}"
переключи режим климат-контроль на авто,ac_mode_set,"{""mode"": ""auto""}"
погаси стеклоочистители,wipers_set,"{""speed"": ""off""}"
помоги найти путь к дому,nav_start,"{""destination"": ""home""}"
настрой громкость до десяти,volume_set,"{""level"": 10}"
закрой боковое стекло,window_set,
закрой переднее стекло,window_set,
приоткрой окно,window_set,
подогрей салон,ac_set,
снизь жару в салоне,ac_set,
увеличь обдув на лицо,ac_fan_set,
включи обдув лобовых,ac_fan_set,
включи обдув на стекло,defrost_set,
поставь обдув на лобовое,defrost_set,
настрой станцию 101.5,radio_set_station,"{""station"": ""101.5""}"
радио на 98.7,radio_set_station,"{""station"": ""98.7""}"
настрой станцию 99.1,radio_set_station,"{""station"": ""99.1""}"
повышь громкость,volume_change,
установи громкость на 25,volume_set,"{""volume"": 25}"
сделай тишину на минуту,volume_mute_set,
покажи маршрут к парковке,nav_start,
как дела на рассвете,chitchat,
помоги выбрать музыку для утренней дороги,play_music,
установи режим вентиляции авто,ac_mode_set,
обдув направлен на лоб,ac_fan_set,
разморозь все стекла,defrost_set,
установи режим экономии энергии,ac_mode_set,
включи паузу в воспроизведении,media_pause,
установи станцию радио 105.1,radio_set_station,"{""station"": ""105.1""}"
поставь дождевой режим дворников,rain_set,
проверь стекло после мойки,chitchat,
прибавь громкость до середины,volume_change,
установи радиостанцию 101.2,radio_set_station,"{""station"": 101.2}"
начни навигацию через тоннель,nav_start,"{""destination"": ""тоннель""}"
навигатор путается на дороге,chitchat,
как дорога по слякоти?,chitchat,
навигация залажалась — подскажи альтернативный маршрут,chitchat,
переподключи Bluetooth,media_source_set,"{""source"": ""Bluetooth""}"
разморозь лобовое стекло на минуту,defrost_set,"{""duration"": ""минуту""}"
выключи подогрев задних сидений,seat_heater_set,"{""seat"": ""rear"", ""state"": ""off""}"
переключись на радиостанцию 107.7,radio_set_station,"{""station"": 107.7}"
позвоню коллегу,call_start,"{""contact"": ""коллега""}"
"ответь на входящий звонок, пожалуйста",call_answer,
освети салон ярче,chitchat,
увеличь нагрев сиденья,seat_heater_set,"{""seat"": ""front"", ""state"": ""on""}"
попробуй подобрать маршрут через переезд,chitchat,
искать кафе поблизости,chitchat,
нажми кнопку вызова,call_start,"{""contact"": ""неизвестно""}"
найди кафе поблизости,chitchat,
уменьши громкость утром,volume_change,"{""delta"": -5}"
включи случайный порядок треков,media_shuffle_set,"{""state"": ""on""}"
включи радиостанцию Европа Плюс,radio_set_station,"{""station"": ""Европа Плюс""}"
переключи на радиостанцию Радио 101,radio_set_station,"{""station"": ""Радио 101""}"
радио включи 97.8,radio_set_station,"{""station"": ""97.8""}"
радио включи,radio_set,
запусти маршрут домой,nav_start,"{""destination"": ""дом""}"
построй маршрут к работе,nav_start,"{""destination"": ""работа""}"
помоги проложить маршрут до дома,nav_start,"{""destination"": ""дом""}"
поставь температуру салона на 22 градуса,ac_set,"{""temperature"": 22}"
установи режим Defrost,defrost_set,"{""state"": ""on""}"
помоги выбрать маршрут к работе,nav_start,"{""destination"": ""работа""}"
поставь маршрут к торговому центру,nav_start,"{""destination"": ""торговый центр""}"
"скажи, какая скорость безопасна",chitchat,
поговори со мной за рулём,chitchat,
помоги найти маршрут до дома,nav_start,"{""destination"": ""дом""}"
выключи звук на минуту,volume_mute_set,"{""duration"": 60}"
установи громкость на половину,volume_set,"{""value"": 50}"
выбери источник: телефон,media_source_set,"{""source"": ""phone""}"
подключи AUX,media_source_set,"{""source"": ""aux""}"
установи температуру климат-контроля на двадцать два,ac_set,"{""temperature"": 22}"
настрой температуру 24 градуса,ac_set,"{""temperature"": 24}"
увеличь скорость вентилятора до пятого,ac_fan_set,"{""fan_speed"": 5}"
включи режим ручной климат-контроля,ac_mode_set,"{""mode"": ""manual""}"
включи подогрев водителю,seat_heater_set,
регулируй вентиляцию на передние сиденья,seat_vent_set,"{""seat"": ""front""}"
поставь громкость на пятьдесят процентов,volume_set,"{""level"": 50}"
выбери источник на spotify,media_source_set,"{""source"": ""spotify""}"
установи громкость на шестьдесят процентов,volume_set,"{""level"": 60}"
переключи на радиостанцию Classic FM,radio_set_station,"{""station"": ""Classic FM""}"
найди маршрут к магазину,nav_start,"{""destination"": ""store""}"
активируй датчик дождя,rain_set,"{""mode"": ""auto""}"
что нового в пути?,chitchat,
помоги найти дорогу,nav_start,
скажи время,chitchat,
включи климат в авто,ac_mode_set,"{""mode"": ""auto""}"
включи климатический режим авто,ac_mode_set,"{""mode"": ""auto""}"
установи температуру 23.5,ac_set,"{""temperature"": 23.5}"
переключи обдув на лобовое стекло,ac_mode_set,"{""mode"": ""front_defrost""}"
переключись на радио 104.7,radio_set_station,"{""station"": ""104.7""}"
проверь маршрут до офиса,nav_start,"{""destination"": ""office""}"
подключи телефон через bluetooth,media_source_set,"{""source"": ""bluetooth""}"
настрой радио на волну 98.3,radio_set_station,"{""station"": ""98.3""}"
включи песню от Spotify,play_music,"{""source"": ""spotify""}"
поставь трек на паузу,media_pause,
верни песню назад,previous_track,
проведи маршрут домой,nav_start,"{""destination"": ""home""}"
настрой маршрут к магазину,nav_start,"{""destination"": ""store""}"
позвони маме еще раз,call_start,"{""contact"": ""mom""}"
позвони другу снова,call_start,"{""contact"": ""friend""}"
включи задний парктроник,chitchat,
Опусти левое окно чуть ниже,window_set,"{""window"": ""left"", ""position"": ""down""}"
Увеличь температуру кондиционера,ac_set,
Включи авторежим кондиционера,ac_mode_set,
Включи обогрев кресла водителя,seat_heater_set,"{""seat"": ""driver"", ""level"": ""high""}"
Поставь обогрев сиденья пассажира на средний,seat_heater_set,"{""seat"": ""passenger"", ""level"": ""medium""}"
Включи подогрев передних сидений,seat_heater_set,"{""seat"": ""front"", ""level"": ""high""}"
Активируй режим обдува Defrost,defrost_set,
Переключи радио на 103.7,radio_set_station,"{""station"": ""103.7""}"
Установи радиостанцию NRJ,radio_set,"{""station"": ""NRJ""}"
Останови текущую музыку,stop_music,
Воспроизводи следующую композицию,next_track,
Верни предыдущую композицию,previous_track,
Включи режим климат-контроля,ac_mode_set,
Включи Bluetooth и начни воспроизведение,media_source_set,"{""source"": ""bluetooth""}"
Повтори воспроизведение,media_repeat_set,
Перемешай композиции,media_shuffle_set,
Назначь станцию 101.9 FM,radio_set_station,"{""station"": ""101.9 FM""}"
Переключи на рок-станцию,radio_set,"{""station"": ""rock""}"
Наведи маршрут до ближайшей заправки,nav_start,"{""destination"": ""nearby gas station""}"
Отключи звонок,call_hangup,
Установи режим работы стеклоочистителей как дождь,wipers_set,"{""mode"": ""rain""}"
Установи подогрев руля на минимум,wheel_heater_set,"{""level"": ""minimum""}"
Расскажи историю в пути,chitchat,
"Улыбнись, маршрут готов",chitchat,
Включи климат-контроль в авто,ac_mode_set,
Отключи климат-контроль,ac_off,
Включи дефрост на лобовом,defrost_set,"{""zone"": ""front""}"
Открой люк крыши на полную,sunroof_set,
Закрой люк крыши плавно,sunroof_close,
Сменить источник музыки на радио,media_source_set,"{""source"": ""radio""}"
Подключи Bluetooth и запусти воспроизведение,media_source_set,"{""source"": ""bluetooth""}"
Смешай треки,media_shuffle_set,
Установи станцию 98.3 FM,radio_set_station,"{""station"": ""98.3 FM""}"
Переключи на станцию Pop FM,radio_set,"{""station"": ""Pop FM""}"
Отмени маршрут домой,nav_cancel,
Установи температуру кондиционера на 22 градуса,ac_set,"{""temperature"": 22}"
Выбери режим обдува на лицо,ac_mode_set,"{""mode"": ""face""}"
Увеличь скорость вентилятора до высокого,ac_fan_set,"{""level"": ""high""}"
Переключи климат в автоматический режим,ac_mode_set,"{""mode"": ""auto""}"
Запусти обогрев сиденья водителя,seat_heater_set,"{""seat"": ""driver"", ""level"": ""high""}"
Установи подогрев кресла пассажира на средний,seat_heater_set,"{""seat"": ""front_passenger"", ""level"": ""medium""}"
Закрой окно задних дверей,window_set,"{""position"": ""rear_all""}"
Открой люк над головой,sunroof_set,"{""position"": ""open""}"
Переключи воспроизведение на случайный порядок,media_shuffle_set,"{""mode"": ""on""}"
Сделай звонок Андрею,call_start,"{""contact"": ""andrey""}"
Установи режим дождя для дворников,rain_set,"{""mode"": ""rain""}"
Разогрей сиденье водителя на максимум,seat_heater_set,"{""seat"": ""driver"", ""level"": ""high""}"
Какая сейчас дорога в городе?,chitchat,"{""tone"": ""inform""}"
"Скажи, как доехать до работы",nav_start,"{""destination"": ""work""}"
Переключи на следующую трек,next_track,
Скажи громкость громче на пять,volume_change,"{""delta"": 5}"
Установи уровень громкости 15,volume_set,"{""level"": 15}"
Ставь повторение все песни,media_repeat_set,"{""mode"": ""all""}"
Сделай shuffle воспроизведения,media_shuffle_set,"{""mode"": ""on""}"
Уменьши обогрев сидения до среднего,seat_heater_set,"{""seat"": ""driver"", ""level"": ""medium""}"
Переключи обдув на ногу,ac_mode_set,"{""mode"": ""foot""}"
Разбуди солнцезащитный люк,sunroof_set,"{""position"": ""open""}"
Поставь на паузу текущий трек,media_pause,
Переключи на канал FM99,radio_set_station,"{""station"": ""99""}"
Запусти маршрут до офиса,nav_start,"{""destination"": ""office""}"
Переключи на CityFM,radio_set_station,"{""station"": ""CityFM""}"
Настрой радиостанцию ФМ 101.5,radio_set_station,"{""station"": ""FM 101.5""}"
Сменить станцию на Эхо,radio_set_station,"{""station"": ""Echo""}"
Начни навигацию домой,nav_start,
Поставь маршрут к офису,nav_start,
Включи дефрост,defrost_set,
Установи режим кондиционера,ac_mode_set,
Включи кондиционер Auto,ac_mode_set,
Установи вентилятор на пятом положении,ac_fan_set,
Установи радио на ФМ 99.9,radio_set_station,"{""station"": ""FM 99.9""}"
Переключи на альтернативный канал,radio_set_station,"{""station"": ""Alternative""}"
Прибавь громкость на две ступени,volume_change,
Убавь громкость на одну ступень,volume_change,
Поставь любимую радиостанцию,radio_set,
Сделай следующий трек,next_track,
Сделай громче музыке,volume_change,
Сделай тише музыки,volume_change,
Включи радио ФМ 87.0,radio_set_station,"{""station"": ""FM 87.0""}"
Начни маршрут к парковке поблизости,nav_start,
Стартуй навигацию к дому,nav_start,
Расскажи что-нибудь по дороге,chitchat,
Какая сейчас погода в городе,chitchat,
Как там трафик по проспекту,chitchat,
Уменьши громкость на два деления,volume_change,
Понизь скорость вентилятора,ac_fan_set,
Сделай паузу на секунду,media_pause,
Переключи на FM 98.1,radio_set_station,"{""station"": ""FM 98.1""}"
Открой зону комфорта,ac_set,
Задай маршрут к ближайшей парковке,nav_start,
Установи температуру в салоне на 22,ac_set,"{""temperature"": 22, ""mode"": ""cool""}"
Переключи климат в режим авто,ac_mode_set,"{""mode"": ""auto""}"
Разморози лобовое стекло,defrost_set,"{""part"": ""front""}"
Подними громкость на пять,volume_change,"{""delta"": 5}"
Переключись на FM 97.3,radio_set_station,"{""station"": ""97.3""}"
Задай маршрут до дома,nav_start,"{""destination"": ""home""}"
Как дела вечером?,chitchat,"{""topic"": ""evening""}"
"Скажи, как там погода за окном",chitchat,"{""topic"": ""weather""}"
Позвони Тане,call_start,"{""contact"": ""Tanya""}"
Ответь на звонок от водителя,call_answer,"{""caller"": ""driver""}"
Переключи фары в авто-режим,headlights_set,"{""mode"": ""auto""}"
Установи режим дальнего света автоматически,high_beam_set,"{""mode"": ""auto""}"
Включи режим дождя стеклоочистителей,wipers_set,"{""mode"": ""rain""}"
Установи авто-режим кондиционера,ac_mode_set,"{""mode"": ""auto""}"
Включи вентиляцию на скорости 2,ac_fan_set,"{""level"": 2}"
Открой люк в частичное положение на 30 процентов,sunroof_set,"{""position"": ""partial"", ""level"": 30}"
Уменьши вентилятор до 2,ac_fan_set,"{""level"": 2}"
Включи радиостанцию 102.5,radio_set_station,"{""station"": ""102.5""}"
Задай маршрут до работы,nav_start,"{""destination"": ""work""}"
Ответь на звонок от Таня,call_answer,"{""caller"": ""Tanya""}"
Установи громкость на минимум,volume_set,"{""level"": 0}"
стань на станцию 101.1,radio_set_station,"{""station"": ""101.1""}"
поставь громкость на 40,volume_set,"{""level"": 40}"
сделай громкость потише,volume_change,"{""delta"": -7}"
включи режим авто кондиционера,ac_mode_set,"{""mode"": ""auto""}"
повысить температуру до 25,ac_set,"{""temperature"": 25}"
снизь температуру до 18,ac_set,"{""temperature"": 18}"
включи вентилятор обдува,ac_fan_set,"{""fan_speed"": 2}"
режим авто вентилятора,ac_mode_set,"{""mode"": ""auto""}"
опусти пассажирское окно,window_set,"{""window"": ""passenger"", ""action"": ""down""}"
включи дворники на паузу,wipers_set,"{""mode"": ""pause""}"
переключи свет на ближний,headlights_set,"{""beam"": ""low""}"
погаси фары,headlights_set,"{""state"": ""off""}"
включи подогрев руля на максимум,wheel_heater_set,"{""level"": 5}"
"построй маршрут до дома так, чтобы не попасть в пробки на ближайших улицах",nav_start,"{""destination"": ""дом""}"
"проложи маршрут к магазину, объезжая ремонтные участки и светофоры",nav_start,"{""destination"": ""магазин""}"
найди ближайшую заправку и предложи оптимальный маршрут с учетом текущего трафика,nav_start,"{""destination"": ""заправка"", ""radius"": ""nearby""}"
покажи маршрут к аэропорту с учётом времени прибытия и задержек на дорогах,nav_start,"{""destination"": ""аэропорт""}"
путь до аптеки через объездные дороги и развязки,nav_start,"{""destination"": ""аптека""}"
перезвони другу,call_start,"{""contact"": ""друг""}"
помоги найти путь через тоннель,nav_start,"{""destination"": ""тоннель""}"
покажи маршрут через тоннель и выбери самый короткий путь,nav_start,"{""destination"": ""тоннель""}"
сменить источник воспроизведения на Bluetooth,media_source_set,"{""source"": ""bluetooth""}"
переключиться на Bluetooth,media_source_set,"{""source"": ""bluetooth""}"
переключись на предыдущий трек,previous_track,
уменьши громкость на 20 процентов,volume_change,"{""delta"": -20}"
поставь громкость на 25 процентов,volume_set,"{""level"": 25}"
ты в порядке за рулем?,chitchat,
дорога свободна?,chitchat,
"не спеши, дорога пустая",chitchat,
"попей кофе, мы держим курс",chitchat,
помни взять кофе перед дорогой,chitchat,
"прислушайся к музыке и езжай спокойно, когда дорога пустая и свет на трассах выключен",chitchat,
установи режим auto в климате,ac_mode_set,"{""mode"": ""auto""}"
регулируй вентилятор до пяти,ac_fan_set,"{""level"": 5}"
сделай громкость тише на пять,volume_change,"{""delta"": -5}"
переключи радио на 101.1,radio_set_station,"{""station"": ""101.1"", ""band"": ""FM""}"
повтори музыку,media_repeat_set,
назначь Bluetooth как источник звука,media_source_set,"{""source"": ""Bluetooth""}"
навигация к офису,nav_start,"{""destination"": ""office""}"
прекрати навигацию,nav_cancel,
что ты умеешь,chitchat,
поставь маршрут к дому,nav_start,"{""destination"": ""home""}"
назначь Bluetooth как источник,media_source_set,"{""source"": ""Bluetooth""}"
установи температуру 25,ac_set,"{""temperature"": 25}"
установи вентилятор на максимум,ac_fan_set,"{""level"": 5}"
включи подогрев сиденья слева,seat_heater_set,"{""seat"": ""driver"", ""level"": 1}"
активируй авто-режим фар,headlights_set,"{""mode"": ""auto""}"
переключи на радио 98.4,radio_set_station,"{""station"": ""98.4""}"
поставь маршрут к ближайшей заправке,nav_start,"{""destination"": ""gas_station""}"
"пауза, продолжай музыку",media_pause,
включи Bluetooth снова,media_source_set,"{""source"": ""Bluetooth"", ""state"": ""on""}"
выключи телефонную связь,call_hangup,
выключи фары ночью,headlights_set,"{""state"": ""off""}"
обнови маршрут в реальном времени,nav_start,"{""destination"": ""current""}"
приклей зеркала по краям,chitchat,
помоги с парковкой рядом со мной,chitchat,
настрой авто климат по времени суток,ac_mode_set,"{""mode"": ""auto"", ""time"": ""day""}"
уменьши обдув на один уровень,ac_fan_set,"{""level"": 1}"
"помни, что маршрут к кафе",nav_start,"{""destination"": ""cafe""}"
подними окно заднего правого,window_set,
выстави температуру в салоне на восемнадцать градусов,ac_set,"{""temperature"": 18}"
переключи режим кондиционера на авто,ac_mode_set,"{""mode"": ""auto""}"
выбери режим авто охлаждения,ac_mode_set,"{""mode"": ""auto""}"
поставь вентилятор на высокий режим,ac_fan_set,"{""fan_speed"": 5}"
поставь обогрев сидения водителя на уровень 2,seat_heater_set,"{""seat"": ""driver"", ""level"": 2}"
установи вентиляцию сиденья водителя на низкий уровень,seat_vent_set,"{""seat"": ""driver"", ""level"": 1}"
включи разморозку передних стекол,defrost_set,"{""front_defrost"": ""on""}"
установи обдув лобового стекла на средний,defrost_set,"{""front_defrost_level"": ""medium""}"
разверни панорамную крышу,sunroof_set,"{""position"": ""open_panorama""}"
включи воспроизведение музыки,play_music,"{""source"": ""local""}"
"говори, включи любимую песню",play_music,"{""source"": ""local"", ""track"": ""favorite""}"
начни проигрывать трек,play_music,
поставь паузу в треке,media_pause,
паузу музыки,media_pause,
подними звук чуть выше,volume_change,"{""delta"": 2}"
выключи звук временно,volume_mute_set,"{""mute"": true, ""temporary"": true}"
выбери источник воспроизведения usb,media_source_set,"{""source"": ""usb""}"
включи повтор всего,media_repeat_set,"{""mode"": ""repeat_all""}"
включи shuffle воспроизведения,media_shuffle_set,"{""mode"": ""shuffle""}"
включи FM-радио,radio_set,"{""band"": ""fm""}"
переключи на станцию 101.7 FM,radio_set_station,"{""station"": 101.7}"
настрой маршрут к офису,nav_start,"{""destination"": ""office""}"
начни навигацию к магазина,nav_start,"{""destination"": ""store""}"
установи ближний свет авто,headlights_set,"{""mode"": ""auto""}"
С рассветом жарко — сними температуру до двадцати,ac_set,"{""temperature"": 20}"
"Запотело лобовое стекло, включи обдув",defrost_set,
В тоннеле раздражает шум — приглуши громкость,volume_change,"{""delta"": -20}"
Раскрой обдув и поставь авто режим климата,ac_mode_set,"{""mode"": ""auto""}"
Установи температуру на двадцать четыре,ac_set,"{""temperature"": 24}"
Установи средний уровень вентилятора,ac_fan_set,"{""level"": ""medium""}"
Уменьши громкость на половину,volume_change,"{""delta"": -50}"
Переключи радиостанцию на волну 101.1,radio_set,"{""station"": ""101.1""}"
Включи Bluetooth как источник музыки,media_source_set,"{""source"": ""bluetooth""}"
Выбери Spotify как источник,media_source_set,"{""source"": ""spotify""}"
Включи радио и найди станцию 98.7,radio_set,"{""station"": ""98.7""}"
Включи повтор одной песни,media_repeat_set,"{""mode"": ""repeat_one""}"
Сыграй случайную подборку,media_shuffle_set,
Управляй дворниками на низкой скорости,wipers_set,"{""speed"": ""low""}"
В тоннеле включи дворники на среднюю скорость,wipers_set,"{""speed"": ""medium""}"
Открой солнечный люк,sunroof_set,"{""position"": ""open""}"
Назначь маршрут в офис,nav_start,"{""destination"": ""office""}"
Включи ночной режим ближнего света,headlights_set,"{""mode"": ""low_beam""}"
Поставь дворники на быструю скорость,wipers_set,"{""speed"": ""high""}"
Сделай громкость тише на десять процентов,volume_change,"{""delta"": -10}"
Найди станцию 102.3,radio_set,"{""station"": ""102.3""}"
Включи Apple Music как источник,media_source_set,"{""source"": ""apple_music""}"
Поставь на повтор все песни,media_repeat_set,"{""mode"": ""repeat_all""}"
Случайная смена треков,media_shuffle_set,
Скажи что дороги свободны,chitchat,
Прогноз на дорогу рассказать,chitchat,
Включи Eco режим климата,ac_mode_set,"{""mode"": ""eco""}"
Установи комфортную температуру двадцать один,ac_set,"{""temperature"": 21}"
Подогрев сиденья водителя,seat_heater_set,
Подогрев сиденья пассажира включи,seat_heater_set,
Поставь дневной режим подсветки приборов,chitchat,
Переключи на AUX как источник,media_source_set,"{""source"": ""aux""}"
Сделай звонок в службу поддержки,call_start,"{""contact"": ""support""}"
Отключи звук на авто,volume_mute_set,
Поставь радио на волну 88.5,radio_set,"{""station"": ""88.5""}"
Выпусти солнцезащитный люк на максимум,sunroof_set,"{""position"": ""open_max""}"
Закрой люк и включи режим тишины,sunroof_close,
Верни маршрут исходной точке,nav_cancel,
Пусть навигация укажет ближайшую заправку,nav_start,"{""destination"": ""nearest_gas_station""}"
Занеси точку парковки в маршрут,nav_start,"{""destination"": ""parking""}"
"Сделай паузу, потом продолжи",media_pause,
Обнови карту в навигации,nav_start,"{""destination"": ""update_map""}"
Голосовая консультация: продолжай движение,chitchat,
Погода за окном улучшится — играй любимую музыку,play_music,
Стекло опусти,window_set,
Подними стекло чуть,window_set,
Стекло закрой полностью,window_set,
Режим дефрост лобового стекла,defrost_set,
Переключи радиостанцию на Радио 7,radio_set_station,"{""station"": ""Радио 7""}"
Громкость прибавь на пять,volume_change,"{""delta"": 5}"
Начни навигацию к магазину,nav_start,"{""destination"": ""магазин""}"
Двигайся к дому,nav_start,"{""destination"": ""дом""}"
Фары включи ближний свет,headlights_set,"{""mode"": ""low_beam""}"
Дождь идёт — дворники включи,wipers_set,"{""speed"": ""auto""}"
Установи скорость дворников на минимум,wipers_set,"{""speed"": ""low""}"
Сделай климат автоматическим,ac_mode_set,"{""mode"": ""auto""}"
Уменьши обороты вентилятора до единицы,ac_fan_set,"{""fan_speed"": 1}"
Установи обдув на ноги водителя,ac_fan_set,"{""vent_position"": ""feet"", ""level"": 2}"
Включи подогрев обоих сидений,seat_heater_set,"{""seat"": ""both"", ""level"": 2}"
Подогрев сиденья водителя на максимум,seat_heater_set,"{""seat"": ""driver"", ""level"": 3}"
Подогрев сиденья пассажира на полпути,seat_heater_set,"{""seat"": ""passenger"", ""level"": 2}"
Перезвони на входящий звонок,call_answer,
Как дороги сегодня в городе?,chitchat,"{""topic"": ""traffic""}"
Какой маршрут лучше выбрать?,chitchat,"{""topic"": ""route""}"
Громкость на двадцать процентов,volume_set,"{""level"": 20}"
Уменьши громкость до 30 процентов,volume_set,"{""level"": 30}"
Сменить источник медиа на AUX,media_source_set,"{""source"": ""aux""}"
Радиостанцию включи Радио 101.2,radio_set_station,"{""station"": ""Радио 101.2""}"
Навигируй к ближайшей АЗС,nav_start,"{""destination"": ""АЗС""}"
Открой настройки климата,ac_mode_set,"{""mode"": ""custom""}"
Поставь климат на ручной режим,ac_mode_set,"{""mode"": ""manual""}"
Переключи на музыку жанра поп,play_music,"{""source"": ""music"", ""genre"": ""pop""}"
Стекло опусти на 10 сантиметров,window_set,"{""offset_cm"": 10}"
Снизь звук,volume_change,
Громкость до минимума,volume_set,"{""level"": ""min""}"
Опусти звук,volume_change,
Выключи звук в салоне,volume_mute_set,
Поставь радио на 101.3,radio_set_station,"{""station"": ""101.3""}"
Переключи станцию на 102.5,radio_set_station,"{""station"": ""102.5""}"
Сменить источник музыки на Bluetooth,media_source_set,"{""source"": ""bluetooth""}"
USB режим,media_source_set,"{""source"": ""usb""}"
Громкость на 40 процентов,volume_set,"{""level"": 40}"
Сделай громкость поменьше на две ступени,volume_change,"{""steps"": -2}"
Молчи голосовой ассистент,volume_mute_set,
Переключи режим без разговоров,chitchat,
Не разговаривай со мной,chitchat,
Укажи дорогу до магазина,nav_start,"{""destination"": ""магазин""}"
Скажи как доехать до дома,nav_start,"{""destination"": ""дом""}"
Скажи маршрут до аэропорта,nav_start,"{""destination"": ""аэропорт""}"
Хочу тишины внутри тоннеля,volume_mute_set,
Не говори во время тоннеля,chitchat,
Убери запотевание лобового,defrost_set,"{""state"": ""off""}"
Установи климат на авто,ac_mode_set,"{""mode"": ""auto""}"
Поставь климат на авто режим,ac_mode_set,"{""mode"": ""auto""}"
Сделай дворники в автоматическом режиме,wipers_set,"{""mode"": ""auto""}"
Поставь стеклоочистители на максимальную скорость,wipers_set,"{""level"": ""max""}"
Верни режим автоклимата в авто режим,ac_mode_set,"{""mode"": ""auto""}"
Найди парковку поблизости,nav_start,"{""destination"": ""парковка поблизости""}"
Паркуйся где возможно,nav_start,"{""destination"": ""парковка""}"
Сделай паузу видео,media_pause,
Повесь звонок,call_hangup,
Сделай тихий режим для тоннеля,volume_mute_set,
Проверь стекло на запотевание,defrost_set,"{""state"": ""check""}"
Помоги вернуться на трассу,nav_start,"{""destination"": ""трасса""}"
Помоги вернуться к магазину,nav_start,"{""destination"": ""магазин""}"
опусти панорамный люк,sunroof_set,
повысь громкость,volume_change,
настрою радиостанцию 101,radio_set_station,"{""station"": 101}"
покажи маршрут через мост,nav_start,
переключи фары на ближний,headlights_set,
активируй стеклоочистители,wipers_set,
сколько до дома,nav_start,
позвони сестре,call_start,
сделай громкость 60,volume_set,"{""level"": 60}"
возобнови воспроизведение,play_music,
переключи радиостанцию на следующую,radio_set_station,
посмотри маршрут в центр,nav_start,
мне нужен маршрут до дома,nav_start,
обсуди ситуацию за рулем,chitchat,
Утро в снегу: включи обдув лобового стекла,defrost_set,
Утреннюю музыку запусти,play_music,
Установи громкость на среднюю,volume_set,
Сменить источник медиа,media_source_set,
Установи радиостанцию,radio_set_station,
Начни поиск маршрута,nav_start,
Включи дворники во дворе,wipers_set,
Включи стеклоочистители во время дождя,wipers_set,
Навигатор путается держи маршрут,nav_start,
Включи режим обдува лобового стекла,ac_mode_set,
Включи автоматическую климатическую систему,ac_mode_set,
Проверь маршрут через навигатор,nav_start,
Повтори текущий плейлист,media_repeat_set,
Включи перемешивание плейлиста,media_shuffle_set,
Запусти режим повторения,media_repeat_set,
Приостанови музыку,media_pause,
Сменить радиостанцию,radio_set_station,
Установи температуру в салоне 24 градуса.,ac_set,"{""temperature"": 24}"
Поставь скорость вентилятора на среднюю.,ac_fan_set,"{""level"": ""medium""}"
Подогрей сиденье водителя до уровня 3.,seat_heater_set,"{""seat"": ""driver"", ""level"": 3}"
Подогрей сиденье пассажира до минимального уровня.,seat_heater_set,"{""seat"": ""passenger"", ""level"": 1}"
Установи вентиляцию сиденья для водителя на средний уровень.,seat_vent_set,"{""seat"": ""driver"", ""level"": ""medium""}"
Установи радиостанцию 101.1.,radio_set_station,"{""station"": ""101.1""}"
Включи повтор всех треков.,media_repeat_set,"{""mode"": ""all""}"
Уменьши громкость на пять пунктов.,volume_change,"{""delta"": -5}"
Увеличь громкость на десять процентов.,volume_change,"{""delta"": 10}"
Увеличь громкость на пять единиц.,volume_change,"{""delta"": 5}"
Как твои дела за рулём сегодня?,chitchat,
Как у тебя дела на дороге?,chitchat,
"Расскажи, как идёт дорога прямо сейчас.",chitchat,
Хочешь послушать подкаст во время поездки?,chitchat,
Открой левое окно на 8 см.,window_set,"{""side"": ""left"", ""position_cm"": 8}"
Закрой правое окно полностью.,window_set,"{""side"": ""right"", ""position_cm"": 0}"
Открывай люк на крыше частично.,sunroof_set,"{""position"": ""partial""}"
Установи станцию 97.5 FM.,radio_set_station,"{""station"": ""97.5""}"
Включи Bluetooth CarPlay.,media_source_set,"{""source"": ""carplay""}"
Сделай плейлист перемешанным.,media_shuffle_set,"{""enabled"": true}"
"Скажи, как идёт дорога?",chitchat,
Сделай обстановку более дружелюбной в салоне.,chitchat,
Найди ближайшую заправку по маршруту.,nav_start,
"Скажи, какая станция сейчас играет?",chitchat,
Опусти переднее окно на 5 сантиметров.,window_set,"{""side"": ""front"", ""position_cm"": 5}"
Закрой все окна полностью.,window_set,"{""side"": ""all"", ""position_cm"": 0}"
Установи режим обдува лобового стекла на умеренный.,defrost_set,"{""defrost"": true, ""intensity"": ""medium""}"
Включи обогрев лобового стекла на максимальную интенсивность.,defrost_set,"{""defrost"": true, ""intensity"": ""high""}"
Установи дворники на автоматический режим.,wipers_set,"{""mode"": ""auto""}"
Уменьши громкость на две единицы.,volume_change,"{""delta"": -2}"
Запусти новую подборку музыки.,play_music,
Сейчас включи музыку,play_music,
Сейчас поставь паузу,media_pause,
Теперь следующий трек,next_track,
Снова предыдущий трек,previous_track,
Громкость потихоньку увеличь,volume_change,
Звук выключи,volume_mute_set,
На радио переключи источник музыки,media_source_set,"{""source"": ""radio""}"
Включи перемешивание песен,media_shuffle_set,
Покажи маршрут в центр,nav_start,"{""destination"": ""центр""}"
Поставь климат в автоматический режим,ac_mode_set,"{""mode"": ""auto""}"
Охлади воздух до двадцать двух градусов,ac_set,"{""temperature"": 22}"
Установи подогрев сиденья водителя на пять,seat_heater_set,"{""level"": 5}"
Выбери радиостанцию пятьдесят два,radio_set_station,"{""station"": 52}"
Переключись на радиостанцию семьдесят три,radio_set_station,"{""station"": 73}"
Настрой маршрут к заправке,nav_start,"{""destination"": ""заправка""}"
Проведи поиск парковки,nav_start,"{""destination"": ""парковка""}"
Установи температуру в салоне двадцать один,ac_set,"{""temperature"": 21}"
Выбери автоматический режим охлаждения,ac_mode_set,"{""mode"": ""auto""}"
Установи радиостанцию сорок четыре,radio_set_station,"{""station"": 44}"
Поставь повтор на три раза,media_repeat_set,"{""count"": 3}"
Переключи на радиостанцию сто один,radio_set_station,"{""station"": 101}"
Поставь температуру двадцать три,ac_set,"{""temperature"": 23}"
Поставь климат авто,ac_mode_set,"{""mode"": ""auto""}"
Поставь температуру 23,ac_set,"{""temperature"": 23}"
Покажи статус климата,chitchat,
Включи ночное освещение,headlights_set,
Кондиционер включи,ac_set,
Включи авторежим климат-контроля,ac_mode_set,
Убавь температуру,ac_set,
Включи авторежим вентилятора,ac_mode_set,
Опусти окна на секунду,window_set,
Открой левое окно чуть-чуть,window_set,
"Открой окна, пожалуйста",window_set,
Опусти стекло на миг,window_set,
"Закрой люк, пожалуйста",sunroof_close,
"Пауза, пожалуйста",media_pause,
Установи громкость 50,volume_set,"{""volume"": 50}"
Сделай плейлист случайным образом,media_shuffle_set,
Настрой радио на станцию 101.1,radio_set_station,"{""station"": ""101.1""}"
Настрой радио на 88.7 FM,radio_set_station,"{""station"": ""88.7""}"
Переключи на радиостанцию 93.2,radio_set_station,"{""station"": ""93.2""}"
Переключи радиостанцию 99.9,radio_set_station,"{""station"": ""99.9""}"
Настрой радио на станцию 100.5,radio_set_station,"{""station"": ""100.5""}"
"Навигатор, найди ближайшую заправку",nav_start,
Найди путь к аэропорту,nav_start,
Звони маме,call_start,
Подогрей заднее сиденье слева,seat_heater_set,
Подогрей переднее сиденье справа,seat_heater_set,
Расскажи шутку для дороги,chitchat,
Как дорога и рассвет?,chitchat,
Устрои короткую беседу,chitchat,
Снизь режим вентилятора до минимума,ac_fan_set,
Включи обдув для лобового стекла,defrost_set,
Открой люк на крыше сейчас,sunroof_set,
Расскажи дорогу,chitchat,
Поменяй источник на USB,media_source_set,
Скажи свой прогноз на дорогу,chitchat,
поставь авто режим кондиционирования,ac_mode_set,
поставь максимальный режим вентилятора,ac_fan_set,
разогрей сиденья водителя,seat_heater_set,
переключи на радиостанцию 98.7,radio_set_station,"{""station"": ""98.7""}"
поставь навигацию к дому,nav_start,
приглуши звук на пять,volume_set,"{""level"": 5}"
скажешь прогноз погоды,chitchat,
как пройти к выходу,chitchat,
помоги выбрать источник музыки,media_source_set,
загрузи маршрут до аэропорта,nav_start,
помни ближайшую парковку,nav_start,
включи дефростинг лобового стекла,defrost_set,
поставь стеклоочистители в автоматический режим,wipers_set,
переключись на локальную станцию,radio_set,
включи экономичный режим климат-контроля,ac_mode_set,
поставь режим антизамерзания,ac_mode_set,
направь маршрут к центру города,nav_start,
посмотри карту до дома,nav_start,
напомни маршрут через пять минут,nav_start,
выбери песню из плейлиста бодрость,play_music,
сообщи текущую станцию радиоприемника,chitchat,
покажи маршрут до дома через минуту,nav_start,
загрузи карту к офису,nav_start,
приглуши звук на десять,volume_set,"{""level"": 10}"
включи дефрост на заднем стекле,defrost_set,
отложи звонок на потом,call_start,
Включи скорость вентилятора на максимум,ac_fan_set,
Покажи источник воспроизведения,media_source_set,
Установи радиостанцию 101.7,radio_set_station,"{""station"": ""101.7""}"
Снизь температуру в салоне,ac_set,
Поставь радиостанцию на волну 98.4,radio_set_station,"{""station"": ""98.4""}"
Включи звонок другу,call_start,
Прими входящий звонок,call_answer,
Очисти текущий маршрут,nav_cancel,
Установи экономичный режим климат-контроля,ac_mode_set,
Поставь Bluetooth как источник,media_source_set,
Включи фронтальные стеклоочистители,wipers_set,
Установи автоматический режим света,headlights_set,
Подними скорость вентилятора до среднего,ac_fan_set,
Укажи маршрут через развязку,nav_start,
Расскажи анекдот про парковку,chitchat,
На рассвете включи кондиционер на 22 градуса,ac_set,"{""temperature"": 22}"
Сделай климат авто режим,ac_mode_set,"{""mode"": ""auto""}"
Включи кондиционер на 23 градуса,ac_set,"{""temperature"": 23}"
Водительский подогрев сиденья на 2,seat_heater_set,"{""seat"": ""driver"", ""level"": 2}"
Пассажирский подогрев сиденья на максимум,seat_heater_set,"{""seat"": ""passenger"", ""level"": 3}"
Открой люк на потолке,sunroof_set,"{""position"": ""open""}"
Установи стеклоочистители на быструю скорость,wipers_set,"{""speed"": ""fast""}"
Подними фары,headlights_set,"{""state"": ""on""}"
"Включи дальний свет, солнце в лоб",high_beam_set,"{""state"": ""high_beam""}"
Увеличь громкость на один уровень,volume_change,"{""delta"": 1}"
Сделай тише на десять пунктов,volume_change,"{""delta"": -10}"
Выбери музыку из телефона,media_source_set,"{""source"": ""phone""}"
Воспроизведи любимый трек,play_music,
Настрой радиостанцию 102.7,radio_set_station,"{""station"": ""102.7""}"
"Навигатор, найди путь до дома",nav_start,"{""destination"": ""дом""}"
Фары включи сейчас,headlights_set,"{""state"": ""on""}"
Установи подогрев руля на 1,wheel_heater_set,"{""level"": 1}"
Поставь водительский подогрев руля на максимум,wheel_heater_set,"{""state"": ""on""}"
Открой водительское окно,window_set,"{""window"": ""driver_left"", ""state"": ""open""}"
Опусти заднее правое окно,window_set,"{""window"": ""rear_right"", ""state"": ""down""}"
Навигатор проложи маршрут к ближайшей заправке,nav_start,"{""destination"": ""ближайшая заправка""}"
Перепланируй маршрут к центру города,nav_start,"{""destination"": ""центр города""}"
Сменить источник на планшет,media_source_set,"{""source"": ""tablet""}"
Станция 98.5 — включи,radio_set_station,"{""station"": ""98.5""}"
Настрой радиостанцию на 97.9,radio_set_station,"{""station"": ""97.9""}"
Наведи навигатор к ближайшему кафе,nav_start,"{""destination"": ""ближайшее кафе""}"
Принять входящий звонок,call_answer,
Установи дневной режим фонаря,headlights_set,"{""state"": ""on""}"
Включи дальний свет в тумане,high_beam_set,"{""state"": ""high_beam""}"
"Скажи, как пробки на участке",chitchat,
Какая погода в городе,chitchat,
Расскажи направление к даче,nav_start,"{""destination"": ""дача""}"
Переключи радио на волну 101.1,radio_set_station,"{""station"": ""101.1""}"
Запусти музыку из USB,media_source_set,"{""source"": ""usb""}"
Задай маршрут к офису через обход,nav_start,"{""destination"": ""офис"", ""avoid"": ""объезд""}"
Поставь радио на волну 101.9,radio_set_station,"{""station"": ""101.9""}"
Поставь следующую песню,next_track,
Переключись на радиоканал 101.7,radio_set_station,"{""station"": ""101.7""}"
скорость вентилятора средняя,ac_fan_set,
включи подогрев задних сидений,seat_heater_set,
переключи радиостанцию 101.5,radio_set_station,"{""station"": ""101.5""}"
выбери станцию 98.7,radio_set_station,"{""station"": ""98.7""}"
куда ехать,nav_start,
режим дождя включи,rain_set,
медленно двигай дворники,wipers_set,
быстро двигай дворники,wipers_set,
позвони водителю,call_start,
как пройти до офиса,nav_start,
ночной режим включи,headlights_set,
помоги подобрать музыку,play_music,
выбери жанр музыки,play_music,
уточни источник музыки,media_source_set,
сделай климат спокойным,ac_mode_set,
установи средний поток воздуха,ac_fan_set,
разбуди пассажира,chitchat,
попробуй найти парковку,nav_start,
покажи парковку поблизости,nav_start,
настрой панель на ночной режим,headlights_set,
переключи FM-диапазон,media_source_set,"{""source"": ""fm""}"
поставь музыку через Bluetooth,play_music,"{""source"": ""bluetooth""}"
Убавь громкость — пассажир спит,volume_change,
"Пассажир спит, сделай тише",volume_change,
Уменьши шум ветра внутри салона,volume_change,
Включи фоновую музыку на минимуме,play_music,
Переключи радиостанцию на классическую,radio_set_station,
Настрой радиостанцию 101.5 FM,radio_set_station,"{""station"": ""101.5 FM""}"
Громкость на шестьдесят процентов,volume_set,"{""level"": 60}"
Уровень звука — сорок,volume_set,"{""level"": 40}"
Установи режим обдува на авто,ac_mode_set,"{""mode"": ""auto""}"
Включи дворники — идёт дождь,wipers_set,
Увели дворники на максимальную скорость,wipers_set,"{""level"": ""high""}"
Поставь музыку на повтор,media_repeat_set,
Включи случайный режим воспroизведения,media_shuffle_set,
Громкость — на двадцать процентов,volume_set,"{""level"": 20}"
Громкость — максимум,volume_set,"{""level"": 100}"
Громкость — минимум,volume_set,"{""level"": 0}"
Поставь радио — тихо,radio_set,
Планируй путь к кафе поблизости,nav_start,"{""destination"": ""nearby_cafe""}"
Повеси звонок,call_hangup,
Переключи фары на ближний свет,headlights_set,"{""beam"": ""low""}"
Включи стеклоочистители на полную скорость,wipers_set,"{""level"": ""high""}"
"Говори со мной, машина",chitchat,
Найди ближайшее место для парковки,nav_start,"{""destination"": ""nearest_parking_lot""}"
Покажи ночной маршрут к офису,nav_start,"{""destination"": ""office_night""}"
Включи ночной режим освещения,headlights_set,"{""mode"": ""night""}"
Переключи радио на диско,radio_set_station,"{""station"": ""disco""}"
Установи температуру климата на 22 градуса,ac_set,"{""temperature"": 22}"
Установи температуру климата на 18 градусов,ac_set,"{""temperature"": 18}"
Установи скорость вентилятора на минимальную,ac_fan_set,"{""level"": ""low""}"
Покажи карту парковки на экране,nav_start,"{""destination"": ""parking_map""}"
"Расскажи, где припаркован автомобиль",chitchat,
"Скажи, сколько ехать до офиса",nav_start,"{""destination"": ""office""}"
Покажи ближайшую парковку еще раз,nav_start,"{""destination"": ""nearest_parking""}"
Поставь фонарь в ночной режим,headlights_set,"{""mode"": ""night""}"
Переключи станцию на 98 FM,radio_set_station,"{""station"": ""98 FM""}"
Сделай тише и притормози шум,volume_change,
опусти переднее окно на максимум,window_set,"{""position"": ""down"", ""window"": ""front"", ""level"": ""max""}"
поставь температуру 22 градуса,ac_set,"{""temperature"": 22}"
установи скорость вентилятора среднюю,ac_fan_set,"{""fan"": ""medium""}"
переключись на станцию 102.3,radio_set_station,"{""station"": ""102.3""}"
переключи на станцию 88.8,radio_set_station,"{""station"": ""88.8""}"
поставь громкость на 50 процентов,volume_set,"{""volume_percent"": 50}"
убавь громкость на пять,volume_change,"{""delta"": -5}"
включи источник Spotify,media_source_set,"{""source"": ""spotify""}"
включи источник Apple Music,media_source_set,"{""source"": ""apple_music""}"
начни маршрут до магазина,nav_start,"{""destination"": ""store""}"
что нового в музыке,chitchat,
поставь музыку на развлекательный плейлист,play_music,"{""playlist"": ""entertainment""}"
сделай паузу проигрывания,media_pause,"{""action"": ""pause""}"
включи радио на станции 101.1,radio_set_station,"{""station"": ""101.1""}"
выбери AUX вход,media_source_set,"{""source"": ""aux_input""}"
выключи подогрев сиденья водителя,seat_heater_set,"{""seat"": ""driver"", ""state"": ""off""}"
включи обогрев руля средний,wheel_heater_set,"{""level"": ""medium""}"
Включи кондиционер в авто,ac_set,
Установи скорость вентилятора четыре,ac_fan_set,"{""level"": 4}"
Опусти переднее окно водителя,window_set,"{""window"": ""driver"", ""position"": ""down""}"
Подними заднее правое окно,window_set,"{""window"": ""rear_right"", ""position"": ""up""}"
Выбери радиостанцию 92.5,radio_set_station,"{""station"": ""92.5""}"
Поставь следующую композицию,next_track,
Увеличь громкость до восьмидесяти,volume_set,"{""level"": 80}"
Запусти плейлист из приложения,play_music,"{""playlist"": ""app_playlist""}"
Смешай плейлист случайно,media_shuffle_set,"{""enabled"": true}"
Поставь радиостанцию в FM 101.5,radio_set_station,"{""station"": ""101.5""}"
Выбери радиостанцию на 99.9,radio_set_station,"{""station"": ""99.9""}"
Направь маршрут к офису,nav_start,"{""destination"": ""офис""}"
Запусти навигацию в центр города,nav_start,"{""destination"": ""центр города""}"
Включи режим авто для фар,headlights_set,"{""mode"": ""auto""}"
Включи подогрев сиденья для пассажира,seat_heater_set,"{""seat"": ""passenger"", ""level"": 1}"
Установи климат в ручной режим,ac_mode_set,"{""mode"": ""manual""}"
Включи авто-режим кондиционера,ac_mode_set,"{""mode"": ""auto""}"
Включи стеклоочистители в авто-режиме,wipers_set,"{""speed"": ""auto""}"
Разогрей заднее стекло,defrost_set,"{""zone"": ""rear""}"
Как идут дела за рулём?,chitchat,
"Хорошего дня за рулём, спасибо",chitchat,
"Надеюсь, дорога без пробок",chitchat,
Какой сегодня трафик?,chitchat,
Включи радиостанцию 104.7,radio_set_station,"{""station"": ""104.7""}"
Открой люк на проветривание,sunroof_set,"{""position"": ""vent""}"
Полностью закрой люк,sunroof_close,
Включи обогрев руля второй ступени,wheel_heater_set,"{""state"": ""on"", ""level"": 2}"
Как идёт дорога сейчас?,chitchat,
Утром включи кондиционер,ac_set,
На жаре включи режим охлаждения,ac_mode_set,"{""mode"": ""cool""}"
Установи максимум вентилятора в салоне,ac_fan_set,
Открой окно на переднем сиденье,window_set,
Переключи на радио,radio_set,
Убавь громкость до минимума,volume_set,"{""level"": 0}"
Установи режим повтора,media_repeat_set,
Понизь скорость дворников,wipers_set,
Режим автоматического климат-контроля,ac_mode_set,
Установи климат в Auto,ac_mode_set,
Прими входящий вызов,call_answer,
Отклонить вызов,call_hangup,
Установи AUX как источник,media_source_set,"{""source"": ""aux""}"
Начни поиск маршрута к дому,nav_start,
Отменить поиск маршрута домой,nav_cancel,
Позвони Саше по телефону,call_start,
Прими звонок сейчас,call_answer,
Отклонить звонок сейчас,call_hangup,
Поговори со мной в стиле водителя,chitchat,
Как обстановка на трассе?,chitchat,
Подскажи ближайшее кафе?,chitchat,
Скажи прогноз погоды на дорогу,chitchat,
Какая дорога сейчас загружена?,chitchat,
Опубликуй маршрут к дому через 10 минут,nav_start,"{""delay_minutes"": 10}"
Сделай остановку у ближайшего кафе,nav_start,
Поставь радиостанцию на рок-канал,radio_set,
Включи песню Coldplay,play_music,
Сама включи музыку в авто напрямую,play_music,
Уменьши яркость дисплея,chitchat,
"Скажи, какой путь лучше сейчас",chitchat,
Напомни маршрут через четверть часа,nav_start,"{""delay_minutes"": 15}"
Сделай быстрый поиск ближайшей заправки,nav_start,
Залей маршрут к дому через пять минут,nav_start,"{""delay_minutes"": 5}"
Поставь радио на рок-канал,radio_set,
Включи песню Coldplay прямо сейчас,play_music,
Попроси систему обозначить экран как темный,chitchat,
Переключи источник на Bluetooth и начни воспроизведение,media_source_set,"{""source"": ""bluetooth""}"
Закрой окно задней двери справа,window_set,"{""window_side"": ""rear_right"", ""state"": ""down""}"
Установи холодный режим климата,ac_mode_set,"{""mode"": ""cool""}"
Температура в салоне 22 градуса,ac_set,"{""temperature"": 22}"
Переключи в режим обогрева,ac_mode_set,"{""mode"": ""heat""}"
Включи подогрев водителя на второй уровень,seat_heater_set,"{""seat"": ""driver"", ""level"": 2}"
Подогрев сиденья пассажира на максимум,seat_heater_set,"{""seat"": ""passenger"", ""level"": ""max""}"
Настрой вентиляцию сиденья водителя,seat_vent_set,"{""seat"": ""driver"", ""level"": ""medium""}"
Прогрей лобовое стекло,defrost_set,"{""target"": ""windshield""}"
Выруби музыку,stop_music,
Настрой радио на станцию 102.3,radio_set_station,"{""station"": ""102.3""}"
Переключись на радиостанцию 99.7,radio_set_station,"{""station"": ""99.7""}"
Позвони супруге,call_start,"{""contact"": ""spouse""}"
Прекрати звонок,call_hangup,
Включи дворники на слабую скорость,wipers_set,"{""speed"": ""low""}"
Включи стеклоочистители в режиме дождя,wipers_set,"{""mode"": ""rain""}"
Поставь обогрев руля,wheel_heater_set,"{""wheel"": ""steering"", ""state"": ""on""}"
Настрой подогрев руля на максимум,wheel_heater_set,"{""wheel"": ""steering"", ""level"": ""max""}"
"Скажи привет, как дела",chitchat,"{""topic"": ""greeting""}"
Какой путь до аэропорта?,nav_start,"{""destination"": ""airport""}"
Переключись на FM-радио,radio_set,"{""band"": ""FM""}"
Включи повтор мелодии,media_repeat_set,
Переключись на радиопередачу,radio_set,
Скажи погоду на внешнем экране,chitchat,"{""topic"": ""weather_info""}"
Проверка состояния системы,chitchat,"{""topic"": ""system_status""}"
Включи режим обдува ног,ac_mode_set,"{""mode"": ""foot""}"
Срочно свернуть направо,nav_start,
Поверни налево на следующем перекрестке,nav_start,
Укажи новый путь через тоннель,nav_start,
Импровизируй маршрут объезда снега,nav_start,
Дай указания на поворот в туннеле,nav_start,
Снять маршрут сейчас,nav_cancel,
Сбросить маршрут и начать заново,nav_cancel,
"Не могу найти маршрут, отменяй",nav_cancel,
Установи температуру в салоне на двадцать два,ac_set,"{""temperature"": 22}"
Поставь температуру пять градусов,ac_set,"{""temperature"": 5}"
Сделай режим авто,ac_mode_set,"{""mode"": ""auto""}"
Направь воздух к лицу,ac_mode_set,"{""mode"": ""face""}"
Увеличь обороты вентилятора,ac_fan_set,"{""fan_speed"": 2}"
Направь обдув в лобовое стекло,ac_fan_set,"{""target"": ""windshield""}"
Включи обогрев сидений пассажира,seat_heater_set,"{""seat"": ""passenger"", ""level"": 1}"
Установи подогрев сидений водителя на максимум,seat_heater_set,"{""seat"": ""driver"", ""level"": 3}"
Дай тепло подогреву сидения пассажира чуть поменьше,seat_heater_set,"{""seat"": ""passenger"", ""level"": 2}"
Сделай подогрев руля средним,wheel_heater_set,"{""level"": 2}"
Очисти стекло от инея,defrost_set,"{""mode"": ""defog""}"
Включи режим дождя для дворников,wipers_set,"{""mode"": ""auto""}"
Промой дворники на слабой скорости,wipers_set,"{""speed"": ""low""}"
Включи дворники на средней скорости,wipers_set,"{""speed"": ""medium""}"
Включи стеклоочистители по датчику дождя,wipers_set,"{""mode"": ""auto""}"
Поставь радиостанцию на 101.2 FM,radio_set_station,"{""station"": ""101.2""}"
Переключи радио на FM,radio_set_station,"{""station"": ""FM""}"
Увеличь громкость радиопередачи,volume_change,"{""delta"": 1}"
Перемотай на предыдущую композицию,previous_track,
Поставь паузу текущему треку,media_pause,
Играй песню сейчас,play_music,
Поставь AUX как источник,media_source_set,"{""source"": ""aux""}"
Установи автоматический режим фар,headlights_set,"{""mode"": ""auto""}"
Проверь трафик на маршруте,chitchat,
"Как дела, робот?",chitchat,
Какая погода на трассе?,chitchat,
"Держись, туннель впереди",chitchat,
"Спасибо, продолжай",chitchat,
Это отличный маршрут,chitchat,
Сделай тепло в салоне по умолчанию,ac_set,"{""temperature"": 22}"
Измени яркость подсветки панели,chitchat,"{""brightness"": ""default""}"
Сохрани текущие настройки климата,chitchat,
"Пора ехать, продолжай",chitchat,
"Рассвет в окне, руки мёрзнут — обогрей сиденье",seat_heater_set,
"Холодные руки, дождь за окном — включи подогрев водительского сиденья",seat_heater_set,
"Дорога в тоннеле, пальцы мёрзли — обогрей заднее сиденье",seat_heater_set,
Сиденье мёрзло — активируй вентиляцию сидений,seat_vent_set,
Во время пути в тоннеле — дефрост на лобовое,defrost_set,
Настрой авто климат-контроля на комфорт,ac_set,
"Уменьши температуру, жарко внутри",ac_set,
Включи дефрост на лобовое стекло,defrost_set,
Открой люк на крыше — рассвет зовёт,sunroof_set,
"Закрой люк, идёт дождь",sunroof_close,
Радио шипит — найди другую станцию,radio_set_station,
Включи любимую радиостанцию,radio_set,
Выбери источник звука Bluetooth,media_source_set,
Включи повтор для текущего трека,media_repeat_set,
Сделай случайную смену треков,media_shuffle_set,
"Включи радио, ищем станцию",radio_set,
Ускорь дворники до средней скорости,wipers_set,
В тоннеле включи стеклоочистители,wipers_set,
Рассвет ещё не проснулся — открой люк,sunroof_set,
Открой люк на крыше полностью,sunroof_set,
Скажи дорогу к станции метро,nav_start,
Пусть навигатор покажет путь к дому,nav_start,
Как пройти до музея?,chitchat,
Расскажи дорогу до ближайшей заправки,nav_start,
Выбери радиостанцию FM,radio_set_station,
Уменьши громкость на десять процентов,volume_change,
Выбери Bluetooth как источник звука,media_source_set,
Включи Defrost на обе стороны ветрового стекла,defrost_set,
Включи климат-контроль в авто режиме,ac_mode_set,
Поставь на лицо режим вентиляции,ac_fan_set,
Покажи режим обогрева руля,wheel_heater_set,
Пусть играет спокойная музыка,play_music,
Поставь маршрут к ближайшей парковке,nav_start,
Пусть навигация найдёт маршрут к дому,nav_start,
"Найди маршрут к аэропорту, пожалуйста",nav_start,
Пусть играет релаксная музыка на дороге,play_music,
подними лобовое стекло,window_set,"{""part"": ""front"", ""position"": ""up""}"
охлади до 19 градусов,ac_set,"{""temperature"": 19}"
включи авто режим климат,ac_mode_set,"{""mode"": ""auto""}"
регулируй скорость вентилятора 3,ac_fan_set,"{""fan_speed"": 3}"
назад к прошлому треку,previous_track,
найди путь к заправке,nav_start,"{""destination"": ""gas_station""}"
позвони жене,call_start,"{""contact"": ""wife""}"
положи звонок,call_hangup,
используй режим экономии топлива,ac_mode_set,"{""mode"": ""economy""}"
включи режим вентиляции головы,ac_mode_set,"{""mode"": ""head_vent""}"
как там дорога вечером,chitchat,"{""topic"": ""evening_road""}"
скажи анекдот про трассу,chitchat,"{""topic"": ""road_joke""}"
покажи ближайшее место парковки,chitchat,"{""topic"": ""parking_nearby""}"
поставь режим тишины в салоне,chitchat,"{""topic"": ""salon_quiet""}"
включи вентилятор на максимуме,ac_fan_set,"{""fan_speed"": 5}"
включи лобовой обогрев,defrost_set,"{""target"": ""windshield"", ""mode"": ""heater""}"
сохрани маршрут к заправке,nav_start,"{""destination"": ""gas_station"", ""save"": true}"
переключи свет на габарит,headlights_set,"{""mode"": ""parking""}"
перестрой маршрут в объезд,nav_start,"{""destination"": ""detour""}"
помоги найти бензин,nav_start,"{""destination"": ""gas_station""}"
ответь на звонок маме,call_answer,"{""contact"": ""mom""}"
поправь правое зеркало,chitchat,"{""topic"": ""mirror_adjust_right""}"
поставь звук на максимум,volume_set,"{""volume"": 100}"
сделай паузу в музыке на 15 секунд,media_pause,"{""duration"": 15}"
включи USB-источник,media_source_set,"{""source"": ""usb""}"
переключи станцию на 102.3 FM,radio_set_station,"{""station"": ""102.3""}"
перезагрузить навигацию,nav_cancel,
настрой прогноз на завтра,chitchat,"{""topic"": ""weather_tomorrow""}"
поменяй зеркало,chitchat,"{""topic"": ""mirror_adjust""}"
Установи комфортную температуру,ac_set,
Активируй вентиляцию задних кресел,seat_vent_set,
Пусть играет музыка,play_music,
Разогрей руль,wheel_heater_set,
Обогрей водительское сиденье,seat_heater_set,
Снизь температуру вентиляции,ac_set,
Настрой антизапотевание,defrost_set,
Установи температуру для комфорта,ac_set,
Поставь кондиционер на охлаждение,ac_mode_set,
Сделай режим энергосбережения,chitchat,
Иди к дому по маршруту,nav_start,
Сделай заметку в навигации,nav_start,
Сменить станцию на следующую,radio_set_station,
Включи Bluetooth на аудиоустройстве,media_source_set,
Открой дефрост,defrost_set,
Включи режим Auto в климате,ac_mode_set,
Поставь авто-подогрев руля,wheel_heater_set,
Включи ночной режим на дисплее,chitchat,
Переключись на радиостанцию FM,radio_set_station,
Сохранить текущую станцию,radio_set_station,
Открой люк на крыше снова,sunroof_set,
Поставь режим вентиляции на Auto,ac_mode_set,
тишина,volume_mute_set,
выключи шум в салоне,volume_mute_set,
помолчи в пути,chitchat,
не надо разговоров,chitchat,
пусть радио молчит,volume_mute_set,
"мне скучно, включи музыку",play_music,
поставь песню громче,volume_change,
переключи трек на следующий,next_track,
повышай громкость на два деления,volume_change,"{""delta"": 2}"
наведи навигацию к заправке,nav_start,
покажи маршрут через обход,nav_start,
"перестрой маршрут, чтобы объехать пробку",nav_start,
поменяй режим вентиляции,ac_mode_set,
разверни режим обдува лобового стекла,defrost_set,
покажи свет фар,headlights_set,
подогрей сиденья справа,seat_heater_set,
подогрей сиденье слева,seat_heater_set,
подогрей рулевую колонку,wheel_heater_set,
переключись в режим случайного воспроизведения,media_shuffle_set,
переключи плейлист на случайный порядок,media_shuffle_set,
выбери радио на волну 101.1,radio_set_station,"{""station"": ""101.1""}"
переключись на FM 88.7,radio_set_station,"{""station"": ""FM 88.7""}"
переключи радио на волну 97.2,radio_set_station,"{""station"": ""97.2""}"
покажи путь к офису,nav_start,
измени маршрут на ближайшую заправку,nav_start,
включи яркий свет фар,headlights_set,
покажи текущее положение на дисплее,chitchat,
как дорога домой сегодня,chitchat,
"расскажи, что по дорогам",chitchat,
проверь погодные условия,chitchat,
поясни в каком направлении ехать,nav_start,
"дорога закрыта, едем через обход",nav_start,
вечерний туман усложняет обзор,chitchat,
Настрой скорость вентилятора на 3,ac_fan_set,"{""level"": 3}"
Подогрей водительское сиденье на 2,seat_heater_set,"{""seat"": ""driver"", ""level"": 2}"
Включи подогрев сиденья пассажира на 1,seat_heater_set,"{""seat"": ""passenger"", ""level"": 1}"
Настрой вентиляцию сиденья водителя на 1,seat_vent_set,"{""seat"": ""driver"", ""level"": 1}"
Задай температуру 24 градуса,ac_set,"{""temperature"": 24}"
Переключи климат на охлаждение,ac_mode_set,"{""mode"": ""cool""}"
Задай скорость вентилятора на 5,ac_fan_set,"{""level"": 5}"
Переключи ближний свет,headlights_set,"{""mode"": ""on""}"
Сколько времени,chitchat,
Помоги найти кафе рядом,nav_start,"{""destination"": ""кафе рядом""}"
Установи режим ECO,ac_mode_set,"{""mode"": ""eco""}"
Установи температуру на 20,ac_set,"{""temperature"": 20}"
Включи обогрев пола,ac_mode_set,"{""mode"": ""floor_heat""}"
Поменяй направление воздушного потока на ноги,ac_mode_set,"{""mode"": ""feet""}"
Проверь салон,chitchat,
Поставь режим ECO на кондиционере,ac_mode_set,"{""mode"": ""eco""}"
Включи Bluetooth для аудио,media_source_set,"{""source"": ""bluetooth""}"
Напомни через две минуты продолжить маршрут,chitchat,
переключись на радиостанцию Европа,radio_set_station,"{""station"": ""europe""}"
переключи климат в спокойный режим,ac_mode_set,
построй маршрут через серпантины,nav_start,
давай поболтаем пока едем,chitchat,
"расскажи, что творится на дороге",chitchat,
сделай трек на паузу,media_pause,
выбор радиостанции 101.1 FM,radio_set_station,"{""station"": ""101.1 FM""}"
переключись на радиостанцию Nostalgia,radio_set_station,"{""station"": ""nostalgia""}"
включи утренний плейлист,play_music,
установи климат в экономичный режим,ac_mode_set,
разверни маршрут через серпантин,nav_start,
помоги выбрать маршрут до дачи,nav_start,
попроси ассистента сообщить близким,chitchat,
сколько еще ехать до города,chitchat,
сейчас включи радио Шансон,radio_set_station,"{""station"": ""shanson""}"
переключись на радиостанцию Джаз ФМ,radio_set_station,"{""station"": ""jazz_fm""}"
включи обдув ног,seat_vent_set,
напомни маршрут,nav_start,
проверь зеркала и стекла,chitchat,
побуждаем рассвет за окном,chitchat,
Поставь 24 градуса,ac_set,"{""temperature"": 24}"
Установи скорость вентилятора 3,ac_fan_set,"{""fan_speed"": 3}"
Установи подогрев сиденья на максимум,seat_heater_set,"{""seat"": ""driver"", ""level"": 3}"
Открой окна чуть-чуть,window_set,"{""windows"": ""all"", ""state"": ""slightly_open""}"
Закрой боковые стекла,window_set,"{""windows"": ""all"", ""state"": ""closed""}"
Найди маршрут домой,nav_start,"{""destination"": ""home""}"
Переключи на рандом,media_shuffle_set,"{""shuffle"": ""on""}"
Сохраню радиостанцию 101.5,radio_set_station,"{""station"": ""101.5""}"
Переключи на FM,radio_set,"{""band"": ""FM""}"
Пусти радиоволну AM,radio_set,"{""band"": ""AM""}"
Найди дорогу к дому,nav_start,"{""destination"": ""home""}"
Добавь маршрут к офису,nav_start,"{""destination"": ""office""}"
Вызови контакт Сергей,call_start,"{""contact"": ""Сергей""}"
Как дорога на трассе,chitchat,
Погода на маршруте какая?,chitchat,
"Скажи, нужна заправка?",chitchat,
Установи ближний свет автоматически,headlights_set,"{""mode"": ""auto""}"
Установи скорость стеклоочистителей 2,wipers_set,"{""speed"": 2}"
Установи скорость стеклоочистителей 1,wipers_set,"{""speed"": 1}"
Установи режим дождя 3,rain_set,"{""intensity"": 3}"
Сделай обдув в салоне комфортным,ac_mode_set,"{""mode"": ""auto""}"
Сделай автоматический режим обдува,ac_mode_set,"{""mode"": ""auto""}"
Сохрани спокойствие за рулём,chitchat,
Скажи путь к заправке,nav_start,"{""destination"": ""gas_station""}"
Добавь остановку на заправке,nav_start,"{""destination"": ""gas_station""}"
Скажи остаток топлива,chitchat,
Режим ночной подсветки включи,headlights_set,"{""mode"": ""night""}"
Поставь радио на 101.1,radio_set_station,"{""station"": ""101.1""}"
Сохрани настройку громкости 30,volume_set,"{""level"": 30}"
Проведи диагностику системы,chitchat,
Ночной ближний свет включи,headlights_set,"{""state"": ""on"", ""mode"": ""low_beam""}"
Дальний свет включи на трассе,high_beam_set,"{""state"": ""on"", ""mode"": ""high_beam""}"
Подними окно пассажира,window_set,"{""window"": ""passenger"", ""position"": ""up""}"
Установи климат на двадцать три градуса,ac_set,"{""temperature"": 23}"
Сделай температуру двадцать градусов,ac_set,"{""temperature"": 20}"
Переключи режим на охлаждение,ac_mode_set,"{""mode"": ""cool""}"
Вентиляция сиденья водителя включи,seat_vent_set,"{""seat"": ""driver"", ""level"": 1}"
Авто-режим климата включи,ac_mode_set,"{""mode"": ""auto""}"
Увеличь громкость на десять,volume_change,"{""delta"": 10}"
Переключись на волну 104.5 FM,radio_set_station,"{""station"": ""104.5""}"
Задай режим ближнего света,headlights_set,"{""state"": ""on"", ""mode"": ""low_beam""}"
Сделай дальний свет,high_beam_set,"{""state"": ""on"", ""mode"": ""high_beam""}"
Автоматический климат включи,ac_mode_set,"{""mode"": ""auto""}"
Подогрей задние сиденья,seat_heater_set,"{""seat"": ""rear"", ""level"": 1}"
Слабый режим дворников включи,wipers_set,"{""speed"": 1}"
Установи радиопередачу на волну 88.1,radio_set_station,"{""station"": ""88.1""}"
Позвони Егору,call_start,"{""contact"": ""Егор""}"
Поставь песню года,play_music,
Останови музыку полностью,stop_music,
Переключись на волну 99.9,radio_set_station,"{""station"": ""99.9""}"
"Снег идёт, включи обогрев лобового",defrost_set,"{""defrost"": ""front""}"
Уменьши громкость музыки на пять,volume_change,"{""delta"": -5}"
Переключи климат на авто,ac_mode_set,"{""mode"": ""auto""}"
Дай вентилятору среднюю скорость,ac_fan_set,"{""fan_level"": ""medium""}"
Охлади сиденье водителя на минимум,seat_vent_set,"{""seat"": ""driver"", ""level"": ""low""}"
Перейди к предыдущему треку,previous_track,
Настрой источник на USB,media_source_set,"{""source"": ""usb""}"
Переключись на радио 97.8 FM,radio_set_station,"{""station"": ""97.8""}"
Укажи дворники на минимуме,wipers_set,"{""wiper_speed"": ""low""}"
Укажи дворники на максимуме,wipers_set,"{""wiper_speed"": ""high""}"
"Дождь идёт, включи стеклоочистители",rain_set,"{""mode"": ""rain""}"
Побеседуй с водителем,chitchat,"{""topic"": ""dialogue""}"
Как пройти к парковке,nav_start,"{""destination"": ""parking""}"
Скажи погоду,chitchat,"{""topic"": ""weather""}"
Какая сейчас скорость?,chitchat,"{""topic"": ""speed""}"
Проверяй напоминания,chitchat,"{""topic"": ""reminders""}"
Громкость поднять до 60 процентов,volume_set,"{""volume"": 60}"
Громкость опусти до 20 процентов,volume_set,"{""volume"": 20}"
Включи Bluetooth для телефона,media_source_set,"{""source"": ""bluetooth""}"
Переключи радиостанцию на следующий,radio_set_station,"{""station"": ""next""}"
Вернись к радиостанции 88.7,radio_set_station,"{""station"": ""88.7""}"
Начни маршрут к дому через центр,nav_start,"{""destination"": ""home"", ""via"": ""city_center""}"
Позвони другу из контактов,call_start,"{""contact"": ""friend""}"
Установи ближний свет на автомате,headlights_set,"{""mode"": ""auto""}"
Установи дальний свет во время ночи,high_beam_set,"{""mode"": ""high""}"
Выбери режим AUTO климат-контроля,ac_mode_set,"{""mode"": ""auto""}"
Подними скорость вентилятора до 3,ac_fan_set,"{""level"": 3}"
Подогрей водительское сиденье на средний уровень,seat_heater_set,"{""seat"": ""driver"", ""level"": 2}"
Включи вентиляцию сиденья пассажира на низком уровне,seat_vent_set,"{""seat"": ""passenger"", ""level"": 1}"
Играй мою любимую песню,play_music,
Перемотай вперед трек,next_track,
Верни обратно назад,previous_track,
Увеличь громкость до пяти,volume_set,"{""level"": 5}"
Сделай громче на два уровня,volume_change,"{""delta"": 2}"
Переключи радиостанцию на 94.7 FM,radio_set_station,"{""station"": ""94.7""}"
Установи дворники на авто,wipers_set,"{""mode"": ""auto""}"
Включи вентиляцию сиденья водителя на 3,seat_vent_set,"{""seat"": ""driver"", ""level"": 3}"
Задай кондиционеру режим defog,ac_mode_set,"{""mode"": ""defog""}"
Задай температуру 20 градусов,ac_set,"{""temperature"": 20}"
Задай комфортную температуру 23,ac_set,"{""temperature"": 23}"
Сделай авто-режим вентилятора,ac_mode_set,"{""mode"": ""auto""}"
Снизь подогрев пассажирского сиденья,seat_heater_set,"{""seat"": ""passenger"", ""level"": 1}"
Сменить радиостанцию на 88.5,radio_set_station,"{""station"": ""88.5""}"
Снизь громкость на 1,volume_change,"{""delta"": -1}"
Слушай музыку через Bluetooth,play_music,"{""source"": ""bluetooth""}"
Назначь маршрут к офису,nav_start,"{""destination"": ""office""}"
Найди ближайшую клинику,nav_start,"{""destination"": ""nearest_clinic""}"
Удали текущее направление,nav_cancel,
Позвони по номеру 5550123,call_start,"{""number"": ""5550123""}"
"Включи дальний свет, пожалуйста",high_beam_set,"{""state"": ""on""}"
Задай температуру 18,ac_set,"{""temperature"": 18}"
Уменьши обогрев руля,wheel_heater_set,"{""state"": ""off""}"
Задай температуру 23 градуса в салоне,ac_set,"{""temperature"": 23}"
Сделай тише на два шага,volume_change,"{""delta"": -2}"
Переключи на CD,media_source_set,"{""source"": ""cd""}"
Начни воспроизведение снова,play_music,
Утром включи обдув,ac_fan_set,
Подними скорость обдува до среднего,ac_fan_set,"{""level"": ""medium""}"
Поставь минимальный обдув,ac_fan_set,"{""level"": ""low""}"
Очисти стекла от тумана спереди,defrost_set,"{""area"": ""front""}"
Очисти лобовое стекло от запотевания,defrost_set,"{""area"": ""front""}"
Открой переднее окно слева во дворе,window_set,"{""action"": ""open"", ""location"": ""front_left""}"
Открой переднее окно справа во дворе,window_set,"{""action"": ""open"", ""location"": ""front_right""}"
Переключи радиостанцию на локальную,radio_set_station,"{""station"": ""local""}"
Найди станцию 101.5,radio_set_station,"{""station"": ""101.5""}"
Установи авто-режим фар,headlights_set,"{""mode"": ""auto""}"
Включи режим дневного света,headlights_set,"{""mode"": ""day""}"
Установи режим вентиляции для ног,ac_mode_set,"{""mode"": ""foot""}"
Включи вентиляцию сидений пассажира,seat_vent_set,"{""seat"": ""passenger"", ""level"": ""low""}"
"Открой все окна, проветри салон",window_set,"{""action"": ""open_all""}"
Установи дефрост для заднего стекла,defrost_set,"{""area"": ""rear""}"
Поставь дефрост на лобовое стекло максимум,defrost_set,"{""area"": ""front"", ""level"": ""high""}"
Поставь режим Auto климат-контроля,ac_mode_set,"{""mode"": ""auto""}"
Уменьши обдув для ног,ac_mode_set,"{""mode"": ""foot_low""}"
Прогрей сидение водителя слегка,seat_heater_set,"{""seat"": ""driver"", ""level"": ""low""}"
Прогрей сидение пассажира слегка,seat_heater_set,"{""seat"": ""passenger"", ""level"": ""low""}"
Включи дефрост по всему стеклу,defrost_set,"{""area"": ""all""}"
Пусть навигация подсказывает ближайшую заправку,nav_start,"{""destination"": ""nearest_gas_station""}"
Сделай маршрут через центр города,nav_start,"{""destination"": ""city_center""}"
Проверь дорогу через туман,chitchat,
"Уменьши громкость, чтобы не мешать",volume_change,"{""delta"": -5}"
Поставь комфортный обдув для лица,ac_mode_set,"{""mode"": ""face""}"
Поставь подогрев сидения водителя на максимум,seat_heater_set,"{""seat"": ""driver"", ""level"": ""high""}"
Поставь подогрев сидения пассажира на максимум,seat_heater_set,"{""seat"": ""passenger"", ""level"": ""high""}"
Поставь дефрост на заднее стекло,defrost_set,"{""area"": ""rear""}"
Включи повтор радиостанций,media_repeat_set,"{""state"": ""on""}"
настрой температуру 20,ac_set,"{""temperature"": 20}"
выбери авто режим,ac_mode_set,
настрой обдув на максимум,ac_fan_set,
установи скорость вентилятора 2,ac_fan_set,"{""level"": 2}"
поставь подогрев водительского кресла,seat_heater_set,
включи обогрев обдува,defrost_set,
останови трек,stop_music,
сменить источник,media_source_set,
установи радио,radio_set,
настрой станцию радио 97.8,radio_set_station,"{""station"": ""97.8""}"
начни звонок маме,call_start,"{""contact"": ""mom""}"
поболтай за рулем,chitchat,
помоги построить маршрут,nav_start,
помоги найти маршрут,nav_start,
помести громкость вниз,volume_change,"{""direction"": ""down"", ""step"": ""soft""}"
подними громкость до 65,volume_set,"{""volume"": 65}"
перемешать плейлист,media_shuffle_set,
установи станцию радио 102.5,radio_set_station,"{""station"": ""102.5""}"
запусти навигацию к аэропорту,nav_start,
включи свет фар,headlights_set,
включи дальний свет снова,high_beam_set,
активируй режим обогрева руля,wheel_heater_set,
проведи ребаланс маршрута,nav_start,
есть ли маршрут до дома,chitchat,
Открой окна на пару сантиметров,window_set,
Запусти музыку,play_music,
Переключи на любимую станцию,radio_set_station,
Начни маршрут в навигаторе,nav_start,
Включи дальний свет фар,high_beam_set,
Установи скорость стеклоочистителей,wipers_set,
Включи стеклоочистители дождя,rain_set,
Установи комфортный режим вентиляции,ac_mode_set,
Поставь на максимум поток воздуха,ac_fan_set,
Установи положение люка в открытое положение,sunroof_set,
Закрой люк на крыше плавно,sunroof_close,
Соедини меня с Алексеем,call_start,
Принимаю звонок,call_answer,
Регулируй вентиляцию сиденья водителя,seat_vent_set,
Установи люк крыши в открытое положение,sunroof_set,
Проигрывай мой плейлист,play_music,
Переключи на ретро-радио,radio_set_station,
Сними навигацию,nav_cancel,
Соедини меня с главным офисом,call_start,
Подогрей руль до комфортной температуры,wheel_heater_set,
Расскажи анекдот про автомобиль,chitchat,
Увеличь громкость музыки,volume_change,"{""level"": ""up""}"
Настрой станцию на 101,radio_set_station,"{""station"": ""101""}"
Навигатор в центр города,nav_start,"{""destination"": ""city_center""}"
Установи температуру салона на 23 градуса,ac_set,"{""temperature"": 23}"
Задай режим обдува на лобовое,ac_mode_set,"{""mode"": ""front_defog""}"
Поставь режим обдува на лобовое,ac_mode_set,"{""mode"": ""front_defog""}"
Включи обогрев сидений передних,seat_heater_set,"{""zone"": ""front""}"
"Раздражает шум, сделай тише",volume_change,"{""level"": ""down""}"
Выключи уведомления,volume_mute_set,"{""source"": ""notifications""}"
Уменьши шум в салоне,chitchat,
Сделай дворники быстрее,wipers_set,"{""speed"": ""fast""}"
Настрой температуру на 25,ac_set,"{""temperature"": 25}"
"Голосовой чат, как дела",chitchat,
Скажи направление к дому,nav_start,"{""destination"": ""home""}"
Поставь маркер в избранное,nav_start,"{""destination"": ""favorite""}"
Повтори последнее направление,nav_start,"{""destination"": ""last_route""}"
Включи радио 99.5,radio_set_station,"{""station"": ""99.5""}"
Переключи станцию на 88.7 FM,radio_set_station,"{""station"": ""88.7""}"
Поставь музыку в рекомендациях,play_music,"{""playlist"": ""recommended""}"
Сделай музыку тише на секунду,volume_change,"{""level"": ""down"", ""duration"": ""1s""}"
Включи режим антизасветки стекол,ac_mode_set,"{""mode"": ""anti_glare""}"
Открой боковое окно водителю,window_set,"{""side"": ""driver"", ""state"": ""open""}"
Закрой боковое окно пассажиру,window_set,"{""side"": ""passenger"", ""state"": ""close""}"
Сделай тише уведомления,volume_mute_set,"{""source"": ""notifications""}"
Повтор плейлиста включён,media_repeat_set,"{""mode"": ""repeat""}"
Случайное воспроизведение включено,media_shuffle_set,"{""mode"": ""shuffle""}"
Найди песню по названию,media_source_set,"{""source"": ""search""}"
Поставь на паузу воспроизведение,media_pause,
Переключись на спутниковое радио,radio_set,"{""band"": ""sat""}"
"Отрегулируй туман дороги, включи свет",headlights_set,"{""low_beam"": ""on""}"
Включи режим защиты от шума,ac_mode_set,"{""mode"": ""noise_protection""}"
Сохранить маршрут домой,nav_start,"{""destination"": ""home""}"
Установи напоминание на 8 утра,chitchat,"{""alarm"": ""08:00""}"
"Навигатор, найди маршрут до офиса",nav_start,"{""destination"": ""офис""}"
"Навигатор, проложи путь к дому",nav_start,"{""destination"": ""дом""}"
Найди маршрут до вокзала,nav_start,"{""destination"": ""вокзал""}"
Покажи дорогу к аэропорту,nav_start,"{""destination"": ""аэропорт""}"
Выбери самый быстрый маршрут к кафе,nav_start,"{""destination"": ""кафе"", ""preference"": ""fastest""}"
Подскажи путь к парковке возле ТЦ,nav_start,"{""destination"": ""парковка возле ТЦ""}"
Проложи маршрут через мост,nav_start,"{""destination"": ""мост""}"
Найди путь к больнице поблизости,nav_start,"{""destination"": ""больница""}"
Укажи дорожку к университету на завтра,nav_start,"{""destination"": ""университет"", ""date"": ""завтра""}"
Скажи маршрут к станции метро,nav_start,"{""destination"": ""станция метро""}"
Покажите кратчайший путь до ресторана,nav_start,"{""destination"": ""ресторан""}"
Увеличь скорость вентилятора до среднего,ac_fan_set,"{""level"": ""medium""}"
Включи обогрев передних сидений,seat_heater_set,"{""seat"": ""driver"", ""level"": ""high""}"
Включи стеклоочистители на средних оборотах,wipers_set,"{""level"": ""medium""}"
Снизь скорость дворников,wipers_set,"{""level"": ""low""}"
Вернись к прошлой песне,previous_track,
Сделай воспроизведение в случайном порядке,media_shuffle_set,"{""mode"": ""shuffle""}"
Сними трубку,call_hangup,
"Как твои дела, водитель?",chitchat,"{""topic"": ""small_talk""}"
Хочешь кофе? Расскажи анекдот.,chitchat,"{""topic"": ""small_talk""}"
Как прошёл твой путь сегодня?,chitchat,"{""topic"": ""small_talk""}"
"Навигатор, найди маршрут до спортзала",nav_start,"{""destination"": ""спортзал""}"
Пусть будет маршрут через объездную,nav_start,"{""destination"": ""объездная""}"
Найди путь к музею на сегодня,nav_start,"{""destination"": ""музей"", ""date"": ""сегодня""}"
Покажи дорогу к парку,nav_start,"{""destination"": ""парк""}"
Покажи самый короткий путь к аптеке,nav_start,"{""destination"": ""аптека""}"
"Какой сегодня день, водитель?",chitchat,"{""topic"": ""small_talk""}"
поставь режим обдува,ac_mode_set,
отрегулируй вентилятор,ac_fan_set,
установи температуру пониже,ac_set,
сделай тихий режим,volume_mute_set,
сделай громкость чуть тише,volume_change,
переключись на радиостанцию РСН,radio_set_station,"{""station"": ""РСН""}"
переключись на радиостанцию Маяк,radio_set_station,"{""station"": ""Маяк""}"
выбери станцию Вести FM,radio_set_station,"{""station"": ""Вести FM""}"
настрой маршрут к дому,nav_start,"{""destination"": ""дом""}"
включи обдув сидения,seat_vent_set,
опусти окно чуть-чуть,window_set,
подними окно полностью,window_set,
прочисти стекло от воды,wipers_set,"{""mode"": ""wash""}"
"режим тишины, пожалуйста",volume_mute_set,
регулируй громкость плавно вниз,volume_change,
установи громкость средняя,volume_set,
посмотри Spotify через систему,media_source_set,"{""source"": ""Spotify""}"
установи повтор треков,media_repeat_set,
переключи на радио Ностальжи,radio_set_station,"{""station"": ""Ностальжи""}"
передай маршрут к парковке рядом,nav_start,"{""destination"": ""парковка рядом""}"
помоги найти маршрут до ближайшей заправки,nav_start,"{""destination"": ""бензозаправка ближайшая""}"
активируй экономичный режим авто,ac_mode_set,"{""mode"": ""eco""}"
поставь авто в режим комфорт,ac_mode_set,"{""mode"": ""comfort""}"
увеличь температуру до комфортной,ac_set,"{""target"": ""comfort""}"
поставь режим вентиляции на лица,ac_fan_set,"{""zone"": ""face""}"
заблокируй дворники от ветра,wipers_set,
"привет, водитель",chitchat,
помоги свернуть на ближайшем повороте,nav_start,"{""destination"": ""ближний поворот""}"
покажи маршрут к парковке поблизости,nav_start,"{""destination"": ""парковка поблизости""}"
запусти поиск новой парковки,nav_start,"{""destination"": ""новая парковка""}"
покажи маршрут через навигатор,nav_start,"{""destination"": ""навигация""}"
передай маршрут в центр города,nav_start,"{""destination"": ""центр города""}"
попроси дисплей показать маршрут,nav_start,"{""destination"": ""покажи маршрут""}"
"сделай паузу, пассажир спит",media_pause,
поставь громкость на среднюю и спокойную,volume_set,
планируй маршрут к дому через навигацию,nav_start,"{""destination"": ""дом""}"
включи режим ночной экономии,ac_mode_set,"{""mode"": ""eco""}"
подключи Spotify повторно,media_source_set,"{""source"": ""Spotify""}"
переключи на радиостанцию Вести FM,radio_set_station,"{""station"": ""Вести FM""}"
послушай джаз,play_music,"{""track"": ""Джаз""}"
включи поп-музыку,play_music,"{""genre"": ""поп""}"
поставь мой любимый альбом,play_music,"{""playlist"": ""любимый""}"
перемешай коллекцию,media_shuffle_set,"{""mode"": ""shuffle""}"
радио на 97.9,radio_set_station,"{""station"": ""97.9""}"
выбери радиостанцию 102.5,radio_set_station,"{""station"": ""102.5""}"
установи дворники на быстром режиме,wipers_set,"{""speed"": ""fast""}"
согрей руль,wheel_heater_set,"{""state"": ""on""}"
помоги мне позвонить Андрею,call_start,"{""contact"": ""Андрей""}"
поставь навигацию на центр города,nav_start,"{""destination"": ""центр города""}"
"отмени навигацию, пожалуйста",nav_cancel,
перезвони в офис,call_start,"{""contact"": ""офис""}"
ответь на звонок после сигнала,call_answer,
"положи трубку, пожалуйста",call_hangup,
мне нужна помощь на дороге,chitchat,
подними левое стекло,window_set,"{""window"": ""left"", ""state"": ""up""}"
прикрой правое стекло,window_set,"{""window"": ""right"", ""state"": ""up""}"
погрей водительское сиденье максимально,seat_heater_set,"{""seat"": ""driver"", ""level"": ""high""}"
помоги найти дорогу через центр,nav_start,"{""destination"": ""центр""}"
переключись на радио 88.2,radio_set_station,"{""station"": ""88.2""}"
навигация к ближайшему магазину,nav_start,"{""destination"": ""ближайший магазин""}"
переключи радиостанцию на Шансон,radio_set_station,"{""station"": ""шансон""}"
верни на предыдущую песню,previous_track,
выбери радио как источник,media_source_set,"{""source"": ""radio""}"
скорость дворников средняя,wipers_set,"{""speed"": ""medium""}"
дворники заднего стекла включи,wipers_set,"{""rear"": ""on""}"
сделай авто-режим вентиляции,ac_mode_set,"{""mode"": ""auto""}"
убавь температуру до 20,ac_set,"{""temperature"": 20}"
настрой вентилятор на 3,ac_fan_set,"{""level"": 3}"
подогрей передние сиденья на максимум,seat_heater_set,"{""seat"": ""front"", ""level"": 3}"
навигация к аэропорту,nav_start,"{""destination"": ""аэропорт""}"
расскажи о погоде,chitchat,
ветер в окно дует,chitchat,
рассвет на трассе начинается,chitchat,
поставь режим shuffle,media_shuffle_set,
начни маршрут к трассе 40,nav_start,"{""destination"": ""трасса 40""}"
центр города на карте,nav_start,"{""destination"": ""центр города""}"
европа плюс на станции,radio_set_station,"{""station"": ""европа плюс""}"
убери дождь,rain_set,"{""state"": ""off""}"
подключи carplay,media_source_set,"{""source"": ""carplay""}"
поставь на авто режим вентиляции,ac_mode_set,"{""mode"": ""auto""}"
охлади салон до 21,ac_set,"{""temperature"": 21}"
переключи на другую радиостанцию,radio_set_station,
регулируй громкость,volume_change,
поставь громкость на средний уровень,volume_set,
пропусти трек,next_track,
верни назад,previous_track,
поставь вентилятор на максимальную скорость,ac_fan_set,
играй музыку сейчас,play_music,
сделай громче в машине,volume_change,
установи повтор песни,media_repeat_set,
установи станцию радиоприемника,radio_set_station,
используй стеклоочистители регулярно,wipers_set,
как проходит поездка,chitchat,
отмена маршрута сейчас,nav_cancel,
активируй режим ночной езды,ac_mode_set,
переключи на авто режим кондиционирования,ac_mode_set,
открой люк на крыше немного,sunroof_set,
проветрим салон без изменения климата,chitchat,
выберите источник воспроизведения,media_source_set,
приглуши шум шин,volume_change,
потише музыку,volume_change,
включи обогрев лобового,defrost_set,
установи авто режим обдува,ac_mode_set,
вентиляцию на максимум,ac_fan_set,
переключи на радиостанцию,radio_set,
стань на радиостанцию 101.1,radio_set_station,"{""station"": ""101.1""}"
включи навигацию домой,nav_start,"{""destination"": ""home""}"
положи звонок на удержание,call_hangup,
включи обогрев сиденья водителю,seat_heater_set,"{""seat"": ""driver""}"
медленный режим дворников,wipers_set,"{""speed"": ""slow""}"
автоматический режим дворников,wipers_set,"{""mode"": ""auto""}"
разморозь лобовое на максимум,defrost_set,"{""level"": ""max""}"
сделай обдув лица,ac_set,"{""zone"": ""face""}"
включи обдув в зону ног,ac_set,"{""zone"": ""feet""}"
переключи на станцию 94.5,radio_set_station,"{""station"": ""94.5""}"
включи плейлист по поездке,play_music,"{""source"": ""playlist""}"
громкость 15,volume_set,"{""level"": 15}"
укажи маршрут к работе,nav_start,"{""destination"": ""work""}"
напомни маршрут к дому,nav_start,"{""destination"": ""home""}"
поставь дефрост на лобовое,defrost_set,"{""level"": ""auto""}"
помоги найти маршрут к парку,nav_start,"{""destination"": ""park""}"
загрузи плейлист вечерний,play_music,"{""source"": ""evening_playlist""}"
включи повтор для песни,media_repeat_set,"{""state"": ""on""}"
разморозь лобовое стекло частично,defrost_set,"{""level"": ""partial""}"
переключи станцию на jazzy,radio_set_station,"{""station"": ""jazzy""}"
поставь маршрут к супермаркету,nav_start,"{""destination"": ""supermarket""}"
помоги найти ближайшую стоянку,nav_start,"{""destination"": ""parking_lot""}"
скажи прогноз на дороге утром,chitchat,
"пожалуйста, подними окно",window_set,
мне нужно чуть открыть окно,window_set,
открой окно чуть выше,window_set,
переключи режим на авто,ac_mode_set,"{""mode"": ""auto""}"
установи силу вентилятора три,ac_fan_set,"{""fan"": 3}"
разморозить лобовое стекло,defrost_set,
переключи на радиостанцию 101.5,radio_set_station,"{""station"": 101.5}"
настрой радио на Classic FM,radio_set_station,"{""station"": ""Classic FM""}"
включи перемешку,media_shuffle_set,"{""shuffle"": true}"
прибавь громкость на два,volume_change,"{""delta"": 2}"
сделайте звонок Татьяне,call_start,"{""name"": ""Татьяна""}"
настрой ночной режим фар,headlights_set,"{""mode"": ""night""}"
как твои дела за рулем,chitchat,
включи режим тишины,volume_mute_set,"{""state"": ""on""}"
настрой радио на Rock FM,radio_set_station,"{""station"": ""Rock FM""}"
установи повтор трека,media_repeat_set,"{""state"": ""repeat""}"
переключи на радиостанцию 97.4,radio_set_station,"{""station"": 97.4}"
настроить направление к аэропорту,nav_start,"{""destination"": ""аэропорт""}"
Открой окно на проветривание,window_set,"{""state"": ""open""}"
Установи авто режим,ac_mode_set,"{""mode"": ""auto""}"
Задай вентилятор на максимум,ac_fan_set,"{""level"": 5}"
Установи вентилятор на две,ac_fan_set,"{""level"": 2}"
Раздвинь люк на максимум,sunroof_set,"{""position"": ""open""}"
Сыграй песню через Bluetooth,play_music,"{""source"": ""bluetooth""}"
Громкость ниже,volume_change,"{""delta"": -1}"
Установи громкость на три,volume_set,"{""level"": 3}"
Установи громкость на два,volume_set,"{""level"": 2}"
Переключи источник Bluetooth,media_source_set,"{""source"": ""bluetooth""}"
Переключи источник USB,media_source_set,"{""source"": ""usb""}"
Настрой FM 101.5,radio_set_station,"{""station"": ""101.5""}"
Настрой станцию 101.1,radio_set_station,"{""station"": ""101.1""}"
Старт навигации к работе,nav_start,"{""destination"": ""работа""}"
Свяжись с Анной,call_start,"{""contact"": ""Анна""}"
Установи дворники на среднюю,wipers_set,"{""speed"": ""medium""}"
Дождь включен,rain_set,"{""intensity"": ""low""}"
Нагрей руль до среднего,wheel_heater_set,"{""level"": 3}"
Хочешь кофе?,chitchat,
Громкость тише,volume_change,"{""delta"": -1}"
Опусти громкость,volume_change,"{""delta"": -1}"
Включи радио 102.5,radio_set_station,"{""station"": ""102.5""}"
Настрой FM 88.7,radio_set_station,"{""station"": ""88.7""}"
Приостанови воспроизведение музыки,media_pause,
Сделай следующую дорожку,next_track,
Верни прошлую дорожку,previous_track,
Сменяй источник на Bluetooth,media_source_set,"{""source"": ""bluetooth""}"
Переключись на радиостанцию 107.5,radio_set_station,"{""station"": ""107.5""}"
Включи дальний свет автоматически,high_beam_set,"{""mode"": ""auto""}"
Установи режим датчика дождя,rain_set,"{""mode"": ""sensor""}"
Покажи подогрев руля,wheel_heater_set,"{""position"": ""steering_wheel""}"
Сменить источник на Spotify,media_source_set,"{""source"": ""spotify""}"
Сделай тише на 5 шагов,volume_change,"{""delta"": -5}"
Останови музыку на паузе,stop_music,
Начни звонок через контакт Иван,call_start,"{""contact"": ""Ivan""}"
Сделай звонок на номер 555-0123,call_start,"{""phone"": ""555-0123""}"
Поиск маршрута до офиса,nav_start,"{""destination"": ""office""}"
Снизь фары до минимума,headlights_set,"{""mode"": ""low""}"
Уменьши дворники до скорости средней,wipers_set,"{""speed"": ""medium""}"
Подними окно заднего правого сиденья,window_set,"{""window"": ""rear_right"", ""action"": ""up""}"
Закрой водительское окно,window_set,"{""window"": ""driver"", ""action"": ""close""}"
Поставь кондиционер на максимальную скорость вентилятора,ac_fan_set,"{""level"": ""high""}"
Отключи режим авто кондиционера,ac_mode_set,"{""mode"": ""off""}"
Поменяй маршрут на ближайший,nav_start,"{""destination"": ""nearest""}"
Сообщи о погоде внутри салона,chitchat,
Какой маршрут по времени даст лучший результат?,chitchat,
Установи климат в автоматический режим,ac_mode_set,"{""mode"": ""auto""}"
Подогрей водительское сиденье до высокого,seat_heater_set,"{""seat"": ""driver"", ""level"": ""high""}"
Подогрей сиденье пассажира на минимальный,seat_heater_set,"{""seat"": ""passenger"", ""level"": ""low""}"
Направь воздух к ногам,ac_fan_set,"{""vent_target"": ""feet""}"
Увеличь температуру на два градуса,ac_set,"{""temperature_delta"": 2}"
Переключи радиостанцию на 101.0,radio_set_station,"{""station"": ""101.0""}"
Выбери Bluetooth как источник музыки,media_source_set,"{""source"": ""bluetooth""}"
Включи повторение музыки,media_repeat_set,"{""state"": ""repeat""}"
Установи радио на станцию 94.3,radio_set_station,"{""station"": ""94.3""}"
Установи радио на станцию 94.7,radio_set_station,"{""station"": ""94.7""}"
Гаси дальний свет,high_beam_set,"{""state"": ""off""}"
Поставь дворники на максимальную скорость,wipers_set,"{""speed"": ""high""}"
Скажи прогноз погоды за рулём,chitchat,
Какая погода на дороге?,chitchat,
Посоветуй маршрут вокруг пробки,nav_start,"{""destination"": ""best_route_around_traffic""}"
Опусти водительское окно на половину,window_set,"{""window"": ""driver"", ""action"": ""down"", ""amount"": ""half""}"
Сменю источник музыки на FM,media_source_set,"{""source"": ""FM""}"
Включи дефрост спереди,defrost_set,"{""mode"": ""front""}"
Установи климат на режим Eco,ac_mode_set,"{""mode"": ""eco""}"
Поставь климат в режим Auto,ac_mode_set,"{""mode"": ""auto""}"
Включи кондиционер в Auto,ac_mode_set,"{""mode"": ""auto""}"
Расскажи историю за рулём,chitchat,
Сменю источник музыки на USB,media_source_set,"{""source"": ""usb""}"
Сохрани настройки климата в профиль,chitchat,
Громче,volume_change,
Тише,volume_change,
Переключи на радиостанцию джаз,radio_set_station,"{""station"": ""джаз""}"
Установи температуру двадцать четыре,ac_set,"{""temperature"": 24}"
Скорость вентилятора пять,ac_fan_set,"{""fan_speed"": 5}"
Обогрев сиденья водитель,seat_heater_set,"{""seat"": ""driver""}"
Обогрев сиденья пассажира,seat_heater_set,"{""seat"": ""passenger""}"
Вентиляция сиденья пассажир,seat_vent_set,"{""seat"": ""passenger""}"
Дождевые режимы включи,rain_set,
Настрой обогрев руля на максимум,wheel_heater_set,"{""level"": ""max""}"
Переключи источник аудио на Bluetooth,media_source_set,"{""source"": ""bluetooth""}"
Включи режим перемешивания треков,media_shuffle_set,
Поставь радиостанцию 98.7,radio_set_station,"{""station"": ""98.7""}"
Настрой навигатор к офису,nav_start,
Дождь включи режим,rain_set,
Установи подогрев руля максимум,wheel_heater_set,"{""level"": ""max""}"
Поставь музыку на повторе,media_repeat_set,
Переключи радиоканал на 101.5,radio_set_station,"{""station"": ""101.5""}"
Скажи погоду по маршруту,chitchat,
Сделай паузу на пять минут,media_pause,"{""delay_minutes"": 5}"
Навигатор к дому через пятнадцать минут,nav_start,"{""delay_minutes"": 15}"
Говори с пассажиром,chitchat,
Включи световые габариты,headlights_set,"{""mode"": ""all""}"
Сделай лобовое стекло чище,defrost_set,
Установи температуру тридцать два,ac_set,"{""temperature"": 32}"
Подогрей сиденья водитель,seat_heater_set,"{""seat"": ""driver""}"
Проверь зеркало заднего вида,chitchat,
включи обдув пассажира на максимум,ac_fan_set,"{""level"": 5}"
выбери режим авто в климат-контроле,ac_mode_set,"{""mode"": ""auto""}"
обогрев сиденья водителя на 2,seat_heater_set,"{""seat"": ""driver"", ""level"": 2}"
обдув водителя на средний уровень,ac_fan_set,"{""seat"": ""driver"", ""level"": 3}"
проветривание в салоне на максимум,ac_fan_set,"{""level"": 5}"
повышай громкость на пять,volume_set,"{""volume"": 5}"
назови станцию 97.3,radio_set_station,"{""station"": ""97.3""}"
сделай маршрут к офису,nav_start,"{""destination"": ""офис""}"
включи дворники на перемежающемся режиме,wipers_set,"{""speed"": ""intermittent""}"
ночной туман усложняет маршрут,chitchat,
как там дорога ночью в тумане,chitchat,
серпантин требует внимания за рулём,chitchat,
ночь на трассе требует внимания,chitchat,
"мне кажется, серпантинам нужен фокус",chitchat,
помни про ремни безопасности,chitchat,
"скажи, если нужен перерыв",chitchat,
куда сейчас повернуть,chitchat,
покажи маршрут к аэропорту,nav_start,"{""destination"": ""аэропорт""}"
куда дальше повернуть,chitchat,
сейчас другой поворот,chitchat,
сейчас держимся ближе к обочине,chitchat,
мы завершим маршрут без происшествий,chitchat,
ночная дорога всё ещё таит загадку,chitchat,
помоги с навигацией в темноте,chitchat,
куда повернуть дальше по маршруту,chitchat,
посмотри маршрут к аэропорту,nav_start,"{""destination"": ""аэропорт""}"
проверь ближайший поворот,chitchat,
сейчас жарко — настрой кондиционер снова,chitchat,
не забывай пристегнуться,chitchat,
"уверен, дорога пустая",chitchat,
попробуй проложить маршрут по обходу,chitchat,
это отличный момент для тишины,chitchat,
куда дальше повернуть справа,chitchat,
впереди поворот на лево,chitchat,
лучшее место для обочины,chitchat,
помни про ограничения скорости,chitchat,
ночь и туман создают риск на поворотах,chitchat,
давай держаться ближе к центральной линии,chitchat,
могу ли чуть снизить громкость,chitchat,
проверь дальность света и видимость,chitchat,
ночная поездка идет отлично,chitchat,
не забывай проверить датчики,chitchat,
"посмотри, впереди поворот на заправку",chitchat,
мне нравится спокойный стиль за рулем,chitchat,
проверь зеркало и держи дистанцию,chitchat,
ночь туман и серпантин делают путь интереснее,chitchat,
надо держаться вдоль обочины,chitchat,
малыши шумят — сохраняй спокойствие,chitchat,
попрошу тебя оставить маршрут без изменений,chitchat,
повышай громкость до ста,volume_set,"{""level"": 100}"
уменьши громкость до тридцати,volume_set,"{""level"": 30}"
выключи громкость,volume_mute_set,
переключи на волну 97.3,radio_set_station,"{""station"": ""97.3""}"
настрой радиоприёмник на 101.1,radio_set_station,"{""station"": ""101.1""}"
настрой радиостанцию 88.0,radio_set_station,"{""station"": ""88.0""}"
активируй вентиляцию сидений,seat_vent_set,
опусти окно чуть,window_set,
закрой окно полностью,window_set,
опусти боковое стекло,window_set,
сделай радиостанцию 102.2,radio_set_station,"{""station"": ""102.2""}"
включи радио и найди станцию 90.1,radio_set_station,"{""station"": ""90.1""}"
выбери маршрут к работе,nav_start,"{""destination"": ""work""}"
как тебе дорога сегодня,chitchat,"{""topic"": ""дорога""}"
есть планы на путь,chitchat,"{""topic"": ""путь""}"
что ты думаешь о маршруте,chitchat,"{""topic"": ""маршрут""}"
включи дальний свет на единицу,high_beam_set,"{""intensity"": 1}"
переключи новую радиостанцию 107.9,radio_set_station,"{""station"": ""107.9""}"
включи дефрост на низком уровне,defrost_set,"{""level"": ""low""}"
установи температуру в 24 градуса,ac_set,"{""temperature"": 24}"
громкость вверх,volume_change,
переключи источник музыки на радио,radio_set,
переключи на радиостанцию 93.5,radio_set_station,"{""station"": ""93.5""}"
настрой вентиляцию для ног,seat_vent_set,
включи автоматический режим дождя,rain_set,
построй маршрут к торговому центру,nav_start,
выбери источник медиабиблиотеки,media_source_set,
переключи на USB-диск,media_source_set,
послушай радиостанцию 80s,radio_set_station,"{""station"": ""80s""}"
продолжи воспроизведение,play_music,
настрой USB-источник,media_source_set,
подключи Bluetooth к аудиосистеме,media_source_set,
как настроение,chitchat,
давай поговорим,chitchat,
какие планы на дорогу,chitchat,
напомни о безопасности на дороге,chitchat,
Установи температуру в авто на 22 градуса,ac_set,"{""temperature"": 22}"
Поставь температуру 20 градусов,ac_set,"{""temperature"": 20}"
Задай скорость вентилятора пять,ac_fan_set,"{""fan_speed"": 5}"
Сиденье водителя нагреть до 3,seat_heater_set,"{""seat"": ""driver"", ""level"": 3}"
Погрей сиденье пассажира на второй уровень,seat_heater_set,"{""seat"": ""passenger"", ""level"": 2}"
Включи радиостанцию FM,radio_set,"{""band"": ""FM""}"
Настрой радиоканал на 101.2 FM,radio_set_station,"{""station"": ""101.2"", ""band"": ""FM""}"
Увеличь громкость на 6 пунктов,volume_change,"{""delta"": 6}"
Подключи Bluetooth как источник,media_source_set,"{""source"": ""bluetooth""}"
Настрой радиостанцию на частоту FM,radio_set,"{""band"": ""FM""}"
Переключи радиостанцию на станцию 98.3,radio_set_station,"{""station"": ""98.3"", ""band"": ""FM""}"
Установи подогрев руля на средний,wheel_heater_set,"{""level"": 2}"
Подогрей руль до третьего уровня,wheel_heater_set,"{""level"": 3}"
Как проходит дорога?,chitchat,
"Скажи, как твой день",chitchat,
"Говори со мной, как с другом",chitchat,
Установи вентиляцию сиденья пассажира на 2,seat_vent_set,"{""seat"": ""passenger"", ""level"": 2}"
Разморозь стекло заднее,defrost_set,"{""mode"": ""rear""}"
Построй маршрут до ближайшей заправки,nav_start,"{""destination"": ""ближайшая заправка""}"
Увеличь громкость ещё на 4,volume_change,"{""delta"": 4}"
Установи громкость на 15,volume_set,"{""level"": 15}"
Включи повторение плейлиста,media_repeat_set,"{""state"": ""on""}"
Включи повторение случайного трека,media_shuffle_set,"{""state"": ""on"", ""mode"": ""shuffle""}"
Запусти навигацию к кофейне,nav_start,"{""destination"": ""кофейня""}"
Установи дефрост на фронтальное стекло,defrost_set,"{""mode"": ""front""}"
Закрой крышу люка,sunroof_close,"{""position"": ""closed""}"
Скажи пример дорожного времени,chitchat,
Уровень вентиляции сиденья водителя 3,seat_vent_set,"{""seat"": ""driver"", ""level"": 3}"
Установи максимальный подогрев сидения водителя,seat_heater_set,"{""seat"": ""driver"", ""level"": 3}"
Включи режим дефроста для лобового,defrost_set,"{""mode"": ""front""}"
Включи дефрост для лобового стекла на всю мощность,defrost_set,"{""mode"": ""front"", ""intensity"": ""high""}"
Поверни люк на крышe до открытого состояния,sunroof_set,"{""position"": ""open""}"
Проветри салон,window_set,
Проветри заднее окно,window_set,
Включи тепло в салоне,ac_set,
Поддержи температуру 22,ac_set,"{""temperature"": 22}"
Лобовое стекло разморозь,defrost_set,
Приоткрой люк на крыше,sunroof_set,
Открой радиоприёмник,radio_set,
Стань на радиостанцию 88.8,radio_set_station,"{""station"": ""88.8""}"
Настрой радиостанцию на 99.9,radio_set_station,"{""station"": ""99.9""}"
Воспроизведи случайный режим,media_shuffle_set,
Открой музыку снова,play_music,
Останови музыку на паузу,media_pause,
Отмена маршрута,nav_cancel,
Сбрось текущий звонок,call_hangup,
Включи режим экономии тока фар,headlights_set,"{""mode"": ""auto""}"
Выбери режим вентиляции охлаждение,ac_mode_set,"{""mode"": ""cooling""}"
Переключи на радиостанцию 101.7,radio_set_station,"{""station"": ""101.7""}"
Поставь музыку из Spotify,media_source_set,"{""source"": ""spotify""}"
Сыграй следующую дорожку,next_track,
Подними громкость на 10,volume_change,"{""delta"": 10}"
Выключи звук на 5 минут,volume_mute_set,"{""duration"": 5}"
Поставь источник Apple Music,media_source_set,"{""source"": ""apple_music""}"
Сделай рандомную перемешку треков,media_shuffle_set,"{""state"": ""shuffle_on""}"
Какая дорожная обстановка по маршруту,chitchat,
Скажи что-нибудь по дороге,chitchat,
Сменим источник на радио,media_source_set,"{""source"": ""radio""}"
Переключи на станцию 107.9,radio_set_station,"{""station"": ""107.9""}"
Начни навигацию к работе,nav_start,"{""destination"": ""work""}"
Сделай дефрост автоматически,defrost_set,"{""mode"": ""auto""}"
Очисти стеклоочистители,wipers_set,"{""state"": ""clear""}"
Установи подогрев сиденья слева,seat_heater_set,"{""seat"": ""left"", ""state"": ""on""}"
Установи подогрев сиденья справа,seat_heater_set,"{""seat"": ""right"", ""state"": ""on""}"
Выбери режим вентиляции тепло,ac_mode_set,"{""mode"": ""heating""}"
Установи нагрев сиденья водителя на 2,seat_heater_set,"{""seat"": ""driver"", ""level"": 2}"
Установи нагрев сиденья пассажира на 1,seat_heater_set,"{""seat"": ""passenger"", ""level"": 1}"
Включи дефрост на стекле,defrost_set,"{""mode"": ""front""}"
Включи режим энергосбережения,ac_mode_set,"{""mode"": ""eco""}"
Какой сейчас режим кондиционера?,chitchat,
Уменьши температуру на 3 градуса,ac_set,"{""temperature_delta"": -3}"
Настрой баланс звука,volume_change,"{""balance"": ""stereo""}"
Включи USB-плеер,media_source_set,"{""source"": ""usb""}"
Сыграй джазовую подборку,play_music,"{""playlist"": ""jazz""}"
Сделай паузу на 10 секунд,media_pause,"{""duration"": 10}"
Включи подсветку приборной панели,headlights_set,"{""mode"": ""panel_lights""}"
Установи дефрост на переднее и заднее стекло,defrost_set,"{""mode"": ""front_and_rear""}"
выключи нагрев сидений,seat_heater_set,"{""state"": ""off""}"
опусти окно на чуть-чуть,window_set,"{""position"": ""slightly_open""}"
поставь дефрост лобового стекла,defrost_set,"{""target"": ""front""}"
активируй обдув лобового стекла,defrost_set,"{""target"": ""front""}"
радиостанцию номер один,radio_set_station,"{""station"": ""1""}"
громкость на тридцать,volume_set,"{""level"": 30}"
повышай громкость постепенно,volume_change,"{""direction"": ""up""}"
пропусти трек вперед,next_track,
настрой громкость на 25 процентов,volume_set,"{""level"": 25}"
радио 99.5,radio_set_station,"{""station"": ""99.5""}"
сохранённая радиостанция — держи,radio_set,"{""mode"": ""radio""}"
найди маршрут к работе,nav_start,"{""destination"": ""работа""}"
обнови маршрут через развязку,nav_start,"{""destination"": ""объезд""}"
"перестрой маршрут, навигатор путается",nav_start,
переключи разговор на громкую связь,call_start,"{""mode"": ""handsfree""}"
включи фары дальнего света,high_beam_set,"{""state"": ""on""}"
включи дворники на медленном режиме,wipers_set,"{""speed"": ""low""}"
активируй обдув заднего стекла,defrost_set,"{""target"": ""rear""}"
попроси экран сделать тише,chitchat,"{""tone"": ""quiet""}"
пассажир спит — говори поменьше,chitchat,"{""tone"": ""low""}"
не отвлекай — держи фокус,chitchat,"{""tone"": ""calm""}"
медленно понижай громкость,volume_change,"{""direction"": ""down""}"
приостанавливай музыку,media_pause,
переключись на USB и отключи Bluetooth,media_source_set,"{""source"": ""usb""}"
включи радиостанцию на 101.2,radio_set_station,"{""station"": ""101.2""}"
сделай ночной режим экрана,chitchat,"{""tone"": ""dark""}"
опусти левое окно полностью,window_set,"{""window"": ""left"", ""position"": ""fully_open""}"
назначь маршрут к парку,nav_start,"{""destination"": ""парк""}"
включи ночной режим навигации,nav_start,"{""destination"": ""ночной режим""}"
запусти поиск парковки поблизости,nav_start,"{""destination"": ""парковка""}"
медленно приглушай экран ночью,chitchat,"{""tone"": ""soft""}"
"Утром на трассе жарко, включи кондиционер на максимум",ac_mode_set,
"Не хочу отвлекаться, снизь громкость музыки",volume_change,
На трассе стекла запотевают — включи обогрев лобового,defrost_set,
Опусти окна на полсантиметра,window_set,
С утра включи дальний свет,high_beam_set,
Включи автоматическую вентиляцию,ac_mode_set,
Установи обдув на лобовое стекло,defrost_set,
Поставь режим вентиляции в автоматическом режиме,ac_mode_set,
Опусти окна чуть-чуть,window_set,
Подними люк на небольшой угол,sunroof_set,
Переключи радио на любимую волну,radio_set_station,
Переключи радио на станцию любимую,radio_set_station,
Настрой стеклоочистители на автоматический режим,wipers_set,
Скажи что-нибудь дружеское,chitchat,
"Доброе утро, как ты сегодня?",chitchat,
Расскажи прогноз дороги,chitchat,
Подскажи лучший маршрут,chitchat,
"Спроси, как идёт путь",chitchat,
Переключи источник музыки на потоковый сервис,media_source_set,
Слушай мой плейлист,play_music,
Сыграй следующий трек из плейлиста,next_track,
Включи радиопередачу на волне,radio_set,
Соединись с Bluetooth,media_source_set,
Запусти ночной режим освещения,headlights_set,
Установи обогрев руля,wheel_heater_set,
Выбери очередную радиостанцию,radio_set_station,
Включи Defrost на все окна,defrost_set,
Установи вентилятор на высокий,ac_fan_set,
"Пожалуйста, настрой климат-контроль на комфорт",ac_mode_set,
регулируй вентилятор на средний,ac_fan_set,
сделай громкость чуть выше,volume_change,"{""delta"": 5}"
дворники на максималке,wipers_set,"{""speed"": ""high""}"
настрой вентиляцию на лицо,ac_fan_set,
проложи маршрут через тоннель,nav_start,"{""destination"": ""тоннель""}"
"тише, музыка",volume_change,"{""delta"": -2}"
помоги выбрать плейлист,chitchat,
шутка про дорогу,chitchat,
переключи на джаз,play_music,
выбери рок-радио,radio_set,
"стань тише, снизь громкость",volume_change,"{""delta"": -10}"
поставь ночной режим климата,ac_mode_set,"{""mode"": ""night""}"
установи температуру 25 градусов,ac_set,"{""temperature"": 25}"
включи режим экономии,ac_mode_set,"{""mode"": ""eco""}"
прокрутку маршрута на объезд,nav_start,"{""destination"": ""объезд""}"
Установи режим обдува на лицо,ac_mode_set,
Увеличь скорость вентилятора до пятой,ac_fan_set,"{""level"": 5}"
Поставь подогрев сиденья водителя,seat_heater_set,
Включи обдув на сиденье пассажира,seat_vent_set,"{""seat"": ""front_passenger""}"
Сделай предыдущий трек,previous_track,
Переключи радиостанцию на 102.4,radio_set_station,"{""station"": ""102.4""}"
Выбери радиостанцию BBC World Service,radio_set_station,"{""station"": ""BBC World Service""}"
Сделай панорамный люк открытым,sunroof_set,"{""position"": ""open""}"
Который час?,chitchat,
Говори погоду по маршруту,chitchat,
Найди заправку поблизости,nav_start,"{""destination"": ""заправка поблизости""}"
Отключи повтор песни,media_repeat_set,
Переключись на AUX,media_source_set,"{""source"": ""aux""}"
Выбор источника: радио,media_source_set,"{""source"": ""radio""}"
Сменить радиостанцию на рок,radio_set_station,"{""station"": ""рок""}"
Начни путь к дому по старому маршруту,nav_start,"{""destination"": ""дом""}"
Пусть навигация найдёт ближайшую парковку,nav_start,"{""destination"": ""парковка""}"
Расскажи дорогу в центр,chitchat,
Какой сейчас час на маршруте?,chitchat,
Расскажи дорогу до центра города,nav_start,"{""destination"": ""центр города""}"
Какая погода по маршруту?,chitchat,
Снизь громкость ещё,volume_change,"{""delta"": -5}"
Установи экономичный режим климата,ac_mode_set,"{""mode"": ""eco""}"
Настрой зеркала на нужную позицию,chitchat,
Покажи текущий трек,chitchat,
установи кондиционер на прохладу,ac_mode_set,"{""mode"": ""cool""}"
включи режим обогрева сидений,seat_heater_set,
поставь обдув лобового стекла,defrost_set,"{""target"": ""windshield""}"
выруби звук в радиоприёмнике,radio_set,"{""state"": ""muted""}"
снизь громкость на пять,volume_change,"{""delta"": -5}"
поставь беззвучный режим,volume_mute_set,"{""state"": ""muted""}"
переключи песню,next_track,
назад к предыдущему треку,previous_track,
навигируй к дому,nav_start,"{""destination"": ""home""}"
включи передний свет,headlights_set,"{""state"": ""on""}"
включи стеклоочистители на слабом режиме,wipers_set,"{""speed"": ""low""}"
включи омыватели стекол,wipers_set,"{""wash"": ""on""}"
на серпантине повернуть направо через километр,nav_start,"{""destination"": ""turn_right_in_km""}"
"серпантин уже близко, сверни налево",nav_start,"{""destination"": ""left_turn_at_curve""}"
"не отвлекайся, держись маршрута",chitchat,"{""topic"": ""drive_focus""}"
поболтай со мной пару минут,chitchat,"{""topic"": ""small_talk""}"
"как дела, расскажи историю",chitchat,"{""topic"": ""story""}"
температура в салоне уже комфортная,ac_set,"{""temperature"": 22}"
проверь температуру и сделай автоматический режим,ac_mode_set,"{""mode"": ""auto""}"
открой левое окно на минуту,window_set,"{""side"": ""left"", ""state"": ""open"", ""duration"": ""60s""}"
снизь температуру на 2 градуса,ac_set,"{""temperature"": 20}"
переключи фары на дневной режим,headlights_set,"{""mode"": ""day""}"
включи паузу в музыке,media_pause,
включи интернет-радио,media_source_set,"{""source"": ""internet_radio""}"
поставь громкость 25 процентов,volume_set,"{""level"": 25}"
сделай звук чуть тише,volume_change,"{""delta"": -3}"
переключи автоматическую вентиляцию,ac_mode_set,"{""mode"": ""auto""}"
разогрей салон до комфортной температуры,ac_set,"{""temperature"": 23}"
сверни налево на серпантине,nav_start,"{""destination"": ""turn_left_at_curve""}"
поворот на серпанин прямо сейчас,nav_start,"{""destination"": ""serpentine_immediate_turn""}"
режим авто климат,ac_mode_set,
повышай скорость вентилятора,ac_fan_set,
уменьши температуру,ac_set,
поставь режим комфорт,ac_mode_set,
включи подогрев кресел,seat_heater_set,
"разморозь лобовое стекло, пожалуйста",defrost_set,
запусти маршрут,nav_start,
режим очистки стекол,wipers_set,
дождь за окном,rain_set,
утром за рулём пыльно,chitchat,
дети шумят в салоне,chitchat,
как дела на дороге утром,chitchat,
сделай маршрут через пригород после мойки,nav_start,
сделай климат под утро в пыльном пригороде,ac_mode_set,
поставь поток воздуха на лобовое,ac_set,
чтобы стекло не запотело,defrost_set,
"сделай тише, дети шумят",volume_change,
"включи музыку погромче, пока дети шумят",play_music,
помоги найти маршрут домой через пригород,nav_start,
проверить статус климата,chitchat,
покажи прогноз дороги на утро,chitchat,
настроить радиостанцию на поп-волне,radio_set_station,
выключи радио на секунду,volume_mute_set,
попроси навигацию на дом,nav_start,
сделай дефрост и авто режим,defrost_set,
поставь тему утра и пыли в салон,chitchat,
проверь стеклоочистители,wipers_set,
проведи обзор дороги через пригород,nav_start,
выбери радиостанцию Европа,radio_set_station,"{""station"": ""Европа""}"
переключи радиостанцию Маяк,radio_set_station,"{""station"": ""Маяк""}"
повышай скорость вентилятора до трёх,ac_fan_set,"{""level"": 3}"
установи температуру на 23 градуса,ac_set,"{""temperature"": 23}"
раскрой люк,sunroof_set,"{""position"": ""open""}"
активируй дворники,wipers_set,"{""state"": ""on""}"
активируй ближний свет,headlights_set,"{""beam"": ""low""}"
активируй дальний свет,high_beam_set,"{""beam"": ""high""}"
сменить источник медиа на Bluetooth,media_source_set,"{""source"": ""bluetooth""}"
переключи на радио 102,radio_set_station,"{""station"": ""102""}"
установи радио на 101.1,radio_set_station,"{""station"": ""101.1""}"
мут звука на минуту,volume_mute_set,"{""duration"": 1}"
выключи музыку через пять минут,stop_music,"{""delay"": 5}"
пропусти следующий трек,next_track,
сделай тише на три,volume_change,"{""delta"": -3}"
настрой громкость 28,volume_set,"{""level"": 28}"
установи температуру в салоне на двадцать пять,ac_set,"{""temperature"": 25}"
подогрей сиденье водителя до второго уровня,seat_heater_set,"{""seat"": ""driver"", ""level"": 2}"
включи обогрев руля на максимум,wheel_heater_set,"{""level"": 3}"
настрой навигацию домой,nav_start,"{""destination"": ""дом""}"
отменить навигацию сейчас,nav_cancel,
закончить звонок,call_hangup,
сменить источник медиа на CD,media_source_set,"{""source"": ""cd""}"
включи режим повтор на плейлисте,media_repeat_set,"{""state"": ""on""}"
перемешай остальные треки,media_shuffle_set,"{""state"": ""on""}"
радио на волне Радио России,radio_set_station,"{""station"": ""Радио России""}"
Установи температуру кондиционера на 26,ac_set,"{""temperature"": 26}"
Уменьши температуру до 19,ac_set,"{""temperature"": 19}"
Увеличь обороты вентилятора до 4,ac_fan_set,"{""fan_speed"": 4}"
Настрой авто-климат на авто,ac_mode_set,"{""mode"": ""auto""}"
Установи температуру на 21,ac_set,"{""temperature"": 21}"
Включи дефрост переднего стекла,defrost_set,"{""mode"": ""front""}"
Поставь режим повторения музыки,media_repeat_set,"{""state"": ""on""}"
Переключись на радиостанцию FM 102.9,radio_set_station,"{""station"": ""FM 102.9""}"
Включи радиостанцию 99.1,radio_set_station,"{""station"": ""99.1""}"
Настрой станцию на 101.8,radio_set_station,"{""station"": ""101.8""}"
Увеличь громкость до 75,volume_set,"{""level"": 75}"
Открой плейлист,play_music,"{""playlist"": ""current""}"
Включи авто-свет,headlights_set,"{""state"": ""auto""}"
Установи дворники в авто-режим,wipers_set,"{""mode"": ""auto""}"
Включи датчик осадков,rain_set,"{""state"": ""on""}"
Какие новости на трассе?,chitchat,
"Говори со мной, помощник",chitchat,
Начни маршрут к магазину,nav_start,"{""destination"": ""магазин""}"
Позвони директору,call_start,"{""contact"": ""директор""}"
Установи стеклоочистители в авто-режим,wipers_set,"{""mode"": ""auto""}"
Активируй датчик осадков,rain_set,"{""state"": ""on""}"
Поставь режим ночного вождения,headlights_set,"{""state"": ""on"", ""mode"": ""night""}"
Сделай громкость потише на 5,volume_change,"{""delta"": -5}"
Найди ближайшую парковку рядом,nav_start,"{""destination"": ""ближайшая парковка рядом""}"
Отмени маршрут навигации,nav_cancel,
Заверши звонок звонок,call_hangup,
Поставь стеклоочистители на минимальную скорость 2,wipers_set,"{""speed"": ""low""}"
Настрой кондиционер на холод,ac_mode_set,
Установи подогрев сидений,seat_heater_set,
Разогрей сиденья до максимума,seat_heater_set,
Включи потоковую музыку,media_source_set,
Установи дворники на низкий режим,wipers_set,
Проведи дружелюбную беседу,chitchat,
Как погода на рассвете?,chitchat,
Скажи направление к парку,nav_start,
Как пройти к парку от дома?,nav_start,
Назови маршрут до офиса,nav_start,
"Скажи, как проехать до аэропорта",nav_start,
Установи источник медиа на радио,media_source_set,
Сыграй любимую песню прямо сейчас,play_music,
Включи обогрев сидений на втором ряду,seat_heater_set,
Закрой заднее окно полностью,window_set,
Поставь вентилятор в автоматический режим,ac_mode_set,
Уменьши жар в салоне,ac_mode_set,
Запусти дефрост на лобовом стекле,defrost_set,
Проведи беседу в режиме авто,chitchat,
Переключи канал на онлайн радио,radio_set,
Уменьши громкость в салоне,volume_change,
Уменьши гром,volume_change,
Тише ночью,volume_change,
Не повышай гром,volume_change,
Уменьши гром салона,volume_change,
Громкость поменьше,volume_change,
Сделай тише всерьез,volume_change,
Установи 22 градуса,ac_set,"{""temperature"": 22}"
Включи охлаждение,ac_mode_set,
Установи вентилятор на средний,ac_fan_set,"{""fan_speed"": 3}"
Обогрей салон,ac_mode_set,
Температура 23,ac_set,"{""temperature"": 23}"
Установи 24 градуса,ac_set,"{""temperature"": 24}"
Режим вентиляции авто,ac_mode_set,
Найди тихую парковку,nav_start,
Парковка у входа,nav_start,
Выбери спокойную стоянку,nav_start,
Паркуйся рядом с выходом,nav_start,
Проложи маршрут к безшумному месту,nav_start,
Найди место без людей поблизости,nav_start,
Найди парковку вдали от дороги,nav_start,
Сделай маршрут через тихий квартал,nav_start,
Включи радио 101.7,radio_set_station,"{""station"": ""101.7""}"
Сделай плей любимых треков,play_music,
Сейчас пауза музыки,media_pause,
Установи радиостанцию 98.3,radio_set_station,"{""station"": ""98.3""}"
Куда идет станция 102.5 FM,radio_set_station,"{""station"": ""102.5""}"
Подогрей сиденья водителя,seat_heater_set,
Включи дефрост заднего стекла,defrost_set,
Как прошел день,chitchat,
Завершить вызов,call_hangup,
Случайный порядок треков включи,media_shuffle_set,
Найди путь до дома ночью,nav_start,
проиграй следующую песню,next_track,
переключи на предыдущую композицию,previous_track,
убавь громкость на 3,volume_change,"{""delta"": -3}"
радиостанция 101.5,radio_set_station,"{""station"": ""101.5""}"
радиостанция 88.3,radio_set_station,"{""station"": ""88.3""}"
выбери радиостанцию в списке,radio_set,
установи повтор текущей песни,media_repeat_set,
настрой дворники на дождь,rain_set,
построй маршрут до магазина,nav_start,"{""destination"": ""магазин""}"
переключи фары на ночь,headlights_set,
включи автоматические дворники,wipers_set,
как настроение вечером за рулем,chitchat,
подскажи песню под вечер,chitchat,
радиостанция 102.1,radio_set_station,"{""station"": ""102.1""}"
поставь песню на повтор,media_repeat_set,
слушай через bluetooth,media_source_set,"{""source"": ""bluetooth""}"
выбери станцию радиоприемника 95.5,radio_set_station,"{""station"": ""95.5""}"
построй маршрут домой через центр города,nav_start,"{""destination"": ""дом через центр города""}"
позвони тёще,call_start,"{""contact"": ""тёща""}"
включи ночной режим света,headlights_set,
выбери режим обдува авто,ac_mode_set,
сменить источник музыки,media_source_set,
позвони мне,call_start,
переключи источник музыки голосом,media_source_set,
переключи на радиостанцию 88.1,radio_set_station,"{""station"": ""88.1""}"
проложи быстрый маршрут до магазина,nav_start,"{""destination"": ""магазин"", ""fast"": true}"
ответь на звонок Анны,call_answer,"{""contact"": ""Анна""}"
увеличь жару до 24 градусов,ac_set,"{""temperature"": 24}"
уменьши скорость вентилятора до нуля,ac_fan_set,"{""level"": 0}"
выбери маршрут ближайшего парковочного места,nav_start,"{""destination"": ""парковка""}"
помоги с настройкой климата ночью,ac_set,
слушай радиостанцию 101.7,radio_set_station,"{""station"": ""101.7""}"
сделай громкость на пять пунктов,volume_change,"{""delta"": 5}"
сделай тише до уровня двадцать,volume_set,"{""level"": 20}"
включи радио на волне 92.3,radio_set_station,"{""station"": ""92.3""}"
настрой навигацию домой через голос,nav_start,"{""destination"": ""дом""}"
отмени маршрут и найдёшь другой путь,nav_cancel,
положи трубку после звонка,call_hangup,
Выбери режим обдува,ac_mode_set,
Установи скорость вентилятора,ac_fan_set,
Включи подогрев сиденья пассажиру,seat_heater_set,"{""seat"": ""passenger""}"
Ускорь дворники,wipers_set,
Включи стеклоочистители на дождь,rain_set,
Включи стеклоочистители во время ливня,rain_set,
Переключи на радиостанцию 101.5 FM,radio_set_station,"{""station"": ""101.5""}"
Переключи на радиостанцию 87.8,radio_set_station,"{""station"": ""87.8""}"
Проклади маршрут к ближайшему ТЦ,nav_start,"{""destination"": ""ближайший ТЦ""}"
Запусти поиск пути к аптеке,nav_start,"{""destination"": ""аптека""}"
Сделай повторный набор,call_start,"{""contact"": ""повтор""}"
Не отвечай на звонок,call_hangup,
Сделай подсказку на дорогу,chitchat,"{""topic"": ""дорога""}"
Что за настроение у дороги,chitchat,
Скажи привет водителю,chitchat,"{""recipient"": ""водителю""}"
Переключись на USB-источник,media_source_set,"{""source"": ""USB""}"
Сменить источник на Radio,media_source_set,"{""source"": ""Radio""}"
Поиграй любимую песню,play_music,
Открой заднее окно слева,window_set,"{""window_side"": ""rear_left""}"
Подними температуру до 24 градусов,ac_set,"{""temperature"": 24}"
Отключи климат контроль,ac_off,
Очисти лобовое стекло от инея,defrost_set,"{""mode"": ""defrost""}"
Переключи трек,next_track,
Выбери источник медиа радио,media_source_set,"{""source"": ""radio""}"
Настрой радиостанцию 101.5,radio_set_station,"{""station"": ""101.5""}"
Настрой радиостанцию Радио Вега,radio_set_station,"{""station"": ""Радио Вега""}"
Какой у тебя день,chitchat,
Где ближайшая стоянка,chitchat,
Переключись на радиостанцию Радио 7,radio_set_station,"{""station"": ""Радио 7""}"
Выключи звук на паузе,volume_mute_set,"{""state"": ""mute""}"
Перемешай альбом,media_shuffle_set,
Начни навигацию к кафе,nav_start,"{""destination"": ""кафе""}"
Переключись на радиостанцию FM 98.3,radio_set_station,"{""station"": ""FM 98.3""}"
Посмотри маршрут до работы,nav_start,"{""destination"": ""работа""}"
Включи USB,media_source_set,"{""source"": ""usb""}"
Какая сейчас громкость,volume_change,
скорость обдува 2,ac_fan_set,"{""fan_speed"": 2}"
обдув на максимум,ac_fan_set,
активируй подогрев сиденья водителя,seat_heater_set,
начни навигацию до магазина,nav_start,
включи рок-песню,play_music,
переключись на смартфон как источник,media_source_set,
создай маршрут до аэропорта,nav_start,
включи ближний свет для города,headlights_set,
включи стеклоочистители в средний режим,wipers_set,
включи подогрев руля на полную,wheel_heater_set,
поговори со скоростью на дороге,chitchat,
как дела у машины,chitchat,
сколько топлива осталось,chitchat,
расскажи новость за рулем,chitchat,
есть ли пробки впереди,chitchat,
напомни маршрут до офиса,nav_start,
напомни маршрут до магазина,nav_start,
включи транслируемую радиостанцию,radio_set,
расскажи анекдот за рулем,chitchat,
поставь режим охлаждения,ac_mode_set,
регулируй поток воздуха,ac_fan_set,
выбери ближайшую радиостанцию,radio_set_station,
поставь маршрут до дома,nav_start,
поставь дворники средние,wipers_set,
задействуй обогрев руля,wheel_heater_set,
растопи лобовое стекло,defrost_set,
включи первую песню,play_music,
помоги выбрать парковку,nav_start,
покажи дорогу к парковке,nav_start,
подсвети приборную панель,headlights_set,
установи направление потока в ноги,ac_mode_set,
переключи радиостанцию снова,radio_set_station,
назови трек заново,play_music,
переключи между радиостанциями,radio_set_station,
повтор песни,media_repeat_set,
включи вентиляцию на максимум,ac_fan_set,
установи температуру комфортно,ac_mode_set,
растопи конденсат на стеклах,defrost_set,
конфигурируй стекло пол,window_set,
помнишь номер салона,chitchat,
посоветуй маршрут на вечер,nav_start,
повысь темп воспроизведения,volume_change,
включи радио в паркинге,radio_set,
сделай питание выключенным,volume_mute_set,
переключи режим defrost,defrost_set,
переключи режим обдува,ac_mode_set,
Включи авто режим обдува,ac_mode_set,
Прогрей пассажирское сиденье,seat_heater_set,
Расставь обдув по лицу,ac_mode_set,
Установи громкость пятьдесят процентов,volume_set,"{""level"": 50}"
Установи громкость тридцать процентов,volume_set,"{""level"": 30}"
Сделай беззвучный режим,volume_mute_set,
Выберите радио,radio_set,
Настрой радиостанцию 101.7 FM,radio_set_station,"{""station"": ""101.7 FM""}"
Настрой датчики дождя,rain_set,
Начни разговор,chitchat,
"Расскажи шутку, если можно",chitchat,
"Не отвлекайся, расскажи анекдот позже",chitchat,
"Говори со мной, но не громко",chitchat,
Измени источник воспроизведения на Bluetooth,media_source_set,"{""source"": ""Bluetooth""}"
Настрой станцию 98.3 FM,radio_set_station,"{""station"": ""98.3 FM""}"
Звонок Александру,call_start,"{""contact"": ""Александр""}"
Ответь на звонок Павлу,call_answer,"{""contact"": ""Павел""}"
Установи ближний свет,headlights_set,
Расставь обдув для ног,seat_vent_set,
Расскажи погодную сводку,chitchat,
Сделай тишину во время парковки,chitchat,
Напомни о парковке слева,nav_start,"{""destination"": ""паркование слева""}"
Сыграйте спокойную песню,play_music,
Проверь направление на карте,nav_start,"{""destination"": ""карта""}"
Установи ночной режим навигации,nav_start,"{""destination"": ""ночной режим навигации""}"
Переключи на станцию 102.5 FM,radio_set_station,"{""station"": ""102.5 FM""}"
Ответь на входящий вызов от Ирины,call_answer,"{""contact"": ""Ирина""}"
Сделай прокладку через карту маршрутов,nav_start,"{""destination"": ""карта маршрутов""}"
Опусти боковое окно,window_set,
Открой переднее стекло,window_set,
Авто режим включи,ac_mode_set,
Установи режим вентилятора средний,ac_fan_set,
Переключи обдув на лобовое,ac_mode_set,
Включи подогрев стекол,defrost_set,
Подогрей обдув стекол,defrost_set,
Уменьши громкость на восемь,volume_change,"{""delta"": -8}"
Сделай звук немым,volume_mute_set,
Отключи повтор,media_repeat_set,"{""state"": ""off""}"
Настрой радиостанцию сто один,radio_set_station,"{""station"": 101}"
Дворники в дождь,rain_set,
Включи вентиляцию сиденья пассажиру,seat_vent_set,
Что нового на дороге,chitchat,
Расскажи как сегодня трафик,chitchat,
Удачной дороги тебе сегодня,chitchat,
Где ближайшая заправка поблизости,nav_start,
Включи музыку из телефона,play_music,"{""source"": ""phone""}"
Поставь громкость на шестьдесят,volume_set,"{""volume"": 60}"
Выбери режим авто кондиционера,ac_mode_set,"{""mode"": ""auto""}"
Подогрей левое сиденье,seat_heater_set,"{""seat"": ""left""}"
Поставь подогрев передних кресел,seat_heater_set,"{""seat"": ""front""}"
Переключи фары в авто,headlights_set,"{""mode"": ""auto""}"
Сделай режим дождя,rain_set,"{""state"": ""on""}"
Отключи режим дождя,rain_set,"{""state"": ""off""}"
Установи вентилятор на средний режим,ac_fan_set,"{""level"": ""medium""}"
Установи вентилятор на минимальный режим,ac_fan_set,"{""level"": ""low""}"
Переключи радио на станцию 103.5,radio_set_station,"{""station"": ""103.5""}"
Сменить источник медиа на USB,media_source_set,"{""source"": ""usb""}"
Включи случайную последовательность,media_shuffle_set,"{""state"": ""on""}"
Перейди к следующей дорожке,next_track,"{""direction"": ""next""}"
Прокладывай маршрут через центр,nav_start,"{""via"": ""center""}"
Отмени поиск маршрута,nav_cancel,
Расскажи смешной анекдот,chitchat,
Как идёт движение на дорогах?,chitchat,
Подскажи песню под дорогу,chitchat,"{""mood"": ""driving""}"
Хочешь пошутить?,chitchat,
Расскажи факт о городе,chitchat,"{""topic"": ""city""}"
Скажи пару советов по вождению,chitchat,
Какие настройки покажи?,chitchat,
Скажи громкость поменьше,volume_change,"{""delta"": ""down""}"
Уменьши свет фар до Auto,headlights_set,"{""mode"": ""auto""}"
Переключи дворники в автоматический режим,wipers_set,"{""mode"": ""auto""}"
Начни рассказать анекдот,chitchat,
выбери радиостанцию 88.7,radio_set_station,
настрой дефрост по максимуму,defrost_set,
установи направление воздуха к лицу,ac_mode_set,
настрой скорость вентилятора на три,ac_fan_set,
поставь климат под контроль,ac_set,
режим авто для климата включи,ac_mode_set,
поставь обогрев на максимум,ac_fan_set,
обдув лобового включи,defrost_set,
передай маршрут к офису,nav_start,
задай маршрут к дому,nav_start,
обнови маршрут на новый,nav_start,
перестрой маршрут,nav_start,
закрой навигацию,nav_cancel,
передай звонок другу,call_start,
переключи звонок на громкую связь,call_start,
продублируй звонок в гарнитуру,call_start,
перезвони позже,call_start,
закрой люк на потолке,sunroof_close,
опусти стекло водителю,window_set,
подними стекло пассажира,window_set,
проведи небольшой разговор за рулём,chitchat,
поболтай со мной про погоду,chitchat,
проведи диалог о маршруте,chitchat,
поболтаем ещё немного,chitchat,
установи климат на 22,ac_set,"{""temperature"": 22}"
поставь температуру салона 24,ac_set,"{""temperature"": 24}"
регулируй климат на 18 градусов,ac_set,"{""temperature"": 18}"
включи режим авто климата,ac_mode_set,"{""mode"": ""auto""}"
установи скорость вентилятора на два,ac_fan_set,"{""fan_speed"": 2}"
включи песню группы Битлз,play_music,"{""track"": ""Beatles""}"
верни к предыдущей композиции,previous_track,
установи громкость 70 процентов,volume_set,"{""level"": 70}"
переключи на волну 101.7,radio_set_station,"{""station"": ""101.7""}"
включи фары ближнего света,headlights_set,"{""state"": ""on"", ""beam"": ""low""}"
настрой дворники на автоматический режим,wipers_set,"{""mode"": ""auto""}"
подогрей водителю сиденье,seat_heater_set,"{""seat"": ""driver"", ""level"": 2}"
вентиляция сиденья водителя на максимум,seat_vent_set,"{""seat"": ""driver"", ""level"": 3}"
установи режим автоматический,ac_mode_set,"{""mode"": ""auto""}"
выбери ручной режим обдува,ac_mode_set,"{""mode"": ""manual""}"
передвинь на следующую дорожку,next_track,
переключи назад,previous_track,
мне громкость поменьше,volume_change,"{""delta"": -5}"
установлю 60 процентов громкости,volume_set,"{""level"": 60}"
"сделай тихо, отключи звук",volume_mute_set,"{""muted"": true}"
включи режим повторения очереди,media_repeat_set,"{""state"": ""on""}"
радио включено,radio_set,
радиостанция 97.5,radio_set_station,"{""station"": ""97.5""}"
пусть навигация начнется к аэропорту,nav_start,"{""destination"": ""аэропорт""}"
проведи маршрут к магазину,nav_start,"{""destination"": ""магазин""}"
позвони дилеру,call_start,"{""contact"": ""дилер""}"
полностью включи фары,headlights_set,"{""state"": ""on""}"
поставь обогрев руля на максимум,wheel_heater_set,"{""state"": ""on""}"
"как дела, как день за рулем",chitchat,
Выставь кондиционер на 23,ac_set,"{""temperature"": 23}"
Настрой климат на 20 градусов,ac_set,"{""temperature"": 20}"
Поставь температуру 21,ac_set,"{""temperature"": 21}"
Задай режим авто обдува,ac_mode_set,
Поставь обороты вентилятора пять,ac_fan_set,"{""fan_speed"": 5}"
Установи подогрев сиденья пассажира на 2,seat_heater_set,"{""seat"": ""passenger"", ""level"": 2}"
Подними люк над головой,sunroof_set,
Подними задние окна,window_set,"{""windows"": ""rear"", ""position"": ""up""}"
Открой все окна полностью,window_set,"{""windows"": ""all"", ""position"": ""full_open""}"
Установи режим обдува лобового,ac_mode_set,
Установи подогрев сиденья водителя на два,seat_heater_set,"{""seat"": ""driver"", ""level"": 2}"
Установи вентиляцию сиденья пассажира на 1,seat_vent_set,"{""seat"": ""passenger"", ""level"": 1}"
Сыграйте следующую песню,next_track,
Уменьши громкость до 30,volume_set,"{""volume"": 30}"
Громкость увеличь на пять,volume_change,"{""delta"": 5}"
Переключись на радиостанцию 101.1,radio_set_station,"{""station"": ""101.1""}"
Выбери радиоканал 98.7,radio_set_station,"{""station"": ""98.7""}"
Наведи маршрут в центр города,nav_start,"{""destination"": ""center_city""}"
Начни звонок абоненту Андрей,call_start,"{""contact"": ""Андрей""}"
Зажги фары на авто,headlights_set,"{""mode"": ""auto""}"
Установи дальний свет в авторежиме,high_beam_set,"{""mode"": ""auto""}"
Уменьши скорость дворников до минимальной,wipers_set,"{""speed"": 0}"
"Дождь усилился, включи дождь режим",rain_set,
Свяжись с Марией,call_start,"{""contact"": ""Мария""}"
Включи фары в автоматическом режиме,headlights_set,"{""mode"": ""auto""}"
Установи дневной режим свет,headlights_set,"{""mode"": ""day""}"
Управляй стеклоочистителями по дождю,rain_set,
"Как ты там, водитель?",chitchat,
Какой маршрут выбрать?,chitchat,
Установи режим вентиляции на низкий,ac_fan_set,"{""level"": ""low""}"
Установи подогрев сиденья пассажира на максимум,seat_heater_set,"{""seat"": ""passenger"", ""level"": ""max""}"
Увеличь громкость на пять пунктов,volume_change,"{""delta"": 5}"
Перемешать треки,media_shuffle_set,"{""state"": ""on""}"
Настрой радио на волну 101.2,radio_set_station,"{""station"": 101.2}"
Отмена навигации,nav_cancel,
Уменьши скорость дворников до среднего,wipers_set,"{""speed"": ""medium""}"
Помоги найти парковку поблизости,nav_start,"{""destination"": ""parking_nearby""}"
Какая погода сейчас?,chitchat,"{""topic"": ""weather""}"
Уменьши громкость на полтора,volume_change,"{""delta"": -1.5}"
Разморозь переднее стекло на максимум,defrost_set,"{""zone"": ""front"", ""level"": ""high""}"
Временно отключи звук,volume_mute_set,"{""state"": ""mute"", ""duration"": ""temporary""}"
Настрой радиостанцию на 102.5,radio_set_station,"{""station"": 102.5}"
Включи AUX вход,media_source_set,"{""source"": ""aux""}"
Переключись в авто-режим климата,ac_mode_set,"{""mode"": ""auto""}"
Подогрей сиденье пассажира среднего уровня,seat_heater_set,"{""seat"": ""passenger"", ""level"": ""medium""}"
Открой крышу люка,sunroof_set,"{""state"": ""open""}"
Включи shuffle для списка воспроизведения,media_shuffle_set,"{""state"": ""on""}"
Выбери источник музыки — Bluetooth,media_source_set,"{""source"": ""bluetooth""}"
Громкость на 70 процентов,volume_set,"{""level"": 70}"
Пусти навигацию по текущему маршруту,nav_start,"{""destination"": ""current_route""}"
Поиск ближайшей заправки,nav_start,"{""destination"": ""nearest_gas_station""}"
Установи дефрост на переднее стекло,defrost_set,"{""zone"": ""front""}"
Настрой громкость на 65 процентов,volume_set,"{""level"": 65}"
Включи радиостанцию Шансон,radio_set_station,"{""station"": ""shanson""}"
Снизь громкость до 0,volume_set,"{""level"": 0}"
Установи режим вентиляции на AUTO,ac_mode_set,"{""mode"": ""auto""}"
Где ближайшая парковка?,nav_start,"{""destination"": ""nearest_parking""}"
Утро и ветер за окном — включи кондиционер.,ac_set,
Включи авто режим вентилятора.,ac_mode_set,
Навигатор запутался — найди ближайшую парковку.,nav_start,
Установи режим экономии кондиционера.,ac_mode_set,
Подними температуру до двадцати градусов.,ac_set,"{""temperature"": 20}"
Установи авто режим обдува на максимум.,ac_mode_set,"{""fan_speed"": ""max""}"
Подогрей кресло переднего пассажира.,seat_heater_set,
Сделай обдув на лицо.,ac_fan_set,
Включи плейлист сейчас.,play_music,
Установи громкость на пятнадцать.,volume_set,"{""level"": 15}"
Переключи радио на волну 101.2.,radio_set_station,"{""station"": ""101.2""}"
Включи радио 98.6.,radio_set_station,"{""station"": ""98.6""}"
Поставь источник музыки на USB.,media_source_set,"{""source"": ""usb""}"
Переключи повтор песни.,media_repeat_set,
Сделай музыку в Shuffle.,media_shuffle_set,
"Навигатор, проложи маршрут к ближайшему кафе.",nav_start,
Загрузить карту города.,nav_start,
Включи дневную подсветку фар.,headlights_set,"{""state"": ""on""}"
Установи режим дождя на авто.,rain_set,"{""mode"": ""auto""}"
Приоткрой окно чуть-чуть.,window_set,"{""state"": ""slightly_open""}"
Подними окно на щель.,window_set,"{""state"": ""slightly_open""}"
"Разговаривая с ассистентом, скажи утро шум раздражает.",chitchat,
Где ближайшая парковка по маршруту?,nav_start,
"Сделай музыку тише, ветер громче.",volume_change,
Сделай громкость на половину.,volume_set,"{""level"": 50}"
Переключи на FM-станцию 102.5.,radio_set_station,"{""station"": ""102.5""}"
Понизь температуру до восемнадцати градусов.,ac_set,"{""temperature"": 18}"
Сделай авто-режим и обдув на лицо.,ac_mode_set,
Подогрей кресло водителя и пассажира.,seat_heater_set,"{""seats"": ""driver,passenger""}"
Уровень комфорта ниже — включи кондиционер.,ac_set,
Перемотай композицию вперёд на одну дорожку.,next_track,
Скажи что-нибудь дружелюбное.,chitchat,
Заглуши шум двигателя.,volume_mute_set,
Проверь маршрут на предмет объездов.,nav_start,
Укажи ближайший автосервис.,nav_start,
"Подскажи, как добраться до парковки.",nav_start,
Помоги выбрать маршрут с минимальным шумом.,chitchat,
Установи подогрев сиденья пассажира на низкий,seat_heater_set,"{""seat"": ""passenger"", ""level"": ""low""}"
Установи температуру кондиционера на двадцать два,ac_set,"{""temperature"": 22}"
Установи режим кондиционера на авто,ac_mode_set,"{""mode"": ""auto""}"
Понизь температуру в салоне до восемнадцати градусов,ac_set,"{""temperature"": 18}"
Увеличь громкость на три пункта,volume_change,"{""delta"": 3, ""direction"": ""up""}"
Сыграй любимую музыку,play_music,
Подними громкость до пятьдесят,volume_set,"{""volume"": 50}"
Настрой станцию 102.3,radio_set_station,"{""station"": ""102.3""}"
Настрой станцию 108.0,radio_set_station,"{""station"": ""108.0""}"
Настрой станцию 87.5,radio_set_station,"{""station"": ""87.5""}"
Поставь дальний свет,high_beam_set,
Настрой режим кондиционера на охлаждение,ac_mode_set,"{""mode"": ""cool""}"
Установи температуру салона на 21 градус,ac_set,"{""temperature"": 21}"
Построй маршрут через ближайшую заправку,nav_start,"{""destination"": ""ближайшая заправка""}"
Настрой станцию 105.0,radio_set_station,"{""station"": ""105.0""}"
Включи повторную настройку радиостанции 94.7,radio_set_station,"{""station"": ""94.7""}"
Выберите источник USB,media_source_set,"{""source"": ""usb""}"
Переключи режим воспроизведения на случайный,media_shuffle_set,
Включи радио в авто,radio_set,
Загрузи любимый плейлист,play_music,"{""source"": ""playlist_любимый""}"
Переключи на источник Bluetooth,media_source_set,"{""source"": ""bluetooth""}"
Подключи USB как источник воспроизведения,media_source_set,"{""source"": ""usb""}"
Какая дорога быстрее к офису,chitchat,
"Скажи, что сейчас воспроизводят",chitchat,
"Напомни, когда запланирована парковка",chitchat,
Как настроить навигацию на объезд пробок,chitchat,
Установи подогрев руля на высокий,wheel_heater_set,"{""level"": ""high""}"
Уточни маршрут через центр города,nav_start,"{""via"": ""центр города""}"
Включи музыку из USB,play_music,"{""source"": ""usb""}"
Измени источник на FM,media_source_set,"{""source"": ""fm""}"
Опусти окна,window_set,
Установи скорость обдува на три,ac_fan_set,"{""level"": 3}"
Включи вентиляцию сиденья водителю,seat_vent_set,"{""seat"": ""driver"", ""level"": 1}"
Включи громкость на максимум,volume_set,"{""level"": 100}"
"Начни навигацию к дому и сообщи, через сколько минут прибудем",nav_start,"{""destination"": ""дом""}"
Сделай звонок Алексею,call_start,"{""contact"": ""Алексей""}"
Установи дождевой режим,rain_set,
Как твой день за рулём?,chitchat,
Какая погода за окном сейчас?,chitchat,
"Хочешь рассказать, как прошёл путь?",chitchat,
Поставь климат в авто режим,ac_mode_set,
Подними скорость обдува на три деления,ac_fan_set,"{""level"": 3}"
Сделай обогрев сиденья пассажира,seat_heater_set,"{""seat"": ""passenger"", ""level"": 1}"
Сделай вентиляцию сиденья пассажира на максимум,seat_vent_set,"{""seat"": ""passenger"", ""level"": 1}"
Что за дорога впереди?,chitchat,
Построй маршрут через ближайшее кольцо и учти пробки,nav_start,"{""destination"": ""ближайшее кольцо""}"
Переключись на радиостанцию 97.9 и проверь сигнал,radio_set_station,"{""station"": ""97.9""}"
Установи радиостанцию 88.8 и добавь любимый трек,radio_set_station,"{""station"": ""88.8""}"
Позвони оператору и узнай статус вашего запроса на обслуживание,call_start,"{""contact"": ""оператор""}"
Переключи фары на автоматический режим,headlights_set,"{""mode"": ""auto""}"
Поставь климат в ручной режим,ac_mode_set,"{""mode"": ""manual""}"
Сообщи оставшееся время пути,chitchat,
"Расскажи, пожалуйста, сколько осталось до заправки и где ближайшая заправка",chitchat,
поставь температуру воздуха на 24 градуса,ac_set,"{""temperature"": 24}"
регулируй скорость вентилятора на третий уровень,ac_fan_set,"{""level"": 3}"
поставь вентилятор на минимальную скорость,ac_fan_set,"{""level"": 1}"
включи подогрев сиденья водителя на второй уровень,seat_heater_set,"{""seat"": ""driver"", ""level"": 2}"
разогрей сиденье пассажира до среднего тепла,seat_heater_set,"{""seat"": ""front_passenger"", ""level"": 2}"
включи вентиляцию сиденья водителя на первый уровень,seat_vent_set,"{""seat"": ""driver"", ""level"": 1}"
активируй обогрев заднего стекла,defrost_set,
загрузи плейлист Chillout,play_music,
установи громкость на сорок процентов,volume_set,"{""level"": 40}"
повторить песню,media_repeat_set,"{""mode"": ""current""}"
переключись на радиостанцию ENERGY,radio_set_station,"{""station"": ""energy""}"
навигация к офису начать,nav_start,"{""destination"": ""office""}"
позвони Карине,call_start,"{""contact"": ""Karina""}"
окончить звонок,call_hangup,
активируй сенсор дождя,rain_set,"{""mode"": ""auto""}"
опусти правое заднее окно,window_set,
подними переднее окно до полного закрытия,window_set,
выбери режим Auto у климат-контроля,ac_mode_set,"{""mode"": ""auto""}"
переключи на радиостанцию Classic Rock,radio_set_station,"{""station"": ""classic_rock""}"
позови маму,call_start,"{""contact"": ""mom""}"
сколько осталось до дома?,chitchat,
установи громкость на 30 процентов,volume_set,"{""level"": 30}"
"радио шипит, приглуши звук",volume_change,
перейди на следующую песню,next_track,
"раздражает шум, снизь громкость",volume_change,
"днём во дворе идёт снег, открой окно",window_set,"{""position"": ""open""}"
открой окно слева,window_set,"{""side"": ""left"", ""position"": ""open""}"
закрой окно справа,window_set,"{""side"": ""right"", ""position"": ""closed""}"
установи авторежим климата,ac_mode_set,"{""mode"": ""auto""}"
охлади салон до 22,ac_set,"{""temperature"": 22}"
установи температуру 21 градусов,ac_set,"{""temperature"": 21}"
включи подогрев переднего сиденья,seat_heater_set,"{""seat"": ""driver"", ""level"": ""high""}"
включи подогрев заднего сиденья,seat_heater_set,"{""seat"": ""rear"", ""level"": ""high""}"
включи стеклоомыватели,wipers_set,"{""mode"": ""wash""}"
навигируй до дома,nav_start,"{""destination"": ""home""}"
навигация к магазину,nav_start,"{""destination"": ""store""}"
переведи звонок коллеге,call_start,"{""contact"": ""colleague""}"
поставь музыку с USB,media_source_set,"{""source"": ""usb""}"
перейди к предыдущей композиции,previous_track,
регулируй громкость до 60 процентов,volume_set,"{""level"": 60}"
покажи карту на фоне снега,nav_start,"{""destination"": ""map""}"
включи режим антизасорения стекол,defrost_set,"{""mode"": ""defog""}"
установи автоматическую подачу воздуха,ac_mode_set,"{""mode"": ""auto""}"
выбери ночной режим фар,headlights_set,"{""mode"": ""night""}"
регулируй яркость фар,headlights_set,"{""mode"": ""brightness""}"
включи режим авто света,headlights_set,"{""mode"": ""auto""}"
что там на дороге,chitchat,
предложи лучший маршрут,nav_start,"{""destination"": ""best_route""}"
быстро включи дворники,wipers_set,
мгновенно включи дворники,wipers_set,
дворники на полную скорость,wipers_set,
поставь дворники на максимум,wipers_set,
сразу активируй дворники,wipers_set,
помоги дворникам очистить лобовое,wipers_set,
разморозь лобовое стекло немедленно,defrost_set,
включи обдув на лобовое,defrost_set,
режим размораживания включён,defrost_set,
свет включи на ночь,headlights_set,
фары на максимум,headlights_set,
ночной режим фар,headlights_set,
регулируй люк чуть-чуть,sunroof_set,
снизь громкость до нуля,volume_set,
переключись на медиа,media_source_set,
покажи маршрут до работы,nav_start,
позвони оператору,call_start,
режим авто кондиционера,ac_mode_set,
скорость вентилятора низко,ac_fan_set,
поставь режим Auto в климате,ac_mode_set,
режим дождя для стеклоочистителей,rain_set,
подогрей сиденье перед водителем,seat_heater_set,
регулируй температуру в салоне,ac_set,
уменьши температуру на градус,ac_set,
повышай температуру на два градуса,ac_set,
включи климат контроль авто,ac_set,
переключи на USB источник,media_source_set,
опусти левое переднее стекло,window_set,"{""window"": ""left_front"", ""direction"": ""down""}"
подними правое заднее стекло,window_set,"{""window"": ""right_rear"", ""direction"": ""up""}"
установи температуру до 24,ac_set,"{""temperature"": 24}"
режим авто,ac_mode_set,"{""mode"": ""auto""}"
режим ручной обдув,ac_mode_set,"{""mode"": ""manual""}"
поставь обдув на боковые стекла,ac_fan_set,"{""position"": ""side""}"
регулируй угол открытия люка,sunroof_set,"{""angle"": ""auto""}"
поставь обдув на лобовое стекло,ac_fan_set,"{""position"": ""front""}"
поставь обдув на заднюю панель,ac_fan_set,"{""position"": ""rear""}"
проигрывай музыку,play_music,"{""source"": ""default""}"
увеличь громкость на 5,volume_change,"{""step"": 5}"
радио на 101.1,radio_set_station,"{""station"": ""101.1""}"
выбери радиостанцию 99.5,radio_set_station,"{""station"": ""99.5""}"
поставь песню в Bluetooth,play_music,"{""source"": ""bluetooth""}"
предыдущий трек проиграй снова,previous_track,"{""repeat"": ""true""}"
сделай тихо,volume_change,"{""step"": -5}"
повторяй воспроизведение,media_repeat_set,"{""state"": ""repeat""}"
включи источник радио,media_source_set,"{""source"": ""radio""}"
снижай температуру на два градуса,ac_set,"{""delta"": -2}"
Включи обдув на лобовом,defrost_set,
Сделай музыку погромче,volume_change,"{""direction"": ""up""}"
Поставь трек назад,previous_track,
Установи радиостанцию Европа Плюс,radio_set_station,"{""station"": ""Европа Плюс""}"
"Дети шумят, мне нужна тишина",chitchat,
Как город сегодня ночью,chitchat,
Есть ли пробки на дороге,chitchat,
Расскажи лёгкую шутку,chitchat,
Как ты себя чувствуешь за рулём,chitchat,
Помоги настроить голосовую навигацию,nav_start,"{""mode"": ""voice""}"
Выключи голосовую навигацию,nav_cancel,"{""mode"": ""off""}"
Сделай без подсказок навигацию,nav_start,"{""mode"": ""none""}"
Сохрани маршрут в избранное,nav_start,"{""save"": ""favorite""}"
Покажи карту дороги,nav_start,"{""mode"": ""map""}"
Покажи маршрут без пробок,nav_start,"{""avoid_traffic"": ""true""}"
Поставь ночной режим навигации,nav_start,"{""mode"": ""night""}"
Укажи направление на аэропорт,nav_start,"{""destination"": ""airport""}"
"Скажи, сколько осталось до конца маршрута",nav_start,"{""progress"": ""true""}"
Сделай маршрут быстрее,nav_start,"{""speed"": ""fast""}"
Смени маршрут через объезд,nav_start,"{""detour"": ""change""}"
Установи точку на маршруте,nav_start,"{""action"": ""add_waypoint""}"
Сделай маршрут без рекламы,nav_start,"{""ad_free"": ""true""}"
Включи ночную яркость дисплея,chitchat,
Потребуй помощь в дороге,chitchat,
Добавь точку на маршрут,nav_start,"{""action"": ""add_waypoint""}"
"Скажи, как обуздать пробки",nav_start,
Подскажи ближайшее место парковки,nav_start,"{""destination"": ""parking""}"
Сделай маршрут до аэропорта без пробок,nav_start,"{""destination"": ""airport"", ""avoid_traffic"": ""true""}"
Найди парковку рядом с тобой,nav_start,"{""destination"": ""parking""}"
"Ночь на трассе, включи ближний свет",headlights_set,
Ночь и ветер за окном — включи дальний свет,headlights_set,
"Тоннель впереди, включи дальний свет",headlights_set,
"Включи дальний свет, ночь темная",headlights_set,
Установи температуру на двадцать один,ac_set,"{""temperature"": 21}"
Переключи радиостанцию на 88.2,radio_set_station,"{""station"": ""88.2""}"
Включи радиоплейлист,play_music,
Переключи на USB для прослушивания,media_source_set,"{""source"": ""usb""}"
Включи обогрев сидения водителя,seat_heater_set,
Установи обогрев сиденья пассажира,seat_heater_set,
Установи авторежим обдува,ac_mode_set,
Уменьши обдув лобового до минимума,ac_fan_set,"{""level"": 1}"
Поставь температуру на двадцать три градуса,ac_set,"{""temperature"": 23}"
Освети тоннель дальним светом,headlights_set,
Опусти окно для проветривания,window_set,"{""position"": ""open""}"
"Закрой окно, чтобы не дуло",window_set,"{""position"": ""close""}"
Уменьши шум шин,volume_mute_set,
Снизь громкость оповещений,volume_change,
Переключись на радиостанцию 95.5,radio_set_station,"{""station"": ""95.5""}"
Включи режим Bluetooth-подключения,media_source_set,"{""source"": ""bluetooth""}"
Поставь маршрут к центру города,nav_start,"{""destination"": ""центр города""}"
Ответь на входящий звонок от коллеги,call_answer,"{""contact"": ""коллега""}"
Освети встречку дальним светом,headlights_set,
"Включи дальний свет, чтобы не слепить встречку",headlights_set,
Поставь температуру до комфортной отметки,ac_set,"{""temperature"": 24}"
Установи авто-режим климата на AUTO,ac_mode_set,
Уменьши обдув задней части салона,ac_fan_set,"{""level"": 1}"
Освети дорогу в тоннеле,headlights_set,
Направляй маршрут к базе данных,nav_start,"{""destination"": ""база данных""}"
Сделай звонок на номер 555-0147,call_start,"{""contact"": ""555-0147""}"
Включи солнфорк,sunroof_set,
Освети тоннель снова,headlights_set,
Настраивай режим экономии энергии,chitchat,
Установи температуру на двадцать два,ac_set,"{""temperature"": ""22""}"
Уменьши громкость на шаг,volume_change,"{""delta"": ""-1""}"
Увеличь громкость на две позиции,volume_change,"{""delta"": ""+2""}"
Установи радиостанцию 103.5 FM,radio_set_station,"{""station"": ""103.5""}"
Включи режим мытья стекол,rain_set,"{""mode"": ""wash""}"
Установи подогрев сиденья водителя на два деления,seat_heater_set,"{""seat"": ""driver"", ""level"": 2}"
Установи автоматический режим обдува,ac_mode_set,"{""mode"": ""auto""}"
Разогрей обдув лобового стекла на максимум,defrost_set,"{""zone"": ""front"", ""level"": ""max""}"
Установи станцию NRJ,radio_set_station,"{""station"": ""NRJ""}"
Настрой радиостанцию 107.2 FM,radio_set_station,"{""station"": ""107.2""}"
Навигируй к ближайшей парковке,nav_start,"{""destination"": ""parking_nearby""}"
Который сейчас час?,chitchat,
Настрой вентиляцию на лобовое стекло,ac_fan_set,"{""zone"": ""front""}"
Увеличь подачу воздуха к ногам,ac_fan_set,"{""zone"": ""feet"", ""level"": 2}"
Установи подогрев кресел на максимум,seat_heater_set,"{""seat"": ""front"", ""level"": 3}"
Включи автоматический обдув стекол,defrost_set,"{""zone"": ""auto""}"
Переключи дисплей в тёмный режим,chitchat,"{""display"": ""dark""}"
"Привет, как дела в пробке?",chitchat,"{""topic"": ""traffic""}"
Запусти песню с Bluetooth,play_music,"{""source"": ""bluetooth""}"
Переключись на радио NRJ,radio_set,"{""station"": ""NRJ""}"
Продолжай воспроизведение,play_music,
Переключи источник на потоковую песню,media_source_set,"{""source"": ""streaming""}"
"Спасибо, всё под контролем",chitchat,
закрой левое переднее окно,window_set,
регулируй положение окон,window_set,
опусти сразу два окна,window_set,
настрой вентилятор средний,ac_fan_set,
отключи подогрев сиденья,seat_heater_set,
активируй обогрев сиденья пассажира,seat_heater_set,
отрегулируй положение сиденья,seat_heater_set,
активируй вентиляцию сиденья водителя,seat_vent_set,
активируй подогрев передних сидений,seat_heater_set,
контролируй люк,sunroof_set,
сделай люк максимально открытым,sunroof_set,
мягко закрой люк,sunroof_close,
активируй обогрев лобового стекла,defrost_set,
активируй обогрев стекол,defrost_set,
устраняй запотевание лобового,defrost_set,
проверь обогрев стекол,defrost_set,
переключи обогрев лобового,defrost_set,
установи среднюю скорость дворников,wipers_set,
активируй дождевые дворники,wipers_set,
установи максимум скорости дворников,wipers_set,
переведи дворники в автоматический режим,wipers_set,
прекрати воспроизведение,stop_music,
поставь паузу в воспроизведении,media_pause,
увеличь громкость на 10 процентов,volume_change,"{""amount"": 10}"
переключи источник аудио,media_source_set,
поставь USB как источник,media_source_set,"{""source"": ""usb""}"
повторяй трек,media_repeat_set,"{""mode"": ""repeat""}"
активируй случайный режим,media_shuffle_set,"{""mode"": ""shuffle_on""}"
выбери FM-диапазон,radio_set,"{""band"": ""FM""}"
переключи на радиостанцию 101.3,radio_set_station,"{""station"": ""101.3""}"
переключись на 97.2,radio_set_station,"{""station"": ""97.2""}"
переключи на следующую радиостанцию,radio_set,
запусти навигацию к ближайшей АЗС,nav_start,
запусти треки,play_music,
выбери источник воспроизведения AUX,media_source_set,"{""source"": ""aux""}"
переключи на радиостанцию Радио Energy,radio_set_station,"{""station"": ""Радио Energy""}"
поставь подогрев сиденья на средний,seat_heater_set,"{""level"": ""средний""}"
установи климат 22 градуса,ac_set,"{""temp"": ""22""}"
поставь скорость вентилятора на три,ac_fan_set,"{""level"": ""3""}"
покажи текущую радиостанцию,radio_set,
как насчет погоды сейчас,chitchat,
переключи на станцию Ностальжи,radio_set_station,"{""station"": ""Ностальжи""}"
засвети дальний свет,high_beam_set,
не включай дальний,high_beam_set,
перемотай на один трек назад,previous_track,
покажи обложку трека,play_music,
переключись на радиостанцию Европа Плюс,radio_set_station,"{""station"": ""Европа Плюс""}"
помоги найти маршрут в офис,nav_start,"{""destination"": ""офис""}"
как ты себя чувствуешь за рулем,chitchat,
Направь поток на лобовое,ac_fan_set,
Установи автоматический режим вентилятора,ac_mode_set,
Установи температуру на холод,ac_set,
Сделай дефрост на лобовом,defrost_set,
Покажи маршрут до дома через обход,nav_start,
Переключи источник медиа на радио,media_source_set,
Ставь повтор музыки,media_repeat_set,
Сделай shuffle треков,media_shuffle_set,
Выбери станцию радиовещания,radio_set_station,
"Готов к навигации, начинай путь",nav_start,
Прогрей салон,seat_heater_set,
Настрой охлаждение салона,ac_set,
Включи дефрост на лобовом стекле и очистку,defrost_set,
Включи медиа на источнике Bluetooth,media_source_set,
Переключи радиостанцию вправо,radio_set_station,
Назначь поиск маршрута через кратчайший путь,nav_start,
Сделай громче на 20 процентов,volume_change,
Переключи фары в режим авто,headlights_set,
Измени направление обдува на себя,ac_fan_set,
Поставь паузу проигрывания,media_pause,
Запусти плейлист,play_music,
Уменьши температуру до комфортной,ac_set,
Установи авто-режим света,headlights_set,"{""mode"": ""auto""}"
Включи дворники на высокой скорости,wipers_set,"{""speed"": ""high""}"
Переключи кондиционер в авто,ac_mode_set,"{""mode"": ""auto""}"
Уменьши скорость вентилятора до средней,ac_fan_set,"{""level"": ""medium""}"
Увеличь скорость вентилятора до высокой,ac_fan_set,"{""level"": ""high""}"
Опусти громкость до нуля,volume_set,"{""level"": 0}"
Найди станцию 101.7,radio_set_station,"{""station"": ""101.7""}"
Выбери радиостанцию 88.1,radio_set_station,"{""station"": ""88.1""}"
Отключи стекло-обогрев,defrost_set,"{""state"": ""off""}"
Установи подогрев передних сидений,seat_heater_set,"{""seat"": ""front"", ""state"": ""on""}"
Поставь вентилятор на низкую скорость,ac_fan_set,"{""level"": ""low""}"
Раскрой окно на пол-открытия,window_set,"{""state"": ""half_open""}"
Открой окно на мгновение,window_set,"{""state"": ""open"", ""duration"": ""brief""}"
Опусти окно полностью,window_set,"{""state"": ""down""}"
Покажи маршрут сейчас,nav_start,"{""destination"": ""current_route""}"
Построй маршрут через развязку,nav_start,"{""destination"": ""junction""}"
"Дорога свободна, всё отлично",chitchat,
Сделай паузу на ходу,media_pause,
поставь режим авто в климате,ac_mode_set,"{""mode"": ""auto""}"
следующую песню,next_track,
предыдущую песню,previous_track,
выбери радиостанцию рок,radio_set_station,"{""station"": ""rock""}"
включи режим случайной воспроизведения,media_shuffle_set,
включи дворники на скорости средний,wipers_set,"{""speed"": ""medium""}"
снег идёт — включи дворники,wipers_set,"{""mode"": ""auto""}"
поставь стеклоочистители на минимум,wipers_set,"{""speed"": ""low""}"
выбери AUX как источник,media_source_set,"{""source"": ""AUX""}"
настрой радиопередачу 104.5,radio_set_station,"{""station"": ""104.5""}"
позвони по контакту мама,call_start,"{""contact"": ""мама""}"
перезвони после пропуска,call_start,"{""action"": ""redial""}"
сейчас снег за окном — как вести себя за рулём,chitchat,
покажи ближайшую заправку на карте,nav_start,"{""destination"": ""ближайшая заправка""}"
помоги выбрать маршрут через центр города,nav_start,"{""destination"": ""центр города""}"
добавь направление к офису,nav_start,"{""destination"": ""офис""}"
сохрани маршрут через парк,nav_start,"{""destination"": ""парк""}"
поставь дисплей в тёмный режим,chitchat,
поставь окно на 40 процентов,window_set,"{""level"": 40}"
помоги забыть шум за окном,chitchat,
уменьши громкость на три деления,volume_change,"{""steps"": 3, ""direction"": ""down""}"
настрой FM-радио на частоту,radio_set,"{""band"": ""FM""}"
выключи все звуки,volume_mute_set,
пункт назначения — супермаркет,nav_start,"{""destination"": ""супермаркет""}"
Опусти переднее окно чуть вниз,window_set,
Опусти левое окно наполовину,window_set,
Установи температуру 22 градуса в салоне,ac_set,"{""temperature"": 22}"
Выключи климатическую установку,ac_off,
Отключи кондиционер в салоне,ac_off,
Выключи систему климат-контроля,ac_off,
Переключи режим Auto,ac_mode_set,"{""mode"": ""auto""}"
Выбери режим Cool,ac_mode_set,"{""mode"": ""cool""}"
Сделай режим Auto,ac_mode_set,"{""mode"": ""auto""}"
Установи скорость вентилятора на 1,ac_fan_set,"{""fan_speed"": 1}"
Увеличь вентилятор до 2,ac_fan_set,"{""fan_speed"": 2}"
Уменьши скорость вентилятора до 4,ac_fan_set,"{""fan_speed"": 4}"
Установи вентиляцию сиденья водителя на 2,seat_vent_set,"{""seat"": ""driver"", ""level"": 2}"
Разморозку салона включи,defrost_set,
Подними люк,sunroof_set,
Начни воспроизведение музыки,play_music,
Включи трек сейчас,play_music,
Следующий трек включи,next_track,
Вернись к прошлому треку,previous_track,
Подвинь регулятор громкости вверх на 5,volume_change,"{""delta"": 5}"
Увеличь громкость на 3,volume_change,"{""delta"": 3}"
Поставь громкость 15,volume_set,"{""volume"": 15}"
Включи режим молчания,volume_mute_set,"{""muted"": true}"
Переключи источник на Apple CarPlay,media_source_set,"{""source"": ""carplay""}"
Включи климат на прохладу,ac_set,
Установи режим авто в салоне,ac_mode_set,
Переключи на станцию 92.5,radio_set_station,"{""station"": ""92.5""}"
Уменьши скорость дворников до средней,wipers_set,
Включи обдув сиденья справа,seat_vent_set,
Открой люк на крыше до конца,sunroof_set,
Закрой люк на крыше полностью,sunroof_close,
"Навигатор, найди маршрут к дому",nav_start,
Дай направление к аэропорту,nav_start,
Отменить маршрут к парковке,nav_cancel,
Установи режим ближнего света,high_beam_set,
Включи дворники на полную скорость,wipers_set,
Переключи радиостанцию на рок,radio_set,
Сохранить станцию 101.1,radio_set_station,"{""station"": ""101.1""}"
Есть ли задержка на пути,chitchat,
Подскажи объезд вокруг пробки,chitchat,
"Скажи, сколько километров до цели",chitchat,
Срочно сверни на ближайший поворот,nav_start,
Найди кратчайший путь домой,nav_start,
Дай направление до офиса,nav_start,
Как идёт дорога в реальном времени,chitchat,
Установи громкость на комфорт,volume_set,
Увеличь приток воздуха,ac_fan_set,
Покажи маршрут к паркингу,nav_start,
Открой навигацию,nav_start,
Включи дворники в автомат,wipers_set,
Подогрей пассажирское сиденье,seat_heater_set,
Включи вентиляцию сидений по кругу,seat_vent_set,
Включи стеклоочистители на автомат,wipers_set,
"Сделай музыку потише, пожалуйста",volume_change,
Сделай паузу радиопередаче,media_pause,
Запомни мою любимую станцию,radio_set_station,
Назови ближайшую заправку,nav_start,
Включи дефрост стекол,defrost_set,
Включи обогрев сиденья справа,seat_heater_set,
Установи температуру в салоне,ac_set,
Открой передние окна,window_set,
Закрой передние окна,window_set,
Воспроизведи музыку с телефона,play_music,
Укажи маршрут до офиса,nav_start,
Какая дорога быстрее до парка?,chitchat,
Посоветуй маршрут через центр,chitchat,
"Подскажи, есть ли пробки на трассе",chitchat,
Сформируй плейлист под настроение,play_music,
Добавь в очередь следующий трек,next_track,
Поставь громкость на середину,volume_set,
Увеличь температуру на один градус,ac_set,
Установи авто режим климат-контроля,ac_mode_set,
Позиционируй солнцезащитный экран в открытое положение,sunroof_set,
Закрой солнцезащитный экран,sunroof_close,
Начни поиск альтернативного маршрута,nav_start,
Голосовой набор номера,call_start,
Сохранить контакт для быстрого набора,chitchat,
Переключи режим вождения на экономичный,ac_mode_set,
включи станцию Маяк,radio_set_station,"{""station"": ""Маяк""}"
сменить станцию радиоприемника,radio_set_station,
поставь режим обогрева сидений водителя,seat_heater_set,"{""seat"": ""driver"", ""state"": ""on""}"
покажи источник музыки,media_source_set,"{""source"": ""bluetooth""}"
переключи станцию на Retro FM,radio_set_station,"{""station"": ""Retro FM""}"
выберите станцию Радио Дача,radio_set_station,"{""station"": ""Радио Дача""}"
останови воспроизведение музыки,stop_music,
поменяй дворники на средний режим,wipers_set,"{""level"": ""medium""}"
включи режим ночной в климате,ac_mode_set,"{""mode"": ""night""}"
включи автоматическую регулировку климата,ac_mode_set,"{""mode"": ""auto""}"
Выстави климат на 20 градусов,ac_set,"{""temperature"": 20, ""unit"": ""C""}"
Температура салона 24 градуса,ac_set,"{""temperature"": 24, ""unit"": ""C""}"
Поддержи 21 градус в климате,ac_set,"{""temperature"": 21, ""unit"": ""C""}"
Установи 23 градуса для кондиционера,ac_set,"{""temperature"": 23, ""unit"": ""C""}"
Авто режим вентилятора,ac_mode_set,"{""mode"": ""auto""}"
Уменьши скорость вентилятора до 1,ac_fan_set,"{""fan_speed"": 1}"
Включи авторазморозку стекол,defrost_set,"{""mode"": ""auto""}"
Разморозить стекло по умолчанию,defrost_set,"{""preset"": ""default""}"
Раздвинь крышу вверх,sunroof_set,
Включи открытие крыши,sunroof_set,
Сверни крышу обратно,sunroof_close,
Закрой крышу полностью,sunroof_close,
Открой заднее пассажирское окно,window_set,"{""window"": ""rear_passenger"", ""position"": ""down""}"
Подними водительское окно,window_set,"{""window"": ""driver"", ""position"": ""up""}"
Установи подогрев водителя на уровень 3,seat_heater_set,"{""seat"": ""driver"", ""level"": 3, ""type"": ""heater""}"
Установи подогрев переднего правого сиденья на максимум,seat_heater_set,"{""seat"": ""front_right"", ""level"": ""max"", ""type"": ""heater""}"
Установи вентиляцию сиденья пассажира на средний режим,seat_vent_set,"{""seat"": ""passenger"", ""ventilation"": ""mid""}"
Отключи вентиляцию сидений,seat_vent_set,"{""ventilation"": ""off"", ""scope"": ""all""}"
Установи вентиляцию сидений на максимум,seat_vent_set,"{""seat"": ""driver"", ""ventilation"": ""high""}"
Установи авто режим дворников,wipers_set,"{""mode"": ""auto""}"
Установи дневной режим освещения,headlights_set,"{""mode"": ""day""}"
Начни маршрут до офиса,nav_start,"{""destination"": ""office""}"
Начни звонок Александре,call_start,"{""contact"": ""Alexander""}"
Начни проигрывать музыку,play_music,
установи кондиционер на 24 градуса,ac_set,"{""temperature"": 24}"
переключи режим кондиционера на холод,ac_mode_set,"{""mode"": ""cool""}"
медленный режим вентилятора в кондиционере,ac_fan_set,"{""fan_speed"": ""low""}"
подогрев сиденья водителя высокий,seat_heater_set,"{""seat"": ""driver"", ""level"": 2}"
подогрев сиденья пассажира средний,seat_heater_set,"{""seat"": ""passenger"", ""level"": 2}"
включи вентиляцию сиденья водителя на максимум,seat_vent_set,"{""seat"": ""driver"", ""level"": ""high""}"
вентиляция сиденья пассажира средняя,seat_vent_set,"{""seat"": ""passenger"", ""level"": ""medium""}"
прибавь громкость на семь,volume_change,"{""delta"": 7}"
выберите источник Bluetooth,media_source_set,"{""source"": ""bluetooth""}"
включи повтор песен,media_repeat_set,"{""mode"": ""repeat_all""}"
переключись на станцию 97.6,radio_set_station,"{""station"": ""97.6""}"
настрой маршрут до дома,nav_start,"{""destination"": ""дом""}"
включи дождевой датчик,rain_set,"{""sensor"": ""on""}"
включи подогрев руля на средней мощности,wheel_heater_set,"{""level"": ""medium""}"
включи подогрев руля на минимуме,wheel_heater_set,"{""level"": ""low""}"
проклади маршрут через центр города,nav_start,"{""destination"": ""центр города""}"
укажи направление в центр,nav_start,"{""destination"": ""центр""}"
переключи на станцию 88.1,radio_set_station,"{""station"": ""88.1""}"
выбери плейлист джаз,media_source_set,"{""source"": ""playlist_jazz""}"
переключи на станцию 101.7,radio_set_station,"{""station"": ""101.7""}"
установи паузу треку,media_pause,
включи повтор песни один раз,media_repeat_set,"{""mode"": ""repeat_one""}"
радиостанция 90.5,radio_set_station,"{""station"": ""90.5""}"
проложи маршрут до парка,nav_start,"{""destination"": ""парк""}"
покажи маршрут до вокзала,nav_start,"{""destination"": ""вокзал""}"
переключи на станцию 99.9,radio_set_station,"{""station"": ""99.9""}"
активируй климат-контроль Auto,ac_mode_set,"{""mode"": ""auto""}"
поставь песню на повторе,media_repeat_set,"{""mode"": ""repeat_all""}"
переключись на волну 105.9,radio_set_station,"{""station"": ""105.9""}"
"Сделай тише, пассажир спит",volume_change,
Настрой радиостанцию на 98.4,radio_set_station,"{""station"": ""98.4""}"
Установи температуру в салоне 23 градуса,ac_set,"{""temperature"": 23}"
Установи температуру в салоне 19 градусов,ac_set,"{""temperature"": 19}"
Снизь громкость до половины,volume_change,
Какая дорога впереди?,chitchat,
Сделай тишину в машине,volume_mute_set,"{""muted"": true}"
Включи случайную сортировку треков,media_shuffle_set,
Настрой радиостанцию на 107.5,radio_set_station,"{""station"": ""107.5""}"
Переключи источник на FM,media_source_set,"{""source"": ""fm""}"
Установи режим обдува на лицо и ноги,ac_mode_set,"{""mode"": ""face_and_feet""}"
Настрой маршрут в парк,nav_start,"{""destination"": ""парк""}"
Расскажи текущее состояние погоды,chitchat,
"Не шумите, я хочу тишину",volume_mute_set,"{""muted"": true}"
Отключи звук полностью,volume_mute_set,"{""muted"": true}"
Пусть дорога бережёт мой слух,chitchat,
Включи вечернюю музыку,play_music,
Громкость увеличить,volume_change,
Переключи на радиостанцию 101.4,radio_set_station,"{""station"": ""101.4""}"
Переключи на радиостанцию 103.1,radio_set_station,"{""station"": ""103.1""}"
Отменяй маршрут,nav_cancel,
Установи подогрев сидений на максимум,seat_heater_set,"{""seat"": ""driver"", ""level"": 5}"
Настрой климат на прохладу,ac_mode_set,"{""mode"": ""cool""}"
Установи кондиционер на максимум,ac_set,"{""level"": 100}"
Включи вентиляцию сидений пассажира на максимум,seat_vent_set,"{""seat"": ""front_passenger"", ""level"": 2}"
Переключи радиостанцию на 87.8,radio_set_station,"{""station"": ""87.8""}"
Выбери Bluetooth как источник воспроизведения,media_source_set,"{""source"": ""bluetooth""}"
Переключись на USB как источник,media_source_set,"{""source"": ""usb""}"
Включи случайное перемешивание треков,media_shuffle_set,
Включи навигацию к магазину,nav_start,"{""destination"": ""магазин""}"
Навигатор снова путает маршрут,chitchat,
Какой у нас маршрут сейчас,chitchat,
Снег мешает обзору — включи дворники,wipers_set,"{""speed"": ""high""}"
Разговаривай со мной как со водителем,chitchat,
Установи комфортную температуру 22 градуса,ac_set,"{""temp"": 22}"
Включи режим охлаждения салона,ac_mode_set,"{""mode"": ""cool""}"
Слушай подкасты через Bluetooth,media_source_set,"{""source"": ""bluetooth""}"
Переключи радиостанцию на 88.5,radio_set_station,"{""station"": ""88.5""}"
Настрой температуру салона на 24 градуса,ac_set,"{""temp"": 24}"
Пусти песню заново,media_repeat_set,
Установи яркость панели на максимум,chitchat,
Включи голосовой помощник,chitchat,
Навигация подвела — проверь маршрут,chitchat,
Проверь маршрут и скажи направление,chitchat,
Заведи разговор по рации,chitchat,
Согрей салон,ac_set,
Включи радио 101.3,radio_set_station,"{""station"": ""101.3""}"
Переключись на волну 98.7,radio_set_station,"{""station"": ""98.7""}"
Включи радиостанцию 105.6,radio_set_station,"{""station"": ""105.6""}"
Переключись на радиостанцию 99.9,radio_set_station,"{""station"": ""99.9""}"
Поговори с системой о погоде,chitchat,"{""topic"": ""weather""}"
Расплавь лёд на стекле,defrost_set,"{""target"": ""windshield""}"
Установи режим кондера в ручной,ac_mode_set,"{""mode"": ""manual""}"
Установи подогрев сидения водителя на 2,seat_heater_set,"{""seat"": ""driver"", ""level"": 2}"
Включи подогрев сидения пассажира — 1,seat_heater_set,"{""seat"": ""passenger"", ""level"": 1}"
Дай дворники на максимальную скорость,wipers_set,"{""speed"": ""high""}"
Включи дворники на режим дождь,wipers_set,"{""mode"": ""rain""}"
"Пожалуйста, включи дальний свет",high_beam_set,
Настрой радиостанцию на волну 560,radio_set_station,"{""station"": ""560""}"
Включи музыку через Bluetooth,media_source_set,"{""source"": ""bluetooth""}"
Открой навигацию к магазину,nav_start,"{""destination"": ""store""}"
Не отвлекай меня громкими звонками,chitchat,"{""topic"": ""distraction_off""}"
Напомни о бензине,chitchat,"{""topic"": ""fuel""}"
Установи обогрев руля на средний,wheel_heater_set,"{""level"": 2}"
Держи маршрут до магазина,nav_start,"{""destination"": ""store""}"
Проверяй давление в шинах,chitchat,"{""topic"": ""tire_pressure""}"
Займись мониторингом топлива,chitchat,"{""topic"": ""fuel""}"
Подай сигнал о дорожной обстановке,chitchat,"{""topic"": ""traffic_alert""}"
Проверь пробки на трассе,chitchat,"{""topic"": ""traffic""}"
режим циркуляции,ac_mode_set,
разморозь стекла,defrost_set,
быстро закрой люк,sunroof_close,
поставь кондиционер на авто,ac_mode_set,
регулируй обдув,ac_fan_set,
воспроизведи песню,play_music,
установи громкость пятьдесят,volume_set,
поставь радио,radio_set,
установи станцию радио,radio_set_station,
позвони абоненту,call_start,
побеседуй со мной,chitchat,
построй маршрут,nav_start,
построй ближайший маршрут,nav_start,
покажи альтернативный путь,nav_start,
включи голосовые подсказки,nav_start,
подскажи дорогу домой,nav_start,
помоги найти место для стоянки,chitchat,
помоги снять шум в салоне,chitchat,
опусти заднее окно слева,window_set,
включи подогрев сидения,seat_heater_set,
включи вентиляцию сидения,seat_vent_set,
верни к предыдущей дорожке,previous_track,
включи повтор дорожки,media_repeat_set,
переключи радио на станцию 101.2,radio_set_station,"{""station"": ""101.2""}"
построй маршрут до центра города,nav_start,"{""destination"": ""city_center""}"
как поживаешь за рулем?,chitchat,
есть новости за поездку?,chitchat,
поболтаем немного?,chitchat,
помоги выбрать парковочное место,chitchat,
сколько осталось до пункта назначения?,chitchat,
поговорим о погоде,chitchat,
хочешь продолжать поездку?,chitchat,
посоветуй место для парковки,chitchat,
полностью выключи кондиционер,ac_off,
настрой радио на волну 90.1,radio_set_station,"{""station"": ""90.1""}"
запусти навигацию к ближайшей заправке,nav_start,"{""destination"": ""gas_station""}"
построй маршрут до парка,nav_start,"{""destination"": ""park""}"
позвони дочери,call_start,
как долго осталось до дома?,chitchat,
переключи песню на следующую,next_track,
Утро за окном — включи дворники,wipers_set,
На трассе ливень — включи дворники,wipers_set,
Утро слепит солнце — опусти окно,window_set,
Поставь климат на минимальный обдув,ac_mode_set,"{""level"": ""min""}"
Поставь обогрев сиденья спереди,seat_heater_set,"{""seat"": ""front""}"
Включи радио на FM,radio_set,"{""band"": ""fm""}"
Переключи на волну 101.5,radio_set_station,"{""station"": ""101.5""}"
Включи стеклоочистители и дождевой режим,wipers_set,
Увеличь подачу воздуха,ac_fan_set,"{""level"": ""increase""}"
Сделай средний обдув,ac_fan_set,"{""level"": ""mid""}"
Выберите USB как источник,media_source_set,"{""source"": ""usb""}"
Переключи на прошлый трек,previous_track,
Установи громкость на 80,volume_set,"{""level"": 80}"
"Громкость выше, пожалуйста",volume_change,"{""direction"": ""up""}"
Снизь громкость до 40,volume_set,"{""level"": 40}"
Настрой радио на FM-диапазон,radio_set,"{""band"": ""fm""}"
Приведи маршрут к аэропорту,nav_start,"{""destination"": ""аэропорт""}"
Пусть навигация проведет через парковку,nav_start,"{""destination"": ""парковка""}"
Скажи маршрут до магазина,nav_start,"{""destination"": ""магазин""}"
Не включай фары — дождь,headlights_set,"{""state"": ""off""}"
Открой люк сейчас,sunroof_set,"{""state"": ""open""}"
Закрой люк сейчас,sunroof_close,
Сделай дефрост посильнее,defrost_set,"{""level"": ""high""}"
Стартуй навигацию домой ещё раз,nav_start,"{""destination"": ""дом""}"
Ответь на сообщение голосом,chitchat,
Куда ехать? Дай рекомендацию,chitchat,
Проверь погодные условия на трассе,chitchat,
Проверить погодные условия на трассе,chitchat,
volume выключи,volume_mute_set,
volume Decrease quiet,volume_change,"{""direction"": ""down""}"
Сделай заказ на Bluetooth,media_source_set,"{""source"": ""bluetooth""}"
Очисти стеклоотчиститель,wipers_set,
Заведи маршрут до улицы Пушкина,nav_start,"{""destination"": ""улица Пушкина""}"
Сделай паузу в треке,media_pause,
Включи Bluetooth повторно,media_source_set,"{""source"": ""bluetooth""}"
Сделай обогрев сидений для пассажира,seat_heater_set,"{""seat"": ""passenger""}"
Покажи маршрут к клинике,nav_start,"{""destination"": ""клиника""}"
Удали все уведомления голосом,chitchat,
Сделай подсветку приборной панели синей,ac_set,"{""color"": ""blue""}"
Поставь климаты в авто,ac_mode_set,"{""mode"": ""auto""}"
Удали режим дождя,rain_set,"{""state"": ""off""}"
Подними окно правого окна,window_set,"{""window"": ""right""}"
Покажи карту на экране,nav_start,"{""display"": ""map""}"
Включи режим парковки,chitchat,
охлади климат до 18,ac_set,"{""temperature"": 18}"
поставь скорость вентилятора 3,ac_fan_set,"{""fan"": 3}"
регулируй вентилятор на 5,ac_fan_set,"{""fan"": 5}"
погрей сиденье на 3,seat_heater_set,"{""level"": 3}"
охлади сиденье на 2,seat_heater_set,"{""level"": 2}"
переключи на радиостанцию Europa Plus,radio_set_station,"{""station"": ""Europa Plus""}"
откажись от звонка,call_hangup,
увеличь громкость на 6,volume_change,"{""delta"": 6}"
снизь громкость на три,volume_change,"{""delta"": -3}"
выставь громкость на 25,volume_set,"{""volume"": 25}"
верни звук,volume_mute_set,"{""mute"": false}"
радиостанция 101.7 FM,radio_set_station,"{""station"": ""101.7 FM""}"
"ты как, все нормально?",chitchat,
посоветуй музыку,chitchat,
поиграем в угадай песню?,chitchat,
Поставь подогрев стекла,defrost_set,
Приостанови песню,media_pause,
Перемотай на следующую песню,next_track,
Сделай звук тише,volume_mute_set,"{""muted"": true}"
Укажи источник музыки на Bluetooth,media_source_set,"{""source"": ""bluetooth""}"
Настрой радиоприемник,radio_set,
Какие новости?,chitchat,
Выруби звук совсем,volume_mute_set,"{""muted"": true}"
Установи температуру 20,ac_set,"{""temperature"": 20}"
Установи температуру на авто,ac_set,"{""mode"": ""auto""}"
Запусти радио на волне 88.5,radio_set_station,"{""station"": ""88.5""}"
Уменьши громкость до 20,volume_set,"{""level"": 20}"
Установи кондиционер на двадцать два,ac_set,"{""temperature"": 22}"
Снизь обороты вентилятора,ac_fan_set,"{""fan_speed"": ""low""}"
Увеличь силу вентилятора,ac_fan_set,"{""fan_speed"": ""high""}"
Подогрей кресло водителю,seat_heater_set,"{""seat"": ""driver""}"
Открой крышу солнца,sunroof_set,"{""state"": ""open""}"
Закрой солнцезащитную крышу,sunroof_close,"{""state"": ""close""}"
Слушаю плейлист,play_music,
Включи повтор текущей песни,media_repeat_set,"{""mode"": ""song""}"
Сделай случайное перемешивание треков,media_shuffle_set,"{""mode"": ""shuffle""}"
Слушаю радиостанцию 101.5,radio_set_station,"{""station"": ""101.5""}"
Переключись на радио 88.3,radio_set_station,"{""station"": ""88.3""}"
"Навигатор, проложи путь домой",nav_start,"{""destination"": ""home""}"
Пусть маршрут приведет к офису,nav_start,"{""destination"": ""office""}"
Позвони Диме,call_start,"{""contact"": ""Dima""}"
Что за дорога сегодня?,chitchat,
Подскажи дорогу к ближайшей парковке,nav_start,"{""destination"": ""nearest_parking""}"
Найди путь к дому через центр,nav_start,"{""destination"": ""home_via_center""}"
"Понизь громкость, здесь шумно",volume_change,"{""amount"": ""down""}"
Переключись на радиостанцию 107.9,radio_set_station,"{""station"": ""107.9""}"
Наведи маршрут через объезд,nav_start,"{""destination"": ""detour""}"
Найди парковку у стадиона,nav_start,"{""destination"": ""stadium_parking""}"
"Расскажи, чем заняться в пути",chitchat,
"Скажи, как доехать до офиса",nav_start,"{""destination"": ""office""}"
Сделай тише на три децибела,volume_change,"{""amount"": ""-3dB""}"
Установи режим Auto для климата,ac_mode_set,"{""mode"": ""auto""}"
Подключи Bluetooth и начни воспроизведение,media_source_set,"{""source"": ""bluetooth""}"
Открой панорамную крышу на максимум,sunroof_set,"{""state"": ""open_max""}"
Установи передний обогрев на максимум,seat_heater_set,"{""seat"": ""front"", ""level"": ""max""}"
Найди ближайшую парковку возле магазина,nav_start,"{""destination"": ""store_parking_nearby""}"
Слушаю спокойный джаз,play_music,"{""genre"": ""jazz"", ""mode"": ""soft""}"
Переключи на радиостанцию 102.7,radio_set_station,"{""station"": ""102.7""}"
подними переднее правое стекло,window_set,"{""action"": ""up"", ""window"": ""front_right""}"
включи автообдув,ac_mode_set,
установи минимальный обдув,ac_fan_set,"{""speed"": 1}"
радио 101.5,radio_set_station,"{""station"": ""101.5""}"
начать навигацию до дома,nav_start,"{""destination"": ""home""}"
подогрев руля включить,wheel_heater_set,"{""state"": ""on""}"
есть ли пробки по маршруту,chitchat,
помоги мне найти маршрут,nav_start,
включи подогрев водительского сидения,seat_heater_set,"{""seat"": ""driver"", ""state"": ""on""}"
настрой режим авто обдува,ac_mode_set,
задайте температуру 20,ac_set,"{""temperature"": 20}"
начать навигацию к офису,nav_start,"{""destination"": ""office""}"
выбери радиостанцию классику,radio_set_station,"{""station"": ""classic""}"
выбери радиостанцию рок-музыка,radio_set_station,"{""station"": ""rock""}"
включай плей-лист,play_music,
поставь скорость вентилятора на средний уровень,ac_fan_set,"{""speed"": 2}"
выключи стеклоочистители,wipers_set,"{""state"": ""off""}"
открой окно на заднем сиденье,window_set,"{""action"": ""open"", ""window"": ""rear""}"
позвонить боссу,call_start,"{""contact"": ""boss""}"
как твой путь сегодня,chitchat,
позвони боссу,call_start,"{""contact"": ""boss""}"
перезвонить позже,call_start,"{""contact"": ""later""}"
как дела в пути,chitchat,
Подгони вентилятор побольше,ac_fan_set,
Сменить радиостанцию на Rock FM,radio_set,
Сделай музыку через USB,media_source_set,
Воспроизведи любимую песню,play_music,
Выбери USB как источник музыки,media_source_set,
Сделай повтор текущей песни,media_repeat_set,
Открой маршрут до офиса,nav_start,
Расскажи что-нибудь,chitchat,
Сыграй песню из моего плейлиста,play_music,
Поставь музыку в Bluetooth,media_source_set,
Включи авто-режим вентиляции,ac_mode_set,
Установи температуру на 18,ac_set,"{""temperature"": 18}"
Поверни направление потоков к водителю,ac_set,
Выключи вентиляцию салона,ac_off,
Разверни режим обогрева левой подушки,seat_heater_set,
Поставь обогрев правого сиденья пассажира,seat_heater_set,
Включи defrost на лобовое стекло и держи его на максимум,defrost_set,
Скажи маршрут до ближайшей заправки,nav_start,
Переключи частоты на FM,radio_set,
Включи режим повторного проигрывания,media_repeat_set,
Добавь песню в плейлист,play_music,
Сделай случайную выборку треков,media_shuffle_set,
повышай мощность вентилятора,ac_fan_set,"{""fan_speed"": ""high""}"
поставь маршрут до магазина,nav_start,"{""destination"": ""магазин""}"
выбери радиостанцию 102.7,radio_set_station,"{""station"": ""102.7""}"
переключи на радиостанцию 98.6,radio_set_station,"{""station"": ""98.6""}"
установи громкость на семьдесят процентов,volume_set,"{""value"": 70}"
выбери источник CarPlay,media_source_set,"{""source"": ""carplay""}"
переключи радиоволну,radio_set,
настройся на станцию 101,radio_set_station,"{""station"": ""101""}"
подними переднее левое стекло,window_set,"{""window"": ""front_left"", ""state"": ""up""}"
как проходят дела за рулём,chitchat,"{""topic"": ""wellbeing""}"
как ты сегодня справляешься за рулём,chitchat,"{""topic"": ""drive""}"
скажи интересный факт про автомобили,chitchat,"{""topic"": ""cars""}"
переключи на радиостанцию 70,radio_set_station,"{""station"": ""70""}"
"привет, водитель, как дела",chitchat,"{""tone"": ""casual""}"
Сыграй следующую песню,next_track,
Включи режим авто в климате,ac_mode_set,"{""mode"": ""auto""}"
Уменьши дворники до низкой скорости,wipers_set,"{""speed"": ""low""}"
Построй маршрут к ближайшему магазину,nav_start,
Включи стеклоочистители на слабую скорость,wipers_set,"{""speed"": ""low""}"
Включи обогрев рулевого,wheel_heater_set,
Переключи радиостанцию на хит FM,radio_set_station,"{""station"": ""Хит FM""}"
Включи автоматический климат-контроль,ac_mode_set,"{""mode"": ""auto""}"
Включи кондиционер вручную,ac_set,
Обдуйте лобовое стекло,defrost_set,
Выбери источник медиа — радио,media_source_set,
повысай громкость на пять,volume_change,"{""delta"": 5}"
поставь температуру 24,ac_set,"{""temperature"": 24, ""unit"": ""C""}"
включи обдув сиденья водителя,seat_vent_set,"{""zone"": ""driver""}"
включи дворники медленно,wipers_set,"{""mode"": ""low""}"
включи дворники на средних оборотах,wipers_set,"{""mode"": ""medium""}"
переключи на радиостанцию Шансон,radio_set_station,"{""station"": ""Шансон""}"
выбери комфортный режим климата,ac_mode_set,"{""mode"": ""comfort""}"
поставь песню из плейлиста Apple Music,play_music,"{""source"": ""Apple Music playlist""}"
перемотай вперёд,next_track,
назови станцию на 105.5,radio_set_station,"{""station"": ""105.5""}"
поставь радио на волну 105.5 FM,radio_set_station,"{""station"": ""105.5 FM""}"
позвони по номеру 555-0123,call_start,"{""phone"": ""555-0123""}"
включи музыку из моего плейлиста,play_music,"{""source"": ""my_playlist""}"
переключи на радиостанцию Радио 7,radio_set_station,"{""station"": ""Радио 7""}"
увеличь громкость до 80 процентов,volume_set,"{""level"": 80}"
позвони по номеру 911,call_start,"{""phone"": ""911""}"
приподни стекло чуть,window_set,
держи стекло опущенным надолго,window_set,
сделай охлаждение сильнее,ac_fan_set,
поставь минимальную мощность вентилятора,ac_fan_set,
убери запотевание стекол,defrost_set,
поставь температуру на двадцать два градуса,ac_set,
разогрей запотевание лобового,defrost_set,
поставь крышу в открытое положение,sunroof_set,
установи люк в закрытое положение,sunroof_close,
максимально открой крышу,sunroof_set,
помоги с регулировкой люка,sunroof_set,
верни предыдущый трек,previous_track,
установи станцию радиостанции Маяк,radio_set_station,
сканируй станции,media_source_set,
слушай локальный эфир,radio_set,
укажи кратчайший путь к дому,nav_start,
перезвони через минуту,call_start,
как дела ночью,chitchat,
как ты себя чувствуешь,chitchat,
используй стеклоочиститель для дождя,wipers_set,
поставь минимальную скорость дворников,wipers_set,
включи автоматическую очистку стекол,wipers_set,
включи ночной дальний свет,high_beam_set,
"пожалуйста, выключи звук",volume_mute_set,
хочу тишины в салоне,volume_mute_set,
заглуши аудио,volume_mute_set,
глуши музыку,volume_mute_set,
погаси звук,volume_mute_set,
поставь тихий режим,volume_mute_set,
"без звука, пожалуйста",volume_mute_set,
оставь салон без звука,volume_mute_set,
выключи звук сейчас,volume_mute_set,
сделай громкость поменьше,volume_change,
убери громкость немного,volume_change,
прикрой громкость поменьше,volume_change,
"потише музыку, пожалуйста",volume_change,
"пожалуйста, поменьше громкости",volume_change,
поменьше шума в салоне,volume_change,
поставь громкость 0,volume_set,"{""volume"": 0}"
сделай громкость ноль,volume_set,"{""volume"": 0}"
установи ноль громкости,volume_set,"{""volume"": 0}"
поставь ноль громкости,volume_set,"{""volume"": 0}"
обнули громкость,volume_set,"{""volume"": 0}"
поставь нулевой уровень громкости,volume_set,"{""volume"": 0}"
сделай громкость 0,volume_set,"{""volume"": 0}"
поставь громкость ноль,volume_set,"{""volume"": 0}"
поменьше громкости в салоне,volume_change,
уменьши шум от радио,volume_change,
сделай тише музыке,volume_change,
поставь треки на паузу,media_pause,
пауза на всё аудио,media_pause,
поставь паузу текущей песни,media_pause,
поставь текущий трек на паузу,media_pause,
поставь паузу сейчас,media_pause,
приостанови все воспроизведения,media_pause,
поставь паузу всем источникам,media_pause,
"молчу, держи паузу",media_pause,
не включай больше медиа,volume_mute_set,
не включай потоковую музыку,volume_mute_set,
создай атмосферу тишины в салоне,volume_mute_set,
"мне нужен покой, выключи звук",volume_mute_set,
"мне нужна тишина, не включай музыку",volume_mute_set,
создай безмятежную тишину вокруг,volume_mute_set,
"тишина в салоне, держи без звука",volume_mute_set,
не включай радио,volume_mute_set,
выключи радиостанцию,volume_mute_set,
переключись на беззвучный режим,volume_mute_set,
поставь тишину в салоне,volume_mute_set,
не включай никакую музыку,volume_mute_set,
"Утром запотело лобовое, включи обогрев стекла",defrost_set,
"Раздражает шум в салоне, приглуши музыку",volume_change,
Включи авто режим охлаждения,ac_mode_set,
Подними температуру до комфортной,ac_set,
Включи обдув сидений спереди,seat_vent_set,
Дефрост лобового стекла,defrost_set,
Включи дворники на минимальном режиме,wipers_set,
"Дождь идёт, включи стеклоочистители на среднюю",wipers_set,
Фары включи в ночной режим,headlights_set,
Громкость музыки сделай тише,volume_change,
Переключи радиостанцию на Авторадио,radio_set_station,
Верни назад к прошлому треку,previous_track,
Включи плейлист релакс,play_music,
Включи режим обогрева в авто,ac_mode_set,
Какая сейчас погода за окном?,chitchat,
Проложи маршрут в центр города,nav_start,
Проложи объездной маршрут к офису,nav_start,
Найди USB-источник музыки,media_source_set,
Включи режим дождя для стекол,rain_set,
Настрой климат AUTO,ac_mode_set,
Установи температуру чуть ниже средней,ac_set,
Поменяй положение передних стекол,window_set,
Опусти переднее стекло частично,window_set,
Держи дальний свет на удержании,high_beam_set,
Активируй автоматическую очистку стекол,defrost_set,
Включи режим охлаждения на максимум,ac_mode_set,
Отрегулируй громкость на один уровень,volume_change,
Найди радиостанцию в FM диапазоне,radio_set_station,
Переключи на канал Радио 7,radio_set_station,
Поставь паузу на медиа,media_pause,
Громкость на средний уровень,volume_change,
Громкость на ноль,volume_set,
"Скажи, как идёт трафик за окном",chitchat,
Проложи маршрут через объездной путь,nav_start,
Настрой вентилятор на средний поток,ac_fan_set,
Переключи на радиостанцию FM,radio_set_station,
Поговорим с ассистентом,chitchat,
Опусти окно до середины,window_set,
Вечером проложи маршрут к офису,nav_start,
Найди ближайшую заправку под снегом,nav_start,
Покажи маршрут до магазина — снег идёт,nav_start,
Освети дорогу — ослепляет встречка,high_beam_set,
Подсказать дорогу,chitchat,
Уменьши расход топлива в настройках,ac_mode_set,
Проверить уведомления,chitchat,
Переключи радио на новую волну,radio_set_station,
"Скажи, как дорога",chitchat,
Настрой громкость на пять,volume_set,"{""level"": 5}"
Переключи на радиостанцию NRJ,radio_set_station,"{""station"": ""NRJ""}"
Навигацию к дому,nav_start,
Включи режим обдува,ac_mode_set,
Установи кондиционер,ac_set,
Поставь вентиляцию сидений,seat_vent_set,
Распахни люк,sunroof_set,
Подскажи дорогу до ближайшего места,chitchat,
Говори что-нибудь о погоде,chitchat,
Выбери радиостанцию Classic FM,radio_set_station,"{""station"": ""Classic FM""}"
Переключи станцию на FM,radio_set,
Направление к магазину,nav_start,
Вернись к карте,nav_cancel,
Уточни маршрут до аэропорта,nav_start,
Опусти окно справа,window_set,
Подними окно слева,window_set,
Установи автоматический режим климата,ac_mode_set,
Покажи температуру в салоне,ac_set,
Как долго до дома,nav_start,
Где парковка поблизости,chitchat,
Скажи прогноз пробок,chitchat,
Поставь радио на AM,radio_set,
Расскажи что-нибудь о погоде за окном,chitchat,
"Навигатор, начни маршрут к дому",nav_start,
"Навигатор, найди маршрут к офису",nav_start,
"Дождь на трассе, включи дворники на авто",wipers_set,"{""speed"": ""auto""}"
"Мокрый асфальт под колесами, подтверди дворники средней скорости",wipers_set,"{""speed"": ""medium""}"
Укажи кондиционер: температура 22 градуса,ac_set,"{""mode"": ""cool"", ""temperature"": 22}"
"Выключи кондиционер, пусть станет прохладнее",ac_off,
Увели вентиляцию на максимум,ac_fan_set,"{""level"": 4}"
Подогрей водительское сиденье до второго уровня,seat_heater_set,"{""seat"": ""driver"", ""level"": 2}"
Подогрей сиденье пассажира до второго уровня,seat_heater_set,"{""seat"": ""passenger"", ""level"": 2}"
Включи радиостанцию на 97.8,radio_set_station,"{""station"": ""97.8""}"
Выключи звук мультимедиа,volume_mute_set,"{""muted"": true}"
Раздражает шум — побеседуй с салоном,chitchat,
Включи музыку для дороги,play_music,
Сменить трек на следующий,next_track,
Найди маршрут к центру города,nav_start,
Верни звук на максимум,volume_set,"{""level"": 100}"
Сделай режим AC авто,ac_mode_set,"{""mode"": ""auto""}"
Подогрей сиденье водителя на максимум,seat_heater_set,"{""seat"": ""driver"", ""level"": 3}"
Подогрей сиденье пассажира на средний уровень,seat_heater_set,"{""seat"": ""passenger"", ""level"": 2}"
Поставь тепло руля,wheel_heater_set,"{""level"": 1}"
Включи Bluetooth как источник мелодий,media_source_set,"{""source"": ""bluetooth""}"
Сменяй станцию Европа Плюс,radio_set_station,"{""station"": ""Европа Плюс""}"
Включи паузу музыки,media_pause,
Попроси прогноз погоды на трассе,chitchat,
Сделай дефрост слева,defrost_set,"{""zone"": ""left"", ""mode"": ""on""}"
Настрой температуру на 21,ac_set,"{""mode"": ""cool"", ""temperature"": 21}"
Выберите радиостанцию рок-хит,radio_set_station,"{""station"": ""рок-хит""}"
Уменьши вентиляцию до среднего,ac_fan_set,"{""level"": 2}"
Открой люк полностью,sunroof_set,"{""position"": ""open""}"
Сделай режим повтор музыки,media_repeat_set,"{""mode"": ""repeat_all""}"
Расскажи про дорогу впереди,chitchat,
Замени источник на USB,media_source_set,"{""source"": ""usb""}"
Прекрати шум — включи тихо,chitchat,
подними окна,window_set,
подогрей передние сиденья,seat_heater_set,"{""seat"": ""front""}"
поставь обдув на лоб,ac_fan_set,"{""zone"": ""front""}"
радио на станции 101.1,radio_set_station,"{""station"": ""101.1""}"
включи дождь на стекле,rain_set,"{""state"": ""on""}"
поговори с водителем,chitchat,
покажи помощь,chitchat,
скоро продолжим,media_pause,
радио на станции 105.3,radio_set_station,"{""station"": ""105.3""}"
разморозь переднее стекло,defrost_set,"{""zone"": ""front""}"
включи подогрев передних кресел,seat_heater_set,"{""seat"": ""front"", ""state"": ""on""}"
установи авто режим вентиляции,ac_mode_set,"{""mode"": ""auto""}"
установи вентилятор на уровень 3,ac_fan_set,"{""level"": 3}"
переключи радиоволну на 105.3,radio_set_station,"{""station"": ""105.3""}"
путь домой в навигатор,nav_start,"{""destination"": ""home""}"
музыку выключи,volume_mute_set,
молчать,volume_mute_set,
ночью выключи музыку,volume_mute_set,
установи громкость максимум,volume_set,
выбери режим отопления,ac_mode_set,
радио на станцию,radio_set_station,
погаси дальний свет,high_beam_set,
включи режим стеклоочистителя,wipers_set,
проверь дорогу,chitchat,
заведи машину,chitchat,
климат контроль включи,ac_set,
обдуй лобовое стекло,defrost_set,
включи подсветку панели,headlights_set,
покажи парковку рядом,chitchat,
режим авто включить,ac_mode_set,
подогрев сиденья включи,seat_heater_set,
вентиляция сиденья включи,seat_vent_set,
обогрев лобового стекла,defrost_set,
приглуши звук,volume_mute_set,
повтор трека включи,media_repeat_set,
радио станцию выбери,radio_set_station,
приоткрой окно чуть,window_set,
поставь маршрут через центр,nav_start,
тороплюсь — начинай маршрут,nav_start,
"быстро, включи радиостанцию",radio_set,
рассвет освещает дорогу — включи ближний свет,headlights_set,
снег мешает обзору — включи дальний свет,high_beam_set,
проверь дворники,wipers_set,
повтори трек ещё раз,media_repeat_set,
перемешай плейлист заново,media_shuffle_set,
выбери источник медиа на USB,media_source_set,
радио станцию поменяй по частоте,radio_set_station,
включи музыку для настроения,play_music,
покажи маршрут через центр,nav_start,
включи ближний свет и продолжай движение,headlights_set,
Опусти окно ночью,window_set,
Закрой окно ночью,window_set,
Опусти левое окно в тоннеле,window_set,
Опусти правое окно в тоннеле,window_set,
Опусти заднее окно ночью,window_set,
Закрой все окна тороплюсь,window_set,
Режим охлаждения включи,ac_mode_set,
Переключи на авто,ac_mode_set,
Разморозь лобовую поверхность,defrost_set,
Установи вентиляцию сидений на среднюю мощность,seat_vent_set,
Установи режим дождя слабый,rain_set,
Установи режим дождя сильный,rain_set,
Установи громкость пятнадцать,volume_set,"{""volume"": 15}"
Настрой радиостанцию 98.4,radio_set_station,"{""station"": ""98.4""}"
Как найти заправку,chitchat,
Сколько сейчас времени?,chitchat,
Как проехать до станции,chitchat,
Сделай приветствие водителю,chitchat,
Подскажи лучший маршрут домой,nav_start,"{""destination"": ""домой""}"
Включи ночной режим отображения,chitchat,
"Грубо говоря, давай без задержек",chitchat,
Включи кондиционер и направь к дому,chitchat,
Включи панель приборов ярче,chitchat,
приглуши фары,headlights_set,
покажи ночной режим освещения,headlights_set,
повысь температуру в салоне,ac_set,
поставь режим обогрева сиденья водителя,seat_heater_set,
поставь обогрев сиденья пассажира,seat_heater_set,
начни поиск пути,nav_start,
переключи радиостанцию на 88.4,radio_set_station,"{""station"": ""88.4""}"
настрой Bluetooth как источник,media_source_set,
активируй случайный порядок воспроизведения,media_shuffle_set,
проверь дорожную ситуацию,chitchat,
настрой громкость на максимум,volume_set,
"рассвет освещает дорогу, включи свет",headlights_set,
"снег идёт, включи подогрев сиденья",seat_heater_set,
"тоннель впереди, держи курс",nav_start,
переключи на ночной режим освещения,headlights_set,
медленно включи дворники,wipers_set,
включи обогрев руля сейчас,wheel_heater_set,
помоги выбрать маршрут домой,nav_start,
