phrase,intent,parameters
Открой окно водителя на тридцать процентов,window_set,"{""action"": ""set"", ""window"": ""driver"", ""percent"": 30}"
"Закрой все окна, пожалуйста",window_set,"{""action"": ""close"", ""window"": ""all""}"
Приоткрой стекло у пассажира,window_set,"{""action"": ""open"", ""window"": ""passenger""}"
Сделай кондиционер на двадцать два градуса,ac_set,"{""state"": ""on"", ""temperature"": 22}"
Выключи кондиционер,ac_off,
Переключи кондиционер в режим обдува,ac_mode_set,"{""enabled"": true}"
Увеличь скорость вентилятора до 70,ac_fan_set,"{""level"": 70, ""speed"": ""medium""}"
Включи обогрев сиденья у водителя на 100,seat_heater_set,"{""seat"": ""driver"", ""level"": 100}"
Как отключить обогрев сиденья у пассажира?,seat_heater_set,"{""seat"": ""passenger"", ""level"": 0}"
Включи обогрев сиденья на уровне 50,seat_heater_set,"{""seat"": ""driver"", ""level"": 50}"
Сделай громче на пять,volume_change,"{""delta"": 5}"
Уменьши громкость на 10 процентов,volume_change,"{""delta"": -10}"
Сделай звук тише,volume_change,"{""direction"": ""down""}"
Включи музыку,play_music,
Останови воспроизведение музыки,stop_music,
Пауза,media_pause,
Следующий трек,next_track,
Назад на предыдущий трек,previous_track,
Поставь радио на частоту 95.5,radio_set,"{""frequency"": ""95.5""}"
Поменяй источник на Bluetooth,media_source_set,"{""source"": ""bluetooth""}"
Как доехать до Кремля?,nav_start,"{""destination"": ""Кремль""}"
Отмени навигацию,nav_cancel,
Позвони маме,call_start,"{""contact"": ""мама""}"
Ответь на звонок,call_answer,
Завершить разговор,call_hangup,
Включи фары,headlights_set,"{""state"": ""on""}"
Выключи ближний свет,high_beam_set,"{""state"": ""off""}"
Установи дворники на авто,wipers_set,"{""speed"": ""auto""}"
Увеличь скорость работы дворников до максимума,wipers_set,"{""speed"": ""high""}"
Как дела?,chitchat,
"Привет, как ты?",chitchat,
"Пожалуйста, открой пассажирское окно на двадцать процентов",window_set,"{""action"": ""set"", ""window"": ""passenger"", ""percent"": 20}"
Сделай потише на десять,volume_change,"{""delta"": -10}"
"Включи кондиционер, температура пусть будет 21 градус",ac_set,"{""state"": ""on"", ""temperature"": 21}"
Выключи кондиционер,ac_off,
Запусти радио на частоте 92.5,radio_set,"{""frequency"": ""92.5""}"
Установи уровень громкости на восемьдесят процентов,volume_set,"{""level"": 80}"
"Можно, пожалуйста, сделать погромче?",volume_change,"{""direction"": ""up""}"
Закрой все окна,window_set,"{""action"": ""close"", ""window"": ""all""}"
"Привет, как дела?",chitchat,
Как добраться до аэропорта?,nav_start,"{""destination"": ""аэропорт""}"
Открой окно у водителя,window_set,"{""action"": ""open"", ""window"": ""driver""}"
Поставь песню на следующий трек,next_track,
Открой люк на половину,sunroof_set,"{""action"": ""open"", ""percent"": 50}"
Выключи свет,headlights_set,"{""state"": ""off""}"
Какой сейчас уровень громкости?,chitchat,
"Пожалуйста, сделай потише",volume_change,"{""direction"": ""down""}"
Выключи обогрев сиденья у пассажира,seat_heater_set,"{""seat"": ""passenger"", ""level"": 0}"
Включи режим обдува,ac_mode_set,"{""enabled"": true}"
"Пожалуйста, подключи Bluetooth",media_source_set,"{""source"": ""bluetooth""}"
Выключи стеклоочистители,wipers_set,"{""speed"": ""off""}"
Открой окно у водителя на десять процентов,window_set,"{""action"": ""set"", ""window"": ""driver"", ""percent"": 10}"
Закрой все окна,window_set,"{""action"": ""close"", ""window"": ""all""}"
Приоткрой стекло пассажирского окна,window_set,"{""action"": ""open"", ""window"": ""passenger""}"
Включи кондиционер на 20 градусов,ac_set,"{""state"": ""on"", ""temperature"": 20}"
Выключи кондиционер,ac_off,
Поставь режим обдува кондиционера,ac_mode_set,"{""enabled"": true}"
Включи обогрев сиденья пассажира на максимуме,seat_heater_set,"{""seat"": ""passenger"", ""level"": 100}"
Сделай погромче на 5 единиц,volume_change,"{""delta"": 5}"
Уменьши громкость на десять процентов,volume_change,"{""direction"": ""down""}"
Включи музыку,play_music,
Следующий трек,next_track,
Поставь радиостанцию 98.5,radio_set,"{""frequency"": ""98.5""}"
Как доехать до аэропорта?,nav_start,"{""destination"": ""аэропорт""}"
Отмени навигацию,nav_cancel,
Позвони Сергею,call_start,"{""contact"": ""Сергей""}"
Ответь на звонок,call_answer,
Выключи фары,headlights_set,"{""state"": ""off""}"
Как дела?,chitchat,
Сделай на 15% громче,volume_change,"{""delta"": 15}"
Закрой люк,sunroof_close,
Поставь радио на 102.5,radio_set,"{""frequency"": ""102.5""}"
Приоткрой окно у водителя на тридцать процентов,window_set,"{""action"": ""set"", ""window"": ""driver"", ""percent"": 30}"
Закрой все окна полностью,window_set,"{""action"": ""close"", ""window"": ""all""}"
Открой пассажирское стекло наполовину,window_set,"{""action"": ""set"", ""window"": ""passenger"", ""percent"": 50}"
Закрой окно сзади,window_set,"{""action"": ""close"", ""window"": ""rear""}"
"Включи кондиционер, сделай 22 градуса",ac_set,"{""state"": ""on"", ""temperature"": 22}"
Выключи климат-контроль,ac_off,
Установи обдув на максимуме,ac_fan_set,"{""level"": 100, ""speed"": ""high""}"
Включи рециркуляцию,ac_mode_set,"{""enabled"": true}"
Поставь обогрев сиденья пассажира на 70%,seat_heater_set,"{""seat"": ""passenger"", ""level"": 70}"
Отключи обогрев сиденья водителя,seat_heater_set,"{""seat"": ""driver"", ""level"": 0}"
Включи кондиционер и установи 18 градусов,ac_set,"{""state"": ""on"", ""temperature"": 18}"
Включи обогрев переднего стекла,defrost_set,"{""state"": ""on"", ""target"": ""front""}"
Закрой люк на максимум,sunroof_set,"{""action"": ""close"", ""percent"": 100}"
Открой люк на 50 процентов,sunroof_set,"{""action"": ""open"", ""percent"": 50}"
Включи радио на 95.5,radio_set,"{""frequency"": ""95.5""}"
Следующий трек,next_track,
Сделай громче на 10,volume_change,"{""delta"": 10}"
Выключи музыку,stop_music,
Переключи на Bluetooth,media_source_set,"{""source"": ""bluetooth""}"
Позвони Сергею,call_start,"{""contact"": ""Сергей""}"
Отвечаю на звонок,call_answer,
Заверши звонок,call_hangup,
Как добраться до станции метро?,nav_start,"{""destination"": ""станция метро""}"
Отмени навигацию,nav_cancel,
Включи фары,headlights_set,"{""state"": ""on""}"
Поставь дворники на авто,wipers_set,"{""speed"": ""auto""}"
"Привет, как дела?",chitchat,
Включи обогрев руля,wheel_heater_set,"{""state"": ""on""}"
Сделай звук тише на 5,volume_change,"{""delta"": -5}"
Открой окно водителя на тридцать процентов,window_set,"{""action"": ""set"", ""window"": ""driver"", ""percent"": 30}"
"Пожалуйста, закрой окно у пассажира",window_set,"{""action"": ""close"", ""window"": ""passenger""}"
Приоткрой все окна на 50 процентов,window_set,"{""action"": ""set"", ""window"": ""all"", ""percent"": 50}"
Закрой все окна,window_set,"{""action"": ""close"", ""window"": ""all""}"
"Сделай холоднее, поставь кондиционер на 20 градусов",ac_set,"{""state"": ""on"", ""temperature"": 20}"
"Выключи кондиционер, пожалуйста",ac_off,
Включи кондиционер и установи на 24,ac_set,"{""state"": ""on"", ""temperature"": 24}"
Дай мне обдув лобового стекла,ac_mode_set,"{""enabled"": true}"
Сделай вентилятор на максимуме,ac_fan_set,"{""level"": 100, ""speed"": ""high""}"
Установи обогрев сиденья для пассажира на 80,seat_heater_set,"{""seat"": ""passenger"", ""level"": 80}"
Включи обогрев сиденья водителя,seat_heater_set,"{""seat"": ""driver"", ""level"": 100}"
Выключи обогрев сидения,seat_heater_set,"{""seat"": ""driver"", ""level"": 0}"
Включи вентилятор для сиденья,seat_vent_set,"{""seat"": ""driver"", ""level"": 50}"
Сделай обдув заднего стекла,defrost_set,"{""state"": ""on"", ""target"": ""rear""}"
Закрой люк на 60 процентов,sunroof_set,"{""action"": ""close"", ""percent"": 60}"
Открой люк полностью,sunroof_set,"{""action"": ""open"", ""percent"": 100}"
Слушай музыку,play_music,
Останови музыку,stop_music,
Поставь музыку на паузу,media_pause,
Переключи на следующую песню,next_track,
Вернись к предыдущему треку,previous_track,
Сделай громче на пять,volume_change,"{""delta"": 5}"
Убавь громкость на 10 процентов,volume_change,"{""delta"": -10}"
Настрой громкость на 75,volume_set,"{""level"": 75}"
Поставь громкость на минимум,volume_set,"{""level"": 0}"
Включи громкость,volume_mute_set,"{""state"": ""off""}"
Выключи звук,volume_mute_set,"{""state"": ""on""}"
Поставь радио на 102.5,radio_set,"{""frequency"": ""102.5""}"
Переключись на Bluetooth,media_source_set,"{""source"": ""bluetooth""}"
Запусти навигацию до магазина,nav_start,"{""destination"": ""магазин""}"
Отмени маршрут,nav_cancel,
Позвони Игорю,call_start,"{""contact"": ""Игорь""}"
Ответь на звонок,call_answer,
Заверши звонок,call_hangup,
Включи фары,headlights_set,"{""state"": ""on""}"
Выключи дальний свет,high_beam_set,"{""state"": ""off""}"
Установи дворники на авто,wipers_set,"{""speed"": ""auto""}"
Сделай стеклоочистители на низкой скорости,wipers_set,"{""speed"": ""low""}"
Переключи на ручной режим стеклоочистителей,rain_set,"{""mode"": ""manual""}"
Как дела?,chitchat,
"Привет, как у тебя дела?",chitchat,
Что нового?,chitchat,
Открой окно водителя на тридцать процентов,window_set,"{""action"": ""set"", ""window"": ""driver"", ""percent"": 30}"
Приоткрой стекло у пассажира,window_set,"{""action"": ""open"", ""window"": ""passenger""}"
"Закрой все окна, пожалуйста",window_set,"{""action"": ""close"", ""window"": ""all""}"
Закрой пассажирское окно на сто процентов,window_set,"{""action"": ""set"", ""window"": ""passenger"", ""percent"": 100}"
Включи кондиционер на двадцать градусов,ac_set,"{""state"": ""on"", ""temperature"": 20}"
Можно выключить климат-контроль?,ac_off,
Поставь кондиционер на тридцать градусов,ac_set,"{""state"": ""on"", ""temperature"": 30}"
Включи рециркуляцию,ac_mode_set,"{""enabled"": true}"
Выключи обогрев сиденья пассажира,seat_heater_set,"{""seat"": ""passenger"", ""level"": 0}"
Сделай обогрев сиденья водителя на пятьдесят процентов,seat_heater_set,"{""seat"": ""driver"", ""level"": 50}"
Включи обогрев сиденья,seat_heater_set,"{""seat"": ""driver"", ""level"": 100}"
Включи вентилятор на высокую скорость,ac_fan_set,"{""level"": 100, ""speed"": ""high""}"
Установи обогрев сиденья на ноль,seat_heater_set,"{""seat"": ""passenger"", ""level"": 0}"
Сделай музыку погромче на пять,volume_change,"{""delta"": 5}"
Уменьши громкость на десять процентов,volume_change,"{""delta"": -10}"
Сделай потише на восемь,volume_change,"{""delta"": -8}"
Установи громкость на шестьдесят процентов,volume_set,"{""level"": 60}"
Поставь Bluetooth как источник,media_source_set,"{""source"": ""bluetooth""}"
Поставь радио на восемьдесят девять,radio_set,"{""frequency"": ""89.0""}"
Запусти навигацию до метро,nav_start,"{""destination"": ""метро""}"
Как доехать до ближайшего кафе?,nav_start,"{""destination"": ""ближайшее кафе""}"
Позвони другу,call_start,"{""contact"": ""друг""}"
Ответь на звонок,call_answer,
Поставь дальний свет,high_beam_set,"{""state"": ""on""}"
Выключи дворники,wipers_set,"{""speed"": ""off""}"
Увеличь скорость дворников до высокой,wipers_set,"{""speed"": ""high""}"
Как дела?,chitchat,
Закрой люк,sunroof_close,
Приоткрой люк на пятьдесят процентов,sunroof_set,"{""action"": ""open"", ""percent"": 50}"
Выключи обогрев руля,wheel_heater_set,"{""state"": ""off""}"
Включи дворники на авто,rain_set,"{""mode"": ""auto""}"
Закрой окно у водителя,window_set,"{""action"": ""close"", ""window"": ""driver""}"
Открой пассажирское окно на тридцать процентов,window_set,"{""action"": ""set"", ""window"": ""passenger"", ""percent"": 30}"
Приоткрой все окна,window_set,"{""action"": ""open"", ""window"": ""all""}"
Давай закроем заднее окно,window_set,"{""action"": ""close"", ""window"": ""rear""}"
Открой окошко на половину,window_set,"{""action"": ""set"", ""window"": ""driver"", ""percent"": 50}"
"Включи кондиционер, сделай 22 градуса",ac_set,"{""state"": ""on"", ""temperature"": 22}"
"Пожалуйста, выключи климат-контроль",ac_off,
Поставь обдув на авто,ac_mode_set,"{""enabled"": true}"
Увеличь скорость вентилятора до 75,ac_fan_set,"{""level"": 75, ""speed"": ""medium""}"
Включи обогрев сиденья водителя на 50 процентов,seat_heater_set,"{""seat"": ""driver"", ""level"": 50}"
Выключи обогрев сиденья пассажира,seat_heater_set,"{""seat"": ""passenger"", ""level"": 0}"
Включи рециркуляцию воздуха,ac_mode_set,"{""enabled"": true}"
Закрой люк полностью,sunroof_set,"{""action"": ""close"", ""percent"": 100}"
Открой люк на 20 процентов,sunroof_set,"{""action"": ""open"", ""percent"": 20}"
Закрой люк,sunroof_close,
Включи фары,headlights_set,"{""state"": ""on""}"
Выключи дальний свет,high_beam_set,"{""state"": ""off""}"
Как доехать до музея?,nav_start,"{""destination"": ""музей""}"
Отмени навигацию,nav_cancel,
Позвони Алексею,call_start,"{""contact"": ""Алексей""}"
Ответь на звонок,call_answer,
Заверши разговор,call_hangup,
Сделай погромче на 10,volume_change,"{""delta"": 10}"
Уменьши громкость на 5,volume_change,"{""delta"": -5}"
Выставь громкость на 75 процентов,volume_set,"{""level"": 75}"
Поставь музыку на паузу,media_pause,
Переключи на следующий трек,next_track,
Включи радио на частоте 92.5,radio_set,"{""frequency"": ""92.5""}"
Слушай музыку через Bluetooth,media_source_set,"{""source"": ""bluetooth""}"
Сделай громче,volume_change,"{""direction"": ""up""}"
"Привет, как дела?",chitchat,
Какой сегодня день?,chitchat,
"Погода отличная, да?",chitchat,
Открой окно у водителя на двадцать процентов,window_set,"{""action"": ""set"", ""window"": ""driver"", ""percent"": 20}"
Закрой заднее пассажирское окно,window_set,"{""action"": ""close"", ""window"": ""passenger""}"
Приоткрой все окна,window_set,"{""action"": ""open"", ""window"": ""all""}"
"Пожалуйста, закрой окно спереди",window_set,"{""action"": ""close"", ""window"": ""driver""}"
Сделай температуру 22 градуса,ac_set,"{""state"": ""on"", ""temperature"": 22}"
"Включи кондиционер, температура 18",ac_set,"{""state"": ""on"", ""temperature"": 18}"
Отключи кондиционер,ac_off,
Поставь кондиционер на рециркуляцию,ac_mode_set,"{""enabled"": true}"
Увеличь скорость вентилятора на максимум,ac_fan_set,"{""level"": 100, ""speed"": ""high""}"
Уменьши скорость вентилятора до нуля,ac_fan_set,"{""level"": 0, ""speed"": ""off""}"
Включи обогрев сиденья водителя на 75 процентов,seat_heater_set,"{""seat"": ""driver"", ""level"": 75}"
Сделай обогрев сиденья пассажира на полную мощность,seat_heater_set,"{""seat"": ""passenger"", ""level"": 100}"
Включи обдув заднего стекла,defrost_set,"{""state"": ""on"", ""target"": ""rear""}"
Закрой люк,sunroof_close,
Открой люк на 50 процентов,sunroof_set,"{""action"": ""open"", ""percent"": 50}"
Поставь радио на частоту 90.5,radio_set,"{""frequency"": ""90.5""}"
Сделай громче на десять,volume_change,"{""delta"": 10}"
Уменьши громкость на 20 процентов,volume_change,"{""direction"": ""down""}"
Выключи музыку,stop_music,
Переключи на следующий трек,next_track,
Как доехать до Ленина?,nav_start,"{""destination"": ""Ленина""}"
"Навигатор, отменить маршрут",nav_cancel,
Позвони Свете,call_start,"{""contact"": ""Света""}"
Ответь на звонок,call_answer,
Завершить звонок,call_hangup,
Включи фары,headlights_set,"{""state"": ""on""}"
Сделай дворники на авто,wipers_set,"{""speed"": ""auto""}"
Включи режим дождя,rain_set,"{""mode"": ""auto""}"
"Привет, как дела?",chitchat,
Как поживаешь?,chitchat,
"Пожалуйста, открой окно у водителя",window_set,"{""action"": ""open"", ""window"": ""driver""}"
Приоткрой стекло пассажирского окна,window_set,"{""action"": ""set"", ""window"": ""passenger"", ""percent"": 50}"
Закрой все окна,window_set,"{""action"": ""close"", ""window"": ""all""}"
Сделай кондиционер на 20 градусов,ac_set,"{""state"": ""on"", ""temperature"": 20}"
Выключи климат-контроль,ac_off,
Переключи на обдув,ac_mode_set,"{""enabled"": true}"
Включи вентилятор на максимуме,ac_fan_set,"{""level"": 100, ""speed"": ""high""}"
Включи обогрев сиденья для пассажира,seat_heater_set,"{""seat"": ""passenger"", ""level"": 75}"
Закрой люк на 50 процентов,sunroof_set,"{""action"": ""close"", ""percent"": 50}"
Сделай громче на десять,volume_change,"{""delta"": 10}"
Поставь громкость на 30,volume_set,"{""level"": 30}"
"Пожалуйста, выключи звук",volume_mute_set,"{""state"": ""on""}"
Включи Bluetooth,media_source_set,"{""source"": ""bluetooth""}"
Переключи на следующую песню,next_track,
Останови музыку,stop_music,
"Пожалуйста, позвони Олегу",call_start,"{""contact"": ""Олег""}"
Как доехать до Аэропорта?,nav_start,"{""destination"": ""Аэропорт""}"
Включи фары,headlights_set,"{""state"": ""on""}"
Как дела?,chitchat,
Сделай потише на пять,volume_change,"{""delta"": -5}"
Выключи обогрев сиденья водителя,seat_heater_set,"{""seat"": ""driver"", ""level"": 0}"
Закрой окно у водителя,window_set,"{""action"": ""close"", ""window"": ""driver""}"
Открой все окна на восемьдесят процентов,window_set,"{""action"": ""set"", ""window"": ""all"", ""percent"": 80}"
"Пожалуйста, закрой пассажирское стекло",window_set,"{""action"": ""close"", ""window"": ""passenger""}"
Приоткрой окно сзади на пятьдесят процентов,window_set,"{""action"": ""set"", ""window"": ""rear"", ""percent"": 50}"
Открой окно полностью,window_set,"{""action"": ""open"", ""window"": ""all""}"
Включи кондиционер на 22 градуса,ac_set,"{""state"": ""on"", ""temperature"": 22}"
Поставь кондиционер на 20,ac_set,"{""state"": ""on"", ""temperature"": 20}"
Выкл кондиционер,ac_set,"{""state"": ""off"", ""temperature"": 0}"
Выключи кондиционер,ac_off,
Увеличь температуру до 25 градусов,ac_set,"{""state"": ""on"", ""temperature"": 25}"
Поставь рециркуляцию включенной,ac_mode_set,"{""enabled"": true}"
Выключи обогрев сидений,seat_heater_set,"{""seat"": ""driver"", ""level"": 0}"
Включи обогрев сиденья пассажира на 100%,seat_heater_set,"{""seat"": ""passenger"", ""level"": 100}"
Установи обогрев сиденья водителя на 50 процентов,seat_heater_set,"{""seat"": ""driver"", ""level"": 50}"
Включи вентилятор на максимуме,ac_fan_set,"{""level"": 100, ""speed"": ""high""}"
Выстави скорость вентилятора на среднюю,ac_fan_set,"{""level"": 50, ""speed"": ""medium""}"
Включи подогрев сидений,seat_heater_set,"{""seat"": ""driver"", ""level"": 100}"
Закрой люк,sunroof_close,
Открой люк на тридцать процентов,sunroof_set,"{""action"": ""open"", ""percent"": 30}"
Закрой люк полностью,sunroof_set,"{""action"": ""close"", ""percent"": 100}"
Включи радио на частоте 95.5,radio_set,"{""frequency"": ""95.5""}"
Переключи на следующую песню,next_track,
Уменьши громкость на десять,volume_change,"{""delta"": -10}"
Сделай погромче на пять,volume_change,"{""delta"": 5}"
Поставь громкость на 50 процентов,volume_set,"{""level"": 50}"
"Пожалуйста, позвони Анне",call_start,"{""contact"": ""Анна""}"
Ответь на звонок,call_answer,
Заверши звонок,call_hangup,
Как добраться до музея?,nav_start,"{""destination"": ""музей""}"
Отмени навигацию,nav_cancel,
Включи фары,headlights_set,"{""state"": ""on""}"
Выключи дальний свет,high_beam_set,"{""state"": ""off""}"
Установи скорость дворников на авто,wipers_set,"{""speed"": ""auto""}"
Включи режим дождя,rain_set,"{""mode"": ""auto""}"
"Привет, как дела?",chitchat,
Что нового?,chitchat,
Как ты?,chitchat,
Открой окно водителя на тридцать процентов,window_set,"{""action"": ""set"", ""window"": ""driver"", ""percent"": 30}"
Приоткрой стекло пассажирского окна,window_set,"{""action"": ""open"", ""window"": ""passenger""}"
"Закрой все окна, пожалуйста",window_set,"{""action"": ""close"", ""window"": ""all""}"
Сделай кондиционер на двадцать два градуса,ac_set,"{""state"": ""on"", ""temperature"": 22}"
Выключи кондиционер,ac_off,
Поставь обдув на максимум,ac_mode_set,"{""enabled"": true}"
Сделай потоки воздуха меньше,ac_fan_set,"{""level"": 30, ""speed"": ""low""}"
Включи обогрев сиденья пассажира на восемьдесят процентов,seat_heater_set,"{""seat"": ""passenger"", ""level"": 80}"
Выключи обогрев сиденья водителя,seat_heater_set,"{""seat"": ""driver"", ""level"": 0}"
Включи обогрев сиденья,seat_heater_set,"{""seat"": ""driver"", ""level"": 100}"
Поставь кондиционер на 18 градусов,ac_set,"{""state"": ""on"", ""temperature"": 18}"
Сделай громче на десять,volume_change,"{""delta"": 10}"
Уменьши громкость на пятнадцать процентов,volume_change,"{""delta"": -15}"
"Сделай потише, пожалуйста",volume_change,"{""direction"": ""down""}"
Включи музыку,play_music,
Останови воспроизведение музыки,stop_music,
Переключи на следующий трек,next_track,
Поставь радио на частоту 98.3,radio_set,"{""frequency"": ""98.3""}"
Включи радио,media_source_set,"{""source"": ""radio""}"
Как доехать до центра города?,nav_start,"{""destination"": ""центр города""}"
Отмени навигацию,nav_cancel,
Позвони Сергею,call_start,"{""contact"": ""Сергей""}"
Ответь на звонок,call_answer,
Сбрось звонок,call_hangup,
Включи фары,headlights_set,"{""state"": ""on""}"
Выключи дальний свет,high_beam_set,"{""state"": ""off""}"
Включи дворники на высокой скорости,wipers_set,"{""speed"": ""high""}"
Сделай свет ближний,headlights_set,"{""state"": ""off""}"
Как дела?,chitchat,
Что нового?,chitchat,
"Душно, открой окна",window_set,"{""action"": ""open"", ""window"": ""all""}"
Сделай погромче на пять,volume_change,"{""delta"": 5}"
"Пожалуйста, закрой окно у водителя",window_set,"{""action"": ""close"", ""window"": ""driver""}"
Открой все окна на тридцать процентов,window_set,"{""action"": ""set"", ""window"": ""all"", ""percent"": 30}"
Приоткрой пассажирское окно,window_set,"{""action"": ""open"", ""window"": ""passenger""}"
Закрой стекло за водителем на сто процентов,window_set,"{""action"": ""close"", ""window"": ""all"", ""percent"": 100}"
"Мне жарко, открой окно",window_set,"{""action"": ""open"", ""window"": ""driver""}"
Поставь кондиционер на двадцать два градуса,ac_set,"{""state"": ""on"", ""temperature"": 22}"
Включи климат на 18 градусов,ac_set,"{""state"": ""on"", ""temperature"": 18}"
Выключи кондиционер,ac_off,
Установи режим рециркуляции,ac_mode_set,"{""enabled"": true}"
Включи обогрев сидений для пассажира на 70,seat_heater_set,"{""seat"": ""passenger"", ""level"": 70}"
Обогрей сиденье водителя на полную мощность,seat_heater_set,"{""seat"": ""driver"", ""level"": 100}"
Поставь вентиляцию сиденья пассажира на 50,seat_vent_set,"{""seat"": ""passenger"", ""level"": 50}"
Включи обдув лобового стекла,defrost_set,"{""state"": ""on"", ""target"": ""front""}"
Закрой люк на 80 процентов,sunroof_set,"{""action"": ""close"", ""percent"": 80}"
"Пожалуйста, включи радио на 92.5",radio_set,"{""frequency"": ""92.5""}"
Включи следующую композицию,next_track,
Сделай громче на десять,volume_change,"{""delta"": 10}"
Уменьши громкость на 20%,volume_change,"{""delta"": -20}"
Выключи звук,volume_mute_set,"{""state"": ""on""}"
Позвони маме,call_start,"{""contact"": ""мама""}"
Как доехать до Пушкинской площади?,nav_start,"{""destination"": ""Пушкинская площадь""}"
Отмените навигацию,nav_cancel,
Включи фары,headlights_set,"{""state"": ""on""}"
"Пожалуйста, отключи дальний свет",high_beam_set,"{""state"": ""off""}"
Поставь дворники на высокую скорость,wipers_set,"{""speed"": ""high""}"
Увеличь скорость дворников,wipers_set,"{""speed"": ""medium""}"
Сделай дождь авто,rain_set,"{""mode"": ""auto""}"
Как дела?,chitchat,
"Привет, как ты?",chitchat,
Открой окно у водителя на тридцать процентов,window_set,"{""action"": ""set"", ""window"": ""driver"", ""percent"": 30}"
"Пожалуйста, закрой пассажирское окно",window_set,"{""action"": ""close"", ""window"": ""passenger""}"
Поставь кондиционер на двадцать один градус,ac_set,"{""state"": ""on"", ""temperature"": 21}"
Открой все окна,window_set,"{""action"": ""open"", ""window"": ""all""}"
Включи кондиционер,ac_set,"{""state"": ""on"", ""temperature"": 22}"
Выключи кондиционер,ac_off,
Поставь уровень громкости на 50,volume_set,"{""level"": 50}"
Сделай громче на десять,volume_change,"{""delta"": 10}"
"Пожалуйста, сделай потише на восемь",volume_change,"{""delta"": -8}"
Включи рециркуляцию воздуха,ac_mode_set,"{""enabled"": true}"
Включи обогрев сиденья пассажира на сто процентов,seat_heater_set,"{""seat"": ""passenger"", ""level"": 100}"
Как мне доехать до ближайшего кафе?,nav_start,"{""destination"": ""ближайшее кафе""}"
"Позвони, пожалуйста, Марии",call_start,"{""contact"": ""Мария""}"
Давай переключим на радио,media_source_set,"{""source"": ""radio""}"
"Следующий трек, пожалуйста",next_track,
Установи радиостанцию на 98.6,radio_set,"{""frequency"": ""98.6""}"
Включи фары,headlights_set,"{""state"": ""on""}"
Закрой люк на тридцать процентов,sunroof_set,"{""action"": ""close"", ""percent"": 30}"
Включи обогрев руля,wheel_heater_set,"{""state"": ""on""}"
Как у тебя дела?,chitchat,
Открой стекло на половину,window_set,"{""action"": ""set"", ""window"": ""driver"", ""percent"": 50}"
Приоткрой окно у водителя на тридцать процентов,window_set,"{""action"": ""set"", ""window"": ""driver"", ""percent"": 30}"
"Закрой все окна, пожалуйста",window_set,"{""action"": ""close"", ""window"": ""all""}"
Открой окно пассажира полностью,window_set,"{""action"": ""open"", ""window"": ""passenger""}"
Сделай кондиционер на 20 градусов,ac_set,"{""state"": ""on"", ""temperature"": 20}"
Выключи кондиционер,ac_off,
Поставь режим рециркуляции на включено,ac_mode_set,"{""enabled"": true}"
Включи обогрев сидения пассажира на 50%,seat_heater_set,"{""seat"": ""passenger"", ""level"": 50}"
Выключи обогрев сидения водителя,seat_heater_set,"{""seat"": ""driver"", ""level"": 0}"
Как отключить обогрев сидений?,chitchat,
Включи музыку,play_music,
Останови музыку,stop_music,
Сделай потише на десять,volume_change,"{""delta"": -10}"
Увеличь громкость на 15%,volume_change,"{""delta"": 15}"
Поставь радио на частоту 95.5,radio_set,"{""frequency"": ""95.5""}"
Настрой радиостанцию Маяк,radio_set_station,"{""station"": ""Маяк""}"
Как доехать до ближайшего магазина?,nav_start,"{""destination"": ""ближайший магазин""}"
Отмени маршрут,nav_cancel,
Позвони мне на мобильный,call_start,"{""contact"": ""мобильный""}"
Ответь на звонок,call_answer,
Закрой шторку солнца на половину,sunroof_set,"{""action"": ""set"", ""percent"": 50}"
Открой шторку полностью,sunroof_set,"{""action"": ""open"", ""percent"": 100}"
Включи дворники на авто,wipers_set,"{""speed"": ""auto""}"
Установи дальний свет,high_beam_set,"{""state"": ""on""}"
Сделай авто подогрев руля,wheel_heater_set,"{""state"": ""on""}"
Как дела?,chitchat,
Сделай громче на пять,volume_change,"{""delta"": 5}"
Поставь Bluetooth как источник,media_source_set,"{""source"": ""bluetooth""}"
Поставь уровень громкости на 30%,volume_set,"{""level"": 30}"
Сделай обогрев сидений для водителя на 100%,seat_heater_set,"{""seat"": ""driver"", ""level"": 100}"
Выключи дальний свет,high_beam_set,"{""state"": ""off""}"
Настрой музыкальный плейлист,media_repeat_set,"{""mode"": ""all""}"
Включи дворники на средней скорости,wipers_set,"{""speed"": ""medium""}"
Как добраться до аэропорта?,nav_start,"{""destination"": ""аэропорт""}"
Выключи свет,headlights_set,"{""state"": ""off""}"
Приоткрой окно водителя на двадцать процентов,window_set,"{""action"": ""set"", ""window"": ""driver"", ""percent"": 20}"
"Закрой все окна, пожалуйста",window_set,"{""action"": ""close"", ""window"": ""all""}"
Открой пассажирское окно полностью,window_set,"{""action"": ""open"", ""window"": ""passenger""}"
Сделай кондиционер холоднее на 3 градуса,ac_set,"{""state"": ""on"", ""temperature"": 17}"
Выключи кондиционер,ac_off,
Включи рециркуляцию воздуха,ac_mode_set,"{""enabled"": true}"
Сделай обдув на максимуме,ac_fan_set,"{""level"": 100, ""speed"": ""high""}"
Включи обогрев сиденья пассажира на 50 процентов,seat_heater_set,"{""seat"": ""passenger"", ""level"": 50}"
Поставь вентилятор для сиденья водителя на 80,seat_vent_set,"{""seat"": ""driver"", ""level"": 80}"
Включи задний обогрев,defrost_set,"{""state"": ""on"", ""target"": ""rear""}"
Закрой люк на половину,sunroof_set,"{""action"": ""close"", ""percent"": 50}"
Включи музыку,play_music,
Останови музыку,stop_music,
Поставь на паузу,media_pause,
Следующий трек,next_track,
Вернись на предыдущий трек,previous_track,
Сделай громче на 10,volume_change,"{""delta"": 10}"
Снижай громкость на 15 процентов,volume_change,"{""delta"": -15}"
Установи громкость на 40,volume_set,"{""level"": 40}"
Выключи звук,volume_mute_set,"{""state"": ""on""}"
Поставь радио на частоту 101.5,radio_set,"{""frequency"": ""101.5""}"
Как добраться до аэропорта?,nav_start,"{""destination"": ""аэропорт""}"
Отмени навигацию,nav_cancel,
Позвони другу,call_start,"{""contact"": ""друг""}"
Ответь на звонок,call_answer,
Сбрось вызов,call_hangup,
Включи фары,headlights_set,"{""state"": ""on""}"
Выключи дальний свет,high_beam_set,"{""state"": ""off""}"
Установи стеклоочистители на авто,wipers_set,"{""speed"": ""auto""}"
Включи обогрев руля,wheel_heater_set,"{""state"": ""on""}"
Как дела?,chitchat,
"Привет, как ты?",chitchat,
Открой окно у водителя на двадцать процентов,window_set,"{""action"": ""set"", ""window"": ""driver"", ""percent"": 20}"
"Пожалуйста, закрой все окна",window_set,"{""action"": ""close"", ""window"": ""all""}"
Закрой окно пассажира полностью,window_set,"{""action"": ""close"", ""window"": ""passenger""}"
Приоткрой стекло на тридцать процентов,window_set,"{""action"": ""set"", ""window"": ""driver"", ""percent"": 30}"
Включи кондиционер на восемнадцать градусов,ac_set,"{""state"": ""on"", ""temperature"": 18}"
Отключи кондиционер,ac_off,
Установи кондиционер на двадцать два градуса,ac_set,"{""state"": ""on"", ""temperature"": 22}"
Включи рециркуляцию в кондиционере,ac_mode_set,"{""enabled"": true}"
Увеличь скорость вентилятора до семидесяти процентов,ac_fan_set,"{""level"": 70, ""speed"": ""medium""}"
Поставь обогрев сиденья для пассажира на пятнадцать,seat_heater_set,"{""seat"": ""passenger"", ""level"": 15}"
Включи обогрев сидения водителя,seat_heater_set,"{""seat"": ""driver"", ""level"": 100}"
Включи обогрев сидений,seat_heater_set,"{""seat"": ""all"", ""level"": 80}"
Поставь кондиционер на автомат,ac_mode_set,"{""enabled"": true}"
Включи обогрев для сиденья пассажира,seat_heater_set,"{""seat"": ""passenger"", ""level"": 100}"
Включи обогрев сидений на максимум,seat_heater_set,"{""seat"": ""all"", ""level"": 100}"
Закрой люк на тридцать процентов,sunroof_set,"{""action"": ""close"", ""percent"": 30}"
Открой люк,sunroof_set,"{""action"": ""open""}"
Закрой люк,sunroof_close,
Включи радио на частоте девяносто два,radio_set,"{""frequency"": ""92.0""}"
Поставь Bluetooth в качестве источника,media_source_set,"{""source"": ""bluetooth""}"
Сделай погромче на пять,volume_change,"{""delta"": 5}"
Убавь громкость на десять,volume_change,"{""delta"": -10}"
Поставь громкость на семьдесят процентов,volume_set,"{""level"": 70}"
Запусти музыку,play_music,
Останови музыку,stop_music,
Переключи на следующую дорожку,next_track,
Вернись на предыдущую дорожку,previous_track,
Как доехать до Красной площади?,nav_start,"{""destination"": ""Красная площадь""}"
Отмени навигацию,nav_cancel,
Позвони маме,call_start,"{""contact"": ""мама""}"
Ответь на звонок,call_answer,
Заверши вызов,call_hangup,
Включи фары,headlights_set,"{""state"": ""on""}"
Выключи фары,headlights_set,"{""state"": ""off""}"
Установи дворники на среднюю скорость,wipers_set,"{""speed"": ""medium""}"
Поставь дворники на авто,wipers_set,"{""speed"": ""auto""}"
Как дела?,chitchat,
"Привет, как ты?",chitchat,
Приоткрой окно у водителя,window_set,"{""action"": ""open"", ""window"": ""driver""}"
Закрой пассажирское окно на три четверти,window_set,"{""action"": ""set"", ""window"": ""passenger"", ""percent"": 75}"
"Можно открыть все окна, пожалуйста?",window_set,"{""action"": ""open"", ""window"": ""all""}"
"Сделай так, чтобы все окна были закрыты",window_set,"{""action"": ""close"", ""window"": ""all""}"
Включи кондиционер на двадцать три градуса,ac_set,"{""state"": ""on"", ""temperature"": 23}"
"Кондиционер, выключись",ac_set,"{""state"": ""off""}"
"Пожалуйста, отключи кондиционер",ac_off,
Включи рециркуляцию воздуха,ac_mode_set,"{""enabled"": true}"
Сделай обдув на высокой скорости,ac_fan_set,"{""level"": 100, ""speed"": ""high""}"
Уменьши скорость вентиляторов до средней,ac_fan_set,"{""level"": 50, ""speed"": ""medium""}"
Включи обогрев сиденья водителя на максимуме,seat_heater_set,"{""seat"": ""driver"", ""level"": 100}"
Сделай обогрев сиденья пассажира на 40%,seat_heater_set,"{""seat"": ""passenger"", ""level"": 40}"
"Пожалуйста, сделай обогрев сиденья у водителя",seat_heater_set,"{""seat"": ""driver"", ""level"": 50}"
Включи обогрев сиденья,seat_heater_set,"{""seat"": ""passenger"", ""level"": 70}"
Включи задний обогрев стекол,defrost_set,"{""state"": ""on"", ""target"": ""rear""}"
Выключи передний обогрев стекол,defrost_set,"{""state"": ""off"", ""target"": ""front""}"
Закрой люк на 80 процентов,sunroof_set,"{""action"": ""close"", ""percent"": 80}"
Открой люк на полную ширину,sunroof_set,"{""action"": ""open"", ""percent"": 100}"
"Следующий трек, пожалуйста",next_track,
Сделай громче на десять,volume_change,"{""delta"": 10}"
Поставь громкость на 50%,volume_set,"{""level"": 50}"
Выключи звук,volume_mute_set,"{""state"": ""on""}"
Включи радио на частоте 95.7,radio_set,"{""frequency"": ""95.7""}"
Как мне добраться до аэропорта?,nav_start,"{""destination"": ""аэропорт""}"
"Навигация, отмена маршрута",nav_cancel,
Позвони маме,call_start,"{""contact"": ""мама""}"
Ответь на звонок,call_answer,
Заверши разговор,call_hangup,
Включи фары,headlights_set,"{""state"": ""on""}"
Выключи дальний свет,high_beam_set,"{""state"": ""off""}"
"Дождь начался, включи дворники на авто",wipers_set,"{""speed"": ""auto""}"
Сделай дворники на максимуме,wipers_set,"{""speed"": ""high""}"
Как дела?,chitchat,
"Привет, как ты?",chitchat,
Как поживаешь?,chitchat,
"Пожалуйста, открой окно у водителя",window_set,"{""action"": ""open"", ""window"": ""driver""}"
Закрой все окна,window_set,"{""action"": ""close"", ""window"": ""all""}"
"Сделай так, чтобы окно пассажира было приоткрыто на тридцать процентов",window_set,"{""action"": ""set"", ""window"": ""passenger"", ""percent"": 30}"
Приоткрой стекло водителя,window_set,"{""action"": ""set"", ""window"": ""driver"", ""percent"": 10}"
Закрой окно полностью,window_set,"{""action"": ""close"", ""window"": ""passenger""}"
Включи кондиционер на двадцать градусов,ac_set,"{""state"": ""on"", ""temperature"": 20}"
Сделай кондиционер холодным,ac_set,"{""state"": ""on"", ""temperature"": 16}"
Выключи кондиционер,ac_set,"{""state"": ""off"", ""temperature"": 0}"
Поставь кондиционер на двадцать восемь,ac_set,"{""state"": ""on"", ""temperature"": 28}"
Выключи кондиционер,ac_off,
Пусть кондиционер не работает,ac_off,
Отключи кондиционер,ac_off,
Включи рециркуляцию,ac_mode_set,"{""enabled"": true}"
Выключи обдув,ac_mode_set,"{""enabled"": false}"
Установи скорость вентилятора на максимум,ac_fan_set,"{""level"": 100, ""speed"": ""high""}"
Сделай вентилятор на низкой скорости,ac_fan_set,"{""level"": 30, ""speed"": ""low""}"
Установи вентилятор на среднюю скорость,ac_fan_set,"{""level"": 50, ""speed"": ""medium""}"
Включи обогрев сиденья пассажира на максимуме,seat_heater_set,"{""seat"": ""passenger"", ""level"": 100}"
Сделай обогрев сиденья водителя на тридцать процентов,seat_heater_set,"{""seat"": ""driver"", ""level"": 30}"
Включи обогрев сидений,seat_heater_set,"{""seat"": ""driver"", ""level"": 80}"
Включи вентилятор на сиденье пассажира на двадцать процентов,seat_vent_set,"{""seat"": ""passenger"", ""level"": 20}"
Включи обогрев сиденья водителя на пятьдесят процентов,seat_heater_set,"{""seat"": ""driver"", ""level"": 50}"
Включи обогрев сиденья,seat_heater_set,"{""seat"": ""passenger"", ""level"": 70}"
Включи обдув стекол,defrost_set,"{""state"": ""on"", ""target"": ""front""}"
Отключи обдув задних стекол,defrost_set,"{""state"": ""off"", ""target"": ""rear""}"
Включи обдув заднего стекла,defrost_set,"{""state"": ""on"", ""target"": ""rear""}"
Закрой люк,sunroof_close,
Открой люк на пятьдесят процентов,sunroof_set,"{""action"": ""open"", ""percent"": 50}"
Закрой люк полностью,sunroof_set,"{""action"": ""close"", ""percent"": 100}"
Сделай музыку погромче,volume_change,"{""delta"": 5}"
Убавь громкость на десять,volume_change,"{""delta"": -10}"
Поставь громкость на восемьдесят процентов,volume_set,"{""level"": 80}"
Выключи звук,volume_mute_set,"{""state"": ""on""}"
Сделай потише,volume_change,"{""direction"": ""down""}"
Поставь громкость на ноль,volume_set,"{""level"": 0}"
Включи радио на частоте девяносто два,radio_set,"{""frequency"": ""92.0""}"
Переходи на следующий трек,next_track,
Включи Shuffle,media_shuffle_set,
Сделай громкость на сто процентов,volume_set,"{""level"": 100}"
Переключи на AUX,media_source_set,"{""source"": ""aux""}"
Сделай громче на восемь,volume_change,"{""delta"": 8}"
Как доехать до аэропорта?,nav_start,"{""destination"": ""аэропорт""}"
Отмени навигацию,nav_cancel,
Позвони Анне,call_start,"{""contact"": ""Анна""}"
Ответь на звонок,call_answer,
Завершить вызов,call_hangup,
Включи фары,headlights_set,"{""state"": ""on""}"
Выключи дальний свет,high_beam_set,"{""state"": ""off""}"
Поставь дворники на авто,rain_set,"{""mode"": ""auto""}"
Сделай дворники на низкой скорости,wipers_set,"{""speed"": ""low""}"
Включи дворники,wipers_set,"{""speed"": ""high""}"
Как дела?,chitchat,
"Привет, как ты?",chitchat,
Сколько времени?,chitchat,
Как поживаешь?,chitchat,
"Приоткрой стекло водителя, пожалуйста",window_set,"{""action"": ""open"", ""window"": ""driver""}"
Закрой окно у пассажира на сто процентов,window_set,"{""action"": ""close"", ""window"": ""passenger""}"
Открой все окна наполовину,window_set,"{""action"": ""set"", ""window"": ""all"", ""percent"": 50}"
"Сделай потеплее, включи кондиционер на 22 градуса",ac_set,"{""state"": ""on"", ""temperature"": 22}"
Выключи кондиционер,ac_off,
Включи обогрев сиденья пассажира на тридцать процентов,seat_heater_set,"{""seat"": ""passenger"", ""level"": 30}"
Поставь температуру в кондиционере на 18 градусов,ac_set,"{""state"": ""on"", ""temperature"": 18}"
Сделай громче на пять,volume_change,"{""delta"": 5}"
Убавь громкость на десять,volume_change,"{""delta"": -10}"
Затемни фары,headlights_set,"{""state"": ""off""}"
Переключи на радио,media_source_set,"{""source"": ""radio""}"
Запусти музыку,play_music,
Поставь на случайный порядок воспроизведения,media_shuffle_set,
Как доехать до аэропорта?,nav_start,"{""destination"": ""аэропорт""}"
"Позвони, пожалуйста, Сергею",call_start,"{""contact"": ""Сергей""}"
Отвечай на звонок,call_answer,
Выключи обогрев сидений,seat_heater_set,"{""seat"": ""driver"", ""level"": 0}"
"Привет, как дела?",chitchat,
Включи дворники на высокую скорость,wipers_set,"{""speed"": ""high""}"
Установи частоту радио на 100.5,radio_set,"{""frequency"": ""100.5""}"
Открой окно водителя на четверть,window_set,"{""action"": ""set"", ""window"": ""driver"", ""percent"": 25}"
Закрой все окна,window_set,"{""action"": ""close"", ""window"": ""all""}"
"Можно открыть пассажирское окно, пожалуйста?",window_set,"{""action"": ""open"", ""window"": ""passenger""}"
Приоткрой стекло водителя,window_set,"{""action"": ""open"", ""window"": ""driver""}"
Сделай кондиционер на 21 градус,ac_set,"{""state"": ""on"", ""temperature"": 21}"
Выключи кондиционер,ac_set,"{""state"": ""off""}"
Включи климат на 25 градусов,ac_set,"{""state"": ""on"", ""temperature"": 25}"
Выключи систему климат-контроля,ac_off,
Включи рециркуляцию воздуха,ac_mode_set,"{""enabled"": true}"
Отключи рециркуляцию,ac_mode_set,"{""enabled"": false}"
Увеличь вентилятор на 30,ac_fan_set,"{""level"": 30}"
Уменьши скорость вентилятора до 50,ac_fan_set,"{""level"": 50}"
Включи обогрев сиденья пассажира на максимум,seat_heater_set,"{""seat"": ""passenger"", ""level"": 100}"
Включи обогрев для водителя на 80,seat_heater_set,"{""seat"": ""driver"", ""level"": 80}"
Включи вентиляцию для водительского сидения на 40,seat_vent_set,"{""seat"": ""driver"", ""level"": 40}"
Выключи вентиляцию сиденья,seat_vent_set,"{""seat"": ""passenger"", ""level"": 0}"
Включи обогрев стекла спереди,defrost_set,"{""state"": ""on"", ""target"": ""front""}"
Выключи обогрев заднего стекла,defrost_set,"{""state"": ""off"", ""target"": ""rear""}"
Закрой люк,sunroof_close,
Открой люк на 50 процентов,sunroof_set,"{""action"": ""open"", ""percent"": 50}"
Сделай музыку погромче на 10,volume_change,"{""delta"": 10}"
Уменьши громкость на 5,volume_change,"{""delta"": -5}"
Поставь громкость на 70 процентов,volume_set,"{""level"": 70}"
Выключи звук,volume_mute_set,"{""state"": ""on""}"
Включи звук,volume_mute_set,"{""state"": ""off""}"
Слушай музыку через Bluetooth,media_source_set,"{""source"": ""bluetooth""}"
Переключи на радио,media_source_set,"{""source"": ""radio""}"
Следующий трек,next_track,
Предыдущий трек,previous_track,
Сделай громче,volume_change,"{""direction"": ""up""}"
Сделай тише,volume_change,"{""direction"": ""down""}"
Запусти музыку,play_music,
Останови музыку,stop_music,
Приостанови воспроизведение,media_pause,
Настрой радио на 95.5,radio_set,"{""frequency"": ""95.5""}"
Поставь радио на 101.2,radio_set,"{""frequency"": ""101.2""}"
Как добраться до метро?,nav_start,"{""destination"": ""метро""}"
Проведи меня до ближайшего магазина,nav_start,"{""destination"": ""ближайший магазин""}"
Отмени маршрут,nav_cancel,
Позвони маме,call_start,"{""contact"": ""мама""}"
Позвони на номер 123456789,call_start,"{""contact"": ""123456789""}"
Ответь на звонок,call_answer,
Повесь трубку,call_hangup,
Включи фары,headlights_set,"{""state"": ""on""}"
Выключи фары,headlights_set,"{""state"": ""off""}"
Автоматические фары включи,headlights_set,"{""state"": ""auto""}"
Включи дальний свет,high_beam_set,"{""state"": ""on""}"
Выключи дальний свет,high_beam_set,"{""state"": ""off""}"
Поставь дворники на авто,wipers_set,"{""speed"": ""auto""}"
Включи дворники на низкой скорости,wipers_set,"{""speed"": ""low""}"
Сделай дворники на средней скорости,wipers_set,"{""speed"": ""medium""}"
Установи дворники на высокую скорость,wipers_set,"{""speed"": ""high""}"
Переведи на ручной режим работы стеклоочистителей,rain_set,"{""mode"": ""manual""}"
Настрой режим дождя на авто,rain_set,"{""mode"": ""auto""}"
Включи обогрев руля,wheel_heater_set,"{""state"": ""on""}"
Выключи обогрев руля,wheel_heater_set,"{""state"": ""off""}"
Привет,chitchat,
Как дела?,chitchat,
Что нового?,chitchat,
"Пожалуйста, закрой окно у водителя",window_set,"{""action"": ""close"", ""window"": ""driver""}"
Открой окно полностью,window_set,"{""action"": ""open"", ""window"": ""all""}"
Закрой стекло у пассажира наполовину,window_set,"{""action"": ""set"", ""window"": ""passenger"", ""percent"": 50}"
Приоткрой окошко на 30 процентов,window_set,"{""action"": ""set"", ""window"": ""driver"", ""percent"": 30}"
Включи кондиционер на 22 градуса,ac_set,"{""state"": ""on"", ""temperature"": 22}"
Поставь климат на 18 градусов,ac_set,"{""state"": ""on"", ""temperature"": 18}"
Выключи кондиционер,ac_off,
Включи обдув на авто,ac_mode_set,"{""enabled"": true}"
Увеличь скорость вентилятора до максимума,ac_fan_set,"{""level"": 100, ""speed"": ""high""}"
Сделай обогрев сиденья пассажира на 50%,seat_heater_set,"{""seat"": ""passenger"", ""level"": 50}"
Включи обогрев сидения водителя,seat_heater_set,"{""seat"": ""driver"", ""level"": 100}"
Поставь уровень обогрева сиденья на 20%,seat_heater_set,"{""seat"": ""driver"", ""level"": 20}"
Включи вентиляцию сиденья,seat_vent_set,"{""seat"": ""driver"", ""level"": 70}"
Включи обогрев сидения,seat_heater_set,"{""seat"": ""driver"", ""level"": 100}"
Обогрев пассажирского сидения на 30%,seat_heater_set,"{""seat"": ""passenger"", ""level"": 30}"
Включи обогрев сиденья водителя на 10%,seat_heater_set,"{""seat"": ""driver"", ""level"": 10}"
Включи кондиционер и выставь 25 градусов,ac_set,"{""state"": ""on"", ""temperature"": 25}"
Включи обогрев сиденья,seat_heater_set,"{""seat"": ""passenger"", ""level"": 100}"
Включи обогрев сидения на 40%,seat_heater_set,"{""seat"": ""driver"", ""level"": 40}"
Включи передний обогрев стекла,defrost_set,"{""state"": ""on"", ""target"": ""front""}"
Закрой люк на 70 процентов,sunroof_set,"{""action"": ""close"", ""percent"": 70}"
Открой люк полностью,sunroof_set,"{""action"": ""open"", ""percent"": 100}"
Закрой люк,sunroof_close,
Сделай громче на 5,volume_change,"{""delta"": 5}"
Уменьши громкость на 15,volume_change,"{""delta"": -15}"
Сделай потише на десять процентов,volume_change,"{""delta"": -10}"
Поставь громкость на 75%,volume_set,"{""level"": 75}"
Убери звук,volume_mute_set,"{""state"": ""on""}"
Верни звук обратно,volume_mute_set,"{""state"": ""off""}"
Поставь радио на частоте 90.0,radio_set,"{""frequency"": ""90.0""}"
Переключи на следующую песню,next_track,
Скажи привет,chitchat,
Как дела?,chitchat,
"Пожалуйста, позвони Анне",call_start,"{""contact"": ""Анна""}"
Ответь на звонок,call_answer,
Заверши звонок,call_hangup,
Начни навигацию до Красной площади,nav_start,"{""destination"": ""Красная площадь""}"
Отмени навигацию,nav_cancel,
Включи фары,headlights_set,"{""state"": ""on""}"
Поставь фары на авто,headlights_set,"{""state"": ""auto""}"
Выключи фары,headlights_set,"{""state"": ""off""}"
Увеличь скорость дворников до максимума,wipers_set,"{""speed"": ""high""}"
Включи дворники на авто,wipers_set,"{""speed"": ""auto""}"
Выключи дворники,wipers_set,"{""speed"": ""off""}"
Сделай обогрев руля,wheel_heater_set,"{""state"": ""on""}"
Выключи обогрев руля,wheel_heater_set,"{""state"": ""off""}"
Приоткрой окно у водителя на десять процентов,window_set,"{""action"": ""set"", ""window"": ""driver"", ""percent"": 10}"
"Закрой все окна, пожалуйста",window_set,"{""action"": ""close"", ""window"": ""all""}"
Можно открыть пассажирское окно полностью?,window_set,"{""action"": ""open"", ""window"": ""passenger""}"
Сделай в салоне потише на пятьдесят,volume_change,"{""delta"": -50}"
Увеличь громкость на три,volume_change,"{""delta"": 3}"
Поставь громкость на восемьдесят процентов,volume_set,"{""level"": 80}"
Включи кондиционер на 20 градусов,ac_set,"{""state"": ""on"", ""temperature"": 20}"
Выключи климат-контроль,ac_off,
Сделай обдув на максимуме,ac_fan_set,"{""level"": 100, ""speed"": ""high""}"
Включи рециркуляцию,ac_mode_set,"{""enabled"": true}"
Отключи обогрев сидения пассажира,seat_heater_set,"{""seat"": ""passenger"", ""level"": 0}"
Включи обогрев сиденья водителя на семьдесят процентов,seat_heater_set,"{""seat"": ""driver"", ""level"": 70}"
Поставь кондиционер на 24 градуса,ac_set,"{""state"": ""on"", ""temperature"": 24}"
Открой люк на половину,sunroof_set,"{""action"": ""open"", ""percent"": 50}"
Закрой люк,sunroof_close,
Включи дворники на средней скорости,wipers_set,"{""speed"": ""medium""}"
Сделай дождь на авто,rain_set,"{""mode"": ""auto""}"
Как доехать до аэропорта?,nav_start,"{""destination"": ""аэропорт""}"
"Навигатор, отмени маршрут",nav_cancel,
Позвони Свете,call_start,"{""contact"": ""Света""}"
Ответь на звонок,call_answer,
Заглуши звонок,call_hangup,
Включи радио на 91.5,radio_set,"{""frequency"": ""91.5""}"
Переключи на следующую песню,next_track,
Поставь музыку на паузу,media_pause,
Можно сделать тише на 10?,volume_change,"{""delta"": -10}"
Как дела?,chitchat,
"Скажи, какой сегодня день",chitchat,
Приоткрой окно у водителя,window_set,"{""action"": ""open"", ""window"": ""driver""}"
Закрой окно полностью,window_set,"{""action"": ""close"", ""window"": ""passenger""}"
Поставь окно пассажира на тридцать процентов,window_set,"{""action"": ""set"", ""window"": ""passenger"", ""percent"": 30}"
"Потяни за ручку, чтобы открыть окно",window_set,"{""action"": ""open"", ""window"": ""all""}"
Закрой все окна,window_set,"{""action"": ""close"", ""window"": ""all""}"
Включи кондиционер на двадцать два градуса,ac_set,"{""state"": ""on"", ""temperature"": 22}"
Отключи кондиционер,ac_off,
Включи рециркуляцию,ac_mode_set,"{""enabled"": true}"
Установи обогрев сидения пассажира на 50 процентов,seat_heater_set,"{""seat"": ""passenger"", ""level"": 50}"
Включи обогрев сидения водителя,seat_heater_set,"{""seat"": ""driver"", ""level"": 100}"
Поставь кондиционер на 18 градусов,ac_set,"{""state"": ""on"", ""temperature"": 18}"
Сделай погромче на десять,volume_change,"{""delta"": 10}"
Уменьши громкость на 15 процентов,volume_change,"{""delta"": -15}"
Установи громкость на 80,volume_set,"{""level"": 80}"
Отключи звук,volume_mute_set,"{""state"": ""on""}"
Включи радио на частоте 95.5,radio_set,"{""frequency"": ""95.5""}"
Запусти навигацию до Лубянки,nav_start,"{""destination"": ""Лубянка""}"
Отмени маршрут,nav_cancel,
Позвони Петру,call_start,"{""contact"": ""Петр""}"
Ответь на звонок,call_answer,
Заканчивай звонок,call_hangup,
Включи фары,headlights_set,"{""state"": ""on""}"
Установи скорость дворников на авто,wipers_set,"{""speed"": ""auto""}"
Как дела?,chitchat,
Включи музыку,play_music,
Поставь на паузу,media_pause,
Переключи на следующую песню,next_track,
Сделай громче на пять,volume_change,"{""delta"": 5}"
Переключи на Bluetooth,media_source_set,"{""source"": ""bluetooth""}"
Сделай тише на 20 процентов,volume_change,"{""delta"": -20}"
Включи шумоподавление,ac_fan_set,"{""level"": 80, ""speed"": ""high""}"
Закрой люк,sunroof_close,
Открой люк на 75 процентов,sunroof_set,"{""action"": ""open"", ""percent"": 75}"
Сделай свет ближний,high_beam_set,"{""state"": ""off""}"
"Душно, включи кондиционер",ac_set,"{""state"": ""on"", ""temperature"": 24}"
Открой окно у водителя на тридцать процентов,window_set,"{""action"": ""set"", ""window"": ""driver"", ""percent"": 30}"
Закрой заднее пассажирское окно полностью,window_set,"{""action"": ""close"", ""window"": ""passenger"", ""percent"": 100}"
Приоткрой стекло у меня,window_set,"{""action"": ""open"", ""window"": ""driver""}"
Сделай окно у пассажира чуть-чуть открытым,window_set,"{""action"": ""set"", ""window"": ""passenger"", ""percent"": 10}"
"Пожалуйста, закрой все окна",window_set,"{""action"": ""close"", ""window"": ""all""}"
Сделай кондиционер на 22 градуса,ac_set,"{""state"": ""on"", ""temperature"": 22}"
Выключи кондиционер,ac_off,
Настрой кондиционер на 18 градусов,ac_set,"{""state"": ""on"", ""temperature"": 18}"
Пусть кондиционер будет выключен,ac_off,
Включи обдув для заднего стекла,ac_mode_set,"{""enabled"": true}"
Поставь обогрев сиденья на максимум,seat_heater_set,"{""seat"": ""driver"", ""level"": 100}"
Сделай обогрев сиденья пассажира на 50 процентов,seat_heater_set,"{""seat"": ""passenger"", ""level"": 50}"
"Пожалуйста, включи обогрев сиденья",seat_heater_set,"{""seat"": ""driver"", ""level"": 100}"
Настрой обогрев сиденья на 30,seat_heater_set,"{""seat"": ""passenger"", ""level"": 30}"
Открой люк на 75 процентов,sunroof_set,"{""action"": ""open"", ""percent"": 75}"
Закрой люк полностью,sunroof_set,"{""action"": ""close"", ""percent"": 100}"
Открой люк до половины,sunroof_set,"{""action"": ""open"", ""percent"": 50}"
Закрой люк,sunroof_close,
Включи радио на частоте 101.5,radio_set,"{""frequency"": ""101.5""}"
Поставь станцию на 98.0,radio_set_station,"{""station"": ""98.0""}"
Сделай громче на 5,volume_change,"{""delta"": 5}"
Уменьши громкость на 10 процентов,volume_change,"{""delta"": -10}"
Поставь громкость на 80,volume_set,"{""level"": 80}"
Уменьши звук,volume_change,"{""direction"": ""down""}"
Включи музыку,play_music,
Останови музыку,stop_music,
Следующий трек,next_track,
Предыдущий трек,previous_track,
Как доехать до магазина?,nav_start,"{""destination"": ""магазин""}"
Отмени навигацию,nav_cancel,
Позвони Андрею,call_start,"{""contact"": ""Андрей""}"
Ответь на звонок,call_answer,
Завершить звонок,call_hangup,
Включи фары,headlights_set,"{""state"": ""on""}"
Выключи фары,headlights_set,"{""state"": ""off""}"
Установи дворники на авто,wipers_set,"{""speed"": ""auto""}"
Включи обогрев руля,wheel_heater_set,"{""state"": ""on""}"
Привет,chitchat,
Как дела?,chitchat,
Открой окно у водителя,window_set,"{""action"": ""open"", ""window"": ""driver""}"
Приоткрой стекло у пассажира на половину,window_set,"{""action"": ""set"", ""window"": ""passenger"", ""percent"": 50}"
Закрой все окна полностью,window_set,"{""action"": ""close"", ""window"": ""all""}"
"Пожалуйста, сделай громче на 10",volume_change,"{""delta"": 10}"
Снизь громкость на двадцать процентов,volume_change,"{""delta"": -20}"
Уменьши звук на пять,volume_change,"{""delta"": -5}"
Включи кондиционер на 24 градуса,ac_set,"{""state"": ""on"", ""temperature"": 24}"
Поставь кондиционер на минимум,ac_set,"{""state"": ""on"", ""temperature"": 16}"
Отключи кондиционер,ac_off,
Поставь рециркуляцию в кондиционере,ac_mode_set,"{""enabled"": true}"
"Включи обдув, пожалуйста",ac_mode_set,"{""enabled"": false}"
Сделай обогрев сиденья водителя на максимум,seat_heater_set,"{""seat"": ""driver"", ""level"": 100}"
Установи обогрев сиденья пассажира на 50,seat_heater_set,"{""seat"": ""passenger"", ""level"": 50}"
Включи обогрев сиденья,seat_heater_set,"{""seat"": ""passenger"", ""level"": 75}"
Закрой люк,sunroof_close,
Открой люк на 80 процентов,sunroof_set,"{""action"": ""open"", ""percent"": 80}"
Закрой люк полностью,sunroof_set,"{""action"": ""close"", ""percent"": 100}"
Начни навигацию до Садового кольца,nav_start,"{""destination"": ""Садовое кольцо""}"
Как проехать до метро?,nav_start,"{""destination"": ""метро""}"
Отмени навигацию,nav_cancel,
Позвони Васе,call_start,"{""contact"": ""Вася""}"
Позвони на номер 1234567890,call_start,"{""contact"": ""1234567890""}"
Ответь на звонок,call_answer,
Положи трубку,call_hangup,
Включи фары,headlights_set,"{""state"": ""on""}"
Выключи фары,headlights_set,"{""state"": ""off""}"
Установи фары на авто,headlights_set,"{""state"": ""auto""}"
Увеличь громкость на пять,volume_change,"{""delta"": 5}"
Поставь радио на частоту 95.0,radio_set,"{""frequency"": ""95.0""}"
"Сделай шазам, пожалуйста",media_shuffle_set,
Как дела?,chitchat,
"Привет, как ты?",chitchat,
Какой сегодня день?,chitchat,
Открой окно у водителя,window_set,"{""action"": ""open"", ""window"": ""driver""}"
"Закрой заднее окно, пожалуйста",window_set,"{""action"": ""close"", ""window"": ""all""}"
Приоткрой стекло на тридцать процентов,window_set,"{""action"": ""set"", ""window"": ""passenger"", ""percent"": 30}"
Сделай кондиционер на двадцать два градуса,ac_set,"{""state"": ""on"", ""temperature"": 22}"
Выключи кондиционер,ac_set,"{""state"": ""off"", ""temperature"": 0}"
Увеличь температуру до 26,ac_set,"{""state"": ""on"", ""temperature"": 26}"
Включи обогрев сиденья пассажира,seat_heater_set,"{""seat"": ""passenger"", ""level"": 100}"
Поставь обогрев на двадцать процентов,seat_heater_set,"{""seat"": ""driver"", ""level"": 20}"
Сделай обогрев сиденья водителя на максимум,seat_heater_set,"{""seat"": ""driver"", ""level"": 100}"
Включи обдув на авто,ac_mode_set,"{""enabled"": true}"
Отключи рециркуляцию,ac_mode_set,"{""enabled"": false}"
Выключи обогрев заднего стекла,defrost_set,"{""state"": ""off"", ""target"": ""rear""}"
Включи обогрев лобового стекла,defrost_set,"{""state"": ""on"", ""target"": ""front""}"
Закрой люк на половину,sunroof_set,"{""action"": ""set"", ""percent"": 50}"
Полностью открой люк,sunroof_set,"{""action"": ""open"", ""percent"": 100}"
Закрой люк,sunroof_close,
Сделай громче на десять,volume_change,"{""delta"": 10}"
Убавь громкость на пятьдесят процентов,volume_change,"{""delta"": -50}"
Сделай погромче,volume_change,"{""direction"": ""up""}"
Поставь уровень громкости на 75,volume_set,"{""level"": 75}"
Выключи звук,volume_mute_set,"{""state"": ""on""}"
Поставь радио на частоту 101.5,radio_set,"{""frequency"": ""101.5""}"
Переключи на следующий трек,next_track,
Останови музыку,stop_music,
Как доехать до Пушкина?,nav_start,"{""destination"": ""Пушкина""}"
Отмени навигацию,nav_cancel,
Позвони маме,call_start,"{""contact"": ""мама""}"
Ответь на звонок,call_answer,
Забей на звонок,call_hangup,
Включи фары,headlights_set,"{""state"": ""on""}"
Выключи фары,headlights_set,"{""state"": ""off""}"
Установи щетки на авто,rain_set,"{""mode"": ""auto""}"
Включи высокие фары,high_beam_set,"{""state"": ""on""}"
"Скажи, как дела?",chitchat,
"Привет, как ты?",chitchat,
Хочу послушать музыку,play_music,
Приоткрой окно у водителя на тридцать процентов,window_set,"{""action"": ""set"", ""window"": ""driver"", ""percent"": 30}"
"Закрой все окна, пожалуйста",window_set,"{""action"": ""close"", ""window"": ""all""}"
Открой окно у пассажира наполовину,window_set,"{""action"": ""set"", ""window"": ""passenger"", ""percent"": 50}"
"Сделай тепло, включи кондиционер на 24 градуса",ac_set,"{""state"": ""on"", ""temperature"": 24}"
Выключи кондиционер,ac_off,
Включи рециркуляцию воздуха,ac_mode_set,"{""enabled"": true}"
Поставь вентилятор на максимальную скорость,ac_fan_set,"{""level"": 100, ""speed"": ""high""}"
Включи обогрев сиденья пассажира на 75 процентов,seat_heater_set,"{""seat"": ""passenger"", ""level"": 75}"
Выключи обогрев сиденья водителя,seat_heater_set,"{""seat"": ""driver"", ""level"": 0}"
Запусти навигацию до аэропорта,nav_start,"{""destination"": ""аэропорт""}"
Отмени навигацию,nav_cancel,
Позвони папе,call_start,"{""contact"": ""папа""}"
Ответь на звонок,call_answer,
Заверши звонок,call_hangup,
Включи фары,headlights_set,"{""state"": ""on""}"
Выключи дальний свет,high_beam_set,"{""state"": ""off""}"
Установи дворники на среднюю скорость,wipers_set,"{""speed"": ""medium""}"
Переключи на радио,media_source_set,"{""source"": ""radio""}"
Поставь громкость на 60%,volume_set,"{""level"": 60}"
Сделай тише на десять,volume_change,"{""delta"": -10}"
Включи музыку,play_music,
Сделай громче,volume_change,"{""direction"": ""up""}"
Как доехать до Красной площади?,nav_start,"{""destination"": ""Красная площадь""}"
Слушай следующую композицию,next_track,
Поставь на повтор одну песню,media_repeat_set,"{""mode"": ""one""}"
Сделай громче на пять,volume_change,"{""delta"": 5}"
"Привет, как дела?",chitchat,
"Пожалуйста, сделай потише",volume_mute_set,"{""state"": ""on""}"
Как ты сегодня?,chitchat,
Приоткрой окно у водителя,window_set,"{""action"": ""open"", ""window"": ""driver""}"
Закрой окно пассажира полностью,window_set,"{""action"": ""close"", ""window"": ""passenger""}"
Открой все окна на тридцать процентов,window_set,"{""action"": ""set"", ""window"": ""all"", ""percent"": 30}"
Сделай окно у водителя наполовину открытым,window_set,"{""action"": ""set"", ""window"": ""driver"", ""percent"": 50}"
Включи кондиционер на 22 градуса,ac_set,"{""state"": ""on"", ""temperature"": 22}"
Отключи кондиционер,ac_set,"{""state"": ""off""}"
Установи кондиционер на 18 градусов,ac_set,"{""state"": ""on"", ""temperature"": 18}"
Выключи кондиционер,ac_off,
Включи рециркуляцию воздуха,ac_mode_set,"{""enabled"": true}"
Выключи обогрев сидений,seat_heater_set,"{""seat"": ""driver"", ""level"": 0}"
Включи обогрев сидения пассажира на 70 процентов,seat_heater_set,"{""seat"": ""passenger"", ""level"": 70}"
Выстави обогрев на 50 для сиденья водителя,seat_heater_set,"{""seat"": ""driver"", ""level"": 50}"
Поставь кондиционер на максимальную мощность,ac_fan_set,"{""level"": 100, ""speed"": ""high""}"
Сделай вентилятор на среднем уровне,ac_fan_set,"{""level"": 50, ""speed"": ""medium""}"
Включи обогрев сидений на максимуме,seat_heater_set,"{""seat"": ""driver"", ""level"": 100}"
Включи радио на 102.5,radio_set,"{""frequency"": ""102.5""}"
Поставь станцию 88.0,radio_set_station,"{""station"": ""88.0""}"
Сделай громче на 5,volume_change,"{""delta"": 5}"
Уменьши громкость на 20 процентов,volume_change,"{""delta"": -20}"
Сделай громкость 75 процентов,volume_set,"{""level"": 75}"
Отключи музыку,stop_music,
Начни воспроизводить музыку,play_music,
Переключи на следующий трек,next_track,
Позвони маме,call_start,"{""contact"": ""маме""}"
Ответь на звонок,call_answer,
Положи трубку,call_hangup,
Как доехать до аэропорта?,nav_start,"{""destination"": ""аэропорт""}"
Отмени навигацию,nav_cancel,
Включи дальний свет,high_beam_set,"{""state"": ""on""}"
Выключи фары,headlights_set,"{""state"": ""off""}"
Сделай стеклоочистители на низкой скорости,wipers_set,"{""speed"": ""low""}"
Включи обогрев руля,wheel_heater_set,"{""state"": ""on""}"
"Привет, как дела?",chitchat,
"Мне жарко, сделай холоднее",ac_set,"{""state"": ""on"", ""temperature"": 20}"
Установи рециркуляцию на выключено,ac_mode_set,"{""enabled"": false}"
Включи шторку на 50 процентов,sunroof_set,"{""action"": ""set"", ""percent"": 50}"
Закрой люк,sunroof_close,
Закрой окно водителя на пятьдесят процентов,window_set,"{""action"": ""set"", ""window"": ""driver"", ""percent"": 50}"
Приоткрой стекло у пассажира,window_set,"{""action"": ""open"", ""window"": ""passenger""}"
"Открой все окна полностью, пожалуйста",window_set,"{""action"": ""open"", ""window"": ""all""}"
Закрой заднее окно,window_set,"{""action"": ""close"", ""window"": ""rear""}"
Сделай климат 22 градуса,ac_set,"{""state"": ""on"", ""temperature"": 22}"
Включи кондиционер и сделай холоднее на 5 градусов,ac_set,"{""state"": ""on"", ""temperature"": 18}"
Выключи климат-контроль,ac_off,
Включи рециркуляцию,ac_mode_set,"{""enabled"": true}"
Выставь скорость вентилятора на максималку,ac_fan_set,"{""level"": 100, ""speed"": ""high""}"
Обогрей сиденье пассажира до 75 процентов,seat_heater_set,"{""seat"": ""passenger"", ""level"": 75}"
Сделай обогрев сиденья водителя на максимум,seat_heater_set,"{""seat"": ""driver"", ""level"": 100}"
Включи обдув лобового стекла,defrost_set,"{""state"": ""on"", ""target"": ""front""}"
Закрой люк на двадцать процентов,sunroof_set,"{""action"": ""close"", ""percent"": 20}"
"Включи музыку, пожалуйста",play_music,
Приостанови воспроизведение,media_pause,
Следующий трек,next_track,
Вернись на предыдущий трек,previous_track,
Сделай погромче на десять,volume_change,"{""delta"": 10}"
Убавь звук на 5 процентов,volume_change,"{""delta"": -5}"
Поставь громкость на 30,volume_set,"{""level"": 30}"
Отключи звук,volume_mute_set,"{""state"": ""on""}"
Подключи по Bluetooth,media_source_set,"{""source"": ""bluetooth""}"
Настрой радио на 101.2,radio_set,"{""frequency"": ""101.2""}"
Как доехать до Кремля?,nav_start,"{""destination"": ""Кремль""}"
Отмени навигацию,nav_cancel,
Позвони маме,call_start,"{""contact"": ""мама""}"
Ответь на звонок,call_answer,
Закончить разговор,call_hangup,
Включи фары,headlights_set,"{""state"": ""on""}"
Выключи дальний свет,high_beam_set,"{""state"": ""off""}"
Включи дворники на максимальной скорости,wipers_set,"{""speed"": ""high""}"
Настрой режим дождя на автоматический,rain_set,"{""mode"": ""auto""}"
Как дела?,chitchat,
"Привет, как ты?",chitchat,
Закрой окно у водителя,window_set,"{""action"": ""close"", ""window"": ""driver""}"
Открой окно полностью,window_set,"{""action"": ""open"", ""window"": ""all""}"
Приоткрой стекло пассажира на тридцать процентов,window_set,"{""action"": ""set"", ""window"": ""passenger"", ""percent"": 30}"
"Сделай, пожалуйста, кондиционер потише",ac_set,"{""state"": ""on"", ""temperature"": 20}"
Выключи кондиционер,ac_off,
Установи кондиционер на 24 градуса,ac_set,"{""state"": ""on"", ""temperature"": 24}"
Включи рециркуляцию,ac_mode_set,"{""enabled"": true}"
Отключи рециркуляцию,ac_mode_set,"{""enabled"": false}"
Поставь вентилятор на высокую скорость,ac_fan_set,"{""level"": 100, ""speed"": ""high""}"
Включи обогрев сиденья пассажира на семьдесят процентов,seat_heater_set,"{""seat"": ""passenger"", ""level"": 70}"
Поставь обогрев для водителя на полную мощность,seat_heater_set,"{""seat"": ""driver"", ""level"": 100}"
Включи вентиляцию сиденья,seat_vent_set,"{""seat"": ""driver"", ""level"": 50}"
Включи обогрев заднего стекла,defrost_set,"{""state"": ""on"", ""target"": ""rear""}"
Закрой люк на тридцать процентов,sunroof_set,"{""action"": ""close"", ""percent"": 30}"
Открой люк,sunroof_set,"{""action"": ""open"", ""percent"": 100}"
Включи музыку,play_music,
Приостанови воспроизведение,media_pause,
Следующий трек,next_track,
Сделай громче на 10,volume_change,"{""delta"": 10}"
Сделай тише на двадцать процентов,volume_change,"{""direction"": ""down""}"
Установи громкость на 75,volume_set,"{""level"": 75}"
Отключи звук,volume_mute_set,"{""state"": ""on""}"
Подключи радио на частоте 102.5,radio_set,"{""frequency"": ""102.5""}"
Начни навигацию до дома,nav_start,"{""destination"": ""дом""}"
Отмени маршрут,nav_cancel,
Позвони Алексею,call_start,"{""contact"": ""Алексей""}"
Ответь на звонок,call_answer,
Заканчивай разговор,call_hangup,
Включи фары,headlights_set,"{""state"": ""on""}"
Выключи дальний свет,high_beam_set,"{""state"": ""off""}"
Установи дворники на автоматический режим,rain_set,"{""mode"": ""auto""}"
Как дела?,chitchat,
"Душно в машине, открой окно",window_set,"{""action"": ""open"", ""window"": ""all""}"
Сделай музыку потише,volume_change,"{""direction"": ""down""}"
Открой стекло водителя на пятьдесят процентов,window_set,"{""action"": ""set"", ""window"": ""driver"", ""percent"": 50}"
Приоткрой пассажирское окно,window_set,"{""action"": ""open"", ""window"": ""passenger""}"
Закрой все окна,window_set,"{""action"": ""close"", ""window"": ""all""}"
"Пожалуйста, закройте стекло",window_set,"{""action"": ""close"", ""window"": ""driver""}"
Поставь кондиционер на 22 градуса,ac_set,"{""state"": ""on"", ""temperature"": 22}"
Выключи климат-контроль,ac_off,
Включи рециркуляцию,ac_mode_set,"{""enabled"": true}"
Сделай холоднее до шестнадцати градусов,ac_set,"{""state"": ""on"", ""temperature"": 16}"
Включи вентилятор на низкой скорости,ac_fan_set,"{""level"": 30, ""speed"": ""low""}"
Обогрей сиденье пассажира на 70%,seat_heater_set,"{""seat"": ""passenger"", ""level"": 70}"
Включи обдув,ac_mode_set,"{""enabled"": false}"
Приоткрой люк на 50 процентов,sunroof_set,"{""action"": ""open"", ""percent"": 50}"
Закрой люк,sunroof_close,
Поставь радио на 95.5,radio_set,"{""frequency"": ""95.5""}"
Сделай громче на десять,volume_change,"{""delta"": 10}"
Отключи звук,volume_mute_set,"{""state"": ""on""}"
Поставь музыку на паузу,media_pause,
Поставь источник Bluetooth,media_source_set,"{""source"": ""bluetooth""}"
"Навигатор, как доехать до Кремля?",nav_start,"{""destination"": ""Кремль""}"
Отмени маршрут,nav_cancel,
Позвони Александру,call_start,"{""contact"": ""Александр""}"
Ответь на звонок,call_answer,
Поставь фары на авто,headlights_set,"{""state"": ""auto""}"
Как дела?,chitchat,
Включи дворники на средней скорости,wipers_set,"{""speed"": ""medium""}"
"Пожалуйста, закрой окно водителя",window_set,"{""action"": ""close"", ""window"": ""driver""}"
Открой все окна на двадцать процентов,window_set,"{""action"": ""set"", ""window"": ""all"", ""percent"": 20}"
Приоткрой пассажирское окошко,window_set,"{""action"": ""open"", ""window"": ""passenger""}"
Сделай температуру в кондиционере двадцать два градуса,ac_set,"{""state"": ""on"", ""temperature"": 22}"
Выключи кондиционер,ac_off,
Поставь кондиционер на рециркуляцию,ac_mode_set,"{""enabled"": true}"
Установи скорость вентилятора на среднюю,ac_fan_set,"{""level"": 50, ""speed"": ""medium""}"
Включи обогрев сиденья пассажира на сто процентов,seat_heater_set,"{""seat"": ""passenger"", ""level"": 100}"
Закрой люк на сорок процентов,sunroof_set,"{""action"": ""close"", ""percent"": 40}"
Включи музыку,play_music,
Останови воспроизведение,stop_music,
Поставь громкость на восемьдесят процентов,volume_set,"{""level"": 80}"
Сделай громче на десять,volume_change,"{""delta"": 10}"
Включи радио на частоте девяносто три,radio_set,"{""frequency"": ""93.0""}"
Навигируй меня к Красной площади,nav_start,"{""destination"": ""Красная площадь""}"
Отмени маршрут,nav_cancel,
"Позвони Алексею, пожалуйста",call_start,"{""contact"": ""Алексей""}"
Ответь на звонок,call_answer,
Выключи фары,headlights_set,"{""state"": ""off""}"
Как дела?,chitchat,
Приоткрой окно у водителя,window_set,"{""action"": ""open"", ""window"": ""driver""}"
Закрой пассажирское окно наполовину,window_set,"{""action"": ""set"", ""window"": ""passenger"", ""percent"": 50}"
Открой все окна,window_set,"{""action"": ""open"", ""window"": ""all""}"
"Можно, пожалуйста, закрыть окно",window_set,"{""action"": ""close"", ""window"": ""driver""}"
Закрой окно полностью,window_set,"{""action"": ""close"", ""window"": ""all""}"
Сделай кондиционер на двадцать градусов,ac_set,"{""state"": ""on"", ""temperature"": 20}"
Включи климат-контроль на тридцать,ac_set,"{""state"": ""on"", ""temperature"": 30}"
Отключи кондиционер,ac_off,
Включи обогрев сиденья водителя на сто процентов,seat_heater_set,"{""seat"": ""driver"", ""level"": 100}"
Поставь вентилятор на максимальную скорость,ac_fan_set,"{""level"": 100, ""speed"": ""high""}"
Включи обдув,ac_mode_set,"{""enabled"": true}"
Поставь уровень громкости на восемьдесят,volume_set,"{""level"": 80}"
Сделай тише на десять,volume_change,"{""delta"": -10}"
Поставь радио на частоту девяносто два,radio_set,"{""frequency"": ""92.0""}"
Следующий трек,next_track,
Стоп музыка,stop_music,
Как доехать до ближайшей заправки?,nav_start,"{""destination"": ""ближайшая заправка""}"
Скинь звонок,call_hangup,
Позвони Сергею,call_start,"{""contact"": ""Сергей""}"
Включи фары,headlights_set,"{""state"": ""on""}"
Поставь режим дождя на автоматический,rain_set,"{""mode"": ""auto""}"
"Привет, как дела?",chitchat,
Сделай громче на пять,volume_change,"{""delta"": 5}"
Закрой люк на тридцать процентов,sunroof_set,"{""action"": ""close"", ""percent"": 30}"
Открой окно водителя,window_set,"{""action"": ""open"", ""window"": ""driver""}"
Закрой все окна,window_set,"{""action"": ""close"", ""window"": ""all""}"
Приоткрой стекло у пассажира на пятьдесят процентов,window_set,"{""action"": ""set"", ""window"": ""passenger"", ""percent"": 50}"
"Сделай кондиционер холоднее, поставь на 18 градусов",ac_set,"{""state"": ""on"", ""temperature"": 18}"
Выключи кондиционер,ac_off,
Включи рециркуляцию воздуха,ac_mode_set,"{""enabled"": true}"
Установи уровень вентилятора на 75 процентов,ac_fan_set,"{""level"": 75, ""speed"": ""medium""}"
Обогрей сиденье пассажира на максимум,seat_heater_set,"{""seat"": ""passenger"", ""level"": 100}"
Открой люк на тридцать процентов,sunroof_set,"{""action"": ""open"", ""percent"": 30}"
Включи музыку,play_music,
Приостанови воспроизведение музыки,media_pause,
Следующий трек,next_track,
Сделай потише на десять,volume_change,"{""delta"": -10}"
Установи громкость на 60 процентов,volume_set,"{""level"": 60}"
Включи радио на частоте 92.3,radio_set,"{""frequency"": ""92.3""}"
Позвони маме,call_start,"{""contact"": ""мама""}"
Отмени навигацию,nav_cancel,
Включи фары,headlights_set,"{""state"": ""on""}"
Как дела?,chitchat,
"Жарко в салоне, сделай потише кондиционер",ac_fan_set,"{""level"": 30, ""speed"": ""low""}"
Запусти навигацию до аэропорта,nav_start,"{""destination"": ""аэропорт""}"
Выключи обогрев сиденья водителя,seat_heater_set,"{""seat"": ""driver"", ""level"": 0}"
Поставь источник Bluetooth,media_source_set,"{""source"": ""bluetooth""}"
Открой люк,sunroof_set,"{""action"": ""open"", ""percent"": 100}"
Сделай громче на 5,volume_change,"{""delta"": 5}"
Установи громкость на 80 процентов,volume_set,"{""level"": 80}"
Как доехать до Красной площади?,nav_start,"{""destination"": ""Красная площадь""}"
Закрой окно у водителя,window_set,"{""action"": ""close"", ""window"": ""driver""}"
Открой окно на сто процентов,window_set,"{""action"": ""open"", ""window"": ""all"", ""percent"": 100}"
Можно опустить стекло пассажира?,window_set,"{""action"": ""open"", ""window"": ""passenger""}"
Приоткрой окно чуть-чуть,window_set,"{""action"": ""set"", ""window"": ""driver"", ""percent"": 10}"
Закрой все окна,window_set,"{""action"": ""close"", ""window"": ""all""}"
"Включи кондиционер, температура 21 градус",ac_set,"{""state"": ""on"", ""temperature"": 21}"
Сделай кондиционер выключенным,ac_set,"{""state"": ""off""}"
Поставь кондиционер на 25 градусов,ac_set,"{""state"": ""on"", ""temperature"": 25}"
Включи обогрев сиденья пассажира на полную,seat_heater_set,"{""seat"": ""passenger"", ""level"": 100}"
Включи обогрев сиденья водителя на двадцать процентов,seat_heater_set,"{""seat"": ""driver"", ""level"": 20}"
Отключи кондиционер,ac_off,
Включи обдув стекол,ac_mode_set,"{""enabled"": true}"
Включи рециркуляцию,ac_mode_set,"{""enabled"": false}"
Увеличь скорость вентилятора на 50,ac_fan_set,"{""level"": 50, ""speed"": ""high""}"
Сделай вентилятор на максимуме,ac_fan_set,"{""level"": 100, ""speed"": ""high""}"
Включи обогрев сиденья на тридцать процентов,seat_heater_set,"{""seat"": ""driver"", ""level"": 30}"
Открой люк на половину,sunroof_set,"{""action"": ""open"", ""percent"": 50}"
Закрой люк полностью,sunroof_set,"{""action"": ""close""}"
Начни навигацию до аэропорта,nav_start,"{""destination"": ""аэропорт""}"
Как доехать до Кремля?,nav_start,"{""destination"": ""Кремль""}"
Отмени маршрут,nav_cancel,
Включи музыку,play_music,
Останови музыку,stop_music,
Сделай громче на 10,volume_change,"{""delta"": 10}"
Уменьши громкость на 5,volume_change,"{""delta"": -5}"
Переключи на следующую песню,next_track,
Вернись к предыдущей песне,previous_track,
Сделай громкость 75%,volume_set,"{""level"": 75}"
Настрой радио на частоту 90.5,radio_set,"{""frequency"": ""90.5""}"
Поставь Bluetooth в качестве источника,media_source_set,"{""source"": ""bluetooth""}"
Включи режим повторения всех треков,media_repeat_set,"{""mode"": ""all""}"
Позвони маме,call_start,"{""contact"": ""мама""}"
Ответь на звонок,call_answer,
Заверши звонок,call_hangup,
Включи фары,headlights_set,"{""state"": ""on""}"
Выключи фары,headlights_set,"{""state"": ""off""}"
Сделай дворники на авто,wipers_set,"{""speed"": ""auto""}"
Сделай дворники на низкой скорости,wipers_set,"{""speed"": ""low""}"
Запусти дождь в ручном режиме,rain_set,"{""mode"": ""manual""}"
"Привет, как дела?",chitchat,
Какой у нас сегодня день?,chitchat,
Добрый день!,chitchat,
Открой окно водителя на тридцать процентов,window_set,"{""action"": ""set"", ""window"": ""driver"", ""percent"": 30}"
Закрой все окна,window_set,"{""action"": ""close"", ""window"": ""all""}"
"Пожалуйста, приоткрой пассажирское окно",window_set,"{""action"": ""open"", ""window"": ""passenger""}"
Сделай кондиционер холоднее на три градуса,ac_set,"{""state"": ""on"", ""temperature"": 20}"
Выключи кондиционер,ac_off,
Включи обогрев сидений для пассажира на восемьдесят процентов,seat_heater_set,"{""seat"": ""passenger"", ""level"": 80}"
Установи температуру кондиционера на 22 градуса,ac_set,"{""state"": ""on"", ""temperature"": 22}"
Сделай музыку громче на десять,volume_change,"{""delta"": 10}"
Уменьши громкость на восемьдесят процентов,volume_set,"{""level"": 20}"
Включи музыку,play_music,
Сделай потише,volume_change,"{""direction"": ""down""}"
Как доехать до метро?,nav_start,"{""destination"": ""метро""}"
Позвони маме,call_start,"{""contact"": ""мама""}"
Ответь на звонок,call_answer,
Выключи фары,headlights_set,"{""state"": ""off""}"
Включи обогрев руля,wheel_heater_set,"{""state"": ""on""}"
Поставь радиостанцию на 90.5,radio_set,"{""frequency"": ""90.5""}"
Включи рециркуляцию воздуха,ac_mode_set,"{""enabled"": true}"
Открой люк на половину,sunroof_set,"{""action"": ""set"", ""percent"": 50}"
"Привет, как дела?",chitchat,
Выключи дворники на авто,wipers_set,"{""speed"": ""off""}"
Открой окно у водителя,window_set,"{""action"": ""open"", ""window"": ""driver""}"
Приоткрой стекло пассажира,window_set,"{""action"": ""set"", ""window"": ""passenger"", ""percent"": 30}"
Закрой все окна,window_set,"{""action"": ""close"", ""window"": ""all""}"
Открой окно на тридцать процентов,window_set,"{""action"": ""set"", ""window"": ""driver"", ""percent"": 30}"
Закрой заднее окно полностью,window_set,"{""action"": ""close"", ""window"": ""rear""}"
Включи кондиционер на двадцать градусов,ac_set,"{""state"": ""on"", ""temperature"": 20}"
Поставь климат-контроль на 22 градуса,ac_set,"{""state"": ""on"", ""temperature"": 22}"
Выключи кондиционер,ac_off,
Включи рециркуляцию,ac_mode_set,"{""enabled"": true}"
Выключи обогрев сиденья водителя,seat_heater_set,"{""seat"": ""driver"", ""level"": 0}"
Увеличь обогрев пассажирского сиденья до 70,seat_heater_set,"{""seat"": ""passenger"", ""level"": 70}"
Установи температуру на 25 градусов,ac_set,"{""state"": ""on"", ""temperature"": 25}"
Сделай громче на десять,volume_change,"{""delta"": 10}"
Понизь громкость на восемь,volume_change,"{""delta"": -8}"
Сделай звук потише,volume_change,"{""direction"": ""down""}"
Поставь музыку на паузу,media_pause,
Включи радио на частоте 95.7,radio_set,"{""frequency"": ""95.7""}"
Выбери источник USB,media_source_set,"{""source"": ""usb""}"
"Привет, как дела?",chitchat,
Как добраться до ближайшего ресторана?,nav_start,"{""destination"": ""ближайший ресторан""}"
Позвони маме,call_start,"{""contact"": ""мама""}"
Отвечай на звонок,call_answer,
Закрой люк полностью,sunroof_set,"{""action"": ""close"", ""percent"": 100}"
Включи дворники на авто,wipers_set,"{""speed"": ""auto""}"
Выключи фары,headlights_set,"{""state"": ""off""}"
Сделай обогрев руля активным,wheel_heater_set,"{""state"": ""on""}"
Включи обогрев сиденья пассажира на 50,seat_heater_set,"{""seat"": ""passenger"", ""level"": 50}"
Сделай громкость на 30 процентов,volume_set,"{""level"": 30}"
Увеличь громкость на 5,volume_change,"{""delta"": 5}"
Отменить навигацию,nav_cancel,
Переключи на следующую песню,next_track,
Открой окно водителя на двадцать процентов,window_set,"{""action"": ""set"", ""window"": ""driver"", ""percent"": 20}"
Приоткрой стекло у пассажира,window_set,"{""action"": ""open"", ""window"": ""passenger""}"
"Закрой все окна, пожалуйста",window_set,"{""action"": ""close"", ""window"": ""all""}"
Поставь кондиционер на 18 градусов,ac_set,"{""state"": ""on"", ""temperature"": 18}"
Выключи климат-контроль,ac_off,
Включи кондиционер на двадцать градусов,ac_set,"{""state"": ""on"", ""temperature"": 20}"
Сделай обдув на максимуме,ac_mode_set,"{""enabled"": true}"
Поставь обогрев сиденья для пассажира на 70,seat_heater_set,"{""seat"": ""passenger"", ""level"": 70}"
Включи обогрев сиденья водителя,seat_heater_set,"{""seat"": ""driver"", ""level"": 100}"
Закрой люк полностью,sunroof_set,"{""action"": ""close"", ""percent"": 100}"
Сделай громче на 10,volume_change,"{""delta"": 10}"
Уменьши громкость на пятнадцать процентов,volume_change,"{""delta"": -15}"
Установи громкость на 50,volume_set,"{""level"": 50}"
Включи Bluetooth,media_source_set,"{""source"": ""bluetooth""}"
Поставь радио на 95.5,radio_set,"{""frequency"": ""95.5""}"
Включи следующую песню,next_track,
Как мне доехать до ближайшего кафе?,nav_start,"{""destination"": ""ближайшее кафе""}"
Позвони Игорю,call_start,"{""contact"": ""Игорь""}"
Как дела?,chitchat,
Включи фары,headlights_set,"{""state"": ""on""}"
Отключи обогрев руля,wheel_heater_set,"{""state"": ""off""}"
Останови музыку,stop_music,
Какой у меня маршрут?,chitchat,
Открой окно водителя полностью,window_set,"{""action"": ""open"", ""window"": ""driver""}"
Приоткрой пассажирское стекло на двадцать процентов,window_set,"{""action"": ""set"", ""window"": ""passenger"", ""percent"": 20}"
Закрой все окна в машине,window_set,"{""action"": ""close"", ""window"": ""all""}"
Сделай кондиционер на тридцать градусов,ac_set,"{""state"": ""on"", ""temperature"": 30}"
"Выключи кондиционер, пожалуйста",ac_off,
Включи рециркуляцию в климат-контроле,ac_mode_set,"{""enabled"": true}"
Настрой вентиляцию сиденья пассажира на 75 процентов,seat_vent_set,"{""seat"": ""passenger"", ""level"": 75}"
Сделай обогрев сиденья водителя на максимум,seat_heater_set,"{""seat"": ""driver"", ""level"": 100}"
Включи обогрев лобового стекла,defrost_set,"{""state"": ""on"", ""target"": ""front""}"
Закрой люк полностью,sunroof_set,"{""action"": ""close""}"
Включи радио на 95.6,radio_set,"{""frequency"": ""95.6""}"
Переключи на следующую композицию,next_track,
Сделай потише на десять,volume_change,"{""delta"": -10}"
Установи громкость на восемьдесят процентов,volume_set,"{""level"": 80}"
Поставь музыку на повтор,media_repeat_set,"{""mode"": ""one""}"
Позвони другу,call_start,"{""contact"": ""друг""}"
Как мне доехать до ближайшего кафе?,nav_start,"{""destination"": ""ближайшее кафе""}"
Отключи дальний свет,high_beam_set,"{""state"": ""off""}"
Увеличь скорость дворников до максимума,wipers_set,"{""speed"": ""high""}"
Как дела?,chitchat,
Поставь Bluetooth в качестве источника,media_source_set,"{""source"": ""bluetooth""}"
Открой окно у водителя на тридцать процентов,window_set,"{""action"": ""set"", ""window"": ""driver"", ""percent"": 30}"
Закрой окно у пассажира,window_set,"{""action"": ""close"", ""window"": ""passenger""}"
"Можно, пожалуйста, открыть все окна?",window_set,"{""action"": ""open"", ""window"": ""all""}"
Сделай холоднее на два градуса,ac_set,"{""state"": ""on"", ""temperature"": 20}"
Включи кондиционер,ac_set,"{""state"": ""on"", ""temperature"": 24}"
Выключи кондиционер,ac_off,
Увеличь мощность вентилятора до 75,ac_fan_set,"{""level"": 75, ""speed"": ""medium""}"
Установи обогрев сидения пассажира на 60,seat_heater_set,"{""seat"": ""passenger"", ""level"": 60}"
Включи обогрев сидения водителя,seat_heater_set,"{""seat"": ""driver"", ""level"": 100}"
Открой люк на полную,sunroof_set,"{""action"": ""open"", ""percent"": 100}"
Закрой люк,sunroof_close,
Сделай громче на десять,volume_change,"{""delta"": 10}"
Убавь звук на 5 процентов,volume_change,"{""delta"": -5}"
Сделай громкость 75,volume_set,"{""level"": 75}"
Поставь источник на радио,media_source_set,"{""source"": ""radio""}"
Начни воспроизведение музыки,play_music,
Приостанови музыку,media_pause,
Как доехать до Красной площади?,nav_start,"{""destination"": ""Красная площадь""}"
Отмени навигацию,nav_cancel,
Позвони Анне,call_start,"{""contact"": ""Анна""}"
Ответь на звонок,call_answer,
Закончи звонок,call_hangup,
Включи фары,headlights_set,"{""state"": ""on""}"
Включи дальний свет,high_beam_set,"{""state"": ""on""}"
Установи дворники на авто,rain_set,"{""mode"": ""auto""}"
"Привет, как дела?",chitchat,
Сегодня жарко в машине,chitchat,
Как ты?,chitchat,
Закрой окно у водителя полностью,window_set,"{""action"": ""close"", ""window"": ""driver""}"
Приоткрой стекло пассажира на тридцать процентов,window_set,"{""action"": ""set"", ""window"": ""passenger"", ""percent"": 30}"
Открой все окна,window_set,"{""action"": ""open"", ""window"": ""all""}"
Можно приоткрыть окошко?,window_set,"{""action"": ""open"", ""window"": ""driver""}"
"Сделай в салоне чуть прохладнее, включи кондиционер на 20 градусов",ac_set,"{""state"": ""on"", ""temperature"": 20}"
Выключи кондиционер,ac_off,
Установи режим обогрева сиденья на 70 для пассажира,seat_heater_set,"{""seat"": ""passenger"", ""level"": 70}"
Сделай уровень вентиляции на максимум,ac_fan_set,"{""level"": 100, ""speed"": ""high""}"
Включи рециркуляцию воздуха,ac_mode_set,"{""enabled"": true}"
Выключи дворники,wipers_set,"{""speed"": ""off""}"
Включи дворники на средней скорости,wipers_set,"{""speed"": ""medium""}"
Включи обогрев руля,wheel_heater_set,"{""state"": ""on""}"
Сделай громче на 5,volume_change,"{""delta"": 5}"
Убавь громкость на десять процентов,volume_change,"{""delta"": -10}"
Поставь громкость на 30,volume_set,"{""level"": 30}"
Включи музыку,play_music,
Сделай тише,volume_mute_set,"{""state"": ""on""}"
Следующий трек,next_track,
Переключи на радио,media_source_set,"{""source"": ""radio""}"
Как доехать до Болотной площади?,nav_start,"{""destination"": ""Болотная площадь""}"
Отмени маршрут,nav_cancel,
Позвони Сергею,call_start,"{""contact"": ""Сергей""}"
Ответь на звонок,call_answer,
Заканчивай разговор,call_hangup,
Включи дальний свет,high_beam_set,"{""state"": ""on""}"
Включи фары на автомат,headlights_set,"{""state"": ""auto""}"
"Привет, как дела?",chitchat,
"Всё хорошо, спасибо, а у тебя?",chitchat,
Открой окно водителя на половину,window_set,"{""action"": ""set"", ""window"": ""driver"", ""percent"": 50}"
"Пожалуйста, закрой окно у пассажира полностью",window_set,"{""action"": ""close"", ""window"": ""passenger""}"
Приоткрой все окна на тридцать процентов,window_set,"{""action"": ""set"", ""window"": ""all"", ""percent"": 30}"
Включи кондиционер на 20 градусов,ac_set,"{""state"": ""on"", ""temperature"": 20}"
Выключи кондиционер,ac_off,
Включи обдув,ac_mode_set,"{""enabled"": true}"
Сделай холоднее на три градуса,ac_set,"{""state"": ""on"", ""temperature"": 19}"
Сделай температуру 22,ac_set,"{""state"": ""on"", ""temperature"": 22}"
Включи вентилятор на максимуме,ac_fan_set,"{""level"": 100, ""speed"": ""high""}"
Обогрей сиденье водителя на 70%,seat_heater_set,"{""seat"": ""driver"", ""level"": 70}"
Сделай обогрев у пассажира на 50,seat_heater_set,"{""seat"": ""passenger"", ""level"": 50}"
Включи вентиляцию для сиденья,seat_vent_set,"{""seat"": ""driver"", ""level"": 100}"
Сделай вентиляцию у пассажира на 30%,seat_vent_set,"{""seat"": ""passenger"", ""level"": 30}"
Включи обогрев заднего стекла,defrost_set,"{""state"": ""on"", ""target"": ""rear""}"
Закрой люк,sunroof_close,
Открой люк на 60 процентов,sunroof_set,"{""action"": ""open"", ""percent"": 60}"
Поставь радио на 101.5,radio_set,"{""frequency"": ""101.5""}"
Сделай громче на пять,volume_change,"{""delta"": 5}"
Уменьши громкость на десять,volume_change,"{""delta"": -10}"
Поставь громкость на 30%,volume_set,"{""level"": 30}"
Выключи звук,volume_mute_set,"{""state"": ""on""}"
Поставь Bluetooth как источник,media_source_set,"{""source"": ""bluetooth""}"
Следующий трек,next_track,
Пауза,media_pause,
"Привет, как дела?",chitchat,
Как добраться до Кремля?,nav_start,"{""destination"": ""Кремль""}"
Заверши навигацию,nav_cancel,
Позвони другу,call_start,"{""contact"": ""друг""}"
Ответь на звонок,call_answer,
Скинь вызов,call_hangup,
Включи фары,headlights_set,"{""state"": ""on""}"
Переключи фары на автоматический режим,headlights_set,"{""state"": ""auto""}"
Включи дворники на максимуме,wipers_set,"{""speed"": ""high""}"
Настрой дворники на авто,rain_set,"{""mode"": ""auto""}"
Открой окно водителя на три четверти,window_set,"{""action"": ""set"", ""window"": ""driver"", ""percent"": 75}"
"Закрой все окна, пожалуйста",window_set,"{""action"": ""close"", ""window"": ""all""}"
Приоткрой пассажирское стекло,window_set,"{""action"": ""open"", ""window"": ""passenger""}"
Сделай климат на 21 градус,ac_set,"{""state"": ""on"", ""temperature"": 21}"
Выключи кондиционер,ac_set,"{""state"": ""off"", ""temperature"": 20}"
Сделай температуру 18 градусов,ac_set,"{""state"": ""on"", ""temperature"": 18}"
Включи кондиционер,ac_off,
Включи обдув,ac_mode_set,"{""enabled"": true}"
Отключи рециркуляцию,ac_mode_set,"{""enabled"": false}"
Установи обогрев сиденья пассажира на 50%,seat_heater_set,"{""seat"": ""passenger"", ""level"": 50}"
Сделай обогрев сиденья водителя на максимум,seat_heater_set,"{""seat"": ""driver"", ""level"": 100}"
Поставь обогрев на 25 процентов,seat_heater_set,"{""seat"": ""passenger"", ""level"": 25}"
Включи вентиляцию сидений,seat_vent_set,"{""seat"": ""driver"", ""level"": 80}"
Сделай вентиляцию на 40%,seat_vent_set,"{""seat"": ""passenger"", ""level"": 40}"
Убери обогрев сиденья,seat_vent_set,"{""seat"": ""driver"", ""level"": 0}"
Включи обогрев заднего стекла,defrost_set,"{""state"": ""on"", ""target"": ""rear""}"
Выключи обогрев переднего стекла,defrost_set,"{""state"": ""off"", ""target"": ""front""}"
Закрой люк на максимум,sunroof_set,"{""action"": ""close"", ""percent"": 100}"
Открой люк на 50 процентов,sunroof_set,"{""action"": ""open"", ""percent"": 50}"
Закрой люк,sunroof_close,
Включи музыку,play_music,
Пауза музыки,media_pause,
Переключи на следующую песню,next_track,
Сделай громче на десять,volume_change,"{""delta"": 10}"
Уменьши громкость на 5 единиц,volume_change,"{""delta"": -5}"
Поставь громкость на 30%,volume_set,"{""level"": 30}"
Выключи звук,volume_mute_set,"{""state"": ""on""}"
Сделай громкость на 70%,volume_set,"{""level"": 70}"
Поставь радио на 90.0,radio_set,"{""frequency"": ""90.0""}"
Включи станцию Вести ФМ,radio_set_station,"{""station"": ""Вести ФМ""}"
Начни навигацию к офису,nav_start,"{""destination"": ""офис""}"
Отмени навигацию,nav_cancel,
Позвони Анне,call_start,"{""contact"": ""Анна""}"
Ответь на звонок,call_answer,
Заверши разговор,call_hangup,
Включи фары,headlights_set,"{""state"": ""on""}"
Выключи фары,headlights_set,"{""state"": ""off""}"
Сделай скорость дворников на высокую,wipers_set,"{""speed"": ""high""}"
Поставь дворники на авто,rain_set,"{""mode"": ""auto""}"
Привет,chitchat,
Как дела?,chitchat,
Как добраться до аэропорта?,chitchat,
Открой окно водителя на три четверти,window_set,"{""action"": ""set"", ""window"": ""driver"", ""percent"": 75}"
"Закрой пассажирское окно, пожалуйста",window_set,"{""action"": ""close"", ""window"": ""passenger""}"
Приоткрой все окна на двадцать процентов,window_set,"{""action"": ""set"", ""window"": ""all"", ""percent"": 20}"
Можешь закрыть заднее окно?,window_set,"{""action"": ""close"", ""window"": ""rear""}"
Сделай кондиционер на 20 градусов,ac_set,"{""state"": ""on"", ""temperature"": 20}"
Включи климат-контроль на 25 градусов,ac_set,"{""state"": ""on"", ""temperature"": 25}"
Выключи кондиционер,ac_off,
Поставь рециркуляцию,ac_mode_set,"{""enabled"": true}"
Убери обогрев сиденья пассажира,seat_heater_set,"{""seat"": ""passenger"", ""level"": 0}"
Включи обогрев сиденья водителя на максимум,seat_heater_set,"{""seat"": ""driver"", ""level"": 100}"
Включи музыку,play_music,
Поставь на паузу музыку,media_pause,
Переключи на следующую песню,next_track,
Сделай тише на десять,volume_change,"{""delta"": -10}"
Сделай громче на пятнадцать процентов,volume_change,"{""direction"": ""up""}"
Поставь громкость на 50,volume_set,"{""level"": 50}"
Сделай звук чуть тише,volume_change,"{""direction"": ""down""}"
Подключи телефон по Bluetooth,media_source_set,"{""source"": ""bluetooth""}"
Включи радио на 95.5,radio_set,"{""frequency"": ""95.5""}"
Как доехать до аэропорта?,nav_start,"{""destination"": ""аэропорт""}"
Отмени навигацию,nav_cancel,
Позвони маме,call_start,"{""contact"": ""мама""}"
Ответь на звонок,call_answer,
Заканчивай разговор,call_hangup,
Включи фары,headlights_set,"{""state"": ""on""}"
Выключи дальний свет,high_beam_set,"{""state"": ""off""}"
Установи скорость стеклоочистителей на авто,wipers_set,"{""speed"": ""auto""}"
Сделай обогрев руля,wheel_heater_set,"{""state"": ""on""}"
"Привет, как дела?",chitchat,
Как ты?,chitchat,
Доброе утро!,chitchat,
"Душно в машине, открой окно",window_set,"{""action"": ""open"", ""window"": ""all""}"
Открой окно у водителя на тридцать процентов,window_set,"{""action"": ""set"", ""window"": ""driver"", ""percent"": 30}"
"Пожалуйста, закрой окно пассажира",window_set,"{""action"": ""close"", ""window"": ""passenger""}"
Закрой все окна,window_set,"{""action"": ""close"", ""window"": ""all""}"
Приоткрой стекло на десять процентов,window_set,"{""action"": ""set"", ""window"": ""driver"", ""percent"": 10}"
Сделай кондиционер холоднее на два градуса,ac_set,"{""state"": ""on"", ""temperature"": 20}"
"Включи кондиционер, температура 24",ac_set,"{""state"": ""on"", ""temperature"": 24}"
Выключи кондиционер,ac_off,
Включи режим рециркуляции,ac_mode_set,"{""enabled"": true}"
Установи обдув на максимальную скорость,ac_fan_set,"{""level"": 100, ""speed"": ""high""}"
Сделай громче на восемь,volume_change,"{""delta"": 8}"
Уменьши громкость на десять,volume_change,"{""delta"": -10}"
Поставь громкость на 75 процентов,volume_set,"{""level"": 75}"
"Пожалуйста, включи радио",play_music,
Останови музыку,stop_music,
Переключи на следующий трек,next_track,
Включи обогрев сиденья пассажира на 50,seat_heater_set,"{""seat"": ""passenger"", ""level"": 50}"
Включи обогрев сиденья водителя на максимум,seat_heater_set,"{""seat"": ""driver"", ""level"": 100}"
"Пожалуйста, включи навигацию до Москвы",nav_start,"{""destination"": ""Москва""}"
Как доехать до ближайшей заправки?,nav_start,"{""destination"": ""ближайшая заправка""}"
Переключи на bluetooth,media_source_set,"{""source"": ""bluetooth""}"
Сделай громкость на 50%,volume_set,"{""level"": 50}"
Переключи на следующую радиостанцию,next_track,
Закрой люк,sunroof_close,
Сделай стеклоочистители на высокую скорость,wipers_set,"{""speed"": ""high""}"
Включи фары,headlights_set,"{""state"": ""on""}"
Как дела?,chitchat,
"Привет, как ты?",chitchat,
Позвони Анне,call_start,"{""contact"": ""Анна""}"
Ответь на звонок,call_answer,
Забери звонок,call_hangup,
Включи обогрев сиденья на 30 для пассажира,seat_heater_set,"{""seat"": ""passenger"", ""level"": 30}"
"Пожалуйста, сделай на десять погромче",volume_change,"{""delta"": 10}"
Переключи на радио 95.5,radio_set,"{""frequency"": ""95.5""}"
Отмени маршрут,nav_cancel,
Выключи обогрев сидений,seat_heater_set,"{""seat"": ""driver"", ""level"": 0}"
Открой окно водителя на сто процентов,window_set,"{""action"": ""open"", ""window"": ""driver"", ""percent"": 100}"
Закрой окно у пассажира,window_set,"{""action"": ""close"", ""window"": ""passenger""}"
Можно открыть все окна немного?,window_set,"{""action"": ""open"", ""window"": ""all""}"
Приоткрой стекло на пятьдесят процентов,window_set,"{""action"": ""set"", ""window"": ""driver"", ""percent"": 50}"
Включи кондиционер на 20 градусов,ac_set,"{""state"": ""on"", ""temperature"": 20}"
Поставь кондиционер на 25 градусов,ac_set,"{""state"": ""on"", ""temperature"": 25}"
Выключи кондиционер,ac_off,
Включи обогрев сиденья пассажира на максимум,seat_heater_set,"{""seat"": ""passenger"", ""level"": 100}"
Увеличь скорость вентилятора до средней,ac_fan_set,"{""level"": 50, ""speed"": ""medium""}"
Включи рециркуляцию воздуха,ac_mode_set,"{""enabled"": true}"
Как выключить музыку?,stop_music,
Переключи на следующий трек,next_track,
Сделай потише на десять,volume_change,"{""delta"": -10}"
Увеличь громкость на 15%,volume_change,"{""delta"": 15}"
Поставь радио на 95.5,radio_set,"{""frequency"": ""95.5""}"
Как настроить навигацию до аэропорта?,nav_start,"{""destination"": ""аэропорт""}"
Позвони маме,call_start,"{""contact"": ""мама""}"
Ответь на звонок,call_answer,
Выключи фары,headlights_set,"{""state"": ""off""}"
Включи обогрев руля,wheel_heater_set,"{""state"": ""on""}"
Как дела?,chitchat,
"Душно в машине, открой все окна",window_set,"{""action"": ""open"", ""window"": ""all""}"
Открой люк на 70 процентов,sunroof_set,"{""action"": ""open"", ""percent"": 70}"
Закрой люк,sunroof_close,
Открой окно у водителя на пятьдесят процентов,window_set,"{""action"": ""set"", ""window"": ""driver"", ""percent"": 50}"
Закрой окно у пассажира полностью,window_set,"{""action"": ""close"", ""window"": ""passenger""}"
Приоткрой все окна,window_set,"{""action"": ""open"", ""window"": ""all""}"
Включи кондиционер на двадцать два градуса,ac_set,"{""state"": ""on"", ""temperature"": 22}"
Выключи кондиционер,ac_off,
Включи рециркуляцию в климате,ac_mode_set,"{""enabled"": true}"
Установи обогрев сиденья пассажира на максималку,seat_heater_set,"{""seat"": ""passenger"", ""level"": 100}"
Настрой обогрев сиденья водителя на тридцать процентов,seat_heater_set,"{""seat"": ""driver"", ""level"": 30}"
Включи обогрев сиденья,seat_heater_set,"{""seat"": ""driver"", ""level"": 100}"
Сделай погромче на десять,volume_change,"{""delta"": 10}"
Уменьши громкость на двадцать процентов,volume_change,"{""direction"": ""down""}"
Настрой громкость на восемьдесят,volume_set,"{""level"": 80}"
Включи радио на частоте девяносто один точка шесть,radio_set,"{""frequency"": ""91.6""}"
Переключи на следующий трек,next_track,
Приостанови воспроизведение музыки,media_pause,
Как доехать до Кремля?,nav_start,"{""destination"": ""Кремль""}"
Отмени маршрут,nav_cancel,
Позвони Сергею,call_start,"{""contact"": ""Сергей""}"
Ответь на звонок,call_answer,
Отключи фары,headlights_set,"{""state"": ""off""}"
Включи дальний свет,high_beam_set,"{""state"": ""on""}"
Установи скорость дворников на авто,wipers_set,"{""speed"": ""auto""}"
Как дела?,chitchat,
"Сделай громче, пожалуйста",volume_change,"{""direction"": ""up""}"
Подними солнцезащитный люк на сто процентов,sunroof_set,"{""action"": ""open"", ""percent"": 100}"
Закрой солнцезащитный люк,sunroof_close,
Открой окно водителя на двадцать процентов,window_set,"{""action"": ""set"", ""window"": ""driver"", ""percent"": 20}"
"Пожалуйста, закрой окно у пассажира",window_set,"{""action"": ""close"", ""window"": ""passenger""}"
Приоткрой стекло на полную,window_set,"{""action"": ""set"", ""window"": ""all"", ""percent"": 100}"
"Закрой все окна, пожалуйста",window_set,"{""action"": ""close"", ""window"": ""all""}"
Сделай кондиционер потише,ac_fan_set,"{""level"": 30, ""speed"": ""low""}"
Включи кондиционер на 21 градус,ac_set,"{""state"": ""on"", ""temperature"": 21}"
Поставь 24 градуса в кондиционере,ac_set,"{""state"": ""on"", ""temperature"": 24}"
Отключи кондиционер,ac_off,
Поставь вентилятор на максимальную скорость,ac_fan_set,"{""level"": 100, ""speed"": ""high""}"
Запусти музыку,play_music,
Останови музыку,stop_music,
Пауза,media_pause,
Следующий трек,next_track,
Назад на предыдущий трек,previous_track,
Сделай громче на десять,volume_change,"{""delta"": 10}"
Убавь громкость на пятнадцать процентов,volume_change,"{""delta"": -15}"
Поставь громкость на 50%,volume_set,"{""level"": 50}"
Включи радио на частоте 95.5,radio_set,"{""frequency"": ""95.5""}"
Переключи на Bluetooth,media_source_set,"{""source"": ""bluetooth""}"
Как доехать до Кремля?,nav_start,"{""destination"": ""Кремль""}"
Отмени навигацию,nav_cancel,
Позвони Александру,call_start,"{""contact"": ""Александр""}"
Ответь на звонок,call_answer,
Закончить звонок,call_hangup,
Включи фары,headlights_set,"{""state"": ""on""}"
Выключи дальний свет,high_beam_set,"{""state"": ""off""}"
Установи дворники на авто,wipers_set,"{""speed"": ""auto""}"
Сделай обогрев сиденья водителя на 100%,seat_heater_set,"{""seat"": ""driver"", ""level"": 100}"
Как дела?,chitchat,
"Мне жарко, включи кондиционер",ac_set,"{""state"": ""on"", ""temperature"": 22}"
"Пожалуйста, закрой люк",sunroof_set,"{""action"": ""close""}"
Открой люк на 50 процентов,sunroof_set,"{""action"": ""set"", ""percent"": 50}"
Включи обогрев руля,wheel_heater_set,"{""state"": ""on""}"
Выключи обогрев сиденья пассажира,seat_heater_set,"{""seat"": ""passenger"", ""level"": 0}"
Открой окно водителя,window_set,"{""action"": ""open"", ""window"": ""driver""}"
Приоткрой стекло пассажира,window_set,"{""action"": ""open"", ""window"": ""passenger""}"
Закрой все окна,window_set,"{""action"": ""close"", ""window"": ""all""}"
Можно открыть окно на тридцать процентов?,window_set,"{""action"": ""set"", ""window"": ""driver"", ""percent"": 30}"
"Закрой, пожалуйста, окно у водителя",window_set,"{""action"": ""close"", ""window"": ""driver""}"
Включи кондиционер и установи на двадцать два градуса,ac_set,"{""state"": ""on"", ""temperature"": 22}"
Поставь кондиционер на тридцать градусов,ac_set,"{""state"": ""on"", ""temperature"": 30}"
Выключи кондиционер,ac_off,
Включи рециркуляцию воздуха,ac_mode_set,"{""enabled"": true}"
Выключи рециркуляцию,ac_mode_set,"{""enabled"": false}"
Установи уровень вентилятора на восемьдесят процентов,ac_fan_set,"{""level"": 80}"
Сделай обогрев сиденья водителя на максимум,seat_heater_set,"{""seat"": ""driver"", ""level"": 100}"
Обогрей сиденье пассажира на пятьдесят процентов,seat_heater_set,"{""seat"": ""passenger"", ""level"": 50}"
Включи обдув стекол,defrost_set,"{""state"": ""on"", ""target"": ""front""}"
Закрой люк,sunroof_close,
Открой люк на семьдесят процентов,sunroof_set,"{""action"": ""open"", ""percent"": 70}"
Включи музыку,play_music,
Останови воспроизведение,stop_music,
Сделай потише на пять,volume_change,"{""delta"": -5}"
Добавь громкости на десять процентов,volume_change,"{""delta"": 10}"
Поставь громкость на восемьдесят,volume_set,"{""level"": 80}"
Сделай звук на минимум,volume_mute_set,"{""state"": ""on""}"
Сбрось громкость,volume_mute_set,"{""state"": ""off""}"
Поставь радио на частоту девяносто две,radio_set,"{""frequency"": ""92.0""}"
Переключи на следующую песню,next_track,
Вернись на предыдущий трек,previous_track,
Как доехать до магазина?,nav_start,"{""destination"": ""магазин""}"
Отмени навигацию,nav_cancel,
Позвони Александру,call_start,"{""contact"": ""Александр""}"
Ответь на звонок,call_answer,
Заверши разговор,call_hangup,
Включи фары,headlights_set,"{""state"": ""on""}"
Выключи фары,headlights_set,"{""state"": ""off""}"
Сделай дворники на высокой скорости,wipers_set,"{""speed"": ""high""}"
Дай сигнал,chitchat,
Открой окно водителя на тридцать процентов,window_set,"{""action"": ""set"", ""window"": ""driver"", ""percent"": 30}"
Закрой стекло у пассажира,window_set,"{""action"": ""close"", ""window"": ""passenger""}"
Приоткрой окошко,window_set,"{""action"": ""open"", ""window"": ""all""}"
Сделай кондиционер более холодным,ac_set,"{""state"": ""on"", ""temperature"": 18}"
Выключи кондиционер,ac_off,
Установи режим рециркуляции,ac_mode_set,"{""enabled"": true}"
Сделай обогрев сиденья пассажира на восемьдесят процентов,seat_heater_set,"{""seat"": ""passenger"", ""level"": 80}"
Включи обогрев сиденья водителя,seat_heater_set,"{""seat"": ""driver"", ""level"": 100}"
Выключи подогрев сиденья,seat_heater_set,"{""seat"": ""driver"", ""level"": 0}"
"Душно в машине, открой крышу",sunroof_set,"{""action"": ""open"", ""percent"": 100}"
Закрой люк,sunroof_close,
Поставь музыку на паузу,media_pause,
Сделай громче на десять,volume_change,"{""delta"": 10}"
Убавь громкость на двадцать процентов,volume_change,"{""delta"": -20}"
Установи громкость на восемьдесят,volume_set,"{""level"": 80}"
Включи радио на частоте девяносто,radio_set,"{""frequency"": ""90.0""}"
Позвони Василисе,call_start,"{""contact"": ""Василиса""}"
Как доехать до ближайшей АЗС?,nav_start,"{""destination"": ""ближайшая АЗС""}"
Включи фары,headlights_set,"{""state"": ""on""}"
Поставь уровень дворников на авто,rain_set,"{""mode"": ""auto""}"
Как дела?,chitchat,
Приоткрой окно у водителя на пятьдесят процентов,window_set,"{""action"": ""set"", ""window"": ""driver"", ""percent"": 50}"
Закрой все окна,window_set,"{""action"": ""close"", ""window"": ""all""}"
"Пожалуйста, открой пассажирское окно",window_set,"{""action"": ""open"", ""window"": ""passenger""}"
Закрой стекло на заднем сиденье,window_set,"{""action"": ""close"", ""window"": ""all""}"
Включи кондиционер на двадцать градусов,ac_set,"{""state"": ""on"", ""temperature"": 20}"
Сделай климат на 24 градуса,ac_set,"{""state"": ""on"", ""temperature"": 24}"
Выключи кондиционер,ac_off,
Поставь обдув на максимуме,ac_mode_set,"{""enabled"": true}"
Включи обогрев сиденья для пассажира на 80%,seat_heater_set,"{""seat"": ""passenger"", ""level"": 80}"
"Пожалуйста, включи обогрев сиденья водителя",seat_heater_set,"{""seat"": ""driver"", ""level"": 100}"
Поставь вентилятор на высокую скорость,ac_fan_set,"{""level"": 100, ""speed"": ""high""}"
Выключи обогрев,seat_heater_set,"{""seat"": ""driver"", ""level"": 0}"
Включи дворники на средней скорости,wipers_set,"{""speed"": ""medium""}"
"Пожалуйста, сделай дворники авто",rain_set,"{""mode"": ""auto""}"
Включи свет фарами,headlights_set,"{""state"": ""on""}"
Открой люк на 75 процентов,sunroof_set,"{""action"": ""open"", ""percent"": 75}"
Закрой люк,sunroof_close,
Поставь радио на частоту 102.5,radio_set,"{""frequency"": ""102.5""}"
"Пожалуйста, включи Bluetooth",media_source_set,"{""source"": ""bluetooth""}"
Сделай громче на десять процентов,volume_change,"{""delta"": 10}"
Поставь громкость на 50,volume_set,"{""level"": 50}"
Включи музыку,play_music,
Как доехать до аэропорта?,nav_start,"{""destination"": ""аэропорт""}"
"Привет, как дела?",chitchat,
Позвони Ивану,call_start,"{""contact"": ""Иван""}"
Ответь на звонок,call_answer,
Заверши разговор,call_hangup,
Открой окно водителя на три четверти,window_set,"{""action"": ""set"", ""window"": ""driver"", ""percent"": 75}"
Закрой все окна,window_set,"{""action"": ""close"", ""window"": ""all""}"
Приоткрой пассажирское стекло,window_set,"{""action"": ""open"", ""window"": ""passenger""}"
"Мне жарко, открой все окна, пожалуйста",window_set,"{""action"": ""open"", ""window"": ""all""}"
Закрой стекло у водителя на половину,window_set,"{""action"": ""set"", ""window"": ""driver"", ""percent"": 50}"
Включи кондиционер на двадцать градусов,ac_set,"{""state"": ""on"", ""temperature"": 20}"
"Убери кондиционер, мне прохладно",ac_off,
Включи климат на 24 градуса,ac_set,"{""state"": ""on"", ""temperature"": 24}"
Настрой кондиционер на 30 градусов,ac_set,"{""state"": ""on"", ""temperature"": 30}"
Выключи кондиционер,ac_off,
Включи рециркуляцию воздуха,ac_mode_set,"{""enabled"": true}"
Сделай поток воздуха низким,ac_fan_set,"{""level"": 30, ""speed"": ""low""}"
Выключи обогрев сидения у пассажира,seat_heater_set,"{""seat"": ""passenger"", ""level"": 0}"
Включи обогрев сиденья водителя на сто процентов,seat_heater_set,"{""seat"": ""driver"", ""level"": 100}"
Настрой обогрев сиденья у водителя на 50,seat_heater_set,"{""seat"": ""driver"", ""level"": 50}"
Сделай обогрев сидения у пассажира на 80 процентов,seat_heater_set,"{""seat"": ""passenger"", ""level"": 80}"
Включи обогрев сиденья,seat_heater_set,"{""seat"": ""driver"", ""level"": 100}"
Включи вентиляцию сидения у водителя на 30,seat_vent_set,"{""seat"": ""driver"", ""level"": 30}"
Поставь вентилятор сидения пассажира на 70 процентов,seat_vent_set,"{""seat"": ""passenger"", ""level"": 70}"
Включи обдув на 40,ac_fan_set,"{""level"": 40, ""speed"": ""medium""}"
Включи стеклоочистители на авто,wipers_set,"{""speed"": ""auto""}"
Включи дворники на низкой скорости,wipers_set,"{""speed"": ""low""}"
Как добраться до Кремля?,nav_start,"{""destination"": ""Кремль""}"
Проведи меня в центр города,nav_start,"{""destination"": ""центр города""}"
Запусти навигацию до Красной площади,nav_start,"{""destination"": ""Красная площадь""}"
Отмени маршрут,nav_cancel,
Позвони мне,call_start,"{""contact"": ""Я""}"
Звони брату,call_start,"{""contact"": ""брат""}"
Ответь на звонок,call_answer,
Завершить вызов,call_hangup,
Включи радио на 92.5,radio_set,"{""frequency"": ""92.5""}"
Настрой частоту на 101.5,radio_set,"{""frequency"": ""101.5""}"
Сделай громче на 10,volume_change,"{""delta"": 10}"
Убавь громкость на 5,volume_change,"{""delta"": -5}"
Поставь громкость на 80,volume_set,"{""level"": 80}"
Убери громкость до нуля,volume_set,"{""level"": 0}"
Включи музыку,play_music,
Останови музыку,stop_music,
Поставь трек следующий,next_track,
Вернись на предыдущий трек,previous_track,
Как дела?,chitchat,
"Привет, как ты?",chitchat,
Что нового?,chitchat,
Открой окно водителя,window_set,"{""action"": ""open"", ""window"": ""driver""}"
Приоткрой стекло у пассажира на тридцать процентов,window_set,"{""action"": ""set"", ""window"": ""passenger"", ""percent"": 30}"
"Закрой все окна, пожалуйста",window_set,"{""action"": ""close"", ""window"": ""all""}"
Сделай климат 22 градуса,ac_set,"{""state"": ""on"", ""temperature"": 22}"
Включи кондиционер на двадцать пять,ac_set,"{""state"": ""on"", ""temperature"": 25}"
Выключи кондиционер,ac_off,
Поставь режим обдува,ac_mode_set,"{""enabled"": true}"
Сделай скорость вентилятора на максимум,ac_fan_set,"{""level"": 100, ""speed"": ""high""}"
Включи обогрев сиденья пассажира на 50,seat_heater_set,"{""seat"": ""passenger"", ""level"": 50}"
Выключи обогрев сиденья водителя,seat_heater_set,"{""seat"": ""driver"", ""level"": 0}"
Включи обдув переднего стекла,defrost_set,"{""state"": ""on"", ""target"": ""front""}"
Закрой люк,sunroof_close,
Открой люк на 75 процентов,sunroof_set,"{""action"": ""open"", ""percent"": 75}"
Сыграй музыку,play_music,
Останови музыку,stop_music,
Переключи на следующую композицию,next_track,
Сделай громче на десять,volume_change,"{""delta"": 10}"
Поставь громкость на 50%,volume_set,"{""level"": 50}"
Выключи звук,volume_mute_set,"{""state"": ""on""}"
Назад к предыдущему треку,previous_track,
Станция 92.7,radio_set_station,"{""station"": ""92.7""}"
Звони Анне,call_start,"{""contact"": ""Анна""}"
Ответь на звонок,call_answer,
Повесь трубку,call_hangup,
Как добраться до ТЦ?,nav_start,"{""destination"": ""ТЦ""}"
Отмени навигацию,nav_cancel,
Включи фары,headlights_set,"{""state"": ""on""}"
Выключи дальний свет,high_beam_set,"{""state"": ""off""}"
Установи дворники на авто,rain_set,"{""mode"": ""auto""}"
Как дела?,chitchat,
Всё нормально,chitchat,
Открой окно водителя на пятьдесят процентов,window_set,"{""action"": ""set"", ""window"": ""driver"", ""percent"": 50}"
Закрой пассажирское окно,window_set,"{""action"": ""close"", ""window"": ""passenger""}"
Приоткрой все окна немного,window_set,"{""action"": ""open"", ""window"": ""all""}"
Сделай холоднее до шестнадцати градусов,ac_set,"{""state"": ""on"", ""temperature"": 16}"
Выключи кондиционер,ac_off,
Включи кондиционер на двадцать градусов,ac_set,"{""state"": ""on"", ""temperature"": 20}"
Установи уровень вентилятора на восемьдесят,ac_fan_set,"{""level"": 80, ""speed"": ""medium""}"
Включи обогрев сиденья пассажира на полную мощность,seat_heater_set,"{""seat"": ""passenger"", ""level"": 100}"
Включи обдув,ac_mode_set,"{""enabled"": true}"
Включи радио на частоте девяносто,radio_set,"{""frequency"": ""90.0""}"
Увеличь громкость на восемь,volume_change,"{""delta"": 8}"
Сделай потише на десять процентов,volume_change,"{""delta"": -10}"
Переключи на следующий трек,next_track,
Включи шuffling в музыке,media_shuffle_set,
"Позвони Анне, пожалуйста",call_start,"{""contact"": ""Анна""}"
Отвечай на звонок,call_answer,
Переключи на следующую радиостанцию,next_track,
Как доехать до ближайшей заправки?,nav_start,"{""destination"": ""ближайшая заправка""}"
Отмени навигацию,nav_cancel,
Включи дальний свет,high_beam_set,"{""state"": ""on""}"
Выключи дворники,wipers_set,"{""speed"": ""off""}"
Закрой люк,sunroof_set,"{""action"": ""close""}"
Как дела?,chitchat,
Что нового?,chitchat,
Открой окно водителя,window_set,"{""action"": ""open"", ""window"": ""driver""}"
"Закрой все окна, пожалуйста",window_set,"{""action"": ""close"", ""window"": ""all""}"
Приоткрой стекло у пассажира на тридцать процентов,window_set,"{""action"": ""set"", ""window"": ""passenger"", ""percent"": 30}"
Поставь кондиционер на двадцать градусов,ac_set,"{""state"": ""on"", ""temperature"": 20}"
Выключи кондиционер,ac_off,
Включи рециркуляцию воздуха,ac_mode_set,"{""enabled"": true}"
Установи скорость вентилятора на среднюю,ac_fan_set,"{""level"": 50, ""speed"": ""medium""}"
Обогрей сиденье водителя на восемьдесят процентов,seat_heater_set,"{""seat"": ""driver"", ""level"": 80}"
Выключи обогрев сиденья пассажира,seat_heater_set,"{""seat"": ""passenger"", ""level"": 0}"
Сделай обогрев сиденья у пассажира на максимум,seat_heater_set,"{""seat"": ""passenger"", ""level"": 100}"
Включи кондиционер на двадцать пять,ac_set,"{""state"": ""on"", ""temperature"": 25}"
Включи обдув лобового стекла,defrost_set,"{""state"": ""on"", ""target"": ""front""}"
Закрой люк,sunroof_close,
Приоткрой люк на пятьдесят процентов,sunroof_set,"{""action"": ""open"", ""percent"": 50}"
Сделай погромче на восемь,volume_change,"{""delta"": 8}"
Уменьши громкость на десять,volume_change,"{""delta"": -10}"
Поставь громкость на тридцать процентов,volume_set,"{""level"": 30}"
Переключи на радио,media_source_set,"{""source"": ""radio""}"
Запусти музыку,play_music,
Останови музыку,stop_music,
Следующий трек,next_track,
Как доехать до Красной площади?,nav_start,"{""destination"": ""Красная площадь""}"
Отмени навигацию,nav_cancel,
Позвони Игорю,call_start,"{""contact"": ""Игорь""}"
Ответь на звонок,call_answer,
Завершить звонок,call_hangup,
Включи фары,headlights_set,"{""state"": ""on""}"
Выключи дальний свет,high_beam_set,"{""state"": ""off""}"
Установи дворники на авто,wipers_set,"{""speed"": ""auto""}"
Сделай дождь в ручном режиме,rain_set,"{""mode"": ""manual""}"
Как дела?,chitchat,
"Все хорошо, спасибо!",chitchat,
Приоткрой окно у водителя,window_set,"{""action"": ""open"", ""window"": ""driver""}"
Закрой окно на заднем сиденье полностью,window_set,"{""action"": ""close"", ""window"": ""passenger""}"
Сделай окно в салоне на половину открытым,window_set,"{""action"": ""set"", ""window"": ""all"", ""percent"": 50}"
Включи кондиционер на двадцать градусов,ac_set,"{""state"": ""on"", ""temperature"": 20}"
Поставь кондиционер на холод,ac_mode_set,"{""enabled"": true}"
Выключи кондиционер,ac_off,
Увеличь температуру до тридцати градусов,ac_set,"{""state"": ""on"", ""temperature"": 30}"
Пусти воздух на задние стекла,defrost_set,"{""state"": ""on"", ""target"": ""rear""}"
Закрой люк на половину,sunroof_set,"{""action"": ""set"", ""percent"": 50}"
Включи музыку,play_music,
Останови музыку,stop_music,
Следующий трек,next_track,
Сделай громче на десять,volume_change,"{""delta"": 10}"
Уменьши громкость на пять процентов,volume_change,"{""delta"": -5}"
Поставь громкость на семьдесят процентов,volume_set,"{""level"": 70}"
Переключи на радио,media_source_set,"{""source"": ""radio""}"
Поставь радиостанцию на 92.5,radio_set,"{""frequency"": ""92.5""}"
Позвони Петру,call_start,"{""contact"": ""Петр""}"
Ответь на звонок,call_answer,
Прекрати разговор,call_hangup,
Как доехать до Кремля?,nav_start,"{""destination"": ""Кремль""}"
Сделай дождевики на авто,wipers_set,"{""speed"": ""auto""}"
Включи фары,headlights_set,"{""state"": ""on""}"
Как дела?,chitchat,
"Душно, включи кондиционер",ac_set,"{""state"": ""on"", ""temperature"": 22}"
Поставь обогрев сиденья для пассажира на максимум,seat_heater_set,"{""seat"": ""passenger"", ""level"": 100}"
Включи рециркуляцию воздуха,ac_mode_set,"{""enabled"": true}"
Сделай громкость тише на 15,volume_change,"{""delta"": -15}"
Сделай освещение авто авто,high_beam_set,"{""state"": ""auto""}"
Выключи обогрев руля,wheel_heater_set,"{""state"": ""off""}"
Закрой окно у водителя,window_set,"{""action"": ""close"", ""window"": ""driver""}"
Приоткрой стекло у пассажира на 30 процентов,window_set,"{""action"": ""set"", ""window"": ""passenger"", ""percent"": 30}"
Открой все окна полностью,window_set,"{""action"": ""open"", ""window"": ""all""}"
Включи кондиционер на 20 градусов,ac_set,"{""state"": ""on"", ""temperature"": 20}"
"Пожалуйста, выключи кондиционер",ac_set,"{""state"": ""off""}"
Выключи климат-контроль,ac_off,
Включи рециркуляцию воздуха,ac_mode_set,"{""enabled"": true}"
Установи скорость вентилятора на максимум,ac_fan_set,"{""level"": 100, ""speed"": ""high""}"
Увеличь обогрев сиденья для пассажира до 70%,seat_heater_set,"{""seat"": ""passenger"", ""level"": 70}"
Включи обогрев сиденья водителя,seat_heater_set,"{""seat"": ""driver"", ""level"": 100}"
Открой люк на 50 процентов,sunroof_set,"{""action"": ""open"", ""percent"": 50}"
Закрой люк,sunroof_close,
Сделай громче на 10,volume_change,"{""delta"": 10}"
Уменьши громкость на пятнадцать,volume_change,"{""delta"": -15}"
Поставь громкость на 80 процентов,volume_set,"{""level"": 80}"
Запусти музыку,play_music,
Останови музыку,stop_music,
Следующий трек,next_track,
Назад к предыдущему треку,previous_track,
Переключи на радио 95.5,radio_set,"{""frequency"": ""95.5""}"
Как доехать до Болотной площади?,nav_start,"{""destination"": ""Болотная площадь""}"
Прерви навигацию,nav_cancel,
Позвони Алексею,call_start,"{""contact"": ""Алексей""}"
Ответь на звонок,call_answer,
Сбрось вызов,call_hangup,
Включи фары,headlights_set,"{""state"": ""on""}"
Выключи дальний свет,high_beam_set,"{""state"": ""off""}"
Установи скорость дворников на авто,wipers_set,"{""speed"": ""auto""}"
Включи обогрев руля,wheel_heater_set,"{""state"": ""on""}"
Как дела?,chitchat,
"Привет, как ты?",chitchat,
Открой окно у водителя на двадцать процентов,window_set,"{""action"": ""set"", ""window"": ""driver"", ""percent"": 20}"
Закрой заднее пассажирское окно полностью,window_set,"{""action"": ""close"", ""window"": ""passenger""}"
"Можно, пожалуйста, приоткрыть окно?",window_set,"{""action"": ""open"", ""window"": ""all""}"
Установи стекло у водителя на пятьдесят процентов,window_set,"{""action"": ""set"", ""window"": ""driver"", ""percent"": 50}"
Включи кондиционер на тридцать градусов,ac_set,"{""state"": ""on"", ""temperature"": 30}"
Выключи климат-контроль,ac_off,
Поставь кондиционер на 20 градусов,ac_set,"{""state"": ""on"", ""temperature"": 20}"
Настрой обдув на низкую скорость,ac_fan_set,"{""level"": 30, ""speed"": ""low""}"
Сделай громче на пять,volume_change,"{""delta"": 5}"
Поставь громкость на 75%,volume_set,"{""level"": 75}"
Сделай потише на десять,volume_change,"{""delta"": -10}"
Включи радио на частоте 95.0,radio_set,"{""frequency"": ""95.0""}"
Как доехать до Пушкинской площади?,nav_start,"{""destination"": ""Пушкинская площадь""}"
Проведи маршрут до дома,nav_start,"{""destination"": ""дом""}"
Отмени навигацию,nav_cancel,
Позвони мне на мобильный,call_start,"{""contact"": ""мобильный""}"
"Привет, как дела?",chitchat,
Какой сейчас температуру в салоне?,chitchat,
Включи обогрев сиденья водителя на максимуме,seat_heater_set,"{""seat"": ""driver"", ""level"": 100}"
Установи обогрев сиденья пассажира на 50,seat_heater_set,"{""seat"": ""passenger"", ""level"": 50}"
Поставь кондиционер на рециркуляцию,ac_mode_set,"{""enabled"": true}"
Выключи обогрев руля,wheel_heater_set,"{""state"": ""off""}"
Включи дворники на автомат,wipers_set,"{""speed"": ""auto""}"
Настрой свет на авто,headlights_set,"{""state"": ""auto""}"
Включи дальний свет,high_beam_set,"{""state"": ""on""}"
Сделай громче на пять процентов,volume_change,"{""delta"": 5}"
Включи музыку,play_music,
Останови музыку,stop_music,
Переключи на следующую песню,next_track,
Переключи на предыдущий трек,previous_track,
Включи ш shuffle,media_shuffle_set,
Сделай звук на минимуме,volume_set,"{""level"": 0}"
Настрой Bluetooth как источник,media_source_set,"{""source"": ""bluetooth""}"
Сделай громче на двадцать,volume_change,"{""delta"": 20}"
Включи вентиляцию сиденья водителя на 70,seat_vent_set,"{""seat"": ""driver"", ""level"": 70}"
Поставь музыку на паузу,media_pause,
Поставь радио на 101.0,radio_set,"{""frequency"": ""101.0""}"
Позвони маме,call_start,"{""contact"": ""маме""}"
Включи обогрев сиденья пассажира на 25,seat_heater_set,"{""seat"": ""passenger"", ""level"": 25}"
Настрой громкость на 50 процентов,volume_set,"{""level"": 50}"
Выключи свет,headlights_set,"{""state"": ""off""}"
Включи кондиционер на 18 градусов,ac_set,"{""state"": ""on"", ""temperature"": 18}"
"Пожалуйста, открой окно у водителя на тридцать процентов",window_set,"{""action"": ""set"", ""window"": ""driver"", ""percent"": 30}"
Закрой заднее окно полностью,window_set,"{""action"": ""close"", ""window"": ""all""}"
Приоткрой стекло у пассажира,window_set,"{""action"": ""open"", ""window"": ""passenger""}"
Сделай громче на десять,volume_change,"{""delta"": 10}"
Уменьши громкость на двадцать процентов,volume_change,"{""delta"": -20}"
Поставь громкость на восемьдесят,volume_set,"{""level"": 80}"
Включи кондиционер на двадцать один градус,ac_set,"{""state"": ""on"", ""temperature"": 21}"
Выключи кондиционер,ac_off,
Поставь обдув на низкий уровень,ac_fan_set,"{""level"": 30, ""speed"": ""low""}"
Включи обогрев сиденья водителя на восемьдесят процентов,seat_heater_set,"{""seat"": ""driver"", ""level"": 80}"
Выключи обогрев сиденья пассажира,seat_heater_set,"{""seat"": ""passenger"", ""level"": 0}"
Как отключить музыку?,stop_music,
Сделай погромче музыку,volume_change,"{""direction"": ""up""}"
Включи музыку,play_music,
Следующий трек,next_track,
Назад на предыдущий трек,previous_track,
"Пожалуйста, включи навигацию до центра",nav_start,"{""destination"": ""центр""}"
Отмени маршрут,nav_cancel,
"Позвони, пожалуйста, Сергею",call_start,"{""contact"": ""Сергей""}"
Ответь на звонок,call_answer,
Заблокируй вызов,call_hangup,
Включи фары,headlights_set,"{""state"": ""on""}"
Поставь дворники на автомат,wipers_set,"{""speed"": ""auto""}"
Выключи обогрев руля,wheel_heater_set,"{""state"": ""off""}"
Как дела?,chitchat,
"Душно в машине, сделай что-нибудь",ac_set,"{""state"": ""on"", ""temperature"": 22}"
Открой люк на половину,sunroof_set,"{""action"": ""open"", ""percent"": 50}"
Закрой люк,sunroof_close,
Приоткрой окно водителя на тридцать процентов,window_set,"{""action"": ""set"", ""window"": ""driver"", ""percent"": 30}"
Открой стекло пассажира полностью,window_set,"{""action"": ""open"", ""window"": ""passenger""}"
"Закрой все окна, пожалуйста",window_set,"{""action"": ""close"", ""window"": ""all""}"
Сделай кондиционер на двадцать два градуса,ac_set,"{""state"": ""on"", ""temperature"": 22}"
Выключи кондиционер,ac_off,
Поставь обдув на авто,ac_mode_set,"{""enabled"": true}"
Установи обогрев сиденья пассажира на 50 процентов,seat_heater_set,"{""seat"": ""passenger"", ""level"": 50}"
Включи обогрев для водителя,seat_heater_set,"{""seat"": ""driver"", ""level"": 100}"
Включи задний обогрев,defrost_set,"{""state"": ""on"", ""target"": ""rear""}"
Закрой люк,sunroof_close,
"Пожалуйста, открой люк на 75 процентов",sunroof_set,"{""action"": ""open"", ""percent"": 75}"
Поставь музыку,play_music,
Приостанови воспроизведение,media_pause,
Переключи на следующую композицию,next_track,
Сделай громче на пять,volume_change,"{""delta"": 5}"
Убавь звук на десять процентов,volume_change,"{""delta"": -10}"
Установи громкость на 40,volume_set,"{""level"": 40}"
Выключи звук,volume_mute_set,"{""state"": ""on""}"
"Пожалуйста, найди радиостанцию 101.1",radio_set_station,"{""station"": ""101.1""}"
Как мне доехать до магазина?,nav_start,"{""destination"": ""магазин""}"
Отмени маршрут,nav_cancel,
Позвони маме,call_start,"{""contact"": ""мама""}"
Ответь на звонок,call_answer,
Завершить вызов,call_hangup,
Включи фары,headlights_set,"{""state"": ""on""}"
Переключи на авто режим дворников,wipers_set,"{""speed"": ""auto""}"
Установи дальний свет,high_beam_set,"{""state"": ""on""}"
Как дела?,chitchat,
"Жарко, сделай потише кондиционер",ac_fan_set,"{""level"": 50, ""speed"": ""medium""}"
Включи шумоподавление,ac_mode_set,"{""enabled"": true}"
Открой окно у водителя на двадцать процентов,window_set,"{""action"": ""set"", ""window"": ""driver"", ""percent"": 20}"
"Закрой все окна, пожалуйста",window_set,"{""action"": ""close"", ""window"": ""all""}"
Приоткрой пассажирское окно,window_set,"{""action"": ""open"", ""window"": ""passenger""}"
Сделай кондиционер на двадцать пять градусов,ac_set,"{""state"": ""on"", ""temperature"": 25}"
Выключи кондиционер,ac_set,"{""state"": ""off""}"
Поставь климат-контроль на 22 градуса,ac_set,"{""state"": ""on"", ""temperature"": 22}"
Выключи обогрев сиденья пассажира,seat_heater_set,"{""seat"": ""passenger"", ""level"": 0}"
Включи обогрев сиденья водителя на максимуме,seat_heater_set,"{""seat"": ""driver"", ""level"": 100}"
Сделай вентилятор на низкой скорости,ac_fan_set,"{""level"": 30, ""speed"": ""low""}"
Включи обдув на заднем стекле,defrost_set,"{""state"": ""on"", ""target"": ""rear""}"
Закрой люк,sunroof_close,
Открой люк на половину,sunroof_set,"{""action"": ""open"", ""percent"": 50}"
Сделай громче на десять,volume_change,"{""delta"": 10}"
Уменьши громкость на восемь,volume_change,"{""delta"": -8}"
Сделай тише,volume_change,"{""direction"": ""down""}"
Включи радио на частоте 95.5,radio_set,"{""frequency"": ""95.5""}"
Переключи на следующий трек,next_track,
Пауза,media_pause,
Начни навигацию к дому,nav_start,"{""destination"": ""дом""}"
Как доехать до ближайшей заправки?,nav_start,"{""destination"": ""ближайшая заправка""}"
Позвони Сереже,call_start,"{""contact"": ""Сережа""}"
Прими вызов,call_answer,
Положи трубку,call_hangup,
Включи фары,headlights_set,"{""state"": ""on""}"
Выключи фары,headlights_set,"{""state"": ""off""}"
Как дела?,chitchat,
"Привет, как ты?",chitchat,
Сделай громкость на 50 процентов,volume_set,"{""level"": 50}"
Поставь музыку на повтор,media_repeat_set,"{""mode"": ""one""}"
Включи режим рециркуляции,ac_mode_set,"{""enabled"": true}"
Сделай стеклообогрев на переднее стекло,defrost_set,"{""state"": ""on"", ""target"": ""front""}"
Открой окна на десять процентов,window_set,"{""action"": ""set"", ""window"": ""all"", ""percent"": 10}"
Убери громкость на пятнадцать,volume_change,"{""delta"": -15}"
Открой окно у водителя на двадцать процентов,window_set,"{""action"": ""set"", ""window"": ""driver"", ""percent"": 20}"
"Закрой все окна, пожалуйста",window_set,"{""action"": ""close"", ""window"": ""all""}"
Приоткрой пассажирское стекло,window_set,"{""action"": ""open"", ""window"": ""passenger""}"
Сделай климат на 21 градус,ac_set,"{""state"": ""on"", ""temperature"": 21}"
Выключи кондиционер,ac_off,
Установи рециркуляцию в кондиционере,ac_mode_set,"{""enabled"": true}"
Включи обогрев сиденья пассажира на 50,seat_heater_set,"{""seat"": ""passenger"", ""level"": 50}"
Сделай вентилятор кондиционера на максимум,ac_fan_set,"{""level"": 100, ""speed"": ""high""}"
Включи обдув лобового стекла,defrost_set,"{""state"": ""on"", ""target"": ""front""}"
Включи музыку,play_music,
Останови воспроизведение,stop_music,
"Следующий трек, пожалуйста",next_track,
Вернись к предыдущему треку,previous_track,
Сделай погромче на десять,volume_change,"{""delta"": 10}"
Уменьши громкость на 5,volume_change,"{""delta"": -5}"
Поставь громкость на 70 процентов,volume_set,"{""level"": 70}"
Выключи звук,volume_mute_set,"{""state"": ""on""}"
Включи радио на частоте 102.5,radio_set,"{""frequency"": ""102.5""}"
Позвони Анне,call_start,"{""contact"": ""Анна""}"
Как доехать до аэропорта?,nav_start,"{""destination"": ""аэропорт""}"
Выключи фары,headlights_set,"{""state"": ""off""}"
Включи дальний свет,high_beam_set,"{""state"": ""on""}"
Сделай дворники на авто,wipers_set,"{""speed"": ""medium""}"
Как дела?,chitchat,
"Жарко в машине, открой все окна",window_set,"{""action"": ""open"", ""window"": ""all""}"
Закрой люк на 75 процентов,sunroof_set,"{""action"": ""set"", ""percent"": 75}"
Включи обогрев руля,wheel_heater_set,"{""state"": ""on""}"
Отменить навигацию,nav_cancel,
Сделай громкость на 30%,volume_set,"{""level"": 30}"
Открой окно водителя на тридцать процентов,window_set,"{""action"": ""set"", ""window"": ""driver"", ""percent"": 30}"
Приоткрой пассажирское окно,window_set,"{""action"": ""open"", ""window"": ""passenger""}"
"Закрой все окна, пожалуйста",window_set,"{""action"": ""close"", ""window"": ""all""}"
Включи кондиционер на 22 градуса,ac_set,"{""state"": ""on"", ""temperature"": 22}"
Выключи кондиционер,ac_set,"{""state"": ""off"", ""temperature"": 0}"
Установи температуру кондиционера на двадцать пять,ac_set,"{""state"": ""on"", ""temperature"": 25}"
Отключи кондиционер,ac_off,
Включи обдув,ac_mode_set,"{""enabled"": true}"
Сделай обдув выключенным,ac_mode_set,"{""enabled"": false}"
Установи уровень вентилятора на 70 процентов,ac_fan_set,"{""level"": 70, ""speed"": ""medium""}"
Увеличь скорость вентилятора до максимума,ac_fan_set,"{""level"": 100, ""speed"": ""high""}"
Включи обогрев сиденья водителя на 50%,seat_heater_set,"{""seat"": ""driver"", ""level"": 50}"
Включи обогрев сиденья пассажира на максимум,seat_heater_set,"{""seat"": ""passenger"", ""level"": 100}"
Включи кондиционер на 18 градусов,ac_set,"{""state"": ""on"", ""temperature"": 18}"
Включи отопление сиденья у водителя,seat_heater_set,"{""seat"": ""driver"", ""level"": 100}"
Сделай громче на 10,volume_change,"{""delta"": 10}"
Поставь громкость на 50 процентов,volume_set,"{""level"": 50}"
Сделай тише на 5 единиц,volume_change,"{""delta"": -5}"
Включи музыку,play_music,
Останови музыку,stop_music,
Переключи на следующую песню,next_track,
Поставь радио на 93.5,radio_set,"{""frequency"": ""93.5""}"
Включи рециркуляцию,ac_mode_set,"{""enabled"": true}"
Как доехать до магазина?,nav_start,"{""destination"": ""магазин""}"
"Навигатор, найди путь до работы",nav_start,"{""destination"": ""работа""}"
Позвони другу,call_start,"{""contact"": ""друг""}"
Прими звонок,call_answer,
Заверши разговор,call_hangup,
Включи фары,headlights_set,"{""state"": ""on""}"
Включи дальний свет,high_beam_set,"{""state"": ""on""}"
Поставь дворники на авто,wipers_set,"{""speed"": ""auto""}"
Выключи обогрев руля,wheel_heater_set,"{""state"": ""off""}"
Как дела?,chitchat,
"Привет, как ты?",chitchat,
Открой окно у водителя на тридцать процентов,window_set,"{""action"": ""set"", ""window"": ""driver"", ""percent"": 30}"
"Закрой пассажирское окно, пожалуйста",window_set,"{""action"": ""close"", ""window"": ""passenger""}"
Приоткрой стекло сзади,window_set,"{""action"": ""open"", ""window"": ""all""}"
Поставь кондиционер на 22 градуса,ac_set,"{""state"": ""on"", ""temperature"": 22}"
Выключи кондиционер,ac_off,
"Сделай, чтобы обдув работал",ac_mode_set,"{""enabled"": true}"
Установи вентилятор на среднюю скорость,ac_fan_set,"{""level"": 60, ""speed"": ""medium""}"
Включи обогрев сиденья пассажира на сто процентов,seat_heater_set,"{""seat"": ""passenger"", ""level"": 100}"
Выключи обогрев сиденья водителя,seat_heater_set,"{""seat"": ""driver"", ""level"": 0}"
Открой люк на половину,sunroof_set,"{""action"": ""open"", ""percent"": 50}"
Закрой люк,sunroof_close,
Поставь радио на 93.5,radio_set,"{""frequency"": ""93.5""}"
Сделай громче на десять,volume_change,"{""delta"": 10}"
Прибавь громкость,volume_change,"{""direction"": ""up""}"
Сделай громче до уровня 70,volume_set,"{""level"": 70}"
Включи воспроизведение музыки,play_music,
Поставь на повтор,media_repeat_set,"{""mode"": ""one""}"
Как доехать до магазина?,nav_start,"{""destination"": ""магазин""}"
Позвони Анне,call_start,"{""contact"": ""Анна""}"
Ответь на звонок,call_answer,
Выключи фары,headlights_set,"{""state"": ""off""}"
Сделай дворники на авто,wipers_set,"{""speed"": ""auto""}"
"Привет, как дела?",chitchat,
Открой окно у водителя на тридцать процентов,window_set,"{""action"": ""set"", ""window"": ""driver"", ""percent"": 30}"
Закрой пассажирское окно полностью,window_set,"{""action"": ""close"", ""window"": ""passenger""}"
"Можно, пожалуйста, открыть все окна?",window_set,"{""action"": ""open"", ""window"": ""all""}"
Приоткрой стекло сзади,window_set,"{""action"": ""open"", ""window"": ""passenger""}"
Сделай температуру в кондиционере двадцать два градуса,ac_set,"{""state"": ""on"", ""temperature"": 22}"
Выключи кондиционер,ac_off,
Включи обогрев сиденья водителя на сто процентов,seat_heater_set,"{""seat"": ""driver"", ""level"": 100}"
Установи скорость вентилятора на среднюю,ac_fan_set,"{""level"": 50, ""speed"": ""medium""}"
Сделай громче на десять,volume_change,"{""delta"": 10}"
Поставь громкость на восемьдесят процентов,volume_set,"{""level"": 80}"
Сделай потише на пять,volume_change,"{""delta"": -5}"
Включи радио на частоте девяносто один точка восемь,radio_set,"{""frequency"": ""91.8""}"
Переключи на следующий трек,next_track,
Как доехать до аэропорта?,nav_start,"{""destination"": ""аэропорт""}"
Позвони Сергею,call_start,"{""contact"": ""Сергей""}"
Ответь на звонок,call_answer,
"Пожалуйста, выключи фары",headlights_set,"{""state"": ""off""}"
Настрой громкость на ноль,volume_set,"{""level"": 0}"
"Душно, включи кондиционер",ac_set,"{""state"": ""on"", ""temperature"": 20}"
Закрой люк,sunroof_close,
Включи режим авто для дворников,rain_set,"{""mode"": ""auto""}"
Включи обогрев руля,wheel_heater_set,"{""state"": ""on""}"
Как дела?,chitchat,
Открой окно водителя на сто процентов,window_set,"{""action"": ""open"", ""window"": ""driver"", ""percent"": 100}"
Закрой стекло у пассажира,window_set,"{""action"": ""close"", ""window"": ""passenger""}"
Приоткрой окошко для свежего воздуха,window_set,"{""action"": ""set"", ""window"": ""all"", ""percent"": 30}"
Включи кондиционер на двадцать два градуса,ac_set,"{""state"": ""on"", ""temperature"": 22}"
"Выключи климат-контроль, пожалуйста",ac_off,
Настрой кондиционер на обдув,ac_mode_set,"{""enabled"": true}"
Увеличь скорость вентилятора до 80,ac_fan_set,"{""level"": 80, ""speed"": ""high""}"
Включи обогрев сиденья у водителя на максимум,seat_heater_set,"{""seat"": ""driver"", ""level"": 100}"
Включи вентиляцию для пассажира на сорок процентов,seat_vent_set,"{""seat"": ""passenger"", ""level"": 40}"
Включи обогрев заднего стекла,defrost_set,"{""state"": ""on"", ""target"": ""rear""}"
Закрой люк,sunroof_close,
Открой люк на 50 процентов,sunroof_set,"{""action"": ""open"", ""percent"": 50}"
Поставь радио на частоту 101.2,radio_set,"{""frequency"": ""101.2""}"
Включи следующую композицию,next_track,
Приостанови музыку,media_pause,
Сделай громче на 10,volume_change,"{""delta"": 10}"
Уменьши громкость на 5 процентов,volume_change,"{""delta"": -5}"
Сделай уровень громкости 30,volume_set,"{""level"": 30}"
Включи режим повторения,media_repeat_set,"{""mode"": ""one""}"
Переключи на блютуз,media_source_set,"{""source"": ""bluetooth""}"
Навигируй меня до Пушкинской площади,nav_start,"{""destination"": ""Пушкинская площадь""}"
Отмени навигацию,nav_cancel,
Позвони другу,call_start,"{""contact"": ""другу""}"
Ответь на звонок,call_answer,
Заверши текущий звонок,call_hangup,
Включи фары,headlights_set,"{""state"": ""on""}"
Поставь дворники на авто,rain_set,"{""mode"": ""auto""}"
Включи дальний свет,high_beam_set,"{""state"": ""on""}"
Как дела?,chitchat,
Пока,chitchat,
Открой окно водителя,window_set,"{""action"": ""open"", ""window"": ""driver""}"
Закрой стекло у пассажира,window_set,"{""action"": ""close"", ""window"": ""passenger""}"
Приоткрой все окна на двадцать процентов,window_set,"{""action"": ""set"", ""window"": ""all"", ""percent"": 20}"
Поставь кондиционер на тридцать градусов,ac_set,"{""state"": ""on"", ""temperature"": 30}"
"Включи климат-контроль, пожалуйста",ac_set,"{""state"": ""on"", ""temperature"": 22}"
Выключи кондиционер,ac_off,
Запусти навигацию до ближайшего кафе,nav_start,"{""destination"": ""ближайшее кафе""}"
Как добраться до аэропорта?,nav_start,"{""destination"": ""аэропорт""}"
Поставь на паузу музыку,media_pause,
Включи музыку,play_music,
Увеличь громкость на десять,volume_change,"{""delta"": 10}"
Сделай громче на пятьдесят процентов,volume_set,"{""level"": 50}"
Поставь радио на 98.6,radio_set,"{""frequency"": ""98.6""}"
Поставь песню следующей,next_track,
Увеличь уровень обогрева сиденья водителя до 75,seat_heater_set,"{""seat"": ""driver"", ""level"": 75}"
Выключи обогрев сиденья пассажира,seat_heater_set,"{""seat"": ""passenger"", ""level"": 0}"
Сделай скорость дворников на авто,wipers_set,"{""speed"": ""auto""}"
Включи фары,headlights_set,"{""state"": ""on""}"
Включи дальний свет,high_beam_set,"{""state"": ""on""}"
Звони Анне,call_start,"{""contact"": ""Анна""}"
Ответь на звонок,call_answer,
Пока,chitchat,
"Душно в салоне, открой окна",window_set,"{""action"": ""open"", ""window"": ""all""}"
Поставь кондиционер на двадцать градусов,ac_set,"{""state"": ""on"", ""temperature"": 20}"
Открой люк на половину,sunroof_set,"{""action"": ""open"", ""percent"": 50}"
Сделай звук тише,volume_change,"{""direction"": ""down""}"
Выключи радио,stop_music,
Закрой люк,sunroof_close,
Включи обдув,ac_mode_set,"{""enabled"": true}"
Закрой окно водителя,window_set,"{""action"": ""close"", ""window"": ""driver""}"
Открой все окна,window_set,"{""action"": ""open"", ""window"": ""all""}"
Приоткрой стекло пассажира на двадцать процентов,window_set,"{""action"": ""set"", ""window"": ""passenger"", ""percent"": 20}"
Сделай потише на десять,volume_change,"{""delta"": -10}"
Увеличь громкость на пятьдесят процентов,volume_change,"{""delta"": 50}"
Поставь уровень громкости на семьдесят,volume_set,"{""level"": 70}"
"Включи кондиционер, пожалуйста",ac_set,"{""state"": ""on"", ""temperature"": 22}"
Выключи климат-контроль,ac_set,"{""state"": ""off"", ""temperature"": 20}"
Включи обогрев сиденья водителя на максимум,seat_heater_set,"{""seat"": ""driver"", ""level"": 100}"
Поставь рециркуляцию включенной,ac_mode_set,"{""enabled"": true}"
Сделай поток воздуха на низкой скорости,ac_fan_set,"{""level"": 30, ""speed"": ""low""}"
Закрой люк полностью,sunroof_set,"{""action"": ""close"", ""percent"": 100}"
Открой люк на пятьдесят процентов,sunroof_set,"{""action"": ""open"", ""percent"": 50}"
Включи радио на частоте девяносто три,radio_set,"{""frequency"": ""93.0""}"
Переключи на следующую песню,next_track,
Приостанови воспроизведение музыки,media_pause,
Позвони маме,call_start,"{""contact"": ""мама""}"
Ответь на звонок,call_answer,
Как доехать до магазина?,nav_start,"{""destination"": ""магазин""}"
Отмени навигацию,nav_cancel,
Включи фары,headlights_set,"{""state"": ""on""}"
Включи дальний свет,high_beam_set,"{""state"": ""on""}"
Настрой дворники на авто,rain_set,"{""mode"": ""auto""}"
"Привет, как дела?",chitchat,
"Душно в машине, открой окно",window_set,"{""action"": ""open"", ""window"": ""all""}"
Сделай громче на два,volume_change,"{""delta"": 2}"
Выключи кондиционер,ac_off,
"Пожалуйста, убавь звук на пять",volume_change,"{""delta"": -5}"
"Пожалуйста, закрой окно у водителя",window_set,"{""action"": ""close"", ""window"": ""driver""}"
Приоткрой пассажирское стекло на тридцать процентов,window_set,"{""action"": ""set"", ""window"": ""passenger"", ""percent"": 30}"
Открой все окна,window_set,"{""action"": ""open"", ""window"": ""all""}"
Сделай кондиционер на двадцать три градуса,ac_set,"{""state"": ""on"", ""temperature"": 23}"
Выключи кондиционер,ac_off,
Поставь обдув на максимальную скорость,ac_fan_set,"{""level"": 100, ""speed"": ""high""}"
Включи обогрев сиденья пассажира на восемьдесят процентов,seat_heater_set,"{""seat"": ""passenger"", ""level"": 80}"
Настрой радио на частоту 95.5,radio_set,"{""frequency"": ""95.5""}"
Уменьши громкость на десять,volume_change,"{""delta"": -10}"
Можно переключить на Bluetooth?,media_source_set,"{""source"": ""bluetooth""}"
Как доехать до аэропорта?,nav_start,"{""destination"": ""аэропорт""}"
"Пожалуйста, выключи дворники",wipers_set,"{""speed"": ""off""}"
Ответь на звонок,call_answer,
Включи свет на авто,headlights_set,"{""state"": ""on""}"
"Душно, открой все окна",window_set,"{""action"": ""open"", ""window"": ""all""}"
Поставь музыку на паузу,media_pause,
"Следующий трек, пожалуйста",next_track,
Как дела?,chitchat,
Настрой радио на 102.0,radio_set,"{""frequency"": ""102.0""}"
Выключи свет,headlights_set,"{""state"": ""off""}"
Сделай потише на пятьдесят процентов,volume_change,"{""delta"": -50}"
Включи рециркуляцию,ac_mode_set,"{""enabled"": true}"
Открой окно водителя на три четверти,window_set,"{""action"": ""set"", ""window"": ""driver"", ""percent"": 75}"
"Закрой все окна, пожалуйста",window_set,"{""action"": ""close"", ""window"": ""all""}"
Приоткрой пассажирское окошко,window_set,"{""action"": ""open"", ""window"": ""passenger""}"
Сделай кондиционер холоднее на два градуса,ac_set,"{""state"": ""on"", ""temperature"": 20}"
Выключи климат-контроль,ac_off,
Включи обдув на максимуме,ac_mode_set,"{""enabled"": true}"
Установи уровень вентилятора на 50,ac_fan_set,"{""level"": 50, ""speed"": ""medium""}"
Включи обогрев сиденья пассажира на 70 процентов,seat_heater_set,"{""seat"": ""passenger"", ""level"": 70}"
Выключи обогрев сиденья у водителя,seat_heater_set,"{""seat"": ""driver"", ""level"": 0}"
Открой люк на полную,sunroof_set,"{""action"": ""open"", ""percent"": 100}"
Закрой люк,sunroof_close,
Сделай громче на десять,volume_change,"{""delta"": 10}"
Уменьши громкость на 15%,volume_change,"{""delta"": -15}"
Поставь уровень громкости на 30,volume_set,"{""level"": 30}"
Выключи звук,volume_mute_set,"{""state"": ""on""}"
Поставь Bluetooth как источник,media_source_set,"{""source"": ""bluetooth""}"
Следующий трек,next_track,
Приостанови воспроизведение,media_pause,
Как доехать до Кремля?,nav_start,"{""destination"": ""Кремль""}"
Отмени маршрут,nav_cancel,
Позвони Сереже,call_start,"{""contact"": ""Сережа""}"
Ответь на звонок,call_answer,
Заканчивай звонок,call_hangup,
Включи фары,headlights_set,"{""state"": ""on""}"
Выключи дальний свет,high_beam_set,"{""state"": ""off""}"
Установи дворники на авто,rain_set,"{""mode"": ""auto""}"
Привет,chitchat,
Как дела?,chitchat,
"Жарко в машине, включи кондиционер",ac_set,"{""state"": ""on"", ""temperature"": 22}"
"Душно, открой все окна",window_set,"{""action"": ""open"", ""window"": ""all""}"
Открой окно у водителя,window_set,"{""action"": ""open"", ""window"": ""driver""}"
Закрой окно пассажира на три четверти,window_set,"{""action"": ""set"", ""window"": ""passenger"", ""percent"": 75}"
Приоткрой стекло сзади,window_set,"{""action"": ""open"", ""window"": ""all""}"
Закрой все окна,window_set,"{""action"": ""close"", ""window"": ""all""}"
Сделай кондиционер на 20 градусов,ac_set,"{""state"": ""on"", ""temperature"": 20}"
"Выключи кондиционер, пожалуйста",ac_off,
Включи обогрев сиденья для пассажира на 50%,seat_heater_set,"{""seat"": ""passenger"", ""level"": 50}"
Включи рециркуляцию в кондиционере,ac_mode_set,"{""enabled"": true}"
Установи уровень вентилятора на максимум,ac_fan_set,"{""level"": 100, ""speed"": ""high""}"
Включи обогрев сиденья водителя на 30,seat_heater_set,"{""seat"": ""driver"", ""level"": 30}"
Выключи стеклоочистители,wipers_set,"{""speed"": ""off""}"
Включи фары,headlights_set,"{""state"": ""on""}"
Включи радиостанцию на 95.5,radio_set,"{""frequency"": ""95.5""}"
Поставь на Bluetooth,media_source_set,"{""source"": ""bluetooth""}"
Следующий трек,next_track,
Останови музыку,stop_music,
Сделай громче на 10,volume_change,"{""delta"": 10}"
Поставь громкость на 50 процентов,volume_set,"{""level"": 50}"
Как добраться до аэропорта?,nav_start,"{""destination"": ""аэропорт""}"
Позвони Петру,call_start,"{""contact"": ""Петр""}"
Привет,chitchat,
Выключи свет,high_beam_set,"{""state"": ""off""}"
Громкость на минимум,volume_set,"{""level"": 0}"
"Пожалуйста, открой окно водителя",window_set,"{""action"": ""open"", ""window"": ""driver""}"
Закрой все окна,window_set,"{""action"": ""close"", ""window"": ""all""}"
Приоткрой стекло у пассажира на тридцать процентов,window_set,"{""action"": ""set"", ""window"": ""passenger"", ""percent"": 30}"
"Душно в машине, закрой окно",window_set,"{""action"": ""close"", ""window"": ""all""}"
Включи кондиционер на двадцать два градуса,ac_set,"{""state"": ""on"", ""temperature"": 22}"
Выключи климат-контроль,ac_off,
Поставь температуру на 16 градусов,ac_set,"{""state"": ""on"", ""temperature"": 16}"
"Сделай воздух холоднее, поставь на 18",ac_set,"{""state"": ""on"", ""temperature"": 18}"
Выключи кондиционер,ac_off,
Включи рециркуляцию,ac_mode_set,"{""enabled"": true}"
Сделай обдув выключенным,ac_mode_set,"{""enabled"": false}"
Включи вентилятор на высокую скорость,ac_fan_set,"{""level"": 100, ""speed"": ""high""}"
Установи уровень вентиляции на 50,ac_fan_set,"{""level"": 50, ""speed"": ""medium""}"
Пусть сиденье водителя будет нагрето на максимум,seat_heater_set,"{""seat"": ""driver"", ""level"": 100}"
Сделай обогрев сиденья пассажира на 25 процентов,seat_heater_set,"{""seat"": ""passenger"", ""level"": 25}"
Включи обогрев сидений,seat_heater_set,"{""seat"": ""driver"", ""level"": 100}"
Включи обдув на заднее стекло,defrost_set,"{""state"": ""on"", ""target"": ""rear""}"
Закрой люк,sunroof_close,
Открой люк на 75 процентов,sunroof_set,"{""action"": ""open"", ""percent"": 75}"
Включи музыку,play_music,
Останови музыку,stop_music,
Сделай громче на 10,volume_change,"{""delta"": 10}"
Уменьши громкость на 5 единиц,volume_change,"{""delta"": -5}"
Установи громкость на 50%,volume_set,"{""level"": 50}"
Поставь радио на 98.6,radio_set,"{""frequency"": ""98.6""}"
Переключи на следующий трек,next_track,
Как доехать до Кремля?,nav_start,"{""destination"": ""Кремль""}"
Позвони Саше,call_start,"{""contact"": ""Саша""}"
Ответь на звонок,call_answer,
Выключи фары,headlights_set,"{""state"": ""off""}"
Включи ближний свет,high_beam_set,"{""state"": ""on""}"
Включи стеклоочистители на высокую скорость,wipers_set,"{""speed"": ""high""}"
Как дела?,chitchat,
"Душно, открой окно",window_set,"{""action"": ""open"", ""window"": ""all""}"
Открой окно у водителя на двадцать процентов,window_set,"{""action"": ""set"", ""window"": ""driver"", ""percent"": 20}"
Закрой пассажирское окно,window_set,"{""action"": ""close"", ""window"": ""passenger""}"
"Пожалуйста, приоткрой окно полностью",window_set,"{""action"": ""open"", ""window"": ""all""}"
Сделай кондиционер на 18 градусов,ac_set,"{""state"": ""on"", ""temperature"": 18}"
Выключи кондиционер,ac_off,
Запусти обдув лобового стекла,ac_mode_set,"{""enabled"": true}"
Включи обогрев сиденья у пассажира на 75 процентов,seat_heater_set,"{""seat"": ""passenger"", ""level"": 75}"
Увеличь скорость вентилятора на максимум,ac_fan_set,"{""level"": 100, ""speed"": ""high""}"
Сделай громче на пять,volume_change,"{""delta"": 5}"
Поставь уровень громкости на 70,volume_set,"{""level"": 70}"
Выключи звук,volume_mute_set,"{""state"": ""on""}"
Включи радио на частоте 95.0,radio_set,"{""frequency"": ""95.0""}"
Переключи на следующую песню,next_track,
Останови воспроизведение музыки,stop_music,
Сделай погромче на десять,volume_change,"{""delta"": 10}"
Как доехать до магазина?,nav_start,"{""destination"": ""магазин""}"
Отмени навигацию,nav_cancel,
Позвони Александру,call_start,"{""contact"": ""Александр""}"
Ответь на звонок,call_answer,
Закрой свет,headlights_set,"{""state"": ""off""}"
Увеличь скорость дворников,wipers_set,"{""speed"": ""high""}"
"Привет, как дела?",chitchat,
Открой окно у водителя,window_set,"{""action"": ""open"", ""window"": ""driver""}"
Закрой пассажирское окно,window_set,"{""action"": ""close"", ""window"": ""passenger""}"
Приоткрой окошко на тридцать процентов,window_set,"{""action"": ""set"", ""window"": ""all"", ""percent"": 30}"
Закрой все окна,window_set,"{""action"": ""close"", ""window"": ""all""}"
"Можно открыть окно, пожалуйста?",window_set,"{""action"": ""open"", ""window"": ""driver""}"
Поставь кондиционер на 20 градусов,ac_set,"{""state"": ""on"", ""temperature"": 20}"
Выключи кондиционер,ac_off,
Включи обогрев сиденья пассажира на сто процентов,seat_heater_set,"{""seat"": ""passenger"", ""level"": 100}"
Увеличь скорость вентилятора до 75,ac_fan_set,"{""level"": 75, ""speed"": ""medium""}"
Включи рециркуляцию,ac_mode_set,"{""enabled"": true}"
Уменьши громкость на 5,volume_change,"{""delta"": -5}"
Сделай громче на десять процентов,volume_change,"{""delta"": 10}"
Поставь уровень громкости на 40,volume_set,"{""level"": 40}"
Включи радио на 95.5,radio_set,"{""frequency"": ""95.5""}"
Переключи на следующий трек,next_track,
"Привет, как дела?",chitchat,
Как добраться до аэропорта?,nav_start,"{""destination"": ""аэропорт""}"
Позвони моему другу,call_start,"{""contact"": ""друг""}"
Выключи дальний свет,high_beam_set,"{""state"": ""off""}"
Включи передний обогрев,defrost_set,"{""state"": ""on"", ""target"": ""front""}"
Открой люк на 50 процентов,sunroof_set,"{""action"": ""open"", ""percent"": 50}"
Открой окно водителя на тридцать процентов,window_set,"{""action"": ""set"", ""window"": ""driver"", ""percent"": 30}"
"Пожалуйста, закрой все окна",window_set,"{""action"": ""close"", ""window"": ""all""}"
Приоткрой пассажирское стекло,window_set,"{""action"": ""open"", ""window"": ""passenger""}"
"Как сделать так, чтобы окна не дуло?",chitchat,
Установи кондиционер на двадцать два градуса,ac_set,"{""temperature"": 22}"
"Выключи климат-контроль, пожалуйста",ac_off,
Сделай температуру в машине восемнадцать градусов,ac_set,"{""temperature"": 18}"
Включи рециркуляцию воздуха,ac_mode_set,"{""enabled"": true}"
Поставь скорость вентилятора на среднюю,ac_fan_set,"{""level"": 50, ""speed"": ""medium""}"
Сделай потише на десять,volume_change,"{""delta"": -10}"
Поставь громкость на восемьдесят процентов,volume_set,"{""level"": 80}"
Увеличь громкость на пять,volume_change,"{""delta"": 5}"
Отключи звук,volume_mute_set,"{""state"": ""on""}"
Пусти музыку с USB,media_source_set,"{""source"": ""usb""}"
Вернись на предыдущий трек,previous_track,
Поставь радио на 95.6,radio_set,"{""frequency"": ""95.6""}"
Поехали к Эйфелевой башне,nav_start,"{""destination"": ""Эйфелева башня""}"
Отмени навигацию,nav_cancel,
Позвони Анне,call_start,"{""contact"": ""Анна""}"
Ответь на звонок,call_answer,
Погаси фары,headlights_set,"{""state"": ""off""}"
Включи обогрев сиденья пассажира на полную мощность,seat_heater_set,"{""seat"": ""passenger"", ""level"": 100}"
Как дела?,chitchat,
Сделай скорость дворников средней,wipers_set,"{""speed"": ""medium""}"
Закрой люк,sunroof_set,"{""action"": ""close""}"
Включи дальний свет,high_beam_set,"{""state"": ""on""}"
Приоткрой окно водителя на тридцать процентов,window_set,"{""action"": ""set"", ""window"": ""driver"", ""percent"": 30}"
Закрой окно для пассажира полностью,window_set,"{""action"": ""close"", ""window"": ""passenger""}"
Открой все окна на двадцать процентов,window_set,"{""action"": ""set"", ""window"": ""all"", ""percent"": 20}"
"Сделай холоднее, поставь кондиционер на 18 градусов",ac_set,"{""state"": ""on"", ""temperature"": 18}"
Выключи кондиционер,ac_off,
Включи обогрев сиденья пассажира на 50,seat_heater_set,"{""seat"": ""passenger"", ""level"": 50}"
Увеличь скорость вентилятора до 70,ac_fan_set,"{""level"": 70, ""speed"": ""medium""}"
Закрой люк на 100 процентов,sunroof_set,"{""action"": ""close"", ""percent"": 100}"
Сделай громче на десять,volume_change,"{""delta"": 10}"
Поставь громкость на 40,volume_set,"{""level"": 40}"
Включи радио на частоте 95.6,radio_set,"{""frequency"": ""95.6""}"
Переключи на следующий трек,next_track,
Поставь на повтор одну песню,media_repeat_set,"{""mode"": ""one""}"
Запусти навигацию до аэропорта,nav_start,"{""destination"": ""аэропорт""}"
Как проехать до магазина?,nav_start,"{""destination"": ""магазин""}"
Позвони маме,call_start,"{""contact"": ""мама""}"
Ответь на звонок,call_answer,
Выключи фары,headlights_set,"{""state"": ""off""}"
Включи задний обогреватель,defrost_set,"{""state"": ""on"", ""target"": ""rear""}"
Как дела?,chitchat,
"Пожалуйста, открой окно у водителя на тридцать процентов",window_set,"{""action"": ""set"", ""window"": ""driver"", ""percent"": 30}"
Закрой окно на заднем сиденье,window_set,"{""action"": ""close"", ""window"": ""all""}"
Приоткрой пассажирское окно,window_set,"{""action"": ""open"", ""window"": ""passenger""}"
"Сделай так, чтобы стекло у водителя было приоткрыто",window_set,"{""action"": ""set"", ""window"": ""driver"", ""percent"": 10}"
Включи кондиционер на двадцать три градуса,ac_set,"{""state"": ""on"", ""temperature"": 23}"
"Выключи климат-контроль, пожалуйста",ac_off,
Поставь кондиционер на двадцать градусов,ac_set,"{""state"": ""on"", ""temperature"": 20}"
Включи режим рециркуляции,ac_mode_set,"{""enabled"": true}"
Сделай вентилятор на средней скорости,ac_fan_set,"{""level"": 50, ""speed"": ""medium""}"
Обогрей сиденье водителя на максимум,seat_heater_set,"{""seat"": ""driver"", ""level"": 100}"
Включи обогрев сиденья пассажира на семьдесят процентов,seat_heater_set,"{""seat"": ""passenger"", ""level"": 70}"
"Сделай так, чтобы кондиционер работал",ac_mode_set,"{""enabled"": true}"
Запусти обогрев для заднего сиденья,seat_heater_set,"{""seat"": ""passenger"", ""level"": 50}"
Включи обдув переднего стекла,defrost_set,"{""state"": ""on"", ""target"": ""front""}"
Закрой люк полностью,sunroof_set,"{""action"": ""close"", ""percent"": 100}"
Открой люк на пятьдесят процентов,sunroof_set,"{""action"": ""open"", ""percent"": 50}"
Закрой солнцезащитный люк,sunroof_close,
Поставь музыку,play_music,
Приостанови музыку,media_pause,
Увеличь громкость на десять,volume_change,"{""delta"": 10}"
Сделай громче на пять,volume_change,"{""delta"": 5}"
Выключи звук,volume_mute_set,"{""state"": ""on""}"
Переключи на радио,media_source_set,"{""source"": ""radio""}"
Перейди на следующий трек,next_track,
Установи частоту радио на девяносто,radio_set,"{""frequency"": ""90.0""}"
Как доехать до Москвы?,nav_start,"{""destination"": ""Москва""}"
Отмени навигацию,nav_cancel,
Позвони моему другу Саше,call_start,"{""contact"": ""Саша""}"
Ответь на звонок,call_answer,
Закончить звонок,call_hangup,
Включи фары,headlights_set,"{""state"": ""on""}"
Переключи на автоматический режим дворников,rain_set,"{""mode"": ""auto""}"
Включи обогрев руля,wheel_heater_set,"{""state"": ""on""}"
"Привет, как дела?",chitchat,
Какой сегодня день?,chitchat,
Что нового?,chitchat,
Закрой окно водителя полностью,window_set,"{""action"": ""close"", ""window"": ""driver""}"
Открой пассажирское окно на 50 процентов,window_set,"{""action"": ""set"", ""window"": ""passenger"", ""percent"": 50}"
Приоткрой стекло у водителя,window_set,"{""action"": ""open"", ""window"": ""driver""}"
Можно закрыть все окна?,window_set,"{""action"": ""close"", ""window"": ""all""}"
"Душно, открой все окна",window_set,"{""action"": ""open"", ""window"": ""all""}"
Включи кондиционер на 22 градуса,ac_set,"{""state"": ""on"", ""temperature"": 22}"
Поставь кондиционер на 19 градусов,ac_set,"{""state"": ""on"", ""temperature"": 19}"
Выкл кондиционер,ac_set,"{""state"": ""off""}"
Выключи кондиционер,ac_off,
Включи обогрев сиденья,seat_heater_set,"{""seat"": ""driver"", ""level"": 100}"
Включи подогрев сиденья пассажира на 75%,seat_heater_set,"{""seat"": ""passenger"", ""level"": 75}"
Нужно включить обогрев сиденья,seat_heater_set,"{""seat"": ""driver"", ""level"": 50}"
Поставь вентилятор на среднюю скорость,ac_fan_set,"{""level"": 50, ""speed"": ""medium""}"
Увеличь скорость вентилятора до высокой,ac_fan_set,"{""level"": 100, ""speed"": ""high""}"
Сделай обдув на авто,ac_mode_set,"{""enabled"": true}"
Сделай рециркуляцию воздуха,ac_mode_set,"{""enabled"": true}"
Выключи рециркуляцию,ac_mode_set,"{""enabled"": false}"
Включи обогрев сиденья на 20%,seat_heater_set,"{""seat"": ""passenger"", ""level"": 20}"
Открой люк на половину,sunroof_set,"{""action"": ""open"", ""percent"": 50}"
Закрой люк,sunroof_close,
Включи музыку,play_music,
Поставь трек на паузу,media_pause,
Следующий трек,next_track,
Вернись на предыдущий трек,previous_track,
Сделай громче на 10,volume_change,"{""delta"": 10}"
Уменьши громкость на 15%,volume_change,"{""delta"": -15}"
Установи громкость на 70,volume_set,"{""level"": 70}"
Сделай звук тише,volume_change,"{""direction"": ""down""}"
Выключи звук,volume_mute_set,"{""state"": ""on""}"
Поставь радио на частоту 95.0,radio_set,"{""frequency"": ""95.0""}"
Поставь станцию радио Маяк,radio_set_station,"{""station"": ""Маяк""}"
Как добраться до Кремля?,nav_start,"{""destination"": ""Кремль""}"
Проложи маршрут до ближайшей заправки,nav_start,"{""destination"": ""ближайшая заправка""}"
Отмени навигацию,nav_cancel,
Позвони другу,call_start,"{""contact"": ""друг""}"
Позвони 112,call_start,"{""contact"": ""112""}"
Ответь на звонок,call_answer,
Заверши разговор,call_hangup,
Включи фары,headlights_set,"{""state"": ""on""}"
Выключи фары,headlights_set,"{""state"": ""off""}"
Поставь дворники на авто,wipers_set,"{""speed"": ""auto""}"
Выключи дворники,wipers_set,"{""speed"": ""off""}"
Как дела?,chitchat,
"Привет, как ты?",chitchat,
Какой у тебя день?,chitchat,
Закрой окно у водителя,window_set,"{""action"": ""close"", ""window"": ""driver""}"
Приоткрой стекло у пассажира на тридцать процентов,window_set,"{""action"": ""set"", ""window"": ""passenger"", ""percent"": 30}"
Открой все окна,window_set,"{""action"": ""open"", ""window"": ""all""}"
Сделай потише на десять,volume_change,"{""delta"": -10}"
Увеличь громкость на восемь,volume_change,"{""delta"": 8}"
Включи кондиционер на двадцать три градуса,ac_set,"{""state"": ""on"", ""temperature"": 23}"
Выключи климат-контроль,ac_off,
Переключи на рециркуляцию воздуха,ac_mode_set,"{""enabled"": true}"
Установи скорость вентилятора на низкую,ac_fan_set,"{""level"": 30, ""speed"": ""low""}"
Включи обогрев сиденья пассажира на семьдесят процентов,seat_heater_set,"{""seat"": ""passenger"", ""level"": 70}"
Включи вентиляцию сиденья водителя на полный режим,seat_vent_set,"{""seat"": ""driver"", ""level"": 100}"
Включи обогрев заднего стекла,defrost_set,"{""state"": ""on"", ""target"": ""rear""}"
Закрой люк полностью,sunroof_set,"{""action"": ""close"", ""percent"": 100}"
Сделай погромче музыку,volume_change,"{""direction"": ""up""}"
Начни воспроизведение музыки,play_music,
Перейди на следующую трек,next_track,
Настрой радио на восемьдесят семь точка пять,radio_set,"{""frequency"": ""87.5""}"
Как доехать до парка?,nav_start,"{""destination"": ""парк""}"
Отмени навигацию,nav_cancel,
Позвони мне на мобильный,call_start,"{""contact"": ""мобильный""}"
Ответь на звонок,call_answer,
Отключи фары,headlights_set,"{""state"": ""off""}"
Включи дальний свет,high_beam_set,"{""state"": ""on""}"
Установи дворники на авто,rain_set,"{""mode"": ""auto""}"
"Привет, как дела?",chitchat,
"Сделай потише музыку, пожалуйста",volume_change,"{""delta"": -5}"
Приоткрой окно водителя немного,window_set,"{""action"": ""set"", ""window"": ""driver"", ""percent"": 20}"
Закрой все окна,window_set,"{""action"": ""close"", ""window"": ""all""}"
"Можно, пожалуйста, открыть окно пассажира?",window_set,"{""action"": ""open"", ""window"": ""passenger""}"
Открой все окна на восемьдесят процентов,window_set,"{""action"": ""set"", ""window"": ""all"", ""percent"": 80}"
Включи кондиционер на двадцать градусов,ac_set,"{""state"": ""on"", ""temperature"": 20}"
Выключи кондиционер,ac_off,
Настрой кондиционер на 25,ac_set,"{""state"": ""on"", ""temperature"": 25}"
Поставь обдув на авто,ac_mode_set,"{""enabled"": true}"
Сделай скорость вентилятора на максимум,ac_fan_set,"{""level"": 100, ""speed"": ""high""}"
Включи обогрев сиденья пассажира на 50%,seat_heater_set,"{""seat"": ""passenger"", ""level"": 50}"
"Пожалуйста, включи вентилятор для сидения водителя на низкой скорости",seat_vent_set,"{""seat"": ""driver"", ""level"": 30}"
Включи обогрев сиденья водителя,seat_heater_set,"{""seat"": ""driver"", ""level"": 100}"
Включи задний обогрев,defrost_set,"{""state"": ""on"", ""target"": ""rear""}"
Закрой люк на половину,sunroof_set,"{""action"": ""set"", ""percent"": 50}"
Закрой люк,sunroof_close,
Запусти навигацию до Спб,nav_start,"{""destination"": ""Спб""}"
Как добраться до Кремля?,nav_start,"{""destination"": ""Кремль""}"
Проложи маршрут до Красной площади,nav_start,"{""destination"": ""Красная площадь""}"
Позвони Светлане,call_start,"{""contact"": ""Светлана""}"
Перезвони мне,call_start,"{""contact"": ""мне""}"
Ответь на звонок,call_answer,
Заканчивай разговор,call_hangup,
Включи радио на частоте 95.0,radio_set,"{""frequency"": ""95.0""}"
Установи радио на 88.3,radio_set,"{""frequency"": ""88.3""}"
Переключи на следующую композицию,next_track,
Останови музыку,stop_music,
Сделай громче на 10 единиц,volume_change,"{""delta"": 10}"
Уменьши громкость на 5,volume_change,"{""delta"": -5}"
Включи режим случайного воспроизведения,media_shuffle_set,
Поставь громкость на 50%,volume_set,"{""level"": 50}"
"Пожалуйста, включи свет",headlights_set,"{""state"": ""on""}"
Включи дальний свет,high_beam_set,"{""state"": ""on""}"
Установи скорость дворников на авто,wipers_set,"{""speed"": ""auto""}"
Сделай дождевик на низкую скорость,wipers_set,"{""speed"": ""low""}"
Как дела?,chitchat,
"Привет, как ты?",chitchat,
Сегодня хорошая погода,chitchat,
Приоткрой окно у водителя,window_set,"{""action"": ""open"", ""window"": ""driver""}"
"Закрой все окна, пожалуйста",window_set,"{""action"": ""close"", ""window"": ""all""}"
Установи окно пассажира на 30 процентов,window_set,"{""action"": ""set"", ""window"": ""passenger"", ""percent"": 30}"
Поставь кондиционер на 20 градусов,ac_set,"{""state"": ""on"", ""temperature"": 20}"
Выключи кондиционер,ac_off,
Включи рециркуляцию в кондиционере,ac_mode_set,"{""enabled"": true}"
Увеличь скорость вентилятора до 80%,ac_fan_set,"{""level"": 80, ""speed"": ""high""}"
Включи обогрев сиденья пассажира на максимум,seat_heater_set,"{""seat"": ""passenger"", ""level"": 100}"
Настрой вентиляцию сиденья водителя на 50%,seat_vent_set,"{""seat"": ""driver"", ""level"": 50}"
Включи обогрев заднего стекла,defrost_set,"{""state"": ""on"", ""target"": ""rear""}"
Закрой люк на 75 процентов,sunroof_set,"{""action"": ""close"", ""percent"": 75}"
Открой люк,sunroof_set,"{""action"": ""open""}"
Поставь радио на частоту 92.5,radio_set,"{""frequency"": ""92.5""}"
Переключи на следующую песню,next_track,
Останови музыку,stop_music,
Сделай громче на 10,volume_change,"{""delta"": 10}"
Уменьши громкость на 5,volume_change,"{""delta"": -5}"
Включи Bluetooth,media_source_set,"{""source"": ""bluetooth""}"
Как доехать до аэропорта?,nav_start,"{""destination"": ""аэропорт""}"
Отмени навигацию,nav_cancel,
Позвони Ивану,call_start,"{""contact"": ""Иван""}"
Ответь на звонок,call_answer,
Закрой задние стеклоочистители,wipers_set,"{""speed"": ""off""}"
Включи передние фары,headlights_set,"{""state"": ""on""}"
"Привет, как дела?",chitchat,
Открой окно водителя,window_set,"{""action"": ""open"", ""window"": ""driver""}"
Закрой окно у пассажира,window_set,"{""action"": ""close"", ""window"": ""passenger""}"
Приоткрой стекло полностью,window_set,"{""action"": ""set"", ""window"": ""all"", ""percent"": 100}"
Открой все окна на двадцать процентов,window_set,"{""action"": ""set"", ""window"": ""all"", ""percent"": 20}"
Можно открыть окно у водителя?,window_set,"{""action"": ""open"", ""window"": ""driver""}"
"Жарко, открой окно",window_set,"{""action"": ""open"", ""window"": ""driver""}"
Закрой все окна на полную,window_set,"{""action"": ""close"", ""window"": ""all""}"
Приоткрой окошко пассажира на пятьдесят процентов,window_set,"{""action"": ""set"", ""window"": ""passenger"", ""percent"": 50}"
Включи кондиционер на 22 градуса,ac_set,"{""state"": ""on"", ""temperature"": 22}"
Выключи климат-контроль,ac_set,"{""state"": ""off"", ""temperature"": 20}"
Поставь кондиционер на 18 градусов,ac_set,"{""state"": ""on"", ""temperature"": 18}"
Убери кондиционер,ac_off,
Включи рециркуляцию воздуха,ac_mode_set,"{""enabled"": true}"
Отключи обдув,ac_mode_set,"{""enabled"": false}"
Увеличь скорость вентилятора до 70%,ac_fan_set,"{""level"": 70, ""speed"": ""high""}"
Сделай вентилятор на низком уровне,ac_fan_set,"{""level"": 30, ""speed"": ""low""}"
Включи обогрев сиденья пассажира на максимум,seat_heater_set,"{""seat"": ""passenger"", ""level"": 100}"
Включи подогрев для водителя на 50 процентов,seat_heater_set,"{""seat"": ""driver"", ""level"": 50}"
Отключи подогрев сиденья,seat_heater_set,"{""seat"": ""driver"", ""level"": 0}"
Включи обогрев для пассажира на 30,seat_heater_set,"{""seat"": ""passenger"", ""level"": 30}"
Открой люк на двадцать процентов,sunroof_set,"{""action"": ""open"", ""percent"": 20}"
Закрой люк,sunroof_close,
Включи радио на 95.5,radio_set,"{""frequency"": ""95.5""}"
Настрой радио на 102.3,radio_set,"{""frequency"": ""102.3""}"
Следующий трек,next_track,
Приостанови музыку,media_pause,
Сделай громче на 10,volume_change,"{""delta"": 10}"
Убавь звук на 5,volume_change,"{""delta"": -5}"
Поставь громкость на 75%,volume_set,"{""level"": 75}"
Включи звук,volume_mute_set,"{""state"": ""off""}"
Выключи звук,volume_mute_set,"{""state"": ""on""}"
Позвони Анне,call_start,"{""contact"": ""Анна""}"
Переключи на Bluetooth,media_source_set,"{""source"": ""bluetooth""}"
Как доехать до аэропорта?,nav_start,"{""destination"": ""аэропорт""}"
Отмени навигацию,nav_cancel,
Как дела?,chitchat,
"Привет, как ты?",chitchat,
Включи стеклоочистители на высокую скорость,wipers_set,"{""speed"": ""high""}"
Установи свет на авто,headlights_set,"{""state"": ""auto""}"
Включи дальний свет,high_beam_set,"{""state"": ""on""}"
Закрой окно у пассажира,window_set,"{""action"": ""close"", ""window"": ""passenger""}"
"Пожалуйста, открой стекло водителя",window_set,"{""action"": ""open"", ""window"": ""driver""}"
Приоткрой окно на тридцать процентов,window_set,"{""action"": ""set"", ""window"": ""all"", ""percent"": 30}"
Сделай кондиционер холоднее до восемнадцати градусов,ac_set,"{""state"": ""on"", ""temperature"": 18}"
Включи обогрев сиденья пассажира на средний уровень,seat_heater_set,"{""seat"": ""passenger"", ""level"": 50}"
Поставь кондиционер на обдув,ac_mode_set,"{""enabled"": true}"
Выключи кондиционер,ac_off,
Увеличь громкость на десять,volume_change,"{""delta"": 10}"
Сделай музыку тише на пятьдесят процентов,volume_change,"{""delta"": -50}"
Поставь громкость на шестьдесят,volume_set,"{""level"": 60}"
Переключи на радиостанцию «Ретро»,radio_set_station,"{""station"": ""Ретро""}"
Включи музыку,play_music,
Останови воспроизведение,stop_music,
Как доехать до аэропорта?,nav_start,"{""destination"": ""аэропорт""}"
"Навигатор, покажи мне путь до центра города",nav_start,"{""destination"": ""центр города""}"
Позвони Петру,call_start,"{""contact"": ""Петр""}"
Ответь на звонок,call_answer,
"Пожалуйста, выключи фары",headlights_set,"{""state"": ""off""}"
Заведи дворники на низкой скорости,wipers_set,"{""speed"": ""low""}"
Как дела?,chitchat,
Включи рециркуляцию воздуха,ac_mode_set,"{""enabled"": true}"
Открой окно водителя,window_set,"{""action"": ""open"", ""window"": ""driver""}"
Закрой пассажирское стекло,window_set,"{""action"": ""close"", ""window"": ""passenger""}"
Приоткрой окошко на десять процентов,window_set,"{""action"": ""set"", ""window"": ""all"", ""percent"": 10}"
Сделай кондиционер более холодным,ac_set,"{""state"": ""on"", ""temperature"": 18}"
Выключи климат-контроль,ac_off,
Установи кондиционер на двадцать три градуса,ac_set,"{""state"": ""on"", ""temperature"": 23}"
Включи обогрев сиденья для водителя,seat_heater_set,"{""seat"": ""driver"", ""level"": 100}"
Поставь вентиляцию на пассажирском сиденье на 50%,seat_vent_set,"{""seat"": ""passenger"", ""level"": 50}"
Сделай громче на пять,volume_change,"{""delta"": 5}"
Уменьши звук на десять процентов,volume_change,"{""delta"": -10}"
Переключи на следующий трек,next_track,
Поставь радио на частоту 101.5,radio_set,"{""frequency"": ""101.5""}"
Позвони другу на мобильный,call_start,"{""contact"": ""друг""}"
Как добраться до магазина?,nav_start,"{""destination"": ""магазин""}"
Сделай свет ближнего света,headlights_set,"{""state"": ""on""}"
Запусти музыку,play_music,
Приостанови музыку,media_pause,
Как дела?,chitchat,
Закрой люк,sunroof_close,
Увеличь громкость на восемь,volume_change,"{""delta"": 8}"
Сделай автообдув на переднем стекле,defrost_set,"{""state"": ""on"", ""target"": ""front""}"
Закрой стекло у водителя,window_set,"{""action"": ""close"", ""window"": ""driver""}"
Открой все окна на пятьдесят процентов,window_set,"{""action"": ""set"", ""window"": ""all"", ""percent"": 50}"
Приоткрой пассажирское окошко немного,window_set,"{""action"": ""open"", ""window"": ""passenger"", ""percent"": 30}"
Включи кондиционер на двадцать два градуса,ac_set,"{""state"": ""on"", ""temperature"": 22}"
Выключи климат-контроль,ac_off,
Поставь рециркуляцию в кондиционере,ac_mode_set,"{""enabled"": true}"
Сделай вентилятор кондиционера на высокую скорость,ac_fan_set,"{""level"": 100, ""speed"": ""high""}"
Включи обогрев сиденья у пассажира,seat_heater_set,"{""seat"": ""passenger"", ""level"": 75}"
Включи вентиляцию сидения водителя на тридцать процентов,seat_vent_set,"{""seat"": ""driver"", ""level"": 30}"
Включи обогрев стекла спереди,defrost_set,"{""state"": ""on"", ""target"": ""front""}"
Закрой люк,sunroof_close,
Открой люк на половину,sunroof_set,"{""action"": ""open"", ""percent"": 50}"
Поставь радио на частоту 95.5,radio_set,"{""frequency"": ""95.5""}"
Переключи на следующую песню,next_track,
Сделай потише на десять,volume_change,"{""delta"": -10}"
Увеличь громкость на 20%,volume_change,"{""delta"": 20}"
Сделай громкость на 50,volume_set,"{""level"": 50}"
Выключи звук,volume_mute_set,"{""state"": ""on""}"
Включи музыку,play_music,
Перейди на USB,media_source_set,"{""source"": ""usb""}"
Как доехать до супермаркета?,nav_start,"{""destination"": ""супермаркет""}"
Отмени навигацию,nav_cancel,
Позвони маме,call_start,"{""contact"": ""мама""}"
Ответь на звонок,call_answer,
Заверши разговор,call_hangup,
Включи фары,headlights_set,"{""state"": ""on""}"
Установи скорость дворников на низкую,wipers_set,"{""speed"": ""low""}"
Переключи режим дождя на авто,rain_set,"{""mode"": ""auto""}"
Привет,chitchat,
Как дела?,chitchat,
Расскажи шутку,chitchat,
Открой окно водителя на двадцать процентов,window_set,"{""action"": ""set"", ""window"": ""driver"", ""percent"": 20}"
Закрой пассажирское окно,window_set,"{""action"": ""close"", ""window"": ""passenger""}"
Приоткрой окошко сзади на пятьдесят процентов,window_set,"{""action"": ""set"", ""window"": ""all"", ""percent"": 50}"
"Пожалуйста, закрой все окна",window_set,"{""action"": ""close"", ""window"": ""all""}"
Включи кондиционер на двадцать два градуса,ac_set,"{""state"": ""on"", ""temperature"": 22}"
Выключи климат-контроль,ac_off,
Поставь обдув на авто,ac_mode_set,"{""enabled"": true}"
"Проветри, пожалуйста, на тридцать градусов",ac_set,"{""state"": ""on"", ""temperature"": 30}"
Сделай обогрев сиденья пассажира на восемьдесят процентов,seat_heater_set,"{""seat"": ""passenger"", ""level"": 80}"
Включи вентиляцию для водителя на сто процентов,seat_vent_set,"{""seat"": ""driver"", ""level"": 100}"
Включи фары,headlights_set,"{""state"": ""on""}"
Выключи дальний свет,high_beam_set,"{""state"": ""off""}"
Сделай громче на десять,volume_change,"{""delta"": 10}"
Сбавь громкость на пятнадцать процентов,volume_change,"{""delta"": -15}"
Поставь уровень громкости на шестьдесят,volume_set,"{""level"": 60}"
Включи радио на частоте восемьдесят семь целых пять,radio_set,"{""frequency"": ""87.5""}"
"Пожалуйста, позвони Алексею",call_start,"{""contact"": ""Алексей""}"
Как доехать до аэропорта?,nav_start,"{""destination"": ""аэропорт""}"
Включи кондиционер и установи на двадцать четыре градуса,ac_set,"{""state"": ""on"", ""temperature"": 24}"
"Убери музыку, пожалуйста",stop_music,
"Душно в салоне, открой все окна",window_set,"{""action"": ""open"", ""window"": ""all""}"
Приоткрой окно у водителя,window_set,"{""action"": ""open"", ""window"": ""driver""}"
Закрой стекло пассажира,window_set,"{""action"": ""close"", ""window"": ""passenger""}"
Открой все окна на тридцать процентов,window_set,"{""action"": ""set"", ""window"": ""all"", ""percent"": 30}"
"Душно, открой окна",window_set,"{""action"": ""open"", ""window"": ""all""}"
Закрой окно сзади на 50 процентов,window_set,"{""action"": ""set"", ""window"": ""rear"", ""percent"": 50}"
"Включи кондиционер, пожалуйста",ac_set,"{""state"": ""on"", ""temperature"": 22}"
Выключи климат-контроль,ac_off,
Установи кондиционер на 18 градусов,ac_set,"{""state"": ""on"", ""temperature"": 18}"
Поставь рециркуляцию в кондиционере,ac_mode_set,"{""enabled"": true}"
Настрой обогрев сидений пассажира на 70 процентов,seat_heater_set,"{""seat"": ""passenger"", ""level"": 70}"
Включи обогрев сидения водителя,seat_heater_set,"{""seat"": ""driver"", ""level"": 100}"
Настрой уровень вентиляции на 60,seat_vent_set,"{""seat"": ""driver"", ""level"": 60}"
Запусти навигацию до Аэропорта,nav_start,"{""destination"": ""Аэропорт""}"
Отмени маршрут,nav_cancel,
Позвони Сергею,call_start,"{""contact"": ""Сергей""}"
Ответь на звонок,call_answer,
Поставь радио на 102.5,radio_set,"{""frequency"": ""102.5""}"
Сделай громче на десять,volume_change,"{""delta"": 10}"
Убавь громкость на 5,volume_change,"{""delta"": -5}"
Выключи музыку,stop_music,
Поставь трек обратно,previous_track,
"Привет, как дела?",chitchat,
Как пройти к Красной площади?,nav_start,"{""destination"": ""Красная площадь""}"
Настрой фары на автоматический режим,headlights_set,"{""state"": ""auto""}"
Увеличь скорость дворников до высокой,wipers_set,"{""speed"": ""high""}"
Включи ближний свет,high_beam_set,"{""state"": ""on""}"
Открой окно водителя на десять процентов,window_set,"{""action"": ""set"", ""window"": ""driver"", ""percent"": 10}"
"Пожалуйста, закрой пассажирское окно",window_set,"{""action"": ""close"", ""window"": ""passenger""}"
Закрой все окна,window_set,"{""action"": ""close"", ""window"": ""all""}"
Приоткрой стекло у водителя,window_set,"{""action"": ""open"", ""window"": ""driver""}"
Сделай кондиционер на двадцать градусов,ac_set,"{""state"": ""on"", ""temperature"": 20}"
Выключи кондиционер,ac_off,
Включи кондиционер и сделай 24 градуса,ac_set,"{""state"": ""on"", ""temperature"": 24}"
Поставь кондиционер в режим рециркуляции,ac_mode_set,"{""enabled"": true}"
Сделай вентилятор на среднюю скорость,ac_fan_set,"{""level"": 50, ""speed"": ""medium""}"
Включи обогрев сиденья пассажира на максимуме,seat_heater_set,"{""seat"": ""passenger"", ""level"": 100}"
Убери обогрев у водителя,seat_heater_set,"{""seat"": ""driver"", ""level"": 0}"
Включи обогрев сиденья на тридцать процентов,seat_heater_set,"{""seat"": ""driver"", ""level"": 30}"
Включи обдув лобового стекла,defrost_set,"{""state"": ""on"", ""target"": ""front""}"
Выключи обдув заднего стекла,defrost_set,"{""state"": ""off"", ""target"": ""rear""}"
Открой люк на половину,sunroof_set,"{""action"": ""open"", ""percent"": 50}"
Закрой люк полностью,sunroof_set,"{""action"": ""close"", ""percent"": 100}"
Включи музыку,play_music,
Останови музыку,stop_music,
Приостанови воспроизведение,media_pause,
Следующий трек,next_track,
Вернись к предыдущему треку,previous_track,
Сделай громче на 5,volume_change,"{""delta"": 5}"
Убавь громкость на десять процентов,volume_change,"{""direction"": ""down""}"
Поставь громкость на 75 процентов,volume_set,"{""level"": 75}"
Выключи звук,volume_mute_set,"{""state"": ""on""}"
Включи звук,volume_mute_set,"{""state"": ""off""}"
Поставь радио на 95.5,radio_set,"{""frequency"": ""95.5""}"
Переключи на Bluetooth,media_source_set,"{""source"": ""bluetooth""}"
Как доехать до ближайшего кафе?,nav_start,"{""destination"": ""ближайшее кафе""}"
Отмени навигацию,nav_cancel,
Позвони Алексею,call_start,"{""contact"": ""Алексей""}"
Ответь на звонок,call_answer,
Заверши разговор,call_hangup,
Включи фары,headlights_set,"{""state"": ""on""}"
Выключи дальний свет,high_beam_set,"{""state"": ""off""}"
Скорость дворников на авто,wipers_set,"{""speed"": ""auto""}"
Включи дождевую автоматическую систему,rain_set,"{""mode"": ""auto""}"
Включи обогрев руля,wheel_heater_set,"{""state"": ""on""}"
Как дела?,chitchat,
"Привет, как ты?",chitchat,
Закрой окно у пассажира,window_set,"{""action"": ""close"", ""window"": ""passenger""}"
"Можно открыть окно водителя, пожалуйста?",window_set,"{""action"": ""open"", ""window"": ""driver""}"
Открой все окна на тридцать процентов,window_set,"{""action"": ""set"", ""window"": ""all"", ""percent"": 30}"
Приоткрой стекло,window_set,"{""action"": ""open"", ""window"": ""driver""}"
Закрой все окна полностью,window_set,"{""action"": ""close"", ""window"": ""all""}"
Поставь кондиционер на 24 градуса,ac_set,"{""state"": ""on"", ""temperature"": 24}"
Включи климат на 22,ac_set,"{""state"": ""on"", ""temperature"": 22}"
Выключи кондиционер,ac_off,
Включи рециркуляцию,ac_mode_set,"{""enabled"": true}"
Поставь обдув на авто,ac_mode_set,"{""enabled"": false}"
Увеличь скорость вентилятора до 70,ac_fan_set,"{""level"": 70, ""speed"": ""medium""}"
Сделай обогрев сиденья пассажира на 50%,seat_heater_set,"{""seat"": ""passenger"", ""level"": 50}"
Включи обогрев водителя на полную,seat_heater_set,"{""seat"": ""driver"", ""level"": 100}"
Включи обогрев сиденья на 30,seat_heater_set,"{""seat"": ""driver"", ""level"": 30}"
Включи вентилятор на сиденье,seat_vent_set,"{""seat"": ""driver"", ""level"": 50}"
Поставь вентилятор на пассажирском сиденье на 40,seat_vent_set,"{""seat"": ""passenger"", ""level"": 40}"
Включи обогрев заднего стекла,defrost_set,"{""state"": ""on"", ""target"": ""rear""}"
Выключи обогрев переднего стекла,defrost_set,"{""state"": ""off"", ""target"": ""front""}"
Закрой люк,sunroof_close,
Открой люк на 70%,sunroof_set,"{""action"": ""open"", ""percent"": 70}"
Сделай тише на десять,volume_change,"{""delta"": -10}"
Увеличь громкость на 15,volume_change,"{""delta"": 15}"
Поставь уровень громкости на 50,volume_set,"{""level"": 50}"
Выключи звук,volume_mute_set,"{""state"": ""on""}"
Переключи на радио,media_source_set,"{""source"": ""radio""}"
Сделай паузу в музыке,media_pause,
Включи следующий трек,next_track,
Вернись к предыдущему треку,previous_track,
Включи шuffling в плейлисте,media_shuffle_set,
Установи частоту на 91.5,radio_set,"{""frequency"": ""91.5""}"
"Поставь станцию ""Летний дождь""",radio_set_station,"{""station"": ""Летний дождь""}"
Построй маршрут до работы,nav_start,"{""destination"": ""работа""}"
Как доехать до моря?,nav_start,"{""destination"": ""море""}"
Отмени навигацию,nav_cancel,
Позвони другу,call_start,"{""contact"": ""друг""}"
Ответь на звонок,call_answer,
Заверши вызов,call_hangup,
Включи фары,headlights_set,"{""state"": ""on""}"
Выключи дальний свет,high_beam_set,"{""state"": ""off""}"
Установи дворники на авто,rain_set,"{""mode"": ""auto""}"
Увеличь скорость дворников до максимума,wipers_set,"{""speed"": ""high""}"
Как дела?,chitchat,
"Привет, как ты?",chitchat,
Сегодня хорошая погода,chitchat,
Открой окно водителя полностью,window_set,"{""action"": ""open"", ""window"": ""driver""}"
Закрой окно у пассажира на сто процентов,window_set,"{""action"": ""close"", ""window"": ""passenger""}"
Приоткрой все окна на пятьдесят процентов,window_set,"{""action"": ""set"", ""window"": ""all"", ""percent"": 50}"
Закрой все окна,window_set,"{""action"": ""close"", ""window"": ""all""}"
Поставь кондиционер на двадцать два градуса,ac_set,"{""state"": ""on"", ""temperature"": 22}"
Выключи кондиционер,ac_off,
Включи обдув,ac_mode_set,"{""enabled"": true}"
Поставь обогрев сиденья пассажира на 80,seat_heater_set,"{""seat"": ""passenger"", ""level"": 80}"
Увеличь скорость вентилятора до 75,ac_fan_set,"{""level"": 75, ""speed"": ""high""}"
Включи задний обогрев,defrost_set,"{""state"": ""on"", ""target"": ""rear""}"
Открой люк на тридцать процентов,sunroof_set,"{""action"": ""open"", ""percent"": 30}"
Закрой люк,sunroof_close,
Включи музыку,play_music,
Останови музыку,stop_music,
Переключи на следующую песню,next_track,
Сделай тише на десять,volume_change,"{""delta"": -10}"
Поставь громкость на 40%,volume_set,"{""level"": 40}"
Переключи источник на Bluetooth,media_source_set,"{""source"": ""bluetooth""}"
Сделай громче,volume_change,"{""direction"": ""up""}"
Как доехать до аэропорта?,nav_start,"{""destination"": ""аэропорт""}"
Отмени навигацию,nav_cancel,
Позвони Игорю,call_start,"{""contact"": ""Игорь""}"
Ответь на звонок,call_answer,
Скинь звонок,call_hangup,
Включи фары,headlights_set,"{""state"": ""on""}"
Поставь дворники на авто,rain_set,"{""mode"": ""auto""}"
Как дела?,chitchat,
Включи дальний свет,high_beam_set,"{""state"": ""on""}"
Сделай обогрев руля активным,wheel_heater_set,"{""state"": ""on""}"
Поставь радио на частоту 95.5,radio_set,"{""frequency"": ""95.5""}"
Сделай громче на 5,volume_change,"{""delta"": 5}"
Поставь на повтор одной песни,media_repeat_set,"{""mode"": ""one""}"
Открой окно водителя полностью,window_set,"{""action"": ""open"", ""window"": ""driver""}"
Приоткрой пассажирское стекло,window_set,"{""action"": ""set"", ""window"": ""passenger"", ""percent"": 30}"
"Закрой все окна, пожалуйста",window_set,"{""action"": ""close"", ""window"": ""all""}"
Настрой кондиционер на 22 градуса,ac_set,"{""state"": ""on"", ""temperature"": 22}"
Выключи кондиционер,ac_off,
Включи рециркуляцию в кондиционере,ac_mode_set,"{""enabled"": true}"
Увеличь скорость вентилятора на 50,ac_fan_set,"{""level"": 50, ""speed"": ""medium""}"
Включи обогрев сиденья пассажира на максимум,seat_heater_set,"{""seat"": ""passenger"", ""level"": 100}"
Открой люк на 70 процентов,sunroof_set,"{""action"": ""open"", ""percent"": 70}"
Закрой люк,sunroof_close,
Включи музыку,play_music,
Поставь на паузу,media_pause,
Переключи на следующую песню,next_track,
Уменьши громкость на 10,volume_change,"{""delta"": -10}"
Установи громкость на 80 процентов,volume_set,"{""level"": 80}"
Выключи звук,volume_mute_set,"{""state"": ""on""}"
Поставь радиостанцию на 95.0,radio_set,"{""frequency"": ""95.0""}"
"Пожалуйста, навигируй меня к аэропорту",nav_start,"{""destination"": ""аэропорт""}"
Как проехать до Кремля?,nav_start,"{""destination"": ""Кремль""}"
Позвони маме,call_start,"{""contact"": ""мама""}"
Ответь на звонок,call_answer,
Заверши разговор,call_hangup,
Включи фары,headlights_set,"{""state"": ""on""}"
Поставь дворники на автомат,wipers_set,"{""speed"": ""auto""}"
"Привет, как дела?",chitchat,
Что нового?,chitchat,
Открой окно водителя на тридцать процентов,window_set,"{""action"": ""set"", ""window"": ""driver"", ""percent"": 30}"
"Пожалуйста, закройте пассажирское окно",window_set,"{""action"": ""close"", ""window"": ""passenger""}"
"Душно, откройте все окна",window_set,"{""action"": ""open"", ""window"": ""all""}"
Закрой стекло у водителя,window_set,"{""action"": ""close"", ""window"": ""driver""}"
Приоткрой окошко пассажира,window_set,"{""action"": ""set"", ""window"": ""passenger"", ""percent"": 20}"
Включи кондиционер на 22 градуса,ac_set,"{""state"": ""on"", ""temperature"": 22}"
Выключи кондиционер,ac_off,
Поставь кондиционер на 24 градуса,ac_set,"{""state"": ""on"", ""temperature"": 24}"
Включи обогрев сиденья на 80 процентов,seat_heater_set,"{""seat"": ""driver"", ""level"": 80}"
Включи обогрев сиденья пассажира,seat_heater_set,"{""seat"": ""passenger"", ""level"": 100}"
Сделай громче на десять,volume_change,"{""delta"": 10}"
Убавь звук на восемь,volume_change,"{""delta"": -8}"
Установи громкость на семьдесят процентов,volume_set,"{""level"": 70}"
Включи радио на 102.5,radio_set,"{""frequency"": ""102.5""}"
Следующий трек,next_track,
Поставь музыку на паузу,media_pause,
"Позвони, пожалуйста, Анне",call_start,"{""contact"": ""Анна""}"
Как доехать до Садового кольца?,nav_start,"{""destination"": ""Садовое кольцо""}"
Переключи на Bluetooth,media_source_set,"{""source"": ""bluetooth""}"
Включи дворники на авто,wipers_set,"{""speed"": ""auto""}"
Включи фары,headlights_set,"{""state"": ""on""}"
"Привет, как дела?",chitchat,
Включи режим рециркуляции,ac_mode_set,"{""enabled"": true}"
Закрой люк,sunroof_close,
Поставь на минимальную скорость дворников,wipers_set,"{""speed"": ""low""}"
Выключи фары,headlights_set,"{""state"": ""off""}"
Какой сейчас уровень громкости?,chitchat,
Включи обогрев руля,wheel_heater_set,"{""state"": ""on""}"
Сделай звук тише на 5,volume_change,"{""delta"": -5}"
Отмени навигацию,nav_cancel,
Включи кондиционер на максимальную мощность,ac_fan_set,"{""level"": 100, ""speed"": ""high""}"
Открой окно у водителя на пятьдесят процентов,window_set,"{""action"": ""set"", ""window"": ""driver"", ""percent"": 50}"
"Приоткрой пассажирское стекло, пожалуйста",window_set,"{""action"": ""open"", ""window"": ""passenger""}"
Закрой все окна полностью,window_set,"{""action"": ""close"", ""window"": ""all""}"
Закрой стекло у водителя,window_set,"{""action"": ""close"", ""window"": ""driver""}"
"Сделай так, чтобы в машине стало прохладнее",ac_set,"{""state"": ""on"", ""temperature"": 20}"
Включи кондиционер и установи 24 градуса,ac_set,"{""state"": ""on"", ""temperature"": 24}"
Выключи кондиционер,ac_off,
Включи обогрев сиденья для пассажира на 80 процентов,seat_heater_set,"{""seat"": ""passenger"", ""level"": 80}"
Приоткрой люк на десять процентов,sunroof_set,"{""action"": ""open"", ""percent"": 10}"
Закрой люк полностью,sunroof_close,
Поставь радио на 95.5,radio_set,"{""frequency"": ""95.5""}"
Переключи на следующий трек,next_track,
Убавь громкость на десять,volume_change,"{""delta"": -10}"
Сделай погромче на три,volume_change,"{""delta"": 3}"
Включи музыку,play_music,
Отключи звук,volume_mute_set,"{""state"": ""on""}"
Как доехать до Красной площади?,nav_start,"{""destination"": ""Красная площадь""}"
Позвони Олегу,call_start,"{""contact"": ""Олег""}"
Отвечай на звонок,call_answer,
Выключи фары,headlights_set,"{""state"": ""off""}"
"Проверь дворники, поставь на авто",rain_set,"{""mode"": ""auto""}"
Привет,chitchat,
Как дела?,chitchat,
Открой окно у водителя на три четверти,window_set,"{""action"": ""set"", ""window"": ""driver"", ""percent"": 75}"
"Закрой все окна, пожалуйста",window_set,"{""action"": ""close"", ""window"": ""all""}"
Приоткрой пассажирское окно на половину,window_set,"{""action"": ""set"", ""window"": ""passenger"", ""percent"": 50}"
Сделай кондиционер на 21 градус,ac_set,"{""state"": ""on"", ""temperature"": 21}"
Выключи климат-контроль,ac_off,
Установи кондиционер на 16 градусов,ac_set,"{""state"": ""on"", ""temperature"": 16}"
Включи рециркуляцию воздуха,ac_mode_set,"{""enabled"": true}"
Выставь уровень вентилятора на 70,ac_fan_set,"{""level"": 70, ""speed"": ""medium""}"
Включи обогрев сиденья пассажира на 50%,seat_heater_set,"{""seat"": ""passenger"", ""level"": 50}"
Обогрей моё сиденье на максимум,seat_heater_set,"{""seat"": ""driver"", ""level"": 100}"
Открой люк на 80 процентов,sunroof_set,"{""action"": ""open"", ""percent"": 80}"
Закрой люк полностью,sunroof_set,"{""action"": ""close"", ""percent"": 100}"
Отключи обогрев сиденья,seat_heater_set,"{""seat"": ""driver"", ""level"": 0}"
Сделай погромче на десять,volume_change,"{""delta"": 10}"
Уменьши громкость на пятнадцать процентов,volume_change,"{""delta"": -15}"
Увеличь звук на 5,volume_change,"{""delta"": 5}"
Поставь радио на частоту 92.5,radio_set,"{""frequency"": ""92.5""}"
Сделай паузу в музыке,media_pause,
Переключи на следующий трек,next_track,
Включи Bluetooth,media_source_set,"{""source"": ""bluetooth""}"
Начни навигацию до аэропорта,nav_start,"{""destination"": ""аэропорт""}"
Отмени навигацию,nav_cancel,
Позвони Алексею,call_start,"{""contact"": ""Алексей""}"
Ответь на звонок,call_answer,
Закончить разговор,call_hangup,
Включи фары,headlights_set,"{""state"": ""on""}"
Поставь фары на авто,headlights_set,"{""state"": ""auto""}"
Увеличь скорость дворников на максимум,wipers_set,"{""speed"": ""high""}"
Поставь дворники на авто,rain_set,"{""mode"": ""auto""}"
Как дела?,chitchat,
"Привет, как ты?",chitchat,
"Душно в машине, открой окно",window_set,"{""action"": ""open"", ""window"": ""all""}"
Включи музыку,play_music,
Отключи звук,volume_mute_set,"{""state"": ""on""}"
Приоткрой окно у водителя,window_set,"{""action"": ""open"", ""window"": ""driver""}"
Закрой пассажирское окно на двадцать процентов,window_set,"{""action"": ""set"", ""window"": ""passenger"", ""percent"": 20}"
Открой все окна,window_set,"{""action"": ""open"", ""window"": ""all""}"
"Сделай тепло в салоне, поставь кондиционер на 22 градуса",ac_set,"{""state"": ""on"", ""temperature"": 22}"
Выключи кондиционер,ac_off,
Включи обдув на максимуме,ac_mode_set,"{""enabled"": true}"
Увеличь скорость вентилятора до 50,ac_fan_set,"{""level"": 50, ""speed"": ""medium""}"
Сделай тепло на пассажирском сиденье,seat_heater_set,"{""seat"": ""passenger"", ""level"": 80}"
Поставь обогрев сиденья водителя на максимум,seat_heater_set,"{""seat"": ""driver"", ""level"": 100}"
Открой люк на 30 процентов,sunroof_set,"{""action"": ""open"", ""percent"": 30}"
Закрой люк,sunroof_close,
Как добраться до центра города?,nav_start,"{""destination"": ""центр города""}"
Отмени навигацию,nav_cancel,
Позвони Сергею,call_start,"{""contact"": ""Сергей""}"
Ответь на звонок,call_answer,
Закрой звонок,call_hangup,
Включи фары,headlights_set,"{""state"": ""on""}"
Убери дальний свет,high_beam_set,"{""state"": ""off""}"
Увеличь скорость дворников до максимума,wipers_set,"{""speed"": ""high""}"
Поставь дворники на автомат,rain_set,"{""mode"": ""auto""}"
Как дела?,chitchat,
Включи музыку,play_music,
Останови музыку,stop_music,
Поставь на паузу,media_pause,
Переключи на следующий трек,next_track,
Вернись к предыдущему треку,previous_track,
Сделай погромче на десять,volume_change,"{""delta"": 10}"
Уменьши громкость на 5,volume_change,"{""delta"": -5}"
Установи громкость на 75 процентов,volume_set,"{""level"": 75}"
Выключи звук,volume_mute_set,"{""state"": ""on""}"
Включи радио на 99.3,radio_set,"{""frequency"": ""99.3""}"
Переключи на Bluetooth,media_source_set,"{""source"": ""bluetooth""}"
Поставь повтор трека,media_repeat_set,"{""mode"": ""one""}"
"Пожалуйста, открой окно у водителя",window_set,"{""action"": ""open"", ""window"": ""driver""}"
Закрой все окна на сто процентов,window_set,"{""action"": ""close"", ""window"": ""all""}"
Приоткрой стекло пассажирского окна наполовину,window_set,"{""action"": ""set"", ""window"": ""passenger"", ""percent"": 50}"
Сделай кондиционер на двадцать градусов,ac_set,"{""state"": ""on"", ""temperature"": 20}"
Выключи кондиционер,ac_off,
Переключи кондиционер на обдув,ac_mode_set,"{""enabled"": true}"
Сделай обогрев сиденья для пассажира на тридцать процентов,seat_heater_set,"{""seat"": ""passenger"", ""level"": 30}"
Включи обогрев для водителя,seat_heater_set,"{""seat"": ""driver"", ""level"": 100}"
Поставь температуру на 22 градуса,ac_set,"{""state"": ""on"", ""temperature"": 22}"
Открой люк на пятнадцать процентов,sunroof_set,"{""action"": ""open"", ""percent"": 15}"
Закрой люк полностью,sunroof_close,
Давай послушаем музыку,play_music,
Останови музыку,stop_music,
Поставь радио на частоту 95.5,radio_set,"{""frequency"": ""95.5""}"
Сделай громче на 10,volume_change,"{""delta"": 10}"
Снизь громкость на двадцать процентов,volume_set,"{""level"": 80}"
Переключи на Bluetooth,media_source_set,"{""source"": ""bluetooth""}"
Как доехать до ближайшей автозаправки?,nav_start,"{""destination"": ""ближайшая автозаправка""}"
Отмени навигацию,nav_cancel,
Позвони Ване,call_start,"{""contact"": ""Ваня""}"
Ответь на звонок,call_answer,
Закончить звонок,call_hangup,
Включи фары,headlights_set,"{""state"": ""on""}"
Убери дальний свет,high_beam_set,"{""state"": ""off""}"
Поставь дворники на авто,wipers_set,"{""speed"": ""auto""}"
Сделай уровень громкости 50%,volume_set,"{""level"": 50}"
Как дела?,chitchat,
"На улице холодно, включи обогрев сидений",seat_heater_set,"{""seat"": ""driver"", ""level"": 100}"
Открой окно водителя на три четверти,window_set,"{""action"": ""set"", ""window"": ""driver"", ""percent"": 75}"
Закрой все окна,window_set,"{""action"": ""close"", ""window"": ""all""}"
"Можно, пожалуйста, приоткрыть окно у пассажира?",window_set,"{""action"": ""open"", ""window"": ""passenger""}"
Поставь кондиционер на 20 градусов,ac_set,"{""state"": ""on"", ""temperature"": 20}"
Выключи кондиционер,ac_off,
Сделай обдув на максимум,ac_mode_set,"{""enabled"": true}"
Установи вентилятор на 50 процентов,ac_fan_set,"{""level"": 50, ""speed"": ""medium""}"
Включи обогрев сиденья пассажира на 70,seat_heater_set,"{""seat"": ""passenger"", ""level"": 70}"
Запусти навигацию до Кремля,nav_start,"{""destination"": ""Кремль""}"
Выключи стеклоочистители,wipers_set,"{""speed"": ""off""}"
Позвони другу на мобильный,call_start,"{""contact"": ""друг""}"
Сделай потише на десять,volume_change,"{""delta"": -10}"
Включи радио на частоте 91.5,radio_set,"{""frequency"": ""91.5""}"
Открой люк на 80 процентов,sunroof_set,"{""action"": ""open"", ""percent"": 80}"
Как добраться до аэропорта?,nav_start,"{""destination"": ""аэропорт""}"
Включи фары,headlights_set,"{""state"": ""on""}"
Поставь музыку на паузу,media_pause,
Включи рециркуляцию воздуха,ac_mode_set,"{""enabled"": true}"
Сделай громче на пять,volume_change,"{""delta"": 5}"
Переходи на Bluetooth,media_source_set,"{""source"": ""bluetooth""}"
"Привет, как дела?",chitchat,
Открой окно у водителя на тридцать процентов,window_set,"{""action"": ""set"", ""window"": ""driver"", ""percent"": 30}"
"Пожалуйста, закрой пассажирское окно полностью",window_set,"{""action"": ""close"", ""window"": ""passenger""}"
Приоткрой окошко сзади,window_set,"{""action"": ""open"", ""window"": ""all""}"
Включи кондиционер на двадцать два градуса,ac_set,"{""state"": ""on"", ""temperature"": 22}"
Выключи климат-контроль,ac_off,
Поставь обдув на авто,ac_mode_set,"{""enabled"": true}"
Увеличь скорость вентилятора на 30,ac_fan_set,"{""level"": 30, ""speed"": ""medium""}"
Включи подогрев сиденья водителя на максимум,seat_heater_set,"{""seat"": ""driver"", ""level"": 100}"
Поставь обогрев сиденья пассажира на 50 процентов,seat_heater_set,"{""seat"": ""passenger"", ""level"": 50}"
Включи рециркуляцию,ac_mode_set,"{""enabled"": true}"
Убери заднее стекло,defrost_set,"{""state"": ""off"", ""target"": ""rear""}"
Закрой люк на 60 процентов,sunroof_set,"{""action"": ""close"", ""percent"": 60}"
Включи музыку,play_music,
Останови воспроизведение,stop_music,
Переключи на следующую песню,next_track,
Сделай громче на пять,volume_change,"{""delta"": 5}"
Уменьши громкость на двадцать процентов,volume_change,"{""delta"": -20}"
Включи радио на 95.5,radio_set,"{""frequency"": ""95.5""}"
"Навигатор, как доехать до Кремля?",nav_start,"{""destination"": ""Кремль""}"
Отмени маршрут,nav_cancel,
Позвони Анне,call_start,"{""contact"": ""Анна""}"
Ответь на звонок,call_answer,
Завершить вызов,call_hangup,
Включи фары,headlights_set,"{""state"": ""on""}"
Отключи дальний свет,high_beam_set,"{""state"": ""off""}"
Установи дворники на авто,wipers_set,"{""speed"": ""auto""}"
Сделай потеплее в салоне,ac_set,"{""state"": ""on"", ""temperature"": 25}"
Как дела?,chitchat,
Закрой окно водителя,window_set,"{""action"": ""close"", ""window"": ""driver""}"
Открой все окна,window_set,"{""action"": ""open"", ""window"": ""all""}"
Приоткрой пассажирское окошко на тридцать процентов,window_set,"{""action"": ""set"", ""window"": ""passenger"", ""percent"": 30}"
Сделай громче на восемь,volume_change,"{""delta"": 8}"
Убавь громкость на десять процентов,volume_change,"{""delta"": -10}"
Сделай громкость 75%,volume_set,"{""level"": 75}"
Включи кондиционер на 22 градуса,ac_set,"{""state"": ""on"", ""temperature"": 22}"
Выключи климат-контроль,ac_set,"{""state"": ""off""}"
Включи обогрев сиденья пассажира на 50,seat_heater_set,"{""seat"": ""passenger"", ""level"": 50}"
Включи обдув на авто,ac_mode_set,"{""enabled"": true}"
Как доехать до Третьякова?,nav_start,"{""destination"": ""Третьякова""}"
Отмени навигацию,nav_cancel,
Позвони другу,call_start,"{""contact"": ""другу""}"
Приними звонок,call_answer,
Выключи фары,headlights_set,"{""state"": ""off""}"
Включи дальний свет,high_beam_set,"{""state"": ""on""}"
Поставь радио на 95.0,radio_set,"{""frequency"": ""95.0""}"
Включи Bluetooth для музыки,media_source_set,"{""source"": ""bluetooth""}"
Сделай музыку потише,volume_change,"{""direction"": ""down""}"
Поставь следующий трек,next_track,
"Привет, как дела?",chitchat,
"Можно, пожалуйста, открыть люк?",sunroof_set,"{""action"": ""open"", ""percent"": 100}"
Закрой люк,sunroof_close,
Включи обогрев руля,wheel_heater_set,"{""state"": ""on""}"
Увеличь скорость дворников,wipers_set,"{""speed"": ""high""}"
Выключи музыку,stop_music,
Включи рециркуляцию,ac_mode_set,"{""enabled"": true}"
Приоткрой стекло у водителя на тридцать процентов,window_set,"{""action"": ""set"", ""window"": ""driver"", ""percent"": 30}"
"Закрой окно пассажира, пожалуйста",window_set,"{""action"": ""close"", ""window"": ""passenger""}"
Сделай окно полностью открытым,window_set,"{""action"": ""open"", ""window"": ""all""}"
"Можно, пожалуйста, закрыть заднее окно?",window_set,"{""action"": ""close"", ""window"": ""rear""}"
Включи кондиционер на 20 градусов,ac_set,"{""state"": ""on"", ""temperature"": 20}"
Выключи кондиционер,ac_off,
Поставь режим обдува на максимум,ac_mode_set,"{""enabled"": true}"
Сделай температуру в кондиционере 25 градусов,ac_set,"{""state"": ""on"", ""temperature"": 25}"
Сделай погромче на десять,volume_change,"{""delta"": 10}"
Уменьши громкость на 15%,volume_change,"{""delta"": -15}"
Поставь громкость на 70,volume_set,"{""level"": 70}"
Включи музыку,play_music,
Отключи радио,stop_music,
Какой частоты радио?,radio_set,"{""frequency"": ""90.0""}"
Переходи на Bluetooth,media_source_set,"{""source"": ""bluetooth""}"
Добавь станцию 101.5 FM,radio_set_station,"{""station"": ""101.5 FM""}"
Прокладывай маршрут до магазина,nav_start,"{""destination"": ""магазин""}"
Как проехать до театра?,nav_start,"{""destination"": ""театр""}"
Отменить навигацию,nav_cancel,
Позвони Алексею,call_start,"{""contact"": ""Алексей""}"
Ответь на звонок,call_answer,
Завершить вызов,call_hangup,
Включи фары,headlights_set,"{""state"": ""on""}"
Выключи дальний свет,high_beam_set,"{""state"": ""off""}"
Установи щетки на авто,wipers_set,"{""speed"": ""auto""}"
Включи режим дождя,rain_set,"{""mode"": ""auto""}"
Как дела?,chitchat,
"Сделай потише, пожалуйста",volume_change,"{""direction"": ""down""}"
Закрой окно водителя полностью,window_set,"{""action"": ""close"", ""window"": ""driver""}"
Можно приоткрыть стекло у пассажира?,window_set,"{""action"": ""open"", ""window"": ""passenger""}"
Открой все окна на тридцать процентов,window_set,"{""action"": ""set"", ""window"": ""all"", ""percent"": 30}"
Включи кондиционер на двадцать два градуса,ac_set,"{""state"": ""on"", ""temperature"": 22}"
Отключи кондиционер,ac_off,
Включи рециркуляцию воздуха,ac_mode_set,"{""enabled"": true}"
Установи скорость вентилятора на 70 процентов,ac_fan_set,"{""level"": 70, ""speed"": ""medium""}"
Разогрей сиденье водителя на максимум,seat_heater_set,"{""seat"": ""driver"", ""level"": 100}"
"Пожалуйста, охлади пассажирское сиденье до тридцати",seat_vent_set,"{""seat"": ""passenger"", ""level"": 30}"
Включи обогрев заднего стекла,defrost_set,"{""state"": ""on"", ""target"": ""rear""}"
Закрой люк на половину,sunroof_set,"{""action"": ""close"", ""percent"": 50}"
Открой люк полностью,sunroof_set,"{""action"": ""open"", ""percent"": 100}"
Поставь радио на 98.7,radio_set,"{""frequency"": ""98.7""}"
Сделай громче на десять,volume_change,"{""delta"": 10}"
Убавь громкость на пятнадцать,volume_change,"{""delta"": -15}"
Поставь громкость на уровень 75,volume_set,"{""level"": 75}"
Включи режим повторения,media_repeat_set,"{""mode"": ""all""}"
Запусти музыку,play_music,
Останови музыку,stop_music,
Как доехать до аэропорта?,nav_start,"{""destination"": ""аэропорт""}"
Отмени навигацию,nav_cancel,
Позвони другу,call_start,"{""contact"": ""друг""}"
Ответь на звонок,call_answer,
Заверши звонок,call_hangup,
Включи фары,headlights_set,"{""state"": ""on""}"
Отключи дальний свет,high_beam_set,"{""state"": ""off""}"
Установи стеклоочистители на авто,wipers_set,"{""speed"": ""auto""}"
Включи режим дождя на ручной,rain_set,"{""mode"": ""manual""}"
Как дела?,chitchat,
"Привет, как ты?",chitchat,
Поставь источник на AUX,media_source_set,"{""source"": ""aux""}"
"Пожалуйста, открой окно водителя",window_set,"{""action"": ""open"", ""window"": ""driver""}"
Закрой все окна,window_set,"{""action"": ""close"", ""window"": ""all""}"
Приоткрой пассажирское окно на 30 процентов,window_set,"{""action"": ""set"", ""window"": ""passenger"", ""percent"": 30}"
Закрой все окна на 70 процентов,window_set,"{""action"": ""set"", ""window"": ""all"", ""percent"": 70}"
Поставь кондиционер на 22 градуса,ac_set,"{""state"": ""on"", ""temperature"": 22}"
Выключи кондиционер,ac_off,
Включи кондиционер и сделай его на 24 градуса,ac_set,"{""state"": ""on"", ""temperature"": 24}"
Включи рециркуляцию,ac_mode_set,"{""enabled"": true}"
Установи обогрев сиденья пассажира на 50 процентов,seat_heater_set,"{""seat"": ""passenger"", ""level"": 50}"
Сделай обогрев сиденья водителя на максимум,seat_heater_set,"{""seat"": ""driver"", ""level"": 100}"
Включи вентиляцию для сиденья,seat_vent_set,"{""seat"": ""driver"", ""level"": 80}"
Поставь уровень вентилятора на средний,ac_fan_set,"{""level"": 50, ""speed"": ""medium""}"
Сделай погромче на 10,volume_change,"{""delta"": 10}"
Сделай тише на 5 процентов,volume_change,"{""delta"": -5}"
Выключи звук,volume_mute_set,"{""state"": ""on""}"
Поставь громкость на 30,volume_set,"{""level"": 30}"
Слушай следующую песню,next_track,
Поставь радио на 95.5,radio_set,"{""frequency"": ""95.5""}"
Как доехать до аэропорта?,nav_start,"{""destination"": ""аэропорт""}"
"Навигатор, отмени маршрут",nav_cancel,
Позвони мне на мобильный,call_start,"{""contact"": ""мобильный""}"
Ответь на звонок,call_answer,
Закончи звонок,call_hangup,
Включи фары,headlights_set,"{""state"": ""on""}"
Выключи дальний свет,high_beam_set,"{""state"": ""off""}"
Установи скорость дворников на авто,wipers_set,"{""speed"": ""auto""}"
Как дела?,chitchat,
"Привет, как ты?",chitchat,
Закрой окно у водителя,window_set,"{""action"": ""close"", ""window"": ""driver""}"
Приоткрой пассажирское стекло на тридцать процентов,window_set,"{""action"": ""set"", ""window"": ""passenger"", ""percent"": 30}"
Открой все окна,window_set,"{""action"": ""open"", ""window"": ""all""}"
Сделай кондиционер на двадцать два градуса,ac_set,"{""state"": ""on"", ""temperature"": 22}"
Поставь обогрев сиденья пассажира на восемьдесят процентов,seat_heater_set,"{""seat"": ""passenger"", ""level"": 80}"
Включи вентилятор на максимуме,ac_fan_set,"{""level"": 100, ""speed"": ""high""}"
Отключи кондиционер,ac_off,
"Пожалуйста, включи режим рециркуляции",ac_mode_set,"{""enabled"": true}"
Установи громкость на 50 процентов,volume_set,"{""level"": 50}"
Сделай потише на десять,volume_change,"{""delta"": -10}"
Переключи на следующую песню,next_track,
Пауза в музыке,media_pause,
Включи радио на частоте 95.5,radio_set,"{""frequency"": ""95.5""}"
Сделай погромче,volume_change,"{""direction"": ""up""}"
"Пожалуйста, позвони маме",call_start,"{""contact"": ""мама""}"
Как добраться до аэропорта?,nav_start,"{""destination"": ""аэропорт""}"
Включи фары,headlights_set,"{""state"": ""on""}"
"Душно, открой крышу",sunroof_set,"{""action"": ""open"", ""percent"": 100}"
Закрой люк,sunroof_close,
"Привет, как дела?",chitchat,
"На улице холодно, включи обогрев руля",wheel_heater_set,"{""state"": ""on""}"
Приоткрой окно водителя,window_set,"{""action"": ""open"", ""window"": ""driver""}"
"Закрой все окна, пожалуйста",window_set,"{""action"": ""close"", ""window"": ""all""}"
Установи окно пассажира на тридцать процентов,window_set,"{""action"": ""set"", ""window"": ""passenger"", ""percent"": 30}"
Поставь кондиционер на двадцать один градус,ac_set,"{""state"": ""on"", ""temperature"": 21}"
Выключи кондиционер,ac_off,
Включи рециркуляцию воздуха,ac_mode_set,"{""enabled"": true}"
Увеличь скорость вентилятора до восьмидесяти,ac_fan_set,"{""level"": 80, ""speed"": ""high""}"
Сделай обогрев сиденья пассажира на двадцать процентов,seat_heater_set,"{""seat"": ""passenger"", ""level"": 20}"
Включи обогрев сиденья водителя,seat_heater_set,"{""seat"": ""driver"", ""level"": 100}"
Закрой люк,sunroof_close,
Открой люк на пятьдесят процентов,sunroof_set,"{""action"": ""open"", ""percent"": 50}"
Включи музыку,play_music,
Останови музыку,stop_music,
Сделай потише на десять,volume_change,"{""delta"": -10}"
Увеличь громкость на двадцать процентов,volume_change,"{""delta"": 20}"
Поставь уровень громкости на 50,volume_set,"{""level"": 50}"
Переключи на радио,media_source_set,"{""source"": ""radio""}"
Какой сейчас частота радио?,radio_set,"{""frequency"": ""93.0""}"
Запусти навигацию до аэропорта,nav_start,"{""destination"": ""аэропорт""}"
Отмени навигацию,nav_cancel,
Позвони Петру,call_start,"{""contact"": ""Петр""}"
Ответь на звонок,call_answer,
Закончить звонок,call_hangup,
Включи фары,headlights_set,"{""state"": ""on""}"
Поставь дворники на авто,rain_set,"{""mode"": ""auto""}"
Как дела?,chitchat,
Как доехать до центра города?,nav_start,"{""destination"": ""центр города""}"
Открой окно водителя на тридцать процентов,window_set,"{""action"": ""set"", ""window"": ""driver"", ""percent"": 30}"
Закрой все окна,window_set,"{""action"": ""close"", ""window"": ""all""}"
"Приоткрой пассажирское окно, пожалуйста",window_set,"{""action"": ""open"", ""window"": ""passenger""}"
Сделай кондиционер холоднее на два градуса,ac_set,"{""state"": ""on"", ""temperature"": 18}"
Выключи кондиционер,ac_off,
Переключи режим обогрева,ac_mode_set,"{""enabled"": true}"
Увеличь скорость вентилятора до 75%,ac_fan_set,"{""level"": 75, ""speed"": ""medium""}"
Поставь на обогрев сиденье пассажира на максимум,seat_heater_set,"{""seat"": ""passenger"", ""level"": 100}"
Включи обдув заднего стекла,defrost_set,"{""state"": ""on"", ""target"": ""rear""}"
Закрой люк,sunroof_close,
Включи радио на 93.0,radio_set,"{""frequency"": ""93.0""}"
Переключи на следующий трек,next_track,
Сделай громче на десять,volume_change,"{""delta"": 10}"
Уменьши громкость на 5 процентов,volume_change,"{""delta"": -5}"
Выключи звук,volume_mute_set,"{""state"": ""on""}"
Включи Bluetooth как источник,media_source_set,"{""source"": ""bluetooth""}"
Поставь музыку на повтор,media_repeat_set,"{""mode"": ""one""}"
Как доехать до магазина?,nav_start,"{""destination"": ""магазин""}"
Отмени навигацию,nav_cancel,
Позвони маме,call_start,"{""contact"": ""мама""}"
Ответь на звонок,call_answer,
Закрой свет,headlights_set,"{""state"": ""off""}"
Включи дворники на высокую скорость,wipers_set,"{""speed"": ""high""}"
Поменяй режим на авто,rain_set,"{""mode"": ""auto""}"
"Привет, как дела?",chitchat,
Сколько времени?,chitchat,
Сделай потише на восемь,volume_change,"{""delta"": -8}"
Приоткрой окно у водителя,window_set,"{""action"": ""open"", ""window"": ""driver""}"
"Закрой все окна, пожалуйста",window_set,"{""action"": ""close"", ""window"": ""all""}"
Открой пассажирское окно на тридцать процентов,window_set,"{""action"": ""set"", ""window"": ""passenger"", ""percent"": 30}"
Сделай кондиционер на двадцать два градуса,ac_set,"{""state"": ""on"", ""temperature"": 22}"
Потуши кондиционер,ac_off,
Включи обдув,ac_mode_set,"{""enabled"": true}"
Включи обогрев сиденья для пассажира на максимум,seat_heater_set,"{""seat"": ""passenger"", ""level"": 100}"
Поставь температуру в кондиционере на шестнадцать,ac_set,"{""state"": ""on"", ""temperature"": 16}"
Сделай громче на десять,volume_change,"{""delta"": 10}"
Поставь громкость на восемьдесят процентов,volume_set,"{""level"": 80}"
Сделай потише на два,volume_change,"{""delta"": -2}"
Запусти музыку,play_music,
Следующий трек,next_track,
Вернись на предыдущий трек,previous_track,
Как доехать до ближайшего ресторана?,nav_start,"{""destination"": ""ближайший ресторан""}"
Отмени навигацию,nav_cancel,
Позвони Алексею,call_start,"{""contact"": ""Алексей""}"
Ответь на звонок,call_answer,
Завершить разговор,call_hangup,
Включи фары,headlights_set,"{""state"": ""on""}"
Выключи дальний свет,high_beam_set,"{""state"": ""off""}"
Увеличь скорость дворников,wipers_set,"{""speed"": ""high""}"
Поставь режим дождя на авто,rain_set,"{""mode"": ""auto""}"
"Привет, как дела?",chitchat,
Можно мне музыку на радиостанции?,media_source_set,"{""source"": ""radio""}"
Включи музыку с USB,media_source_set,"{""source"": ""usb""}"
Поставь громкость на ноль,volume_mute_set,"{""state"": ""on""}"
Открой окно у водителя на тридцать процентов,window_set,"{""action"": ""set"", ""window"": ""driver"", ""percent"": 30}"
Закрой пассажирское окно полностью,window_set,"{""action"": ""close"", ""window"": ""passenger""}"
Приоткрой стекло сзади,window_set,"{""action"": ""open"", ""window"": ""all""}"
Сделай кондиционер потеплее до 24 градусов,ac_set,"{""state"": ""on"", ""temperature"": 24}"
Выключи кондиционер,ac_off,
Включи обогрев сиденья пассажира на 50,seat_heater_set,"{""seat"": ""passenger"", ""level"": 50}"
Включи вентиляцию для водителя на 70%,seat_vent_set,"{""seat"": ""driver"", ""level"": 70}"
Установи обдув на авто,ac_mode_set,"{""enabled"": true}"
Выключи обогрев сидений,seat_heater_set,"{""seat"": ""driver"", ""level"": 0}"
Включи дворники на среднем режиме,wipers_set,"{""speed"": ""medium""}"
Включи высокие фары,high_beam_set,"{""state"": ""on""}"
Как доехать до ближайшей заправки?,nav_start,"{""destination"": ""ближайшая заправка""}"
Отмени маршрут,nav_cancel,
Переключи на радио 95.5,radio_set,"{""frequency"": ""95.5""}"
Запусти музыку,play_music,
Сделай громче на десять,volume_change,"{""delta"": 10}"
Поставь громкость на 60%,volume_set,"{""level"": 60}"
Переключи на Bluetooth,media_source_set,"{""source"": ""bluetooth""}"
Приостанови музыку,media_pause,
Позвони другу,call_start,"{""contact"": ""друг""}"
Ответь на звонок,call_answer,
Погаси свет,headlights_set,"{""state"": ""off""}"
"Привет, как дела?",chitchat,
"Мне жарко, открой все окна",window_set,"{""action"": ""open"", ""window"": ""all""}"
Закрой люк,sunroof_close,
Включи кондиционер на 18 градусов,ac_set,"{""state"": ""on"", ""temperature"": 18}"
Сделай тише на пять,volume_change,"{""delta"": -5}"
Включи рециркуляцию,ac_mode_set,"{""enabled"": true}"
Давай поедем на юг,nav_start,"{""destination"": ""юг""}"
Выключи фары,headlights_set,"{""state"": ""off""}"
Приоткрой окно водителя,window_set,"{""action"": ""open"", ""window"": ""driver""}"
"Закрой все окна, пожалуйста",window_set,"{""action"": ""close"", ""window"": ""all""}"
"Сделай, чтобы окно пассажира было открыто на сто процентов",window_set,"{""action"": ""set"", ""window"": ""passenger"", ""percent"": 100}"
Поставь кондиционер на 20 градусов,ac_set,"{""state"": ""on"", ""temperature"": 20}"
Выключи кондиционер,ac_set,"{""state"": ""off""}"
Кондиционер на 25 градусов,ac_set,"{""state"": ""on"", ""temperature"": 25}"
Включи кондиционер,ac_on,
Выключи обогрев сиденья водителя,seat_heater_set,"{""seat"": ""driver"", ""level"": 0}"
Нагрей сиденье пассажира на 50%,seat_heater_set,"{""seat"": ""passenger"", ""level"": 50}"
Включи обогрев сиденья на максимум,seat_heater_set,"{""seat"": ""driver"", ""level"": 100}"
Сделай погромче на десять,volume_change,"{""delta"": 10}"
Уменьши громкость на 5,volume_change,"{""delta"": -5}"
Поставь громкость на 80 процентов,volume_set,"{""level"": 80}"
Слушай радио на 98.6,radio_set,"{""frequency"": ""98.6""}"
Поставь USB в качестве источника,media_source_set,"{""source"": ""usb""}"
Включи музыку,play_music,
Останови музыку,stop_music,
Как мне доехать до метро?,nav_start,"{""destination"": ""метро""}"
Отмени навигацию,nav_cancel,
Позвони Петру,call_start,"{""contact"": ""Петр""}"
Ответь на звонок,call_answer,
Забери звонок,call_hangup,
Включи фары,headlights_set,"{""state"": ""on""}"
Выключи дальний свет,high_beam_set,"{""state"": ""off""}"
Увеличь скорость дворников на максимум,wipers_set,"{""speed"": ""high""}"
Сделай дождевик на автомат,rain_set,"{""mode"": ""auto""}"
Привет,chitchat,
Как дела?,chitchat,
"Душно в салоне, открой окно",window_set,"{""action"": ""open"", ""window"": ""all""}"
Включи режим рециркуляции,ac_mode_set,"{""enabled"": true}"
Выключи музыку и остановись,media_pause,
Уменьши звук на 15,volume_change,"{""delta"": -15}"
Следующий трек,next_track,
Включи обогрев сиденья пассажира на 30%,seat_heater_set,"{""seat"": ""passenger"", ""level"": 30}"
Настрой радио на 102.5,radio_set,"{""frequency"": ""102.5""}"
Поставь режим повторения на все,media_repeat_set,"{""mode"": ""all""}"
Закрой люк,sunroof_set,"{""action"": ""close""}"
Приоткрой люк на 50 процентов,sunroof_set,"{""action"": ""open"", ""percent"": 50}"
Включи режим шумоподавления,ac_mode_set,"{""enabled"": false}"
Выключи обогрев руля,wheel_heater_set,"{""state"": ""off""}"
Закрой все окна,window_set,"{""action"": ""close"", ""window"": ""all""}"
Приоткрой стекло пассажира,window_set,"{""action"": ""open"", ""window"": ""passenger""}"
Открой окно у водителя на пятьдесят процентов,window_set,"{""action"": ""set"", ""window"": ""driver"", ""percent"": 50}"
Сделай температуру 22 градуса,ac_set,"{""state"": ""on"", ""temperature"": 22}"
Выключи кондиционер,ac_set,"{""state"": ""off"", ""temperature"": 0}"
Включи обдув на максимуме,ac_fan_set,"{""level"": 100, ""speed"": ""high""}"
Поставь кондиционер на 20 градусов,ac_set,"{""state"": ""on"", ""temperature"": 20}"
Выключи климат-контроль,ac_off,
Включи рециркуляцию воздуха,ac_mode_set,"{""enabled"": true}"
Сделай громче на десять,volume_change,"{""delta"": 10}"
Понизь громкость на три,volume_change,"{""delta"": -3}"
Сделай погромче на пятьдесят процентов,volume_set,"{""level"": 50}"
Включи радио на частоте 101.2,radio_set,"{""frequency"": ""101.2""}"
Включи Bluetooth,media_source_set,"{""source"": ""bluetooth""}"
Пауза в музыке,media_pause,
"Скажи, где ближайшая заправка",nav_start,"{""destination"": ""ближайшая заправка""}"
Как доехать до Пушкина?,nav_start,"{""destination"": ""Пушкина""}"
Отмени маршрут,nav_cancel,
Позвони маме,call_start,"{""contact"": ""мама""}"
Ответь на звонок,call_answer,
Закрой окно водителя,window_set,"{""action"": ""close"", ""window"": ""driver""}"
Включи обогрев сиденья пассажира,seat_heater_set,"{""seat"": ""passenger"", ""level"": 100}"
Выключи обогрев сидений,seat_heater_set,"{""seat"": ""driver"", ""level"": 0}"
Включи дворники на авто,wipers_set,"{""speed"": ""auto""}"
Сделай ближний свет фар,headlights_set,"{""state"": ""on""}"
Открой люк на половину,sunroof_set,"{""action"": ""open"", ""percent"": 50}"
Привет,chitchat,
Как дела?,chitchat,
Открой окно у водителя на тридцать процентов,window_set,"{""action"": ""set"", ""window"": ""driver"", ""percent"": 30}"
Закрой пассажирское окно,window_set,"{""action"": ""close"", ""window"": ""passenger""}"
"Можно, пожалуйста, открыть все окна?",window_set,"{""action"": ""open"", ""window"": ""all""}"
Приоткрой стекло сзади,window_set,"{""action"": ""open"", ""window"": ""passenger""}"
"Закрой все окна, тут холодно",window_set,"{""action"": ""close"", ""window"": ""all""}"
Включи кондиционер на двадцать градусов,ac_set,"{""state"": ""on"", ""temperature"": 20}"
Выключи кондиционер,ac_off,
Поставь кондиционер на двадцать пять,ac_set,"{""state"": ""on"", ""temperature"": 25}"
Сделай обдув на авто,ac_mode_set,"{""enabled"": true}"
Выключи обогрев сиденья водителя,seat_heater_set,"{""seat"": ""driver"", ""level"": 0}"
Включи обогрев сиденья пассажира на максимум,seat_heater_set,"{""seat"": ""passenger"", ""level"": 100}"
Включи вентилятор на низкой скорости,ac_fan_set,"{""level"": 50, ""speed"": ""low""}"
Включи подогрев сиденья,seat_heater_set,"{""seat"": ""driver"", ""level"": 75}"
Обогрев сиденья на пятнадцать процентов,seat_heater_set,"{""seat"": ""passenger"", ""level"": 15}"
Включи обдув заднего стекла,defrost_set,"{""state"": ""on"", ""target"": ""rear""}"
Закрой люк,sunroof_close,
Открой люк на пятьдесят процентов,sunroof_set,"{""action"": ""open"", ""percent"": 50}"
Сделай громче на три,volume_change,"{""delta"": 3}"
Убавь громкость на десять процентов,volume_change,"{""delta"": -10}"
Сделай потише,volume_change,"{""direction"": ""down""}"
Сделай громче,volume_change,"{""direction"": ""up""}"
Переключи на радио,media_source_set,"{""source"": ""radio""}"
Включи музыку,play_music,
Останови музыку,stop_music,
Переключи на следующую песню,next_track,
Приостанови воспроизведение,media_pause,
Настрой радио на восемьдесят семь целых пять,radio_set,"{""frequency"": ""87.5""}"
"Сделай так, чтобы играла только эта песня",media_repeat_set,"{""mode"": ""one""}"
Включи ротацию,media_shuffle_set,
Как доехать до аэропорта?,nav_start,"{""destination"": ""аэропорт""}"
Отмени маршрут,nav_cancel,
Позвони Алексею,call_start,"{""contact"": ""Алексей""}"
Ответь на звонок,call_answer,
Завершить разговор,call_hangup,
Включи фары,headlights_set,"{""state"": ""on""}"
Выключи дальний свет,high_beam_set,"{""state"": ""off""}"
Поставь стеклоочистители на авто,wipers_set,"{""speed"": ""auto""}"
Включи дождевик на низкой скорости,rain_set,"{""mode"": ""manual""}"
"Привет, как дела?",chitchat,
Как ты сегодня?,chitchat,
Как проходит твой день?,chitchat,
Открой окно водителя на тридцать процентов,window_set,"{""action"": ""set"", ""window"": ""driver"", ""percent"": 30}"
Закрой заднее окно полностью,window_set,"{""action"": ""close"", ""window"": ""all""}"
Приоткрой пассажирское стекло,window_set,"{""action"": ""open"", ""window"": ""passenger""}"
Поставь кондиционер на двадцать три градуса,ac_set,"{""state"": ""on"", ""temperature"": 23}"
Выключи климат-контроль,ac_off,
Поставь кондиционер в режим обдува,ac_mode_set,"{""enabled"": true}"
Сделай вентилятор на максимуме,ac_fan_set,"{""level"": 100, ""speed"": ""high""}"
Включи обогрев сиденья пассажира на 50%,seat_heater_set,"{""seat"": ""passenger"", ""level"": 50}"
Закрой люк,sunroof_close,
Включи музыку,play_music,
Приостанови воспроизведение,media_pause,
Переключи на следующую песню,next_track,
Сделай громче на десять,volume_change,"{""delta"": 10}"
Уменьши громкость на 20%,volume_change,"{""delta"": -20}"
Установи громкость на 75,volume_set,"{""level"": 75}"
Включи радио на частоте 92.5,radio_set,"{""frequency"": ""92.5""}"
Привет,chitchat,
Как дела?,chitchat,
"Навигатор, как доехать до ТЦ?",nav_start,"{""destination"": ""ТЦ""}"
Позвони маме,call_start,"{""contact"": ""мама""}"
Отключи дальний свет,high_beam_set,"{""state"": ""off""}"
Закрой окно водителя,window_set,"{""action"": ""close"", ""window"": ""driver""}"
Приоткрой окошко у пассажира на тридцать процентов,window_set,"{""action"": ""set"", ""window"": ""passenger"", ""percent"": 30}"
Открой все окна на десять процентов,window_set,"{""action"": ""set"", ""window"": ""all"", ""percent"": 10}"
Закрой все окна полностью,window_set,"{""action"": ""close"", ""window"": ""all""}"
Сделай температуру в салоне 22 градуса,ac_set,"{""state"": ""on"", ""temperature"": 22}"
"Выключи кондиционер, пожалуйста",ac_set,"{""state"": ""off"", ""temperature"": 0}"
Включи кондиционер и установи на двадцать градусов,ac_set,"{""state"": ""on"", ""temperature"": 20}"
Поставь кондиционер на 25 градусов,ac_set,"{""state"": ""on"", ""temperature"": 25}"
Выключи климат-контроль,ac_off,
Включи рециркуляцию воздуха,ac_mode_set,"{""enabled"": true}"
Отключи обдув стекол,ac_mode_set,"{""enabled"": false}"
Увеличь скорость вентилятора до максимума,ac_fan_set,"{""level"": 100, ""speed"": ""high""}"
Поставь скорость вентилятора на низкую,ac_fan_set,"{""level"": 20, ""speed"": ""low""}"
Включи обогрев сиденья водителя на 80 процентов,seat_heater_set,"{""seat"": ""driver"", ""level"": 80}"
Сделай обогрев сиденья пассажира на минимум,seat_heater_set,"{""seat"": ""passenger"", ""level"": 0}"
Включи вентилятор для сидения водителя на 50,seat_vent_set,"{""seat"": ""driver"", ""level"": 50}"
Поставь вентилятор на сиденье пассажира на 100 процентов,seat_vent_set,"{""seat"": ""passenger"", ""level"": 100}"
Включи обогрев заднего стекла,defrost_set,"{""state"": ""on"", ""target"": ""rear""}"
Выключи обдув переднего стекла,defrost_set,"{""state"": ""off"", ""target"": ""front""}"
Закрой люк на половину,sunroof_set,"{""action"": ""set"", ""percent"": 50}"
Открой люк полностью,sunroof_set,"{""action"": ""open"", ""percent"": 100}"
Закрой люк,sunroof_close,
Включи музыку,play_music,
Останови музыку,stop_music,
Приостанови воспроизведение,media_pause,
Следующий трек,next_track,
Предыдущий трек,previous_track,
Увеличь громкость на 5,volume_change,"{""delta"": 5}"
Сделай потише на десять,volume_change,"{""delta"": -10}"
Установи громкость на 70,volume_set,"{""level"": 70}"
Сделай громкость на минимум,volume_set,"{""level"": 0}"
Включи звук,volume_mute_set,"{""state"": ""off""}"
Выключи звук,volume_mute_set,"{""state"": ""on""}"
Поставь радио на 98.2,radio_set,"{""frequency"": ""98.2""}"
Настрой радио на частоту 105.0,radio_set,"{""frequency"": ""105.0""}"
Сделай выбор на Bluetooth,media_source_set,"{""source"": ""bluetooth""}"
Поставь AUX,media_source_set,"{""source"": ""aux""}"
Сделай повторение трека,media_repeat_set,"{""mode"": ""one""}"
Включи перемешивание треков,media_shuffle_set,{}
Начни навигацию до Красной площади,nav_start,"{""destination"": ""Красная площадь""}"
Отмени навигацию,nav_cancel,
Позвони Алексею,call_start,"{""contact"": ""Алексей""}"
Ответь на звонок,call_answer,
Заверши разговор,call_hangup,
Включи фары,headlights_set,"{""state"": ""on""}"
Выключи фары,headlights_set,"{""state"": ""off""}"
Включи дальний свет,high_beam_set,"{""state"": ""on""}"
Выключи дальний свет,high_beam_set,"{""state"": ""off""}"
Поставь дворники на авто,wipers_set,"{""speed"": ""auto""}"
Сделай скорость дворников высокой,wipers_set,"{""speed"": ""high""}"
Переключи режим на ручной,rain_set,"{""mode"": ""manual""}"
Как дела?,chitchat,
"Привет, как ты?",chitchat,
Что нового?,chitchat,
Закрой окно у пассажира на сто процентов,window_set,"{""action"": ""close"", ""window"": ""passenger""}"
Можно приоткрыть окно водителя?,window_set,"{""action"": ""open"", ""window"": ""driver""}"
Открой все окна,window_set,"{""action"": ""open"", ""window"": ""all""}"
Сделай громче на десять процентов,volume_change,"{""delta"": 10}"
Уменьши громкость на 5,volume_change,"{""delta"": -5}"
Поставь громкость на ноль,volume_set,"{""level"": 0}"
Включи кондиционер на 20 градусов,ac_set,"{""state"": ""on"", ""temperature"": 20}"
Выключи климат-контроль,ac_off,
Поставь кондиционер на 25,ac_set,"{""state"": ""on"", ""temperature"": 25}"
Сделай рециркуляцию кондиционера активной,ac_mode_set,"{""enabled"": true}"
Включи обогрев сиденья пассажира на 50%,seat_heater_set,"{""seat"": ""passenger"", ""level"": 50}"
"Можно, пожалуйста, выключить обогрев сидений?",seat_heater_set,"{""seat"": ""driver"", ""level"": 0}"
Включи обогрев для водителя на 100,seat_heater_set,"{""seat"": ""driver"", ""level"": 100}"
Как доехать до ближайшего кафе?,nav_start,"{""destination"": ""ближайшее кафе""}"
Отмени навигацию,nav_cancel,
Позвони Саше на мобильный,call_start,"{""contact"": ""Саша""}"
"Сделай так, чтобы фары включились",headlights_set,"{""state"": ""on""}"
Выключи фары,headlights_set,"{""state"": ""off""}"
Как дела?,chitchat,
Включи музыку,play_music,
Переключи на следующую песню,next_track,
Открой окно водителя на тридцать процентов,window_set,"{""action"": ""set"", ""window"": ""driver"", ""percent"": 30}"
"Закрой все окна, пожалуйста",window_set,"{""action"": ""close"", ""window"": ""all""}"
"Пожалуйста, приоткрой стекло у пассажира",window_set,"{""action"": ""open"", ""window"": ""passenger""}"
"Мне жарко, закрой окно",window_set,"{""action"": ""close"", ""window"": ""all""}"
Приоткрой окошко на 50 процентов,window_set,"{""action"": ""set"", ""window"": ""all"", ""percent"": 50}"
Включи кондиционер на двадцать градусов,ac_set,"{""state"": ""on"", ""temperature"": 20}"
Сделай кондиционер холоднее,ac_set,"{""state"": ""on"", ""temperature"": 18}"
Выключи кондиционер,ac_off,
Поставь режим обдува включенным,ac_mode_set,"{""enabled"": true}"
Увеличь скорость вентилятора на 50,ac_fan_set,"{""level"": 50, ""speed"": ""medium""}"
Включи обогрев сиденья водителя на 70,seat_heater_set,"{""seat"": ""driver"", ""level"": 70}"
"Пожалуйста, включи обогрев сиденья пассажира",seat_heater_set,"{""seat"": ""passenger"", ""level"": 100}"
Включи обдув стекла,defrost_set,"{""state"": ""on"", ""target"": ""front""}"
Закрой люк полностью,sunroof_set,"{""action"": ""close"", ""percent"": 100}"
Открой люк на 20 процентов,sunroof_set,"{""action"": ""open"", ""percent"": 20}"
Сделай громче на пять,volume_change,"{""delta"": 5}"
Убавь громкость на десять процентов,volume_change,"{""delta"": -10}"
Установи громкость на 50,volume_set,"{""level"": 50}"
Приглуши звук,volume_mute_set,"{""state"": ""on""}"
Поставь радио на частоту 92.5,radio_set,"{""frequency"": ""92.5""}"
Включи музыку,play_music,
Переключи на следующий трек,next_track,
Сделай паузу в музыке,media_pause,
Как доехать до метро?,nav_start,"{""destination"": ""метро""}"
Отмени маршрут,nav_cancel,
Позвони Алексею,call_start,"{""contact"": ""Алексей""}"
Ответь на звонок,call_answer,
Завершить разговор,call_hangup,
Включи фары,headlights_set,"{""state"": ""on""}"
Выключи дальний свет,high_beam_set,"{""state"": ""off""}"
Установи дворники на авто,wipers_set,"{""speed"": ""auto""}"
Переключи на ручной режим дождя,rain_set,"{""mode"": ""manual""}"
Как дела?,chitchat,
"Привет, как ты?",chitchat,
Приоткрой окно водителя на пятьдесят процентов,window_set,"{""action"": ""set"", ""window"": ""driver"", ""percent"": 50}"
Закрой окно пассажира полностью,window_set,"{""action"": ""close"", ""window"": ""passenger""}"
"Открой все окна, пожалуйста",window_set,"{""action"": ""open"", ""window"": ""all""}"
Сделай температуру в салоне 22 градуса,ac_set,"{""state"": ""on"", ""temperature"": 22}"
Выключи кондиционер,ac_off,
Включи обогрев сиденья водителя на максимум,seat_heater_set,"{""seat"": ""driver"", ""level"": 100}"
Включи обогрев сидения пассажира на тридцать процентов,seat_heater_set,"{""seat"": ""passenger"", ""level"": 30}"
Установи скорость вентилятора на высокую,ac_fan_set,"{""level"": 100, ""speed"": ""high""}"
Сделай погромче на десять,volume_change,"{""delta"": 10}"
Уменьши громкость на восемь процентов,volume_change,"{""delta"": -8}"
Сделай громкость на семьдесят процентов,volume_set,"{""level"": 70}"
Отключи звук,volume_mute_set,"{""state"": ""on""}"
Переключи на Bluetooth,media_source_set,"{""source"": ""bluetooth""}"
Поставь радиостанцию на 98.6,radio_set,"{""frequency"": ""98.6""}"
Как доехать до аэропорта?,nav_start,"{""destination"": ""аэропорт""}"
Прерви навигацию,nav_cancel,
Позвони Светлане,call_start,"{""contact"": ""Светлана""}"
Ответь на звонок,call_answer,
Выключи дальний свет,high_beam_set,"{""state"": ""off""}"
Включи передние дворники на авто,wipers_set,"{""speed"": ""auto""}"
"Привет, как дела?",chitchat,
"Душно, открой крышу",sunroof_set,"{""action"": ""open"", ""percent"": 100}"
Открой окно водителя на четверть,window_set,"{""action"": ""set"", ""window"": ""driver"", ""percent"": 25}"
Приоткрой пассажирское стекло,window_set,"{""action"": ""open"", ""window"": ""passenger""}"
"Закрой все окна, пожалуйста",window_set,"{""action"": ""close"", ""window"": ""all""}"
Сделай кондиционер на 20 градусов,ac_set,"{""state"": ""on"", ""temperature"": 20}"
"Выключи климат, мне жарко",ac_off,
Включи рециркуляцию воздуха,ac_mode_set,"{""enabled"": true}"
Поставь на обдув лобовое стекло,defrost_set,"{""state"": ""on"", ""target"": ""front""}"
Увеличь скорость вентилятора до максимума,ac_fan_set,"{""level"": 100, ""speed"": ""high""}"
Включи обогрев сиденья пассажира на 50 процентов,seat_heater_set,"{""seat"": ""passenger"", ""level"": 50}"
Выключи обогрев на водительском сиденье,seat_heater_set,"{""seat"": ""driver"", ""level"": 0}"
Закрой люк на 70 процентов,sunroof_set,"{""action"": ""close"", ""percent"": 70}"
Давай музыку,play_music,
Останови музыку,stop_music,
Следующий трек,next_track,
Сделай тише на 10,volume_change,"{""delta"": -10}"
Установи громкость на 80 процентов,volume_set,"{""level"": 80}"
Подключи радио на частоте 95.5,radio_set,"{""frequency"": ""95.5""}"
Поставь на Bluetooth,media_source_set,"{""source"": ""bluetooth""}"
Как добраться до Кремля?,nav_start,"{""destination"": ""Кремль""}"
Отмени навигацию,nav_cancel,
Позвони Петру,call_start,"{""contact"": ""Петр""}"
Ответь на звонок,call_answer,
Заверши звонок,call_hangup,
Включи фары,headlights_set,"{""state"": ""on""}"
Убери высокие фары,high_beam_set,"{""state"": ""off""}"
Увеличь скорость дворников,wipers_set,"{""speed"": ""high""}"
"Дай мне знать, если пойдет дождь",rain_set,"{""mode"": ""auto""}"
Включи обогрев руля,wheel_heater_set,"{""state"": ""on""}"
"Привет, как дела?",chitchat,
Что нового?,chitchat,
Открой окно у водителя,window_set,"{""action"": ""open"", ""window"": ""driver""}"
Закрой заднее окно полностью,window_set,"{""action"": ""close"", ""window"": ""all""}"
Приоткрой окно у пассажира на двадцать процентов,window_set,"{""action"": ""set"", ""window"": ""passenger"", ""percent"": 20}"
Закрой все окна,window_set,"{""action"": ""close"", ""window"": ""all""}"
Открой окно на пятьдесят процентов,window_set,"{""action"": ""set"", ""window"": ""driver"", ""percent"": 50}"
Включи кондиционер на двадцать градусов,ac_set,"{""state"": ""on"", ""temperature"": 20}"
Выключи кондиционер,ac_set,"{""state"": ""off""}"
Установи кондиционер на тридцать градусов,ac_set,"{""state"": ""on"", ""temperature"": 30}"
Выключи климат-контроль,ac_off,
Включи рециркуляцию,ac_mode_set,"{""enabled"": true}"
Отключи обдув,ac_mode_set,"{""enabled"": false}"
Поставь обогрев сиденья пассажира на восемьдесят процентов,seat_heater_set,"{""seat"": ""passenger"", ""level"": 80}"
Включи обогрев сиденья водителя,seat_heater_set,"{""seat"": ""driver"", ""level"": 100}"
Выключи обогрев сидений,seat_heater_set,"{""seat"": ""driver"", ""level"": 0}"
Поставь вентилятор кондиционера на средний уровень,ac_fan_set,"{""level"": 50, ""speed"": ""medium""}"
Увеличь скорость вентилятора,ac_fan_set,"{""level"": 70, ""speed"": ""high""}"
Отключи задний обогрев,defrost_set,"{""state"": ""off"", ""target"": ""rear""}"
Включи передний обогрев,defrost_set,"{""state"": ""on"", ""target"": ""front""}"
Открой люк на семьдесят процентов,sunroof_set,"{""action"": ""open"", ""percent"": 70}"
Закрой люк полностью,sunroof_set,"{""action"": ""close""}"
Включи радио на частоте 98.5,radio_set,"{""frequency"": ""98.5""}"
Переключи на следующую песню,next_track,
Приостанови музыку,media_pause,
Увеличь громкость на десять,volume_change,"{""delta"": 10}"
Сделай потише на пять,volume_change,"{""delta"": -5}"
Поставь громкость на восемьдесят процентов,volume_set,"{""level"": 80}"
Поставь Bluetooth в качестве источника,media_source_set,"{""source"": ""bluetooth""}"
Переключи на радио,media_source_set,"{""source"": ""radio""}"
Как доехать до аэропорта?,nav_start,"{""destination"": ""аэропорт""}"
Отмени навигацию,nav_cancel,
Позвони Алексею,call_start,"{""contact"": ""Алексей""}"
Ответь на звонок,call_answer,
Закончить разговор,call_hangup,
Включи фары,headlights_set,"{""state"": ""on""}"
Выключи дальний свет,high_beam_set,"{""state"": ""off""}"
Включи дождевик на авто,rain_set,"{""mode"": ""auto""}"
Как дела?,chitchat,
"Привет, как ты?",chitchat,
Приоткрой окно водителя,window_set,"{""action"": ""open"", ""window"": ""driver""}"
Закрой окно на заднем сиденье,window_set,"{""action"": ""close"", ""window"": ""passenger""}"
"Сделай так, чтобы стекло водителя было приоткрыто на двадцать процентов",window_set,"{""action"": ""set"", ""window"": ""driver"", ""percent"": 20}"
Сделай полное открытие окна у пассажира,window_set,"{""action"": ""open"", ""window"": ""passenger""}"
"Закрой все окна, пожалуйста",window_set,"{""action"": ""close"", ""window"": ""all""}"
Включи кондиционер и поставь 20 градусов,ac_set,"{""state"": ""on"", ""temperature"": 20}"
Выключи климат-контроль,ac_off,
"Сделай тепло, температура 25",ac_set,"{""state"": ""on"", ""temperature"": 25}"
Сделай кондиционер на 16 градусов,ac_set,"{""state"": ""on"", ""temperature"": 16}"
Включи рециркуляцию,ac_mode_set,"{""enabled"": true}"
Включи обогрев сиденья водителя на 50%,seat_heater_set,"{""seat"": ""driver"", ""level"": 50}"
Включи вентиляцию сидения пассажира на максимуме,seat_vent_set,"{""seat"": ""passenger"", ""level"": 100}"
Включи обогрев сидения на заднем сиденье,seat_heater_set,"{""seat"": ""passenger"", ""level"": 30}"
Выключи обогрев,seat_heater_set,"{""seat"": ""driver"", ""level"": 0}"
Включи обогрев сиденья на 80%,seat_heater_set,"{""seat"": ""driver"", ""level"": 80}"
Включи дворники на авто,wipers_set,"{""speed"": ""auto""}"
Установи скорость дворников на низкую,wipers_set,"{""speed"": ""low""}"
Включи дворники на высокой скорости,wipers_set,"{""speed"": ""high""}"
Выключи дворники,wipers_set,"{""speed"": ""off""}"
Как доехать до ближайшей заправки?,nav_start,"{""destination"": ""ближайшая заправка""}"
Отмени навигацию,nav_cancel,
Позвони маме,call_start,"{""contact"": ""мама""}"
Ответь на звонок,call_answer,
Заверши текущий звонок,call_hangup,
Включи радио на 95.5,radio_set,"{""frequency"": ""95.5""}"
Сделай громкость на 30%,volume_set,"{""level"": 30}"
Увеличь громкость на десять,volume_change,"{""delta"": 10}"
Выключи музыку,stop_music,
Переключи на следующий трек,next_track,
Поставь источник USB,media_source_set,"{""source"": ""usb""}"
Сделай потише на пять единиц,volume_change,"{""delta"": -5}"
Включи обогрев руля,wheel_heater_set,"{""state"": ""on""}"
Включи дальний свет,high_beam_set,"{""state"": ""on""}"
Как дела?,chitchat,
"Включи музыку, пожалуйста",play_music,
Сделай громче на 15,volume_change,"{""delta"": 15}"
Выключи свет,headlights_set,"{""state"": ""off""}"
Включи свет на автомате,headlights_set,"{""state"": ""auto""}"
Приоткрой окно у водителя на тридцать процентов,window_set,"{""action"": ""set"", ""window"": ""driver"", ""percent"": 30}"
Закрой все окна,window_set,"{""action"": ""close"", ""window"": ""all""}"
"Пожалуйста, открой пассажирское окно",window_set,"{""action"": ""open"", ""window"": ""passenger""}"
Закрой окно сзади полностью,window_set,"{""action"": ""close"", ""window"": ""rear""}"
Открой все окна на половину,window_set,"{""action"": ""set"", ""window"": ""all"", ""percent"": 50}"
Включи кондиционер на 20 градусов,ac_set,"{""state"": ""on"", ""temperature"": 20}"
"Выключи кондиционер, пожалуйста",ac_set,"{""state"": ""off"", ""temperature"": 0}"
Сделай холоднее до 18 градусов,ac_set,"{""state"": ""on"", ""temperature"": 18}"
Поставь кондиционер на 24,ac_set,"{""state"": ""on"", ""temperature"": 24}"
Включи рециркуляцию воздуха,ac_mode_set,"{""enabled"": true}"
Выключи обдув,ac_mode_set,"{""enabled"": false}"
Включи обогрев сиденья у пассажира на 70 процентов,seat_heater_set,"{""seat"": ""passenger"", ""level"": 70}"
Выключи обогрев сиденья водителя,seat_heater_set,"{""seat"": ""driver"", ""level"": 0}"
"Пожалуйста, поставь обогрев сиденья на максимум",seat_heater_set,"{""seat"": ""driver"", ""level"": 100}"
Включи обогрев сиденья на 50,seat_heater_set,"{""seat"": ""passenger"", ""level"": 50}"
Поставь вентилятор на среднюю скорость,ac_fan_set,"{""level"": 50, ""speed"": ""medium""}"
Сделай вентилятор на максимум,ac_fan_set,"{""level"": 100, ""speed"": ""high""}"
Выключи обогрев руля,wheel_heater_set,"{""state"": ""off""}"
Включи обогрев руля,wheel_heater_set,"{""state"": ""on""}"
Выключи стеклоочистители,wipers_set,"{""speed"": ""off""}"
Поставь стеклоочистители на низкую скорость,wipers_set,"{""speed"": ""low""}"
Включи стеклоочистители на высокой скорости,wipers_set,"{""speed"": ""high""}"
Как доехать до Кремля?,nav_start,"{""destination"": ""Кремль""}"
Найди дорогу до ближайшей заправки,nav_start,"{""destination"": ""ближайшая заправка""}"
Отмени маршрут,nav_cancel,
Позвони другу,call_start,"{""contact"": ""друг""}"
"Пожалуйста, позвони Марии",call_start,"{""contact"": ""Мария""}"
Ответь на звонок,call_answer,
Повесь трубку,call_hangup,
Сделай громче на 10,volume_change,"{""delta"": 10}"
Убавь громкость на 5 единиц,volume_change,"{""delta"": -5}"
Поставь громкость на 80 процентов,volume_set,"{""level"": 80}"
Выключи звук,volume_mute_set,"{""state"": ""on""}"
Поставь источник на радио,media_source_set,"{""source"": ""radio""}"
Включи музыку,play_music,
Поставь следующий трек,next_track,
Приостанови воспроизведение,media_pause,
Переключи на предыдущий трек,previous_track,
Запусти радио на частоте 98.5,radio_set,"{""frequency"": ""98.5""}"
Настрой радио на 101.2,radio_set,"{""frequency"": ""101.2""}"
Включи шазам,media_shuffle_set,{}
Как дела?,chitchat,
"Привет, как ты?",chitchat,
Что нового?,chitchat,
Приоткрой окно у водителя на тридцать процентов,window_set,"{""action"": ""set"", ""window"": ""driver"", ""percent"": 30}"
"Закрой пассажирское окно полностью, пожалуйста",window_set,"{""action"": ""close"", ""window"": ""passenger""}"
Открой все окна,window_set,"{""action"": ""open"", ""window"": ""all""}"
Закрой окно сзади наполовину,window_set,"{""action"": ""set"", ""window"": ""rear"", ""percent"": 50}"
Сделай кондиционер холоднее на 5 градусов,ac_set,"{""state"": ""on"", ""temperature"": 21}"
Включи кондиционер и установи 22 градуса,ac_set,"{""state"": ""on"", ""temperature"": 22}"
Выключи кондиционер,ac_off,
Включи рециркуляцию воздуха,ac_mode_set,"{""enabled"": true}"
Установи вентилятор на максимум,ac_fan_set,"{""level"": 100, ""speed"": ""high""}"
Включи обогрев сиденья пассажира на 80 процентов,seat_heater_set,"{""seat"": ""passenger"", ""level"": 80}"
Включи вентиляцию сиденья водителя,seat_vent_set,"{""seat"": ""driver"", ""level"": 100}"
Включи обогрев сиденья водителя на 50,seat_heater_set,"{""seat"": ""driver"", ""level"": 50}"
Поставь обогрев сиденья на ноль,seat_heater_set,"{""seat"": ""driver"", ""level"": 0}"
Включи обогрев лобового стекла,defrost_set,"{""state"": ""on"", ""target"": ""front""}"
Выключи обогрев заднего стекла,defrost_set,"{""state"": ""off"", ""target"": ""rear""}"
Закрой люк на десять процентов,sunroof_set,"{""action"": ""close"", ""percent"": 10}"
Открой люк полностью,sunroof_set,"{""action"": ""open"", ""percent"": 100}"
Закрой люк,sunroof_close,
Включи музыку,play_music,
Останови музыку,stop_music,
Сделай погромче на 10,volume_change,"{""delta"": 10}"
Уменьши громкость на 20 процентов,volume_change,"{""delta"": -20}"
Поставь громкость на 50,volume_set,"{""level"": 50}"
Выключи звук,volume_mute_set,"{""state"": ""on""}"
Переключи на радио,media_source_set,"{""source"": ""radio""}"
Следующий трек,next_track,
Предыдущий трек,previous_track,
Установи частоту на 95.5,radio_set,"{""frequency"": ""95.5""}"
Повтори эту песню,media_repeat_set,"{""mode"": ""one""}"
Включи перемешивание,media_shuffle_set,
Проложи маршрут до магазина,nav_start,"{""destination"": ""магазин""}"
Отмени навигацию,nav_cancel,
Позвони Петру,call_start,"{""contact"": ""Петр""}"
Ответь на звонок,call_answer,
Заверши звонок,call_hangup,
Включи фары,headlights_set,"{""state"": ""on""}"
Выключи дальний свет,high_beam_set,"{""state"": ""off""}"
Установи дворники на авто,wipers_set,"{""speed"": ""auto""}"
Включи дождь в ручном режиме,rain_set,"{""mode"": ""manual""}"
Включи обогрев руля,wheel_heater_set,"{""state"": ""on""}"
"Привет, как дела?",chitchat,
Как ты?,chitchat,
Что нового?,chitchat,
Открой окно водителя на сто процентов,window_set,"{""action"": ""open"", ""window"": ""driver"", ""percent"": 100}"
Приоткрой стекло пассажира,window_set,"{""action"": ""open"", ""window"": ""passenger""}"
"Закрой все окна, пожалуйста",window_set,"{""action"": ""close"", ""window"": ""all""}"
Поставь кондиционер на двадцать один градус,ac_set,"{""state"": ""on"", ""temperature"": 21}"
Выключи кондиционер,ac_off,
Включи обдув на авто,ac_mode_set,"{""enabled"": true}"
Сделай прохладнее на три градуса,ac_set,"{""state"": ""on"", ""temperature"": 19}"
Выстави температуру на 24 градуса,ac_set,"{""state"": ""on"", ""temperature"": 24}"
Заведи двигатель и включи кондиционер,ac_set,"{""state"": ""on"", ""temperature"": 22}"
Включи обогрев сиденья для водителя,seat_heater_set,"{""seat"": ""driver"", ""level"": 100}"
Сделай обогрев на 50 процентов,seat_heater_set,"{""seat"": ""passenger"", ""level"": 50}"
Увеличь обогрев для сиденья пассажира,seat_heater_set,"{""seat"": ""passenger"", ""level"": 80}"
Открой люк на 30 процентов,sunroof_set,"{""action"": ""open"", ""percent"": 30}"
Закрой люк,sunroof_close,
Сделай стеклообогрев на переднем стекле,defrost_set,"{""state"": ""on"", ""target"": ""front""}"
Включи дворники на авто,wipers_set,"{""speed"": ""auto""}"
Прибавь громкость на 5,volume_change,"{""delta"": 5}"
Сделай погромче на 10 единиц,volume_change,"{""delta"": 10}"
Уменьши громкость на 20 процентов,volume_change,"{""direction"": ""down""}"
Поставь радио на частоту 99.0,radio_set,"{""frequency"": ""99.0""}"
Переключи на следующий трек,next_track,
Останови воспроизведение музыки,stop_music,
Как добраться до Красной площади?,nav_start,"{""destination"": ""Красная площадь""}"
Прерви навигацию,nav_cancel,
Позвони маме,call_start,"{""contact"": ""мама""}"
Ответь на звонок,call_answer,
Заверши звонок,call_hangup,
Включи фары,headlights_set,"{""state"": ""on""}"
Поставь дворники на высокую скорость,wipers_set,"{""speed"": ""high""}"
Сделай громче музыку на 15,volume_change,"{""delta"": 15}"
Сделай это потише,volume_change,"{""direction"": ""down""}"
"Привет, как дела?",chitchat,
Сколько сейчас времени?,chitchat,
Закрой окно у водителя,window_set,"{""action"": ""close"", ""window"": ""driver""}"
"Пожалуйста, открой полностью окно пассажира",window_set,"{""action"": ""open"", ""window"": ""passenger""}"
Приоткрой стекло у всех окон на тридцать процентов,window_set,"{""action"": ""set"", ""window"": ""all"", ""percent"": 30}"
Сделай кондиционер на двадцать градусов,ac_set,"{""state"": ""on"", ""temperature"": 20}"
Выключи кондиционер,ac_off,
Включи обдув на максимуме,ac_mode_set,"{""enabled"": true}"
Установи обогрев сиденья водителя на семьдесят процентов,seat_heater_set,"{""seat"": ""driver"", ""level"": 70}"
Можно включить обогрев сиденья пассажира на полный максимум?,seat_heater_set,"{""seat"": ""passenger"", ""level"": 100}"
Включи обогрев сиденья на тридцать процентов,seat_heater_set,"{""seat"": ""passenger"", ""level"": 30}"
Сделай громче на десять,volume_change,"{""delta"": 10}"
Поставь громкость на восемьдесят процентов,volume_set,"{""level"": 80}"
Выключи звук,volume_mute_set,"{""state"": ""on""}"
Сделай потише на пять,volume_change,"{""delta"": -5}"
Включи радио на частоте девяносто,radio_set,"{""frequency"": ""90.0""}"
Переключи на следующий трек,next_track,
Запусти музыку,play_music,
Направь меня к метро,nav_start,"{""destination"": ""метро""}"
Отмени навигацию,nav_cancel,
Позвони мне,call_start,"{""contact"": ""я""}"
Ответь на звонок,call_answer,
Звони Андрею,call_start,"{""contact"": ""Андрей""}"
Включи фары,headlights_set,"{""state"": ""on""}"
Включи дальний свет,high_beam_set,"{""state"": ""on""}"
Поставь стеклоочистители на авто,rain_set,"{""mode"": ""auto""}"
Как дела?,chitchat,
"Привет, как ты?",chitchat,
Выключи музыку,stop_music,
Сделай кондиционер холоднее,ac_set,"{""state"": ""on"", ""temperature"": 16}"
Сделай вентилятор на низкой скорости,ac_fan_set,"{""level"": 30, ""speed"": ""low""}"
Открой люк на тридцать процентов,sunroof_set,"{""action"": ""open"", ""percent"": 30}"
Закрой люк,sunroof_close,
Включи рециркуляцию,ac_mode_set,"{""enabled"": true}"
Поставь громкость на сто процентов,volume_set,"{""level"": 100}"
Переключи на радиостанцию Европа Плюс,radio_set_station,"{""station"": ""Европа Плюс""}"
Открой окно у водителя,window_set,"{""action"": ""open"", ""window"": ""driver""}"
"Закрой все окна, пожалуйста",window_set,"{""action"": ""close"", ""window"": ""all""}"
Приоткрой пассажирское стекло на тридцать процентов,window_set,"{""action"": ""set"", ""window"": ""passenger"", ""percent"": 30}"
Можно сделать чуть теплее в салоне?,ac_set,"{""state"": ""on"", ""temperature"": 24}"
Выключи кондиционер,ac_off,
Поставь режим обдува,ac_mode_set,"{""enabled"": true}"
Сделай обогрев сиденья водителя на максимум,seat_heater_set,"{""seat"": ""driver"", ""level"": 100}"
Включи кондиционер на 22 градуса,ac_set,"{""state"": ""on"", ""temperature"": 22}"
Увеличь громкость на десять,volume_change,"{""delta"": 10}"
Поставь уровень громкости на восемьдесят,volume_set,"{""level"": 80}"
Переключи на следующую трек,next_track,
Уменьши звук на двадцать процентов,volume_change,"{""delta"": -20}"
Включи радио на частоте 98.5,radio_set,"{""frequency"": ""98.5""}"
Поставь источник на USB,media_source_set,"{""source"": ""usb""}"
Звони Кате,call_start,"{""contact"": ""Катя""}"
Как добраться до аэропорта?,nav_start,"{""destination"": ""аэропорт""}"
"Пожалуйста, выключи дворники",wipers_set,"{""speed"": ""off""}"
Закрой люк на половину,sunroof_set,"{""action"": ""set"", ""percent"": 50}"
Как дела?,chitchat,
Сделай громче на три,volume_change,"{""delta"": 3}"
Поставь музыку на паузу,media_pause,
Приоткрой стекло у водителя на тридцать процентов,window_set,"{""action"": ""set"", ""window"": ""driver"", ""percent"": 30}"
"Закрой все окна, пожалуйста",window_set,"{""action"": ""close"", ""window"": ""all""}"
Открой пассажирское окно полностью,window_set,"{""action"": ""open"", ""window"": ""passenger""}"
Сделай температуру в кондиционере 20 градусов,ac_set,"{""state"": ""on"", ""temperature"": 20}"
Выключи кондиционер,ac_off,
Включи климат-контроль на 25 градусов,ac_set,"{""state"": ""on"", ""temperature"": 25}"
Включи рециркуляцию воздуха,ac_mode_set,"{""enabled"": true}"
Поставь вентилятор на высокую скорость,ac_fan_set,"{""level"": 100, ""speed"": ""high""}"
Включи обогрев сиденья пассажира на 70 процентов,seat_heater_set,"{""seat"": ""passenger"", ""level"": 70}"
Выключи обогрев сиденья водителя,seat_heater_set,"{""seat"": ""driver"", ""level"": 0}"
Включи обогрев сиденья на максимум,seat_heater_set,"{""seat"": ""driver"", ""level"": 100}"
Включи обдув лобового стекла,defrost_set,"{""state"": ""on"", ""target"": ""front""}"
Закрой люк,sunroof_close,
Открой люк на 50 процентов,sunroof_set,"{""action"": ""open"", ""percent"": 50}"
Слушай музыку,play_music,
Приостанови музыку,media_pause,
Переключи на следующую песню,next_track,
Сделай громче на десять,volume_change,"{""delta"": 10}"
Уменьши громкость на пятнадцать процентов,volume_change,"{""delta"": -15}"
Выключи звук,volume_mute_set,"{""state"": ""on""}"
Поставь радио на частоте 92.7,radio_set,"{""frequency"": ""92.7""}"
Как доехать до ближайшего магазина?,nav_start,"{""destination"": ""ближайший магазин""}"
Отмени навигацию,nav_cancel,
Позвони Анне,call_start,"{""contact"": ""Анна""}"
Ответь на звонок,call_answer,
Заверши звонок,call_hangup,
Включи фары,headlights_set,"{""state"": ""on""}"
Выключи дальний свет,high_beam_set,"{""state"": ""off""}"
Увеличь скорость стеклоочистителей до средней,wipers_set,"{""speed"": ""medium""}"
Сделай режим дождя авто,rain_set,"{""mode"": ""auto""}"
Включи обогрев руля,wheel_heater_set,"{""state"": ""on""}"
Привет,chitchat,
Как дела?,chitchat,
Открой окно водителя,window_set,"{""action"": ""open"", ""window"": ""driver""}"
Закрой пассажирское стекло на 30 процентов,window_set,"{""action"": ""set"", ""window"": ""passenger"", ""percent"": 30}"
Приоткрой окошко сзади,window_set,"{""action"": ""open"", ""window"": ""all""}"
Закрой все окна,window_set,"{""action"": ""close"", ""window"": ""all""}"
Включи кондиционер на 20 градусов,ac_set,"{""state"": ""on"", ""temperature"": 20}"
"Поставь кондиционер на 25 градусов, пожалуйста",ac_set,"{""state"": ""on"", ""temperature"": 25}"
Выключи кондиционер,ac_off,
Включи обогрев сиденья водителя на максимум,seat_heater_set,"{""seat"": ""driver"", ""level"": 100}"
Сделай уровень обогрева пассажирского сиденья на 50,seat_heater_set,"{""seat"": ""passenger"", ""level"": 50}"
Включи режим рециркуляции в климате,ac_mode_set,"{""enabled"": true}"
Установи скорость вентилятора на низкую,ac_fan_set,"{""level"": 30, ""speed"": ""low""}"
Увеличь скорость вентилятора до максимума,ac_fan_set,"{""level"": 100, ""speed"": ""high""}"
Включи подогрев сиденья,seat_heater_set,"{""seat"": ""driver"", ""level"": 75}"
Закрой люк,sunroof_close,
Открой люк на 70 процентов,sunroof_set,"{""action"": ""open"", ""percent"": 70}"
Отключи дворники,wipers_set,"{""speed"": ""off""}"
Сделай дворники на авто,rain_set,"{""mode"": ""auto""}"
Сделай громче на десять,volume_change,"{""delta"": 10}"
Сделай потише на 5,volume_change,"{""delta"": -5}"
Установи громкость на 50 процентов,volume_set,"{""level"": 50}"
Включи музыку,play_music,
Останови музыку,stop_music,
Сделай паузу в воспроизведении,media_pause,
Переключи на следующую композицию,next_track,
Вернись к предыдущему треку,previous_track,
Сделай приглушение звука,volume_mute_set,"{""state"": ""on""}"
Установи источник на Bluetooth,media_source_set,"{""source"": ""bluetooth""}"
Установи частоту радио на 98.3,radio_set,"{""frequency"": ""98.3""}"
Запусти навигацию до Маяка,nav_start,"{""destination"": ""Маяк""}"
Отмени навигацию,nav_cancel,
Позвони Вике,call_start,"{""contact"": ""Вика""}"
Ответь на звонок,call_answer,
Заверши разговор,call_hangup,
Включи фары,headlights_set,"{""state"": ""on""}"
Включи дальний свет,high_beam_set,"{""state"": ""on""}"
Поставь скорость стеклоочистителей на среднюю,wipers_set,"{""speed"": ""medium""}"
Как дела?,chitchat,
"Привет, как ты?",chitchat,
Приоткрой окно водителя,window_set,"{""action"": ""open"", ""window"": ""driver""}"
Закрой все окна на сто процентов,window_set,"{""action"": ""close"", ""window"": ""all""}"
Открой пассажирское стекло на тридцать процентов,window_set,"{""action"": ""set"", ""window"": ""passenger"", ""percent"": 30}"
"Сделай кондиционер холоднее, поставь 18 градусов",ac_set,"{""state"": ""on"", ""temperature"": 18}"
Выключи кондиционер,ac_off,
Поставь режим обдува на авто,ac_mode_set,"{""enabled"": true}"
Включи обогрев сиденья пассажира на восемьдесят процентов,seat_heater_set,"{""seat"": ""passenger"", ""level"": 80}"
Сделай вентиляцию сиденья водителя на полную,seat_vent_set,"{""seat"": ""driver"", ""level"": 100}"
Включи задний обогрев,defrost_set,"{""state"": ""on"", ""target"": ""rear""}"
Закрой люк,sunroof_close,
Открой люк на сорок процентов,sunroof_set,"{""action"": ""open"", ""percent"": 40}"
Включи музыку,play_music,
Останови музыку,stop_music,
Поставь на паузу,media_pause,
Следующий трек,next_track,
Вернись на предыдущий трек,previous_track,
Сделай громче на десять,volume_change,"{""delta"": 10}"
Убавь громкость на 15,volume_change,"{""delta"": -15}"
Установи громкость на семьдесят процентов,volume_set,"{""level"": 70}"
Включи режим громкой связи,volume_mute_set,"{""state"": ""off""}"
Выбери Bluetooth как источник,media_source_set,"{""source"": ""bluetooth""}"
Включи повтор на все,media_repeat_set,"{""mode"": ""all""}"
Перемешай треки,media_shuffle_set,
Настрой радио на 101.5,radio_set,"{""frequency"": ""101.5""}"
Выбери станцию Маяк,radio_set_station,"{""station"": ""Маяк""}"
Навигируй меня до Ленина,nav_start,"{""destination"": ""Ленина""}"
Отмени навигацию,nav_cancel,
Позвони Саше,call_start,"{""contact"": ""Саша""}"
Ответь на звонок,call_answer,
Заверши разговор,call_hangup,
Включи фары,headlights_set,"{""state"": ""on""}"
Выключи дальний свет,high_beam_set,"{""state"": ""off""}"
Установи скорость дворников на авто,wipers_set,"{""speed"": ""auto""}"
Включи дождь в ручном режиме,rain_set,"{""mode"": ""manual""}"
Включи обогрев руля,wheel_heater_set,"{""state"": ""on""}"
Привет,chitchat,
Как дела?,chitchat,
На улице жарко,chitchat,
Открой окно у водителя на тридцать процентов,window_set,"{""action"": ""set"", ""window"": ""driver"", ""percent"": 30}"
"Закрой все окна, пожалуйста",window_set,"{""action"": ""close"", ""window"": ""all""}"
Придвинь стекло на половину,window_set,"{""action"": ""set"", ""window"": ""passenger"", ""percent"": 50}"
Сделай нажатие стекла у пассажира,window_set,"{""action"": ""open"", ""window"": ""passenger""}"
Закрой стекло,window_set,"{""action"": ""close"", ""window"": ""driver""}"
Включи кондиционер на 22 градуса,ac_set,"{""state"": ""on"", ""temperature"": 22}"
Кондиционер выключить,ac_set,"{""state"": ""off""}"
Сделай холоднее на три градуса,ac_set,"{""state"": ""on"", ""temperature"": 19}"
"Включи кондиционер, пожалуйста",ac_set,"{""state"": ""on"", ""temperature"": 20}"
Убери кондиционер,ac_off,
Переключи на обдув,ac_mode_set,"{""enabled"": true}"
Выключи рециркуляцию,ac_mode_set,"{""enabled"": false}"
Включи вентилятор на максимуме,ac_fan_set,"{""level"": 100, ""speed"": ""high""}"
Установи вентилятор на средний уровень,ac_fan_set,"{""level"": 50, ""speed"": ""medium""}"
Включи обогрев сиденья водителя на полную,seat_heater_set,"{""seat"": ""driver"", ""level"": 100}"
Сделай обогрев пассажирского сиденья на 60%,seat_heater_set,"{""seat"": ""passenger"", ""level"": 60}"
Поставь обогрев на минимуме,seat_heater_set,"{""seat"": ""driver"", ""level"": 10}"
Сделай вентиляцию на сиденье водителя,seat_vent_set,"{""seat"": ""driver"", ""level"": 50}"
Включи вентиляцию пассажирского сиденья на максимум,seat_vent_set,"{""seat"": ""passenger"", ""level"": 100}"
Включи обогрев на сиденье,seat_heater_set,"{""seat"": ""passenger"", ""level"": 40}"
Включи обогрев сидений,seat_heater_set,"{""seat"": ""driver"", ""level"": 75}"
Включи обогрев сиденья,seat_heater_set,"{""seat"": ""passenger"", ""level"": 30}"
Включи обогрев заднего стекла,defrost_set,"{""state"": ""on"", ""target"": ""rear""}"
Выключи обогрев переднего стекла,defrost_set,"{""state"": ""off"", ""target"": ""front""}"
Сделай дефрост на переднем стекле,defrost_set,"{""state"": ""on"", ""target"": ""front""}"
Открой люк на 70%,sunroof_set,"{""action"": ""open"", ""percent"": 70}"
Закрой люк,sunroof_close,
Закрой люк полностью,sunroof_set,"{""action"": ""close"", ""percent"": 100}"
Поставь музыку,play_music,
Останови музыку,stop_music,
"Пауза, музыка",media_pause,
Следующий трек,next_track,
Вернись на предыдущий трек,previous_track,
Сделай громче на десять,volume_change,"{""delta"": 10}"
Сделай тише на восемь,volume_change,"{""delta"": -8}"
Поставь громкость на 50%,volume_set,"{""level"": 50}"
Выключи звук,volume_mute_set,"{""state"": ""on""}"
Верни звук обратно,volume_mute_set,"{""state"": ""off""}"
Переключи на радио 95.7,radio_set,"{""frequency"": ""95.7""}"
Поставь частоту 101.2,radio_set,"{""frequency"": ""101.2""}"
Включи радио,media_source_set,"{""source"": ""radio""}"
Сделай музыку на блютузе,media_source_set,"{""source"": ""bluetooth""}"
Как добраться до аэропорта?,nav_start,"{""destination"": ""аэропорт""}"
"Навигатор, покажи дорогу к Кремлю",nav_start,"{""destination"": ""Кремль""}"
Отмени навигацию,nav_cancel,
Позвони Сергею,call_start,"{""contact"": ""Сергей""}"
Позвони по номеру 123456789,call_start,"{""contact"": ""123456789""}"
Ответь на звонок,call_answer,
Заверши вызов,call_hangup,
Включи фары,headlights_set,"{""state"": ""on""}"
Выключи фары,headlights_set,"{""state"": ""off""}"
Автофары на авто,headlights_set,"{""state"": ""auto""}"
Включи дальний свет,high_beam_set,"{""state"": ""on""}"
Выключи дальний свет,high_beam_set,"{""state"": ""off""}"
Установи дворники на авто,wipers_set,"{""speed"": ""auto""}"
Дворники на низкой скорости,wipers_set,"{""speed"": ""low""}"
Установи режим дождя,rain_set,"{""mode"": ""auto""}"
Держи скорость дворников на высокой,wipers_set,"{""speed"": ""high""}"
Включи обогрев руля,wheel_heater_set,"{""state"": ""on""}"
Выключи обогрев руля,wheel_heater_set,"{""state"": ""off""}"
"Привет, как дела?",chitchat,
"Как ты, ассистент?",chitchat,
Что нового?,chitchat,
Открой окно у водителя на пятьдесят процентов,window_set,"{""action"": ""set"", ""window"": ""driver"", ""percent"": 50}"
Закрой все окна,window_set,"{""action"": ""close"", ""window"": ""all""}"
Приоткрой стекло пассажирского окна,window_set,"{""action"": ""open"", ""window"": ""passenger""}"
Поставь кондиционер на 20 градусов,ac_set,"{""state"": ""on"", ""temperature"": 20}"
Выключи кондиционер,ac_off,
Установи рециркуляцию воздуха,ac_mode_set,"{""enabled"": true}"
Сделай громче на десять,volume_change,"{""delta"": 10}"
Уменьши громкость на 5%,volume_change,"{""delta"": -5}"
Настрой радио на 102.5,radio_set,"{""frequency"": ""102.5""}"
Сыграй следующую песню,next_track,
Поставь музыку на паузу,media_pause,
"Позвони, пожалуйста, Олегу",call_start,"{""contact"": ""Олег""}"
Как мне доехать до ближайшей заправки?,nav_start,"{""destination"": ""ближайшая заправка""}"
Включи обогрев сиденья для пассажира,seat_heater_set,"{""seat"": ""passenger"", ""level"": 75}"
Выключи обогрев сидений,seat_heater_set,"{""seat"": ""driver"", ""level"": 0}"
Включи фары,headlights_set,"{""state"": ""on""}"
Выключи дальний свет,high_beam_set,"{""state"": ""off""}"
Установи скорость дворников на авто,wipers_set,"{""speed"": ""auto""}"
Сделай яркость на 70 процентов,volume_set,"{""level"": 70}"
"Можно мне, пожалуйста, открыть люк?",sunroof_set,"{""action"": ""open"", ""percent"": 100}"
"Привет, как дела?",chitchat,
Открой окно водителя на три четверти,window_set,"{""action"": ""set"", ""window"": ""driver"", ""percent"": 75}"
"Пожалуйста, закрой пассажирское окно",window_set,"{""action"": ""close"", ""window"": ""passenger""}"
Сделай кондиционер на двадцать один градус,ac_set,"{""state"": ""on"", ""temperature"": 21}"
Выключи кондиционер,ac_off,
Включи рециркуляцию воздуха,ac_mode_set,"{""enabled"": true}"
Увеличь скорость вентилятора на 50 процентов,ac_fan_set,"{""level"": 50, ""speed"": ""medium""}"
Сделай подогрев сиденья пассажира на максимум,seat_heater_set,"{""seat"": ""passenger"", ""level"": 100}"
Запусти навигацию до аэропорта,nav_start,"{""destination"": ""аэропорт""}"
Позвони родителям,call_start,"{""contact"": ""родители""}"
Включи музыку,play_music,
Сделай громче на десять,volume_change,"{""delta"": 10}"
Поставь радио на частоту 90.5,radio_set,"{""frequency"": ""90.5""}"
Сделай громкость на 75 процентов,volume_set,"{""level"": 75}"
Открой крышу на половину,sunroof_set,"{""action"": ""open"", ""percent"": 50}"
Закрой солнцезащитный козырек,sunroof_close,
Выключи фары,headlights_set,"{""state"": ""off""}"
Как доехать до Красной площади?,nav_start,"{""destination"": ""Красная площадь""}"
Ответь на звонок,call_answer,
Как дела?,chitchat,
Поставь источник Bluetooth,media_source_set,"{""source"": ""bluetooth""}"
Настрой радио на станцию Европа Плюс,radio_set_station,"{""station"": ""Европа Плюс""}"
Выключи обогрев руля,wheel_heater_set,"{""state"": ""off""}"
Приоткрой окно у водителя,window_set,"{""action"": ""open"", ""window"": ""driver""}"
Закрой окно на заднем сиденье,window_set,"{""action"": ""close"", ""window"": ""passenger""}"
Открой все окна на половину,window_set,"{""action"": ""set"", ""window"": ""all"", ""percent"": 50}"
Сделай кондиционер на 21 градус,ac_set,"{""state"": ""on"", ""temperature"": 21}"
Включи климат контроль,ac_set,"{""state"": ""on"", ""temperature"": 24}"
Поставь кондиционер на 18 градусов,ac_set,"{""state"": ""on"", ""temperature"": 18}"
Выключи кондиционер,ac_off,
Включи рециркуляцию,ac_mode_set,"{""enabled"": true}"
Отключи обдув,ac_mode_set,"{""enabled"": false}"
Увеличь скорость вентилятора до максимума,ac_fan_set,"{""level"": 100, ""speed"": ""high""}"
Включи обогрев сиденья водителя на 75%,seat_heater_set,"{""seat"": ""driver"", ""level"": 75}"
Поставь обогрев сиденья пассажира на 50,seat_heater_set,"{""seat"": ""passenger"", ""level"": 50}"
Включи вентиляцию сиденья водителя,seat_vent_set,"{""seat"": ""driver"", ""level"": 100}"
Закрой люк на 30 процентов,sunroof_set,"{""action"": ""close"", ""percent"": 30}"
Открой люк полностью,sunroof_set,"{""action"": ""open"", ""percent"": 100}"
Включи стеклоочистители на авто,wipers_set,"{""speed"": ""auto""}"
Выключи фары,headlights_set,"{""state"": ""off""}"
Установи радиостанцию на 102.5,radio_set,"{""frequency"": ""102.5""}"
Включи Bluetooth,media_source_set,"{""source"": ""bluetooth""}"
Следующий трек,next_track,
Прибавь громкость на 10,volume_change,"{""delta"": 10}"
Сделай тише на 5 единиц,volume_change,"{""delta"": -5}"
Как доехать до ближайшей АЗС?,nav_start,"{""destination"": ""ближайшая АЗС""}"
Позвони Петру,call_start,"{""contact"": ""Петр""}"
Ответь на звонок,call_answer,
"Привет, как дела?",chitchat,
Поставь музыку на паузу,media_pause,
Переключи на предыдущий трек,previous_track,
Выключи громкость,volume_mute_set,"{""state"": ""on""}"
Выключи рециркуляцию,ac_mode_set,"{""enabled"": false}"
Как мне доехать до Костромы?,nav_start,"{""destination"": ""Кострома""}"
"Пожалуйста, открой окно у водителя на тридцать процентов",window_set,"{""action"": ""set"", ""window"": ""driver"", ""percent"": 30}"
Закрой пассажирское окно полностью,window_set,"{""action"": ""close"", ""window"": ""passenger""}"
Приоткрой стекло для пассажира,window_set,"{""action"": ""open"", ""window"": ""passenger""}"
"Сделай, пожалуйста, чуть-чуть потише",volume_change,"{""delta"": -5}"
Увеличь громкость на десять,volume_change,"{""delta"": 10}"
Поставь громкость на семьдесят процентов,volume_set,"{""level"": 70}"
Включи кондиционер и установи двадцать два градуса,ac_set,"{""state"": ""on"", ""temperature"": 22}"
Выключи кондиционер,ac_off,
Поставь обдув на высокую скорость,ac_fan_set,"{""level"": 100, ""speed"": ""high""}"
Включи обогрев сиденья водителя на максимум,seat_heater_set,"{""seat"": ""driver"", ""level"": 100}"
Настрой радио на частоту восемьдесят семь целых пять,radio_set,"{""frequency"": ""87.5""}"
Сделай обогрев сиденья пассажира на тридцать процентов,seat_heater_set,"{""seat"": ""passenger"", ""level"": 30}"
Запусти навигацию до центра города,nav_start,"{""destination"": ""центр города""}"
Как проехать до Красной площади?,nav_start,"{""destination"": ""Красная площадь""}"
"Пожалуйста, позвони Наталье",call_start,"{""contact"": ""Наталья""}"
Ответь на звонок,call_answer,
Отключи звонок,call_hangup,
Включи фары на авто,headlights_set,"{""state"": ""on""}"
Выключи дальний свет,high_beam_set,"{""state"": ""off""}"
Настрой на автоматический режим дворников,rain_set,"{""mode"": ""auto""}"
"Привет, как дела?",chitchat,
Сделай громче на восемь,volume_change,"{""delta"": 8}"
Закрой все окна,window_set,"{""action"": ""close"", ""window"": ""all""}"
Поставь кондиционер на двадцать восемь градусов,ac_set,"{""state"": ""on"", ""temperature"": 28}"
Включи музыку,play_music,
Переключи на следующую композицию,next_track,
Сделай громкость на ноль,volume_mute_set,"{""state"": ""on""}"
Выключи кондиционер,ac_off,
Настрой на радиостанцию Европа Плюс,radio_set_station,"{""station"": ""Европа Плюс""}"
Запусти навигацию до аэропорта,nav_start,"{""destination"": ""аэропорт""}"
Открой окно у водителя на половину,window_set,"{""action"": ""set"", ""window"": ""driver"", ""percent"": 50}"
Приоткрой пассажирское стекло на тридцать процентов,window_set,"{""action"": ""set"", ""window"": ""passenger"", ""percent"": 30}"
Закрой все окна,window_set,"{""action"": ""close"", ""window"": ""all""}"
"Можно, пожалуйста, открыть окно спереди?",window_set,"{""action"": ""open"", ""window"": ""driver""}"
Сделай кондиционер потише,ac_fan_set,"{""level"": 30, ""speed"": ""low""}"
Включи климат-контроль на 22 градуса,ac_set,"{""state"": ""on"", ""temperature"": 22}"
Отключи кондиционер,ac_off,
Установи обогрев сиденья пассажира на 50%,seat_heater_set,"{""seat"": ""passenger"", ""level"": 50}"
Включи обдув на максимуме,ac_mode_set,"{""enabled"": true}"
Включи музыку,play_music,
Приостанови воспроизведение,media_pause,
Сделай громче на 10,volume_change,"{""delta"": 10}"
Установи громкость на 75 процентов,volume_set,"{""level"": 75}"
Переключи на радио,media_source_set,"{""source"": ""radio""}"
Как мне доехать до аэропорта?,nav_start,"{""destination"": ""аэропорт""}"
Позвони Саше,call_start,"{""contact"": ""Саша""}"
Ответь на звонок,call_answer,
Отключи дальний свет,high_beam_set,"{""state"": ""off""}"
Как дела?,chitchat,
Увеличь громкость на 5 единиц,volume_change,"{""delta"": 5}"
Выключи дворники,wipers_set,"{""speed"": ""off""}"
Закрой окно водителя,window_set,"{""action"": ""close"", ""window"": ""driver""}"
Открой окно на сто процентов,window_set,"{""action"": ""open"", ""window"": ""all"", ""percent"": 100}"
Приоткрой стекло пассажира,window_set,"{""action"": ""set"", ""window"": ""passenger"", ""percent"": 25}"
"Закрой все окна, пожалуйста",window_set,"{""action"": ""close"", ""window"": ""all""}"
Включи кондиционер на двадцать градусов,ac_set,"{""state"": ""on"", ""temperature"": 20}"
Отключи кондиционер,ac_set,"{""state"": ""off""}"
Поставь кондиционер на 22 градуса,ac_set,"{""state"": ""on"", ""temperature"": 22}"
Выключи кондиционер,ac_off,
Включи рециркуляцию воздуха,ac_mode_set,"{""enabled"": true}"
Отключи обдув,ac_mode_set,"{""enabled"": false}"
Включи вентилятор на среднюю скорость,ac_fan_set,"{""level"": 50, ""speed"": ""medium""}"
Поставь вентилятор на низкую скорость,ac_fan_set,"{""level"": 20, ""speed"": ""low""}"
Включи обогрев сиденья водителя на максимуме,seat_heater_set,"{""seat"": ""driver"", ""level"": 100}"
Поставь обогрев сиденья пассажира на тридцать процентов,seat_heater_set,"{""seat"": ""passenger"", ""level"": 30}"
Выключи обогрев сиденья,seat_heater_set,"{""seat"": ""driver"", ""level"": 0}"
Включи вентилятор на сто процентов,seat_vent_set,"{""seat"": ""driver"", ""level"": 100}"
Открой люк на 50 процентов,sunroof_set,"{""action"": ""open"", ""percent"": 50}"
Закрой люк полностью,sunroof_close,
Включи музыку,play_music,
Приостанови воспроизведение,media_pause,
Следующий трек,next_track,
Отключи музыку,stop_music,
Увеличь громкость на 10,volume_change,"{""delta"": 10}"
Сделай потише на пятнадцать,volume_change,"{""delta"": -15}"
Установи громкость на 70 процентов,volume_set,"{""level"": 70}"
Переключи на радиостанцию 102.5,radio_set,"{""frequency"": ""102.5""}"
Как доехать до музея?,nav_start,"{""destination"": ""музей""}"
Отмени навигацию,nav_cancel,
Позвони маме,call_start,"{""contact"": ""мама""}"
Ответь на звонок,call_answer,
Заканчивай разговор,call_hangup,
Включи фары,headlights_set,"{""state"": ""on""}"
Выключи дальний свет,high_beam_set,"{""state"": ""off""}"
Установи стеклоочистители на авто,rain_set,"{""mode"": ""auto""}"
Привет,chitchat,
Как дела?,chitchat,
Открой окно у водителя на тридцать процентов,window_set,"{""action"": ""set"", ""window"": ""driver"", ""percent"": 30}"
"Закрой окно пассажира, пожалуйста",window_set,"{""action"": ""close"", ""window"": ""passenger""}"
Сделай окно открытым полностью,window_set,"{""action"": ""open"", ""window"": ""all""}"
Приоткрой стекло на пятьдесят процентов,window_set,"{""action"": ""set"", ""window"": ""driver"", ""percent"": 50}"
Включи кондиционер на двадцать градусов,ac_set,"{""state"": ""on"", ""temperature"": 20}"
Выключи климат-контроль,ac_off,
Настрой кондиционер на 22 градуса,ac_set,"{""state"": ""on"", ""temperature"": 22}"
Сделай тепло в салоне,ac_set,"{""state"": ""on"", ""temperature"": 24}"
Включи обогрев сиденья пассажира на восемьдесят процентов,seat_heater_set,"{""seat"": ""passenger"", ""level"": 80}"
Отключи обогрев сидений,seat_heater_set,"{""seat"": ""driver"", ""level"": 0}"
Сделай обогрев сиденья водителя на полную мощность,seat_heater_set,"{""seat"": ""driver"", ""level"": 100}"
Настрой кондиционер на рециркуляцию,ac_mode_set,"{""enabled"": true}"
Включи радио на частоте 97.5,radio_set,"{""frequency"": ""97.5""}"
Сделай громче на десять,volume_change,"{""delta"": 10}"
Уменьши громкость на пятнадцать,volume_change,"{""delta"": -15}"
Поставь уровень громкости на 70%,volume_set,"{""level"": 70}"
Выключи музыку,stop_music,
Начни проигрывать следующую песню,next_track,
Вернись к предыдущему треку,previous_track,
Переключи на источник Bluetooth,media_source_set,"{""source"": ""bluetooth""}"
Поставь навигацию на адрес Ленина 15,nav_start,"{""destination"": ""Ленина 15""}"
Как доехать до центра?,nav_start,"{""destination"": ""центр""}"
Отмени навигацию,nav_cancel,
Позвони Ивану,call_start,"{""contact"": ""Иван""}"
Ответь на звонок,call_answer,
Заверши звонок,call_hangup,
Включи фары,headlights_set,"{""state"": ""on""}"
Выключи дальний свет,high_beam_set,"{""state"": ""off""}"
Установи дворники на высокую скорость,wipers_set,"{""speed"": ""high""}"
Сделай дождь автоматическим,rain_set,"{""mode"": ""auto""}"
Привет,chitchat,
Как дела?,chitchat,
"Закрыть люк, пожалуйста",sunroof_close,
Открой люк на половину,sunroof_set,"{""action"": ""open"", ""percent"": 50}"
Сделай громкость тише,volume_change,"{""direction"": ""down""}"
Перемотай на предыдущую песню,media_pause,
Переключи на радио,media_source_set,"{""source"": ""radio""}"
Открой окно у водителя полностью,window_set,"{""action"": ""open"", ""window"": ""driver""}"
Приоткрой стекло на тридцать процентов,window_set,"{""action"": ""set"", ""window"": ""driver"", ""percent"": 30}"
"Закрой все окна, пожалуйста",window_set,"{""action"": ""close"", ""window"": ""all""}"
Сделай кондиционер на двадцать два градуса,ac_set,"{""state"": ""on"", ""temperature"": 22}"
Выключи кондиционер,ac_off,
Переключи кондиционер на рециркуляцию,ac_mode_set,"{""enabled"": true}"
Увеличь скорость вентилятора до восьмидесяти,ac_fan_set,"{""level"": 80, ""speed"": ""high""}"
Включи обогрев сиденья пассажира на полную мощность,seat_heater_set,"{""seat"": ""passenger"", ""level"": 100}"
Поставь вентилятор сиденья водителя на сорок процентов,seat_vent_set,"{""seat"": ""driver"", ""level"": 40}"
Включи обогрев заднего стекла,defrost_set,"{""state"": ""on"", ""target"": ""rear""}"
Закрой люк на восемьдесят процентов,sunroof_set,"{""action"": ""close"", ""percent"": 80}"
Открой люк,sunroof_set,"{""action"": ""open""}"
Запусти музыку,play_music,
Останови музыку,stop_music,
Поставь на паузу медиа,media_pause,
Следующий трек,next_track,
Вернись на предыдущий трек,previous_track,
Сделай громче на десять,volume_change,"{""delta"": 10}"
Уменьши громкость на пятнадцать процентов,volume_change,"{""delta"": -15}"
Установи громкость на шестьдесят,volume_set,"{""level"": 60}"
Включи звук,volume_mute_set,"{""state"": ""off""}"
Выбери радио на частоте 92.5,radio_set,"{""frequency"": ""92.5""}"
Выключи радио,radio_set_station,"{""station"": """"}"
Навигируй меня до ТЦ,nav_start,"{""destination"": ""ТЦ""}"
Отмени навигацию,nav_cancel,
Позвони маме,call_start,"{""contact"": ""мама""}"
Ответь на звонок,call_answer,
Повесь трубку,call_hangup,
Включи фары,headlights_set,"{""state"": ""on""}"
Выключи дальний свет,high_beam_set,"{""state"": ""off""}"
Установи дворники на авто,wipers_set,"{""speed"": ""auto""}"
Включи дождевик в ручном режиме,rain_set,"{""mode"": ""manual""}"
Включи обогрев руля,wheel_heater_set,"{""state"": ""on""}"
Привет,chitchat,
Как дела?,chitchat,
Открой окно у водителя,window_set,"{""action"": ""open"", ""window"": ""driver""}"
Закрой заднее окно полностью,window_set,"{""action"": ""close"", ""window"": ""all""}"
Приоткрой стекло пассажира на двадцать процентов,window_set,"{""action"": ""set"", ""window"": ""passenger"", ""percent"": 20}"
Сделай кондиционер потеплее до двадцати пяти градусов,ac_set,"{""state"": ""on"", ""temperature"": 25}"
Выключи кондиционер,ac_off,
Поставь кондиционер в режим обдува,ac_mode_set,"{""enabled"": true}"
Увеличь скорость вентилятора до восьмидесяти процентов,ac_fan_set,"{""level"": 80, ""speed"": ""high""}"
Включи обогрев сиденья пассажира на тридцать процентов,seat_heater_set,"{""seat"": ""passenger"", ""level"": 30}"
Выключи обогрев сиденья,seat_heater_set,"{""seat"": ""driver"", ""level"": 0}"
Включи обогрев сиденья водителя на максимуме,seat_heater_set,"{""seat"": ""driver"", ""level"": 100}"
Включи обдув стекла,defrost_set,"{""state"": ""on"", ""target"": ""front""}"
Закрой люк,sunroof_close,
Открой люк на тридцать процентов,sunroof_set,"{""action"": ""open"", ""percent"": 30}"
Сделай громче на десять,volume_change,"{""delta"": 10}"
Уменьши громкость на пятнадцать процентов,volume_change,"{""delta"": -15}"
Поставь громкость на восемьдесят,volume_set,"{""level"": 80}"
Заглуши звук,volume_mute_set,"{""state"": ""on""}"
Поставь радио на 95.5,radio_set,"{""frequency"": ""95.5""}"
"Плейлист, который ты включал в прошлый раз",play_music,
Как доехать до магазина?,nav_start,"{""destination"": ""магазин""}"
Отмени навигацию,nav_cancel,
Позвони Анне,call_start,"{""contact"": ""Анна""}"
Ответь на звонок,call_answer,
Закончить разговор,call_hangup,
Включи фары,headlights_set,"{""state"": ""on""}"
Выключи дальний свет,high_beam_set,"{""state"": ""off""}"
Установи дворники на авто,rain_set,"{""mode"": ""auto""}"
Как дела?,chitchat,
"Мне жарко, открой окно",window_set,"{""action"": ""open"", ""window"": ""all""}"
Сделай звук потише,volume_change,"{""direction"": ""down""}"
Открой окно у водителя,window_set,"{""action"": ""open"", ""window"": ""driver""}"
"Закрой заднее окно полностью, пожалуйста",window_set,"{""action"": ""close"", ""window"": ""all""}"
Приоткрой пассажирское окно на тридцать процентов,window_set,"{""action"": ""set"", ""window"": ""passenger"", ""percent"": 30}"
"Включи кондиционер, пожалуйста",ac_set,"{""state"": ""on"", ""temperature"": 22}"
Поставь кондиционер на двадцать четыре градуса,ac_set,"{""state"": ""on"", ""temperature"": 24}"
Выключи кондиционер,ac_off,
Сделай потоки воздуха на максимуме,ac_fan_set,"{""level"": 100, ""speed"": ""high""}"
Установи уровень вентиляции на тридцать процентов,ac_fan_set,"{""level"": 30, ""speed"": ""medium""}"
Включи обогрев сиденья водителя на полную мощность,seat_heater_set,"{""seat"": ""driver"", ""level"": 100}"
Уменьши уровень обогрева пассажирского сиденья до пятнадцати процентов,seat_heater_set,"{""seat"": ""passenger"", ""level"": 15}"
Закрой люк на сто процентов,sunroof_set,"{""action"": ""close"", ""percent"": 100}"
Открой люк на восемьдесят процентов,sunroof_set,"{""action"": ""open"", ""percent"": 80}"
Как доехать до Кремля?,nav_start,"{""destination"": ""Кремль""}"
"Навигатор, найди путь до метро",nav_start,"{""destination"": ""метро""}"
Позвони Андрею,call_start,"{""contact"": ""Андрей""}"
Перезвони мне,call_start,"{""contact"": ""мне""}"
Включи радио на частоте девяносто три целых,radio_set,"{""frequency"": ""93.0""}"
Переключи на станцию сто два целых,radio_set_station,"{""station"": ""102.0""}"
Сделай громче на десять,volume_change,"{""delta"": 10}"
Убавь громкость на пятьдесят процентов,volume_change,"{""delta"": -50}"
Включи режим рециркуляции,ac_mode_set,"{""enabled"": true}"
Выключи рециркуляцию,ac_mode_set,"{""enabled"": false}"
Сделай громкость на семьдесят процентов,volume_set,"{""level"": 70}"
Заглуши звук,volume_mute_set,"{""state"": ""on""}"
"Привет, как дела?",chitchat,
Как насчет музыки?,chitchat,
Выключи дворники на низкой скорости,wipers_set,"{""speed"": ""low""}"
Включи дворники на авто,wipers_set,"{""speed"": ""auto""}"
Открой окно водителя,window_set,"{""action"": ""open"", ""window"": ""driver""}"
Закрой пассажирское окно полностью,window_set,"{""action"": ""close"", ""window"": ""passenger""}"
Приоткрой окошко на тридцать процентов,window_set,"{""action"": ""set"", ""window"": ""all"", ""percent"": 30}"
Сделай кондиционер на двадцать градусов,ac_set,"{""state"": ""on"", ""temperature"": 20}"
Включи обогрев сиденья у пассажира на пятьдесят процентов,seat_heater_set,"{""seat"": ""passenger"", ""level"": 50}"
Выключи кондиционер,ac_off,
Установи рециркуляцию воздуха,ac_mode_set,"{""enabled"": true}"
Сделай потише на восемь,volume_change,"{""delta"": -8}"
Поставь уровень громкости на шестьдесят,volume_set,"{""level"": 60}"
Запусти навигацию до магазина,nav_start,"{""destination"": ""магазин""}"
Как доехать до центра?,nav_start,"{""destination"": ""центр""}"
Позвони на номер 123456789,call_start,"{""contact"": ""123456789""}"
Ответь на звонок,call_answer,
Включи фары,headlights_set,"{""state"": ""on""}"
Выключи дальний свет,high_beam_set,"{""state"": ""off""}"
Включи дворники на низкой скорости,wipers_set,"{""speed"": ""low""}"
Приостанови музыку,media_pause,
Переключи на следующий трек,next_track,
Включи радио на частоте 101.5,radio_set,"{""frequency"": ""101.5""}"
Закрой люк,sunroof_close,
"Привет, как дела?",chitchat,
"На улице холодно, включи обогрев сиденья",seat_heater_set,"{""seat"": ""driver"", ""level"": 100}"
Включи вентиляцию сиденья у водителя на сто процентов,seat_vent_set,"{""seat"": ""driver"", ""level"": 100}"
Приоткрой стекло у водителя на десять процентов,window_set,"{""action"": ""set"", ""window"": ""driver"", ""percent"": 10}"
"Закрой все окна, пожалуйста",window_set,"{""action"": ""close"", ""window"": ""all""}"
Открой окно пассажира полностью,window_set,"{""action"": ""open"", ""window"": ""passenger""}"
Сделай кондиционер холоднее на 5 градусов,ac_set,"{""state"": ""on"", ""temperature"": 20}"
Включи климат на 25 градусов,ac_set,"{""state"": ""on"", ""temperature"": 25}"
Выключи кондиционер,ac_off,
Установи режим рециркуляции,ac_mode_set,"{""enabled"": true}"
Увеличь скорость вентилятора на максимум,ac_fan_set,"{""level"": 100, ""speed"": ""high""}"
Давай нагреем сиденье водителя до 80 процентов,seat_heater_set,"{""seat"": ""driver"", ""level"": 80}"
Сделай вентилятор на пассажирском сиденье на среднюю мощность,seat_vent_set,"{""seat"": ""passenger"", ""level"": 50}"
Включи обогрев заднего стекла,defrost_set,"{""state"": ""on"", ""target"": ""rear""}"
Закрой люк на 60 процентов,sunroof_set,"{""action"": ""close"", ""percent"": 60}"
Открой люк полностью,sunroof_set,"{""action"": ""open"", ""percent"": 100}"
Включи музыку,play_music,
Останови музыку,stop_music,
Поставь на паузу,media_pause,
Следующий трек,next_track,
Назад на предыдущий трек,previous_track,
Сделай громче на 10,volume_change,"{""delta"": 10}"
Уменьши громкость на 5,volume_change,"{""delta"": -5}"
Установи громкость на 70%,volume_set,"{""level"": 70}"
Включи беззвучный режим,volume_mute_set,"{""state"": ""on""}"
Переключи на Bluetooth,media_source_set,"{""source"": ""bluetooth""}"
Выбери радио 98.5,radio_set,"{""frequency"": ""98.5""}"
Включи повторы,media_repeat_set,"{""mode"": ""one""}"
Перемешай треки,media_shuffle_set,
Запусти навигацию до Кремля,nav_start,"{""destination"": ""Кремль""}"
Отмени маршрут,nav_cancel,
Позвони маме,call_start,"{""contact"": ""мама""}"
Ответь на звонок,call_answer,
Заверши разговор,call_hangup,
Включи фары,headlights_set,"{""state"": ""on""}"
Выключи дальний свет,high_beam_set,"{""state"": ""off""}"
Установи дворники на авто,wipers_set,"{""speed"": ""auto""}"
Переключи режим дождя на ручной,rain_set,"{""mode"": ""manual""}"
Включи обогрев руля,wheel_heater_set,"{""state"": ""on""}"
Как дела?,chitchat,
"Привет, как ты?",chitchat,
Что нового?,chitchat,
Открой окно водителя,window_set,"{""action"": ""open"", ""window"": ""driver""}"
"Пожалуйста, закрой стекло у пассажира",window_set,"{""action"": ""close"", ""window"": ""passenger""}"
Приоткрой окошко на 50 процентов,window_set,"{""action"": ""set"", ""window"": ""all"", ""percent"": 50}"
Сделай кондиционер холоднее на 18 градусов,ac_set,"{""state"": ""on"", ""temperature"": 18}"
Выключи кондиционер,ac_off,
Включи рециркуляцию воздуха,ac_mode_set,"{""enabled"": true}"
Увеличь скорость вентилятора до 70,ac_fan_set,"{""level"": 70, ""speed"": ""high""}"
Включи обогрев сиденья водителя на максимум,seat_heater_set,"{""seat"": ""driver"", ""level"": 100}"
Выключи обогрев сиденья пассажира,seat_heater_set,"{""seat"": ""passenger"", ""level"": 0}"
Включи обдув лобового стекла,defrost_set,"{""state"": ""on"", ""target"": ""front""}"
Закрой люк,sunroof_close,
Открой люк на 70 процентов,sunroof_set,"{""action"": ""open"", ""percent"": 70}"
Поставь музыку на паузу,media_pause,
Следующий трек,next_track,
Сделай громче на 10,volume_change,"{""delta"": 10}"
Уменьши громкость на 20%,volume_change,"{""delta"": -20}"
Поставь уровень громкости на 50,volume_set,"{""level"": 50}"
Выключи звук,volume_mute_set,"{""state"": ""on""}"
Включи радио на 101.2,radio_set,"{""frequency"": ""101.2""}"
Звони Анне,call_start,"{""contact"": ""Анна""}"
Ответь на звонок,call_answer,
Положи трубку,call_hangup,
Как доехать до ближайшего кафе?,nav_start,"{""destination"": ""ближайшее кафе""}"
Отмени навигацию,nav_cancel,
Включи фары,headlights_set,"{""state"": ""on""}"
Включи дворники на авто,wipers_set,"{""speed"": ""auto""}"
Как дела?,chitchat,
"Жарко в машине, включи кондиционер",ac_set,"{""state"": ""on"", ""temperature"": 25}"
Сделай погромче на 5,volume_change,"{""delta"": 5}"
Включи музыкальный источник через Bluetooth,media_source_set,"{""source"": ""bluetooth""}"
Поставь музыку на повтор,media_repeat_set,"{""mode"": ""one""}"
Приоткрой окно у водителя на тридцать процентов,window_set,"{""action"": ""set"", ""window"": ""driver"", ""percent"": 30}"
Закрой все окна,window_set,"{""action"": ""close"", ""window"": ""all""}"
"Сделай так, чтобы кондиционер работал на двадцати градусах",ac_set,"{""state"": ""on"", ""temperature"": 20}"
Выключи кондиционер,ac_off,
Включи рециркуляцию воздуха,ac_mode_set,"{""enabled"": true}"
Поставь вентиляцию сиденья пассажира на уровень 60,seat_vent_set,"{""seat"": ""passenger"", ""level"": 60}"
Включи обогрев сиденья водителя на максимум,seat_heater_set,"{""seat"": ""driver"", ""level"": 100}"
Как отключить дворники?,wipers_set,"{""speed"": ""off""}"
Включи авто-режим для стеклоочистителей,rain_set,"{""mode"": ""auto""}"
Поставь радио на частоту восемьдесят семь точка пять,radio_set,"{""frequency"": ""87.5""}"
Следующий трек,next_track,
Останови музыку,stop_music,
Сделай громче на десять,volume_change,"{""delta"": 10}"
Настрой громкость на восемьдесят процентов,volume_set,"{""level"": 80}"
"Включи музыку, пожалуйста",play_music,
Позвони Алексею,call_start,"{""contact"": ""Алексей""}"
Как дела?,chitchat,
Направь меня к Красной площади,nav_start,"{""destination"": ""Красная площадь""}"
Выключи дальний свет,high_beam_set,"{""state"": ""off""}"
Закрой люк на сто процентов,sunroof_set,"{""action"": ""close"", ""percent"": 100}"
"Пожалуйста, открой окно у водителя на тридцать процентов",window_set,"{""action"": ""set"", ""window"": ""driver"", ""percent"": 30}"
Закрой окно у пассажира полностью,window_set,"{""action"": ""close"", ""window"": ""passenger""}"
Приоткрой все окна немного,window_set,"{""action"": ""open"", ""window"": ""all""}"
Включи кондиционер на 22 градуса,ac_set,"{""state"": ""on"", ""temperature"": 22}"
Выключи климат-контроль,ac_off,
Поставь кондиционер на 18 градусов,ac_set,"{""state"": ""on"", ""temperature"": 18}"
Увеличь скорость вентилятора до 70 процентов,ac_fan_set,"{""level"": 70, ""speed"": ""medium""}"
Включи обогрев сиденья для водителя на максимум,seat_heater_set,"{""seat"": ""driver"", ""level"": 100}"
"Пожалуйста, выключи обогрев сиденья для пассажира",seat_heater_set,"{""seat"": ""passenger"", ""level"": 0}"
Открой люк на половину,sunroof_set,"{""action"": ""open"", ""percent"": 50}"
Закрой люк полностью,sunroof_set,"{""action"": ""close"", ""percent"": 100}"
Сделай громче на пять,volume_change,"{""delta"": 5}"
Убавь звук на 10 процентов,volume_change,"{""delta"": -10}"
Установи громкость на 75%,volume_set,"{""level"": 75}"
"Пожалуйста, воспроизведи музыку",play_music,
Приостанови музыку,media_pause,
Переключи на следующий трек,next_track,
"Скажи мне, как доехать до аэропорта",nav_start,"{""destination"": ""аэропорт""}"
Отмени навигацию,nav_cancel,
Позвони Ивану,call_start,"{""contact"": ""Иван""}"
Ответь на звонок,call_answer,
Закончить разговор,call_hangup,
Включи фары,headlights_set,"{""state"": ""on""}"
Выключи дальний свет,high_beam_set,"{""state"": ""off""}"
Установи дворники на авто,wipers_set,"{""speed"": ""auto""}"
Как дела?,chitchat,
"Привет, что нового?",chitchat,
Приоткрой окно у водителя на десять процентов,window_set,"{""action"": ""set"", ""window"": ""driver"", ""percent"": 10}"
"Закрой все окна полностью, пожалуйста",window_set,"{""action"": ""close"", ""window"": ""all""}"
"Мне жарко, открой окно пассажира",window_set,"{""action"": ""open"", ""window"": ""passenger""}"
Установи кондиционер на 20 градусов,ac_set,"{""state"": ""on"", ""temperature"": 20}"
Выключи кондиционер,ac_off,
Включи рециркуляцию в кондиционере,ac_mode_set,"{""enabled"": true}"
Включи вентилятор на максимуме,ac_fan_set,"{""level"": 100, ""speed"": ""high""}"
Включи обогрев сиденья пассажира на 50%,seat_heater_set,"{""seat"": ""passenger"", ""level"": 50}"
"Пожалуйста, включи обогрев сиденья водителя на максимум",seat_heater_set,"{""seat"": ""driver"", ""level"": 100}"
Включи задний обогрев стекол,defrost_set,"{""state"": ""on"", ""target"": ""rear""}"
Закрой люк на 75 процентов,sunroof_set,"{""action"": ""close"", ""percent"": 75}"
Открой люк,sunroof_set,"{""action"": ""open""}"
Сделай громче на 5,volume_change,"{""delta"": 5}"
Уменьши громкость на десять процентов,volume_change,"{""delta"": -10}"
Поставь громкость на 80%,volume_set,"{""level"": 80}"
Выключи звук,volume_mute_set,"{""state"": ""on""}"
Поставь радио на частоту 95.6,radio_set,"{""frequency"": ""95.6""}"
Следующий трек,next_track,
"Пауза, пожалуйста",media_pause,
Позвони Сергею,call_start,"{""contact"": ""Сергей""}"
Ответь на звонок,call_answer,
Как доехать до Красной площади?,nav_start,"{""destination"": ""Красная площадь""}"
Сделай свет фар автоматическим,headlights_set,"{""state"": ""auto""}"
Включи дворники на низкой скорости,wipers_set,"{""speed"": ""low""}"
Привет,chitchat,
Как дела?,chitchat,
Открой окно у водителя на тридцать процентов,window_set,"{""action"": ""set"", ""window"": ""driver"", ""percent"": 30}"
"Закрой все окна, пожалуйста",window_set,"{""action"": ""close"", ""window"": ""all""}"
Приоткрой пассажирское стекло,window_set,"{""action"": ""open"", ""window"": ""passenger""}"
Сделай климат-контроль на 22 градуса,ac_set,"{""state"": ""on"", ""temperature"": 22}"
Включи кондиционер,ac_set,"{""state"": ""on"", ""temperature"": 24}"
Выключи климат,ac_off,
Включи обогрев сиденья у пассажира на 80,seat_heater_set,"{""seat"": ""passenger"", ""level"": 80}"
Включи рециркуляцию воздуха,ac_mode_set,"{""enabled"": true}"
Выключи обогрев сиденья водителя,seat_heater_set,"{""seat"": ""driver"", ""level"": 0}"
Увеличь громкость на десять,volume_change,"{""delta"": 10}"
Сделай тише на пятнадцать процентов,volume_change,"{""delta"": -15}"
Поставь громкость на 50,volume_set,"{""level"": 50}"
Включи радио на частоте 92.3,radio_set,"{""frequency"": ""92.3""}"
Следующий трек,next_track,
Приостанови музыку,media_pause,
Как доехать до Красной площади?,nav_start,"{""destination"": ""Красная площадь""}"
Позвони папе,call_start,"{""contact"": ""папа""}"
Ответь на звонок,call_answer,
Выключи фары,headlights_set,"{""state"": ""off""}"
Включи дальний свет,high_beam_set,"{""state"": ""on""}"
Увеличь скорость стеклоочистителей до максимума,wipers_set,"{""speed"": ""high""}"
Как дела?,chitchat,
Приоткрой окно водителя на тридцать процентов,window_set,"{""action"": ""set"", ""window"": ""driver"", ""percent"": 30}"
"Закрой пассажирское окно, пожалуйста",window_set,"{""action"": ""close"", ""window"": ""passenger""}"
"Душно, откройте все окна",window_set,"{""action"": ""open"", ""window"": ""all""}"
"Пожалуйста, закрой окно",window_set,"{""action"": ""close"", ""window"": ""driver""}"
"Сделай так, чтобы кондиционер работал на двадцати двух градусах",ac_set,"{""state"": ""on"", ""temperature"": 22}"
Выключи кондиционер,ac_off,
Включи обдув на высокую скорость,ac_fan_set,"{""level"": 80, ""speed"": ""high""}"
Дайте мне немного тепла на сиденье,seat_heater_set,"{""seat"": ""driver"", ""level"": 100}"
Как сделать потише на 10 единиц?,volume_change,"{""delta"": -10}"
Сделай громче на десять процентов,volume_change,"{""direction"": ""up""}"
Поставь музыку на следующую дорожку,next_track,
Останови музыку,stop_music,
"Пожалуйста, позвони Саше",call_start,"{""contact"": ""Саша""}"
Как мне доехать до аэропорта?,nav_start,"{""destination"": ""аэропорт""}"
Выключи фары,headlights_set,"{""state"": ""off""}"
"Сделай так, чтобы дворники работали на авто",rain_set,"{""mode"": ""auto""}"
Увеличь громкость до семидесяти,volume_set,"{""level"": 70}"
"Включи рециркуляцию, пожалуйста",ac_mode_set,"{""enabled"": true}"
Вернись на предыдущую дорожку,previous_track,
Открой люк на половину,sunroof_set,"{""action"": ""open"", ""percent"": 50}"
Как мне выключить обогрев сиденья?,seat_heater_set,"{""seat"": ""passenger"", ""level"": 0}"
Приоткрой окно водителя на двадцать процентов,window_set,"{""action"": ""set"", ""window"": ""driver"", ""percent"": 20}"
Закрой пассажирское окно,window_set,"{""action"": ""close"", ""window"": ""passenger""}"
"Можно открыть все окна, пожалуйста?",window_set,"{""action"": ""open"", ""window"": ""all""}"
Настрой кондиционер на двадцать один градус,ac_set,"{""state"": ""on"", ""temperature"": 21}"
Выключи кондиционер,ac_off,
"Включи обдув, пожалуйста",ac_mode_set,"{""enabled"": true}"
Сделай вентилятор на среднем уровне,ac_fan_set,"{""level"": 50, ""speed"": ""medium""}"
Включи обогрев сиденья пассажира на семьдесят процентов,seat_heater_set,"{""seat"": ""passenger"", ""level"": 70}"
Открой люк на сто процентов,sunroof_set,"{""action"": ""open"", ""percent"": 100}"
Закрой люк,sunroof_close,
Сделай громче на десять,volume_change,"{""delta"": 10}"
Уменьши громкость на пять,volume_change,"{""delta"": -5}"
Сделай громкость сто процентов,volume_set,"{""level"": 100}"
Включи радио на частоте 99.5,radio_set,"{""frequency"": ""99.5""}"
Поставь Bluetooth как источник,media_source_set,"{""source"": ""bluetooth""}"
Приостанови воспроизведение музыки,media_pause,
Начни навигацию к Кремлю,nav_start,"{""destination"": ""Кремль""}"
Отмени навигацию,nav_cancel,
Позвони другу,call_start,"{""contact"": ""друг""}"
Ответь на звонок,call_answer,
Отключи свет на улице,headlights_set,"{""state"": ""off""}"
Включи высокие фары,high_beam_set,"{""state"": ""on""}"
Скорость дворников на авто,wipers_set,"{""speed"": ""auto""}"
"Привет, как дела?",chitchat,
"Скажи, что я в пути",chitchat,
Закрой окно у водителя,window_set,"{""action"": ""close"", ""window"": ""driver""}"
Приоткрой окошко на пассажирской стороне на тридцать процентов,window_set,"{""action"": ""set"", ""window"": ""passenger"", ""percent"": 30}"
"Открой все окна полностью, пожалуйста",window_set,"{""action"": ""open"", ""window"": ""all""}"
Включи кондиционер на 21 градус,ac_set,"{""state"": ""on"", ""temperature"": 21}"
Выключи кондиционер,ac_off,
Настрой кондиционер на 25 градусов,ac_set,"{""state"": ""on"", ""temperature"": 25}"
Выставь температуру на 16 градусов,ac_set,"{""state"": ""on"", ""temperature"": 16}"
Включи обогрев сиденья водителя на максимум,seat_heater_set,"{""seat"": ""driver"", ""level"": 100}"
Сделай обогрев сиденья пассажира на 50%,seat_heater_set,"{""seat"": ""passenger"", ""level"": 50}"
Включи рециркуляцию воздуха,ac_mode_set,"{""enabled"": true}"
Отключи обдув,ac_mode_set,"{""enabled"": false}"
Включи обогрев сиденья,seat_heater_set,"{""seat"": ""passenger"", ""level"": 75}"
Приоткрой люк,sunroof_set,"{""action"": ""open"", ""percent"": 50}"
Закрой люк полностью,sunroof_set,"{""action"": ""close"", ""percent"": 100}"
Включи фары,headlights_set,"{""state"": ""on""}"
Отключи дальний свет,high_beam_set,"{""state"": ""off""}"
Установи радио на 90.5,radio_set,"{""frequency"": ""90.5""}"
Поставь Bluetooth как источник,media_source_set,"{""source"": ""bluetooth""}"
Сделай громче на десять,volume_change,"{""delta"": 10}"
Уменьши громкость на 5 единиц,volume_change,"{""delta"": -5}"
Включи музыку,play_music,
Ставь следующий трек,next_track,
Переключи на предыдущий трек,previous_track,
Как доехать до аэропорта?,nav_start,"{""destination"": ""аэропорт""}"
Отмени маршрут,nav_cancel,
Позвони Сергею,call_start,"{""contact"": ""Сергей""}"
Ответь на звонок,call_answer,
Заверши вызов,call_hangup,
Как дела?,chitchat,
"Привет, как ты?",chitchat,
Приоткрой окно водителя на тридцать процентов,window_set,"{""action"": ""set"", ""window"": ""driver"", ""percent"": 30}"
"Закрой все окна, пожалуйста",window_set,"{""action"": ""close"", ""window"": ""all""}"
Открой пассажирское стекло полностью,window_set,"{""action"": ""open"", ""window"": ""passenger""}"
Включи кондиционер на 22 градуса,ac_set,"{""state"": ""on"", ""temperature"": 22}"
Выключи кондиционер,ac_off,
Настрой кондиционер на 20 градусов,ac_set,"{""state"": ""on"", ""temperature"": 20}"
Установи обдув на авто,ac_mode_set,"{""enabled"": true}"
Сделай вентилятор кондиционера на максимальную скорость,ac_fan_set,"{""level"": 100, ""speed"": ""high""}"
Включи обогрев сиденья пассажира на 50 процентов,seat_heater_set,"{""seat"": ""passenger"", ""level"": 50}"
Поставь обогрев сиденья водителя на максимум,seat_heater_set,"{""seat"": ""driver"", ""level"": 100}"
Закрой люк,sunroof_close,
Приоткрой люк на 40 процентов,sunroof_set,"{""action"": ""open"", ""percent"": 40}"
Сделай громче на десять,volume_change,"{""delta"": 10}"
Убавь громкость на 5 единиц,volume_change,"{""delta"": -5}"
Сделай звук потише,volume_change,"{""direction"": ""down""}"
Установи громкость на 75 процентов,volume_set,"{""level"": 75}"
Включи радио на 98.6,radio_set,"{""frequency"": ""98.6""}"
Переключи на Bluetooth,media_source_set,"{""source"": ""bluetooth""}"
Запусти музыку,play_music,
Останови музыку,stop_music,
Как доехать до аэропорта?,nav_start,"{""destination"": ""аэропорт""}"
Отмени маршрут,nav_cancel,
Позвони Сереже,call_start,"{""contact"": ""Серёжа""}"
Ответь на звонок,call_answer,
Положи трубку,call_hangup,
Включи фары,headlights_set,"{""state"": ""on""}"
Выключи дальний свет,high_beam_set,"{""state"": ""off""}"
Поставь дворники на авто,wipers_set,"{""speed"": ""auto""}"
Активируй режим дождя,rain_set,"{""mode"": ""auto""}"
Как дела?,chitchat,
"Привет, как ты?",chitchat,
Приоткрой окно у водителя,window_set,"{""action"": ""open"", ""window"": ""driver""}"
Закрой стекло пассажирской стороны,window_set,"{""action"": ""close"", ""window"": ""passenger""}"
Открой все окна на половину,window_set,"{""action"": ""set"", ""window"": ""all"", ""percent"": 50}"
Закрой окна полностью,window_set,"{""action"": ""close"", ""window"": ""all""}"
Включи кондиционер на 20 градусов,ac_set,"{""state"": ""on"", ""temperature"": 20}"
Поставь температуру кондиционера на двадцать пять,ac_set,"{""state"": ""on"", ""temperature"": 25}"
Выключи кондиционер,ac_off,
Сделай обдув,ac_mode_set,"{""enabled"": true}"
Увеличь скорость вентилятора до 80,ac_fan_set,"{""level"": 80, ""speed"": ""high""}"
Сделай обогрев сиденья водителя на максимум,seat_heater_set,"{""seat"": ""driver"", ""level"": 100}"
Включи вентилятор на пассажирском сиденье на 30 процентов,seat_vent_set,"{""seat"": ""passenger"", ""level"": 30}"
Включи обогрев заднего стекла,defrost_set,"{""state"": ""on"", ""target"": ""rear""}"
Закрой люк на 50 процентов,sunroof_set,"{""action"": ""close"", ""percent"": 50}"
Открой люк,sunroof_set,"{""action"": ""open""}"
Останови музыку,stop_music,
Поставь трек вперед,next_track,
Сделай громче на 10,volume_change,"{""delta"": 10}"
Уменьши громкость на 5,volume_change,"{""delta"": -5}"
Поставь уровень громкости на 75,volume_set,"{""level"": 75}"
Подключи Bluetooth,media_source_set,"{""source"": ""bluetooth""}"
Какой частоте радио?,radio_set,"{""frequency"": ""93.0""}"
Позвони маме,call_start,"{""contact"": ""мама""}"
Ответь на звонок,call_answer,
Как дела?,chitchat,
Выключи фары,headlights_set,"{""state"": ""off""}"
Включи дальний свет,high_beam_set,"{""state"": ""on""}"
Установи дворники на авто,wipers_set,"{""speed"": ""auto""}"
"Пожалуйста, включи обогрев руля",wheel_heater_set,"{""state"": ""on""}"
Сколько времени до центра города?,nav_start,"{""destination"": ""центр города""}"
Отмени навигацию,nav_cancel,
Закрой окно водителя,window_set,"{""action"": ""close"", ""window"": ""driver""}"
Открой окошко пассажира немного,window_set,"{""action"": ""set"", ""window"": ""passenger"", ""percent"": 30}"
"Можно открыть все окна, пожалуйста?",window_set,"{""action"": ""open"", ""window"": ""all""}"
Приоткрой стекло у водителя,window_set,"{""action"": ""open"", ""window"": ""driver""}"
Закрой все окна на сто процентов,window_set,"{""action"": ""close"", ""window"": ""all""}"
Включи кондиционер на 22 градуса,ac_set,"{""state"": ""on"", ""temperature"": 22}"
Выключи климат-контроль,ac_off,
Установи температуру в кондиционере на 20 градусов,ac_set,"{""state"": ""on"", ""temperature"": 20}"
Сделай обдув на максимум,ac_mode_set,"{""enabled"": true}"
Включи вентилятор на средней скорости,ac_fan_set,"{""level"": 50, ""speed"": ""medium""}"
Включи обогрев сиденья пассажира,seat_heater_set,"{""seat"": ""passenger"", ""level"": 100}"
Включи вентиляцию для водительского сиденья на 70 процентов,seat_vent_set,"{""seat"": ""driver"", ""level"": 70}"
Выключи обогрев сиденья у водителя,seat_heater_set,"{""seat"": ""driver"", ""level"": 0}"
Сделай на ветровом стекле обдув,defrost_set,"{""state"": ""on"", ""target"": ""front""}"
Закрой обдув заднего стекла,defrost_set,"{""state"": ""off"", ""target"": ""rear""}"
Открой люк на 50 процентов,sunroof_set,"{""action"": ""open"", ""percent"": 50}"
Закрой люк,sunroof_close,
Сделай громче на 5,volume_change,"{""delta"": 5}"
Уменьши громкость на десять процентов,volume_change,"{""delta"": -10}"
Включи радио на частоте 95.5,radio_set,"{""frequency"": ""95.5""}"
Переключи на следующую песню,next_track,
Запусти музыку,play_music,
Как доехать до ближайшей заправки?,nav_start,"{""destination"": ""ближайшая заправка""}"
Отмени навигацию,nav_cancel,
"Позвони, пожалуйста, Василисе",call_start,"{""contact"": ""Василиса""}"
Ответь на звонок,call_answer,
Заверши звонок,call_hangup,
Включи фары,headlights_set,"{""state"": ""on""}"
Выключи дальний свет,high_beam_set,"{""state"": ""off""}"
Установи дворники на авто,wipers_set,"{""speed"": ""auto""}"
Включи дождевик в ручном режиме,rain_set,"{""mode"": ""manual""}"
Сделай обогрев руля,wheel_heater_set,"{""state"": ""on""}"
Привет,chitchat,
Как дела?,chitchat,
Что нового?,chitchat,
Открой окно водителя на тридцать процентов,window_set,"{""action"": ""set"", ""window"": ""driver"", ""percent"": 30}"
"Закрой все окна, пожалуйста",window_set,"{""action"": ""close"", ""window"": ""all""}"
Приоткрой стекло у пассажира,window_set,"{""action"": ""open"", ""window"": ""passenger""}"
Сделай кондиционер на двадцать два градуса,ac_set,"{""state"": ""on"", ""temperature"": 22}"
Выключи кондиционер,ac_off,
Поставь кондиционер на двадцать пять градусов,ac_set,"{""state"": ""on"", ""temperature"": 25}"
Включи обогрев сиденья пассажира на семьдесят процентов,seat_heater_set,"{""seat"": ""passenger"", ""level"": 70}"
Выключи обогрев на водительском сиденье,seat_heater_set,"{""seat"": ""driver"", ""level"": 0}"
Добавь скорость вентилятора до ста,ac_fan_set,"{""level"": 100, ""speed"": ""high""}"
Сделай погромче на десять,volume_change,"{""delta"": 10}"
Уменьши громкость на пятьдесят процентов,volume_change,"{""direction"": ""down""}"
Сделай тише на три,volume_change,"{""delta"": -3}"
Поставь музыку на повтор,media_repeat_set,"{""mode"": ""one""}"
Переключи на следующую песню,next_track,
Поставь радио на восемьдесят семь точка пять,radio_set,"{""frequency"": ""87.5""}"
Позвони Олегу,call_start,"{""contact"": ""Олег""}"
"Привет, как дела?",chitchat,
Как доехать до ближайшей заправки?,nav_start,"{""destination"": ""ближайшая заправка""}"
Включи фары,headlights_set,"{""state"": ""on""}"
Увеличь скорость дворников до максимума,wipers_set,"{""speed"": ""high""}"
"Пожалуйста, открой окно у водителя на 30 процентов",window_set,"{""action"": ""set"", ""window"": ""driver"", ""percent"": 30}"
Закрой все окна,window_set,"{""action"": ""close"", ""window"": ""all""}"
Приоткрой пассажирское стекло,window_set,"{""action"": ""open"", ""window"": ""passenger""}"
"Сделай, чтобы окно сзади закрылось",window_set,"{""action"": ""close"", ""window"": ""rear""}"
Открой все окна наполовину,window_set,"{""action"": ""set"", ""window"": ""all"", ""percent"": 50}"
Включи кондиционер на 22 градуса,ac_set,"{""state"": ""on"", ""temperature"": 22}"
"Пожалуйста, выключи кондиционер",ac_off,
Сделай обдув на максимуме,ac_fan_set,"{""level"": 100, ""speed"": ""high""}"
Настрой кондиционер на 16 градусов,ac_set,"{""state"": ""on"", ""temperature"": 16}"
Включи режим рециркуляции,ac_mode_set,"{""enabled"": true}"
Увеличь громкость на десять,volume_change,"{""delta"": 10}"
Сделай потише на восемь единиц,volume_change,"{""delta"": -8}"
Поставь громкость на 70 процентов,volume_set,"{""level"": 70}"
Уменьши звук на 20,volume_change,"{""delta"": -20}"
Включи радио на частоте 95.5,radio_set,"{""frequency"": ""95.5""}"
Переключи на следующий трек,next_track,
Проиграй музыку,play_music,
Позвони Василисе,call_start,"{""contact"": ""Василиса""}"
Ответь на звонок,call_answer,
Как добраться до аэропорта?,nav_start,"{""destination"": ""аэропорт""}"
Отмени маршрут,nav_cancel,
Включи свет,headlights_set,"{""state"": ""on""}"
Выключи фары,headlights_set,"{""state"": ""off""}"
Установи дворники на высокую скорость,wipers_set,"{""speed"": ""high""}"
Включи обогрев сиденья водителя,seat_heater_set,"{""seat"": ""driver"", ""level"": 100}"
"Привет, как дела?",chitchat,
"Сделай климат комфортнее, поставь 20 градусов",ac_set,"{""state"": ""on"", ""temperature"": 20}"
Закрой люк,sunroof_close,
Открой люк на 50 процентов,sunroof_set,"{""action"": ""open"", ""percent"": 50}"
Переключи на Bluetooth,media_source_set,"{""source"": ""bluetooth""}"
Включи повтор музыки,media_repeat_set,"{""mode"": ""one""}"
Приоткрой окно у водителя,window_set,"{""action"": ""open"", ""window"": ""driver""}"
Закрой стекло на пассажирском месте,window_set,"{""action"": ""close"", ""window"": ""passenger""}"
"Сделай так, чтобы окна были закрыты",window_set,"{""action"": ""close"", ""window"": ""all""}"
Поставь окно водителя на семьдесят процентов,window_set,"{""action"": ""set"", ""window"": ""driver"", ""percent"": 70}"
"Можно, пожалуйста, открыть окно у пассажира?",window_set,"{""action"": ""open"", ""window"": ""passenger""}"
Кондиционер включи на двадцать один градус,ac_set,"{""state"": ""on"", ""temperature"": 21}"
"Пожалуйста, выключи кондиционер",ac_set,"{""state"": ""off"", ""temperature"": 0}"
"Включи кондиционер, сделай двадцать шесть",ac_set,"{""state"": ""on"", ""temperature"": 26}"
Выключи кондиционер,ac_off,
"Включи обдув, пожалуйста",ac_mode_set,"{""enabled"": true}"
Выключи рециркуляцию,ac_mode_set,"{""enabled"": false}"
Сделай вентилятор на максимальную скорость,ac_fan_set,"{""level"": 100, ""speed"": ""high""}"
Поставь обдув на низкую скорость,ac_fan_set,"{""level"": 20, ""speed"": ""low""}"
Включи обогрев сиденья пассажира на 50%,seat_heater_set,"{""seat"": ""passenger"", ""level"": 50}"
Сделай обогрев сиденья водителя на максимум,seat_heater_set,"{""seat"": ""driver"", ""level"": 100}"
"Пожалуйста, включи обогрев сидений",seat_heater_set,"{""seat"": ""driver"", ""level"": 75}"
Включи обдув на заднем стекле,defrost_set,"{""state"": ""on"", ""target"": ""rear""}"
Выключи обогрев переднего стекла,defrost_set,"{""state"": ""off"", ""target"": ""front""}"
Закрой люк,sunroof_close,
Приоткрой люк на половину,sunroof_set,"{""action"": ""open"", ""percent"": 50}"
Закрой люк полностью,sunroof_set,"{""action"": ""close"", ""percent"": 100}"
Включи музыку,play_music,
Приостанови музыку,media_pause,
Останови музыку,stop_music,
Следующий трек,next_track,
Вернись к предыдущему треку,previous_track,
Сделай громче на 10,volume_change,"{""delta"": 10}"
Уменьши громкость на 5,volume_change,"{""delta"": -5}"
Поставь громкость на 30%,volume_set,"{""level"": 30}"
Сделай громкость на максимум,volume_set,"{""level"": 100}"
Выключи звук,volume_mute_set,"{""state"": ""on""}"
Включи звук,volume_mute_set,"{""state"": ""off""}"
Поставь радио на 91.5,radio_set,"{""frequency"": ""91.5""}"
Найди радио на 105.0,radio_set,"{""frequency"": ""105.0""}"
Поставь Bluetooth как источник,media_source_set,"{""source"": ""bluetooth""}"
Переходи на радио,media_source_set,"{""source"": ""radio""}"
Установи USB как источник,media_source_set,"{""source"": ""usb""}"
Поставь случайное воспроизведение,media_shuffle_set,
Повтори трек,media_repeat_set,"{""mode"": ""one""}"
Повтори все треки,media_repeat_set,"{""mode"": ""all""}"
Прекрати воспроизведение,media_pause,
Начни навигацию к Красной площади,nav_start,"{""destination"": ""Красная площадь""}"
Как доехать до Спаса на крови?,nav_start,"{""destination"": ""Спас на крови""}"
Отмени навигацию,nav_cancel,
Позвони Саше,call_start,"{""contact"": ""Саша""}"
Перезвони мне,call_start,"{""contact"": ""я""}"
Ответь на звонок,call_answer,
Заканчивай разговор,call_hangup,
Включи фары,headlights_set,"{""state"": ""on""}"
Выключи фары,headlights_set,"{""state"": ""off""}"
Переключи на автоматическое освещение,headlights_set,"{""state"": ""auto""}"
Включи дальний свет,high_beam_set,"{""state"": ""on""}"
Выключи дальний свет,high_beam_set,"{""state"": ""off""}"
Включи дворники на высокой скорости,wipers_set,"{""speed"": ""high""}"
Поставь дворники на низкую скорость,wipers_set,"{""speed"": ""low""}"
Переключи режим дождя на автоматический,rain_set,"{""mode"": ""auto""}"
Включи обогрев руля,wheel_heater_set,"{""state"": ""on""}"
Выключи обогрев руля,wheel_heater_set,"{""state"": ""off""}"
Привет,chitchat,
Как дела?,chitchat,
Доброе утро,chitchat,
"Пожалуйста, закрой окно у водителя",window_set,"{""action"": ""close"", ""window"": ""driver""}"
Приоткрой пассажирское окно на тридцать процентов,window_set,"{""action"": ""set"", ""window"": ""passenger"", ""percent"": 30}"
"Открой все окна, пожалуйста",window_set,"{""action"": ""open"", ""window"": ""all""}"
Сделай кондиционер на двадцать два градуса,ac_set,"{""state"": ""on"", ""temperature"": 22}"
Выключи кондиционер,ac_off,
Переключи кондиционер на рециркуляцию,ac_mode_set,"{""enabled"": true}"
Сделай скорость вентилятора на среднем уровне,ac_fan_set,"{""level"": 50, ""speed"": ""medium""}"
Включи обогрев сиденья пассажира на восемьдесят процентов,seat_heater_set,"{""seat"": ""passenger"", ""level"": 80}"
Выключи обогрев сиденья водителя,seat_heater_set,"{""seat"": ""driver"", ""level"": 0}"
Включи обдув на переднее стекло,defrost_set,"{""state"": ""on"", ""target"": ""front""}"
Закрой люк полностью,sunroof_set,"{""action"": ""close"", ""percent"": 100}"
Открой люк на половину,sunroof_set,"{""action"": ""open"", ""percent"": 50}"
Сделай погромче на десять,volume_change,"{""delta"": 10}"
Убавь громкость на пять процентов,volume_change,"{""delta"": -5}"
Сделай громче,volume_change,"{""direction"": ""up""}"
Поставь уровень громкости на семьдесят,volume_set,"{""level"": 70}"
Включи музыку,play_music,
Останови музыку,stop_music,
Переключи на следующий трек,next_track,
Сделай паузу,media_pause,
Запусти навигацию до Московского Кремля,nav_start,"{""destination"": ""Московский Кремль""}"
Отмени навигацию,nav_cancel,
Позвони Анне,call_start,"{""contact"": ""Анна""}"
Ответь на звонок,call_answer,
Завершить разговор,call_hangup,
Включи фары,headlights_set,"{""state"": ""on""}"
Выключи дальний свет,high_beam_set,"{""state"": ""off""}"
Установи дворники на автомат,wipers_set,"{""speed"": ""auto""}"
Включи обогрев руля,wheel_heater_set,"{""state"": ""on""}"
"Привет, как дела?",chitchat,
Как доехать до ближайшей АЗС?,nav_start,"{""destination"": ""ближайшая АЗС""}"
"Сделай громче, мне не слышно",volume_change,"{""delta"": 5}"
Настрой радио на 95.5,radio_set,"{""frequency"": ""95.5""}"
Настрой радио на станцию Ретро FM,radio_set_station,"{""station"": ""Ретро FM""}"
Сделай температуру на кондиционере 18 градусов,ac_set,"{""state"": ""on"", ""temperature"": 18}"
Приоткрой окно у водителя на тридцать процентов,window_set,"{""action"": ""set"", ""window"": ""driver"", ""percent"": 30}"
Закрой окно пассажира,window_set,"{""action"": ""close"", ""window"": ""passenger""}"
Можно сделать погромче на десять?,volume_change,"{""delta"": 10}"
Установи громкость на восемьдесят процентов,volume_set,"{""level"": 80}"
"Включи кондиционер, температура пусть будет двадцать два",ac_set,"{""state"": ""on"", ""temperature"": 22}"
Отключи кондиционер,ac_off,
Переключи на радио 95.5,radio_set,"{""frequency"": ""95.5""}"
Как мне доехать до супермаркета?,nav_start,"{""destination"": ""супермаркет""}"
Включи обогрев сиденья пассажира на сто процентов,seat_heater_set,"{""seat"": ""passenger"", ""level"": 100}"
"Можно, пожалуйста, закрыть люк?",sunroof_set,"{""action"": ""close""}"
Сделай тише на восемнадцать,volume_change,"{""delta"": -18}"
Открой все окна,window_set,"{""action"": ""open"", ""window"": ""all""}"
Поставь режим обдува,ac_mode_set,"{""enabled"": true}"
Включи шторы на окнах,chitchat,
Позвони маме,call_start,"{""contact"": ""мама""}"
Увеличь вентилятор на максимальную скорость,ac_fan_set,"{""level"": 100, ""speed"": ""high""}"
Какое сейчас время?,chitchat,
Закрой заднее окно,window_set,"{""action"": ""close"", ""window"": ""rear""}"
Включи радио и поставь на 101.3,radio_set_station,"{""station"": ""101.3""}"
Сделай музыку погромче,volume_change,"{""direction"": ""up""}"
Отменить навигацию,nav_cancel,
Установи кондиционер на двадцать шесть градусов,ac_set,"{""state"": ""on"", ""temperature"": 26}"
Открой окно у водителя на сто процентов,window_set,"{""action"": ""open"", ""window"": ""driver"", ""percent"": 100}"
Закрой пассажирское окно,window_set,"{""action"": ""close"", ""window"": ""passenger""}"
"Пожалуйста, приоткрой окошко",window_set,"{""action"": ""set"", ""window"": ""all"", ""percent"": 20}"
Сделай температуру в кондиционере 20 градусов,ac_set,"{""temperature"": 20, ""state"": ""on""}"
Включи кондиционер,ac_set,"{""state"": ""on"", ""temperature"": 22}"
Выключи кондиционер,ac_off,
Включи рециркуляцию воздуха,ac_mode_set,"{""enabled"": true}"
Установи уровень обдува на 75 процентов,ac_fan_set,"{""level"": 75, ""speed"": ""medium""}"
Разогрей сиденье у водителя на полную мощность,seat_heater_set,"{""seat"": ""driver"", ""level"": 100}"
Включи вентилятор на сиденье пассажира на 50 процентов,seat_vent_set,"{""seat"": ""passenger"", ""level"": 50}"
Включи обогрев заднего стекла,defrost_set,"{""state"": ""on"", ""target"": ""rear""}"
Закрой люк на половину,sunroof_set,"{""action"": ""close"", ""percent"": 50}"
Открой люк полностью,sunroof_set,"{""action"": ""open"", ""percent"": 100}"
Поставь музыку на паузу,media_pause,
Включи радио,play_music,
Следующий трек,next_track,
Вернись на предыдущий трек,previous_track,
Сделай громче на десять,volume_change,"{""delta"": 10}"
Сделай тише на пятнадцать,volume_change,"{""delta"": -15}"
Поставь громкость на 80 процентов,volume_set,"{""level"": 80}"
"Пожалуйста, выключи звук",volume_mute_set,"{""state"": ""on""}"
Выбери Bluetooth как источник,media_source_set,"{""source"": ""bluetooth""}"
Настрой радио на частоту 95.5,radio_set,"{""frequency"": ""95.5""}"
Запусти навигацию до аэропорта,nav_start,"{""destination"": ""аэропорт""}"
Отмени навигацию,nav_cancel,
Позвони маме,call_start,"{""contact"": ""мама""}"
Ответь на звонок,call_answer,
Заверши звонок,call_hangup,
Включи фары,headlights_set,"{""state"": ""on""}"
Выключи дальний свет,high_beam_set,"{""state"": ""off""}"
Установи скорость дворников на низкую,wipers_set,"{""speed"": ""low""}"
Настрой режим дождя на автоматический,rain_set,"{""mode"": ""auto""}"
Включи подогрев руля,wheel_heater_set,"{""state"": ""on""}"
"Привет, как дела?",chitchat,
Как поживаешь?,chitchat,
Доброго времени суток!,chitchat,
Открой окно у водителя,window_set,"{""action"": ""open"", ""window"": ""driver""}"
Приоткрой стекло пассажира на 30 процентов,window_set,"{""action"": ""set"", ""window"": ""passenger"", ""percent"": 30}"
"Закрой все окна, пожалуйста",window_set,"{""action"": ""close"", ""window"": ""all""}"
Закрой окно сзади полностью,window_set,"{""action"": ""close"", ""window"": ""rear""}"
Включи кондиционер на 22 градуса,ac_set,"{""state"": ""on"", ""temperature"": 22}"
Выключи кондиционер,ac_off,
Установи температуру кондиционера на 18 градусов,ac_set,"{""state"": ""on"", ""temperature"": 18}"
Включи рециркуляцию,ac_mode_set,"{""enabled"": true}"
Увеличь скорость вентилятора на максимум,ac_fan_set,"{""level"": 100, ""speed"": ""high""}"
Обогрей сиденье водителя на 50 процентов,seat_heater_set,"{""seat"": ""driver"", ""level"": 50}"
Включи обогрев сиденья пассажира,seat_heater_set,"{""seat"": ""passenger"", ""level"": 100}"
Поставь вентилятор для сиденья пассажира на средний уровень,seat_vent_set,"{""seat"": ""passenger"", ""level"": 50}"
Включи обдув лобового стекла,defrost_set,"{""state"": ""on"", ""target"": ""front""}"
Выключи обдув заднего стекла,defrost_set,"{""state"": ""off"", ""target"": ""rear""}"
Открой люк на половину,sunroof_set,"{""action"": ""open"", ""percent"": 50}"
Закрой люк полностью,sunroof_set,"{""action"": ""close"", ""percent"": 100}"
"Поставь музыку, пожалуйста",play_music,
Останови воспроизведение,stop_music,
Поставь на паузу,media_pause,
Следующий трек,next_track,
Вернись на предыдущий трек,previous_track,
Сделай громче на 10,volume_change,"{""delta"": 10}"
Убавь звук на 5,volume_change,"{""delta"": -5}"
Установи громкость на 75 процентов,volume_set,"{""level"": 75}"
Заглуши звук,volume_mute_set,"{""state"": ""on""}"
Включи радио на частоте 101.5,radio_set,"{""frequency"": ""101.5""}"
Переключи на Bluetooth,media_source_set,"{""source"": ""bluetooth""}"
Как добраться до Кремля?,nav_start,"{""destination"": ""Кремль""}"
Отмени навигацию,nav_cancel,
Позвони Саше,call_start,"{""contact"": ""Саша""}"
Ответь на звонок,call_answer,
Закончить разговор,call_hangup,
Включи фары,headlights_set,"{""state"": ""on""}"
Выключи дальний свет,high_beam_set,"{""state"": ""off""}"
Установи стеклоочистители на низкую скорость,wipers_set,"{""speed"": ""low""}"
Переключи режим дождя на авто,rain_set,"{""mode"": ""auto""}"
Включи обогрев руля,wheel_heater_set,"{""state"": ""on""}"
Как дела?,chitchat,
"Привет, как ты?",chitchat,
Доброе утро,chitchat,
Закрой окно у водителя на тридцать процентов,window_set,"{""action"": ""set"", ""window"": ""driver"", ""percent"": 30}"
Открой окно пассажира полностью,window_set,"{""action"": ""open"", ""window"": ""passenger""}"
"Пожалуйста, закрой все окна",window_set,"{""action"": ""close"", ""window"": ""all""}"
Приоткрой стекло у водителя,window_set,"{""action"": ""open"", ""window"": ""driver""}"
Сделай кондиционер на двадцать пять градусов,ac_set,"{""state"": ""on"", ""temperature"": 25}"
Включи климат-контроль на 20 градусов,ac_set,"{""state"": ""on"", ""temperature"": 20}"
"Пожалуйста, выключи кондиционер",ac_off,
Включи обдув,ac_mode_set,"{""enabled"": true}"
Включи обогрев сиденья пассажира на полную мощность,seat_heater_set,"{""seat"": ""passenger"", ""level"": 100}"
Поставь вентиляцию для водителя на тридцать процентов,seat_vent_set,"{""seat"": ""driver"", ""level"": 30}"
Включи обогрев сиденья водителя,seat_heater_set,"{""seat"": ""driver"", ""level"": 100}"
Открой крышу на 70 процентов,sunroof_set,"{""action"": ""open"", ""percent"": 70}"
Закрой панорамную крышу,sunroof_close,
Сделай громче на десять,volume_change,"{""delta"": 10}"
Уменьши громкость на пятнадцать процентов,volume_change,"{""delta"": -15}"
Выключи музыку,stop_music,
Включи следующую песню,next_track,
Сделай громкость на 50,volume_set,"{""level"": 50}"
"Пожалуйста, переключи на радио",media_source_set,"{""source"": ""radio""}"
Как доехать до метро?,nav_start,"{""destination"": ""метро""}"
Отмени навигацию,nav_cancel,
Позвони другу,call_start,"{""contact"": ""друг""}"
Ответь на звонок,call_answer,
Заканчивай разговор,call_hangup,
Включи фары,headlights_set,"{""state"": ""on""}"
"Пожалуйста, выключи дальний свет",high_beam_set,"{""state"": ""off""}"
Установи дворники на среднюю скорость,wipers_set,"{""speed"": ""medium""}"
Сделай дождь в ручном режиме,rain_set,"{""mode"": ""manual""}"
"Привет, как дела?",chitchat,
Как у тебя настроение?,chitchat,
Закрой окно водителя полностью,window_set,"{""action"": ""close"", ""window"": ""driver""}"
Приоткрой пассажирское стекло на 30 процентов,window_set,"{""action"": ""set"", ""window"": ""passenger"", ""percent"": 30}"
Открой все окна на 50%,window_set,"{""action"": ""set"", ""window"": ""all"", ""percent"": 50}"
"Можно, пожалуйста, закрыть окно у водителя?",window_set,"{""action"": ""close"", ""window"": ""driver""}"
Настрой кондиционер на 22 градуса,ac_set,"{""state"": ""on"", ""temperature"": 22}"
Включи обогрев сиденья пассажира на максимум,seat_heater_set,"{""seat"": ""passenger"", ""level"": 100}"
Выключи кондиционер,ac_off,
Поставь температуру кондиционера на 18,ac_set,"{""state"": ""on"", ""temperature"": 18}"
Сделай погромче на 5,volume_change,"{""delta"": 5}"
Убавь громкость на 10 процентов,volume_change,"{""delta"": -10}"
Увеличь громкость на восемь,volume_change,"{""delta"": 8}"
Сделай звук потише,volume_change,"{""direction"": ""down""}"
Переключи на радио,media_source_set,"{""source"": ""radio""}"
Включи Bluetooth,media_source_set,"{""source"": ""bluetooth""}"
Поставь USB как источник,media_source_set,"{""source"": ""usb""}"
Переключи на следующий трек,next_track,
Сыграй предыдущий трек,previous_track,
Останови музыку,stop_music,
Как доехать до Маяка?,nav_start,"{""destination"": ""Маяк""}"
"Навигатор, проложи маршрут до Красной площади",nav_start,"{""destination"": ""Красная площадь""}"
Отмени навигацию,nav_cancel,
Позвони Сергею,call_start,"{""contact"": ""Сергей""}"
Ответь на звонок,call_answer,
Закончить звонок,call_hangup,
Включи фары,headlights_set,"{""state"": ""on""}"
Переключи фары на авто,headlights_set,"{""state"": ""auto""}"
Включи дворники на высокой скорости,wipers_set,"{""speed"": ""high""}"
Установи обогрев руля,wheel_heater_set,"{""state"": ""on""}"
"Привет, как дела?",chitchat,
"Добрый день, что нового?",chitchat,
"Пожалуйста, открой окно у водителя",window_set,"{""action"": ""open"", ""window"": ""driver""}"
Закрой все окна,window_set,"{""action"": ""close"", ""window"": ""all""}"
Приоткрой пассажирское стекло на тридцать процентов,window_set,"{""action"": ""set"", ""window"": ""passenger"", ""percent"": 30}"
Сделай окно открытым полностью,window_set,"{""action"": ""open"", ""window"": ""all""}"
Закрой окно на стороне водителя,window_set,"{""action"": ""close"", ""window"": ""driver""}"
Включи кондиционер на 22 градуса,ac_set,"{""state"": ""on"", ""temperature"": 22}"
"Поставь климат на 20 градусов, пожалуйста",ac_set,"{""state"": ""on"", ""temperature"": 20}"
Кондиционер выключен,ac_off,
"Убери кондиционер, отключи его",ac_off,
Включи обогрев сиденья пассажира,seat_heater_set,"{""seat"": ""passenger"", ""level"": 100}"
Сделай обогрев сиденья водителя на 50%,seat_heater_set,"{""seat"": ""driver"", ""level"": 50}"
Включи радиоприемник на 95.7,radio_set,"{""frequency"": ""95.7""}"
Переключись на радио 88.0,radio_set,"{""frequency"": ""88.0""}"
Поставь Bluetooth как источник,media_source_set,"{""source"": ""bluetooth""}"
Включи USB,media_source_set,"{""source"": ""usb""}"
Следующий трек,next_track,
Предыдущий трек,previous_track,
Сделай громче на десять,volume_change,"{""delta"": 10}"
Убавь звук на пятнадцать,volume_change,"{""delta"": -15}"
"Пожалуйста, ответь на звонок",call_answer,
Завершить звонок,call_hangup,
Как доехать до ближайшего магазина?,nav_start,"{""destination"": ""ближайший магазин""}"
"Навигатор, прокладывай маршрут до работы",nav_start,"{""destination"": ""работа""}"
Включи свет фар,headlights_set,"{""state"": ""on""}"
Отключи фары,headlights_set,"{""state"": ""off""}"
Настрой дворники на авто,rain_set,"{""mode"": ""auto""}"
Включи дворники на низкой скорости,wipers_set,"{""speed"": ""low""}"
Приоткрой окно у водителя на тридцать процентов,window_set,"{""action"": ""set"", ""window"": ""driver"", ""percent"": 30}"
"Закрой все окна, пожалуйста",window_set,"{""action"": ""close"", ""window"": ""all""}"
"Мне жарко, открой пассажирское окно",window_set,"{""action"": ""open"", ""window"": ""passenger""}"
Сделай температуру кондиционера 24 градуса,ac_set,"{""temperature"": 24}"
Выключи кондиционер,ac_off,
Включи рециркуляцию воздуха,ac_mode_set,"{""enabled"": true}"
Поставь вентилятор на максимальную скорость,ac_fan_set,"{""level"": 100, ""speed"": ""high""}"
Сделай отопление сиденья пассажира на средний уровень,seat_heater_set,"{""seat"": ""passenger"", ""level"": 50}"
Открой люк на половину,sunroof_set,"{""action"": ""open"", ""percent"": 50}"
Включи задний обогрев,defrost_set,"{""state"": ""on"", ""target"": ""rear""}"
Поставь радио на частоту 95.5,radio_set,"{""frequency"": ""95.5""}"
Сделай громче на десять,volume_change,"{""delta"": 10}"
Поставь громкость на 80 процентов,volume_set,"{""level"": 80}"
Включи музыку,play_music,
Пропусти следующий трек,next_track,
Отключи звук,volume_mute_set,"{""state"": ""on""}"
Переключи на Bluetooth,media_source_set,"{""source"": ""bluetooth""}"
Как добраться до аэропорта?,nav_start,"{""destination"": ""аэропорт""}"
Позвони Алексею,call_start,"{""contact"": ""Алексей""}"
Ответь на звонок,call_answer,
Выключи фары,headlights_set,"{""state"": ""off""}"
Как дела?,chitchat,
Открой окно у водителя на тридцать процентов,window_set,"{""action"": ""set"", ""window"": ""driver"", ""percent"": 30}"
Закрой заднее окно,window_set,"{""action"": ""close"", ""window"": ""all""}"
Приоткрой окошко пассажира,window_set,"{""action"": ""open"", ""window"": ""passenger""}"
Сделай окно водителя полностью открытым,window_set,"{""action"": ""open"", ""window"": ""driver""}"
"Можно, пожалуйста, закрыть окно?",window_set,"{""action"": ""close"", ""window"": ""all""}"
Включи кондиционер на двадцать один градус,ac_set,"{""state"": ""on"", ""temperature"": 21}"
Поставь температуру на 25 градусов,ac_set,"{""state"": ""on"", ""temperature"": 25}"
Выключи кондиционер,ac_off,
Кондиционер пусть будет выключен,ac_off,
Включи рециркуляцию воздуха,ac_mode_set,"{""enabled"": true}"
Выключи рециркуляцию,ac_mode_set,"{""enabled"": false}"
Увеличь скорость вентилятора на 50,ac_fan_set,"{""level"": 50, ""speed"": ""medium""}"
Вентилятор на максимуме,ac_fan_set,"{""level"": 100, ""speed"": ""high""}"
Включи обогрев сиденья водителя на 80,seat_heater_set,"{""seat"": ""driver"", ""level"": 80}"
Сделай обогрев сиденья пассажира на 50%,seat_heater_set,"{""seat"": ""passenger"", ""level"": 50}"
Открой люк на тридцать процентов,sunroof_set,"{""action"": ""open"", ""percent"": 30}"
Закрой люк,sunroof_close,
Включи музыку,play_music,
Останови музыку,stop_music,
Сделай громче на пять,volume_change,"{""delta"": 5}"
Уменьши громкость на десять,volume_change,"{""delta"": -10}"
Поставь громкость на 75,volume_set,"{""level"": 75}"
Включи громкость,volume_mute_set,"{""state"": ""off""}"
Выключи звук,volume_mute_set,"{""state"": ""on""}"
Переключи на радио,media_source_set,"{""source"": ""radio""}"
Сделайshuffle,media_shuffle_set,
Настрой радио на 102.5,radio_set,"{""frequency"": ""102.5""}"
Назад на предыдущий трек,previous_track,
Как доехать до Кутузовского проспекта?,nav_start,"{""destination"": ""Кутузовский проспект""}"
Отмени навигацию,nav_cancel,
"Позвони, пожалуйста, Василисе",call_start,"{""contact"": ""Василиса""}"
Ответь на звонок,call_answer,
Положи трубку,call_hangup,
Включи фары,headlights_set,"{""state"": ""on""}"
Выключи свет,headlights_set,"{""state"": ""off""}"
Поставь дворники на автомат,wipers_set,"{""speed"": ""auto""}"
Настрой дворники на высокую скорость,wipers_set,"{""speed"": ""high""}"
"Привет, как дела?",chitchat,
Как ты?,chitchat,
Как прошел твой день?,chitchat,
Открой окно водителя,window_set,"{""action"": ""open"", ""window"": ""driver""}"
"Закрой пассажирское окно, пожалуйста",window_set,"{""action"": ""close"", ""window"": ""passenger""}"
Приоткрой все окна,window_set,"{""action"": ""open"", ""window"": ""all""}"
Закрой окошко на пятьдесят процентов,window_set,"{""action"": ""set"", ""window"": ""driver"", ""percent"": 50}"
"Душно, открой все окна",window_set,"{""action"": ""open"", ""window"": ""all""}"
Поставь кондиционер на 22 градуса,ac_set,"{""state"": ""on"", ""temperature"": 22}"
"Включи климат-контроль, пусть будет 20 градусов",ac_set,"{""state"": ""on"", ""temperature"": 20}"
Выключи кондиционер,ac_off,
Включи рециркуляцию воздуха,ac_mode_set,"{""enabled"": true}"
Установи скорость вентилятора на максимум,ac_fan_set,"{""level"": 100, ""speed"": ""high""}"
Включи обогрев сиденья водителя на 75 процентов,seat_heater_set,"{""seat"": ""driver"", ""level"": 75}"
Настрой обогрев пассажирского сиденья на 50,seat_heater_set,"{""seat"": ""passenger"", ""level"": 50}"
Включи обогрев сидений,seat_heater_set,"{""seat"": ""driver"", ""level"": 100}"
Включи обдув лобового стекла,defrost_set,"{""state"": ""on"", ""target"": ""front""}"
Выключи обогрев заднего стекла,defrost_set,"{""state"": ""off"", ""target"": ""rear""}"
Закрой люк,sunroof_close,
Открой люк на 50 процентов,sunroof_set,"{""action"": ""open"", ""percent"": 50}"
Сделай потише на 5,volume_change,"{""delta"": -5}"
Увеличь громкость на десять процентов,volume_change,"{""delta"": 10}"
Поставь громкость на 80,volume_set,"{""level"": 80}"
Включи музыку,play_music,
Пауза,media_pause,
Включи радио на частоте 95.5,radio_set,"{""frequency"": ""95.5""}"
Переключи на следующую песню,next_track,
Как доехать до Ленина?,nav_start,"{""destination"": ""Ленина""}"
Отмени навигацию,nav_cancel,
Позвони Александру,call_start,"{""contact"": ""Александр""}"
Ответь на звонок,call_answer,
Заверши разговор,call_hangup,
Включи фары,headlights_set,"{""state"": ""on""}"
Выключи фары,headlights_set,"{""state"": ""off""}"
Установи чистоту стеклоочистителей на средний режим,wipers_set,"{""speed"": ""medium""}"
Настрой стеклоочистители на авто,rain_set,"{""mode"": ""auto""}"
Как дела?,chitchat,
"Привет, как ты?",chitchat,
Закрой окно у водителя на десять процентов,window_set,"{""action"": ""set"", ""window"": ""driver"", ""percent"": 10}"
Открой окно у пассажира полностью,window_set,"{""action"": ""open"", ""window"": ""passenger""}"
"Привет, можно приоткрыть стекло сзади?",window_set,"{""action"": ""open"", ""window"": ""all""}"
Сделай кондиционер на 21 градус,ac_set,"{""state"": ""on"", ""temperature"": 21}"
Включи климат-контроль на 19 градусов,ac_set,"{""state"": ""on"", ""temperature"": 19}"
Выключи кондиционер,ac_off,
Включи обдув лобового стекла,ac_mode_set,"{""enabled"": true}"
Сделай скорость вентилятора на максимуме,ac_fan_set,"{""level"": 100, ""speed"": ""high""}"
Сделай печку на 30 процентов,ac_fan_set,"{""level"": 30, ""speed"": ""medium""}"
Включи подогрев сиденья водителя на 50 процентов,seat_heater_set,"{""seat"": ""driver"", ""level"": 50}"
Включи вентилятор сиденья пассажира на максимуме,seat_vent_set,"{""seat"": ""passenger"", ""level"": 100}"
Выключи подогрев сиденья,seat_heater_set,"{""seat"": ""passenger"", ""level"": 0}"
Включи обогрев заднего стекла,defrost_set,"{""state"": ""on"", ""target"": ""rear""}"
Закрой люк на 75 процентов,sunroof_set,"{""action"": ""close"", ""percent"": 75}"
Открой люк полностью,sunroof_set,"{""action"": ""open"", ""percent"": 100}"
Выключи фары,headlights_set,"{""state"": ""off""}"
Включи дальний свет,high_beam_set,"{""state"": ""on""}"
Как доехать до Красной площади?,nav_start,"{""destination"": ""Красная площадь""}"
Поехали к Пушкинской площади,nav_start,"{""destination"": ""Пушкинская площадь""}"
Позвони Алексею,call_start,"{""contact"": ""Алексей""}"
Ответь на звонок,call_answer,
Сделай громче на 5,volume_change,"{""delta"": 5}"
Уменьши громкость на 20 процентов,volume_change,"{""delta"": -20}"
Поставь уровень громкости на 50,volume_set,"{""level"": 50}"
Выключи радио,stop_music,
Поставь музыку на паузу,media_pause,
Поставь источник на USB,media_source_set,"{""source"": ""usb""}"
Переключи на следующий трек,next_track,
Вернись на предыдущий трек,previous_track,
Сделай громче,volume_change,"{""direction"": ""up""}"
Сделай потише,volume_change,"{""direction"": ""down""}"
Поставь радиостанцию Маяк,radio_set_station,"{""station"": ""Маяк""}"
Настрой радиочастоту на 93.5,radio_set,"{""frequency"": ""93.5""}"
Выключи дворники,wipers_set,"{""speed"": ""off""}"
Увеличь скорость дворников до максимума,wipers_set,"{""speed"": ""high""}"
Как дела?,chitchat,
"Привет, как ты?",chitchat,
Приоткрой окно у водителя,window_set,"{""action"": ""open"", ""window"": ""driver""}"
Закрой окно на пассажирском месте,window_set,"{""action"": ""close"", ""window"": ""passenger""}"
"Сделай так, чтобы все окна были закрыты",window_set,"{""action"": ""close"", ""window"": ""all""}"
Открой окно у водителя на пятьдесят процентов,window_set,"{""action"": ""set"", ""window"": ""driver"", ""percent"": 50}"
Закрой все окна,window_set,"{""action"": ""close"", ""window"": ""all""}"
Включи кондиционер на двадцать два градуса,ac_set,"{""state"": ""on"", ""temperature"": 22}"
Поставь кондиционер на 18 градусов,ac_set,"{""state"": ""on"", ""temperature"": 18}"
Выключи кондиционер,ac_off,
Поставь кондиционер на 25 градусов,ac_set,"{""state"": ""on"", ""temperature"": 25}"
Включи рециркуляцию воздуха,ac_mode_set,"{""enabled"": true}"
Выключи рециркуляцию,ac_mode_set,"{""enabled"": false}"
Установи скорость вентилятора на средний уровень,ac_fan_set,"{""level"": 50, ""speed"": ""medium""}"
Поставь скорость вентилятора на высокую,ac_fan_set,"{""level"": 80, ""speed"": ""high""}"
Включи обогрев сиденья водителя на максимум,seat_heater_set,"{""seat"": ""driver"", ""level"": 100}"
Увеличь обогрев на сиденье пассажира до 70%,seat_heater_set,"{""seat"": ""passenger"", ""level"": 70}"
Включи обогрев сиденья для водителя на 50,seat_heater_set,"{""seat"": ""driver"", ""level"": 50}"
Включи вентиляцию на сиденье пассажира,seat_vent_set,"{""seat"": ""passenger"", ""level"": 100}"
Закрой люк полностью,sunroof_set,"{""action"": ""close"", ""percent"": 100}"
Открой люк на тридцать процентов,sunroof_set,"{""action"": ""open"", ""percent"": 30}"
Выключи фары,headlights_set,"{""state"": ""off""}"
Включи фары,headlights_set,"{""state"": ""on""}"
Установи радио на частоту 101.5,radio_set,"{""frequency"": ""101.5""}"
Сделай громче на 10,volume_change,"{""delta"": 10}"
Сделай тише на 5,volume_change,"{""delta"": -5}"
Установи громкость на 75%,volume_set,"{""level"": 75}"
Включи музыку,play_music,
Останови музыку,stop_music,
Как доехать до ближайшей заправки?,nav_start,"{""destination"": ""ближайшая заправка""}"
Позвони другу,call_start,"{""contact"": ""друг""}"
Ответь на звонок,call_answer,
Заверши звонок,call_hangup,
Сделай шум потише,volume_change,"{""direction"": ""down""}"
Установи источник Bluetooth,media_source_set,"{""source"": ""bluetooth""}"
Включи режим повторения на одну песню,media_repeat_set,"{""mode"": ""one""}"
Перемотай на следующий трек,next_track,
"Привет, как дела?",chitchat,
Сколько времени?,chitchat,
Расскажи что-нибудь интересное,chitchat,
Закрой окно водителя,window_set,"{""action"": ""close"", ""window"": ""driver""}"
Приоткрой стекло на пассажирской стороне,window_set,"{""action"": ""set"", ""window"": ""passenger"", ""percent"": 25}"
Открой все окна полностью,window_set,"{""action"": ""open"", ""window"": ""all""}"
Сделай кондиционер на 20 градусов,ac_set,"{""state"": ""on"", ""temperature"": 20}"
"Включи кондиционер, температура пусть будет 24",ac_set,"{""state"": ""on"", ""temperature"": 24}"
Выключи кондиционер,ac_off,
Поставь кондиционер на рециркуляцию,ac_mode_set,"{""enabled"": true}"
Отключи рециркуляцию воздуха,ac_mode_set,"{""enabled"": false}"
Установи обогрев сиденья водителя на 50 процентов,seat_heater_set,"{""seat"": ""driver"", ""level"": 50}"
Включи обогрев сиденья пассажира на максимум,seat_heater_set,"{""seat"": ""passenger"", ""level"": 100}"
Отключи обогрев сидений,seat_heater_set,"{""seat"": ""driver"", ""level"": 0}"
Включи музыку,play_music,
Останови музыку,stop_music,
Пауза,media_pause,
Следующий трек,next_track,
Вернись к предыдущему треку,previous_track,
Сделай громче на десять,volume_change,"{""delta"": 10}"
Убавь громкость на 5 процентов,volume_change,"{""delta"": -5}"
Поставь громкость на 70%,volume_set,"{""level"": 70}"
Выключи звук,volume_mute_set,"{""state"": ""on""}"
Включи звук,volume_mute_set,"{""state"": ""off""}"
Поставь радио на 95.7,radio_set,"{""frequency"": ""95.7""}"
Переключи на Bluetooth,media_source_set,"{""source"": ""bluetooth""}"
Включи навигацию до Москвы,nav_start,"{""destination"": ""Москва""}"
Отмени навигацию,nav_cancel,
Позвони папе,call_start,"{""contact"": ""папа""}"
Ответь на звонок,call_answer,
Заверши разговор,call_hangup,
Включи фары,headlights_set,"{""state"": ""on""}"
Выключи фары,headlights_set,"{""state"": ""off""}"
Установи обогрев руля,wheel_heater_set,"{""state"": ""on""}"
Отключи обогрев руля,wheel_heater_set,"{""state"": ""off""}"
Привет,chitchat,
Как дела?,chitchat,
"Душно, открой окно",window_set,"{""action"": ""open"", ""window"": ""driver""}"
Приоткрой окно водителя на десять процентов,window_set,"{""action"": ""set"", ""window"": ""driver"", ""percent"": 10}"
Закрой пассажирское окно,window_set,"{""action"": ""close"", ""window"": ""passenger""}"
"Можно, пожалуйста, открыть все окна?",window_set,"{""action"": ""open"", ""window"": ""all""}"
Сделай кондиционер холоднее до 20 градусов,ac_set,"{""state"": ""on"", ""temperature"": 20}"
Включи климат контроль и поставь 24 градуса,ac_set,"{""state"": ""on"", ""temperature"": 24}"
Выключи кондиционер,ac_off,
Включи рециркуляцию воздуха,ac_mode_set,"{""enabled"": true}"
Поставь обдув на высокую скорость,ac_fan_set,"{""level"": 100, ""speed"": ""high""}"
Нагрей сиденье водителя до максимума,seat_heater_set,"{""seat"": ""driver"", ""level"": 100}"
Сделай обогрев сиденья пассажира на 50 процентов,seat_heater_set,"{""seat"": ""passenger"", ""level"": 50}"
Открой люк на двадцать процентов,sunroof_set,"{""action"": ""open"", ""percent"": 20}"
Закрой люк,sunroof_close,
Сделай громче на пять,volume_change,"{""delta"": 5}"
Уменьши громкость на десять,volume_change,"{""delta"": -10}"
Настрой радио на частоту 95.5,radio_set,"{""frequency"": ""95.5""}"
Поставь источник USB,media_source_set,"{""source"": ""usb""}"
Включи музыку,play_music,
Останови музыку,stop_music,
Позвони Пете,call_start,"{""contact"": ""Петя""}"
Как доехать до аэропорта?,nav_start,"{""destination"": ""аэропорт""}"
Выключи фары,headlights_set,"{""state"": ""off""}"
Включи дальний свет,high_beam_set,"{""state"": ""on""}"
Поставь дворники на автомат,wipers_set,"{""speed"": ""auto""}"
Как дела?,chitchat,
Закрой окно у водителя,window_set,"{""action"": ""close"", ""window"": ""driver""}"
Приоткрой стекло пассажирского окна,window_set,"{""action"": ""set"", ""window"": ""passenger"", ""percent"": 30}"
Открой все окна на двадцать процентов,window_set,"{""action"": ""set"", ""window"": ""all"", ""percent"": 20}"
"Пожалуйста, закрой заднее окно",window_set,"{""action"": ""close"", ""window"": ""rear""}"
Включи кондиционер на 22 градуса,ac_set,"{""state"": ""on"", ""temperature"": 22}"
Выключи кондиционер,ac_off,
Установи кондиционер на 18 градусов,ac_set,"{""state"": ""on"", ""temperature"": 18}"
Поставь кондиционер в режим рециркуляции,ac_mode_set,"{""enabled"": true}"
Включи обогрев сиденья водителя на максимум,seat_heater_set,"{""seat"": ""driver"", ""level"": 100}"
Установи обогрев сиденья пассажира на 50%,seat_heater_set,"{""seat"": ""passenger"", ""level"": 50}"
Включи вентилятор на среднем уровне,ac_fan_set,"{""level"": 50, ""speed"": ""medium""}"
Включи обогрев сиденья,seat_heater_set,"{""seat"": ""passenger"", ""level"": 75}"
Закрой люк на 40 процентов,sunroof_set,"{""action"": ""close"", ""percent"": 40}"
Сделай громче на десять,volume_change,"{""delta"": 10}"
Сделай потише на пять,volume_change,"{""delta"": -5}"
Уменьши громкость на восемь,volume_change,"{""delta"": -8}"
Включи музыку,play_music,
Переключи на следующую песню,next_track,
Поставь радио на 95.5,radio_set,"{""frequency"": ""95.5""}"
Переключи на Bluetooth,media_source_set,"{""source"": ""bluetooth""}"
Как доехать до аэропорта?,nav_start,"{""destination"": ""аэропорт""}"
Отмени навигацию,nav_cancel,
Позвони Алексею,call_start,"{""contact"": ""Алексей""}"
Ответь на звонок,call_answer,
Звони мне на номер 123456789,call_start,"{""contact"": ""123456789""}"
Выключи фары,headlights_set,"{""state"": ""off""}"
Включи дальний свет,high_beam_set,"{""state"": ""on""}"
Установи дворники на высокую скорость,wipers_set,"{""speed"": ""high""}"
Сделай светильники на автомат,headlights_set,"{""state"": ""auto""}"
Как дела?,chitchat,
"Привет, как ты?",chitchat,
Закрой задний люк,sunroof_close,
Выключи обогрев руля,wheel_heater_set,"{""state"": ""off""}"
Увеличь громкость на 20 процентов,volume_change,"{""direction"": ""up""}"
Включи музыку на весь экран,media_pause,
Запусти медиа,play_music,
Включи кондиционер на 25 градусов,ac_set,"{""state"": ""on"", ""temperature"": 25}"
Приоткрой окно у водителя на десять процентов,window_set,"{""action"": ""set"", ""window"": ""driver"", ""percent"": 10}"
"Закрой пассажирское стекло полностью, пожалуйста",window_set,"{""action"": ""close"", ""window"": ""passenger""}"
Открой все окна на пятьдесят процентов,window_set,"{""action"": ""set"", ""window"": ""all"", ""percent"": 50}"
Сделай окно чуть-чуть приоткрытым,window_set,"{""action"": ""open"", ""window"": ""driver""}"
Поставь кондиционер на двадцать два градуса,ac_set,"{""state"": ""on"", ""temperature"": 22}"
Включи климат-контроль,ac_set,"{""state"": ""on"", ""temperature"": 20}"
Выключи кондиционер,ac_off,
Включи рециркуляцию воздуха,ac_mode_set,"{""enabled"": true}"
Установи уровень вентилятора на сто процентов,ac_fan_set,"{""level"": 100, ""speed"": ""high""}"
Включи обогрев сиденья пассажира на 50 процентов,seat_heater_set,"{""seat"": ""passenger"", ""level"": 50}"
Включи обогрев сиденья водителя на максимум,seat_heater_set,"{""seat"": ""driver"", ""level"": 100}"
Выключи обогрев сидений,seat_heater_set,"{""seat"": ""driver"", ""level"": 0}"
Поставь обогрев сиденья на 30 процентов,seat_heater_set,"{""seat"": ""driver"", ""level"": 30}"
Включи обогрев вентиляции сиденья водителя,seat_vent_set,"{""seat"": ""driver"", ""level"": 80}"
Сделай климат на пассажирском сиденье чуть прохладнее,seat_vent_set,"{""seat"": ""passenger"", ""level"": 40}"
Включи обогрев вентиляции сиденья на 20 процентов,seat_vent_set,"{""seat"": ""passenger"", ""level"": 20}"
Включи обдув лобового стекла,defrost_set,"{""state"": ""on"", ""target"": ""front""}"
Выключи обдув заднего стекла,defrost_set,"{""state"": ""off"", ""target"": ""rear""}"
Закрой люк на половину,sunroof_set,"{""action"": ""set"", ""percent"": 50}"
Открой люк полностью,sunroof_set,"{""action"": ""open"", ""percent"": 100}"
Закрой люк,sunroof_close,
Включи музыку,play_music,
Останови воспроизведение музыки,stop_music,
Приостанови музыку,media_pause,
Переключи на следующую песню,next_track,
Вернись на предыдущую песню,previous_track,
Сделай громче на пять,volume_change,"{""delta"": 5}"
Убавь громкость на десять процентов,volume_change,"{""direction"": ""down""}"
Поставь громкость на 30,volume_set,"{""level"": 30}"
Сделай громкость на максимум,volume_set,"{""level"": 100}"
"Пожалуйста, сделай тише",volume_change,"{""direction"": ""down""}"
Переключи радио на частоту 95.0,radio_set,"{""frequency"": ""95.0""}"
Установи частоту 101.5,radio_set,"{""frequency"": ""101.5""}"
"Поставь радиостанцию ""Хит ФМ""",radio_set_station,"{""station"": ""Хит ФМ""}"
Позвони Анне,call_start,"{""contact"": ""Анна""}"
Сначала ответь на звонок,call_answer,
Закончить звонок,call_hangup,
Как мне доехать до центра города?,nav_start,"{""destination"": ""центр города""}"
Отмени навигацию,nav_cancel,
Включи фары,headlights_set,"{""state"": ""on""}"
Выключи фары,headlights_set,"{""state"": ""off""}"
Включи дальний свет,high_beam_set,"{""state"": ""on""}"
Выключи дальний свет,high_beam_set,"{""state"": ""off""}"
Включи дворники на авто,wipers_set,"{""speed"": ""auto""}"
Установи дворники на низкую скорость,wipers_set,"{""speed"": ""low""}"
Установи режим дождя на ручной,rain_set,"{""mode"": ""manual""}"
Сделай подогрев руля активным,wheel_heater_set,"{""state"": ""on""}"
Выключи подогрев руля,wheel_heater_set,"{""state"": ""off""}"
"Привет, как дела?",chitchat,
Как ты? Давно не виделись!,chitchat,
Что нового?,chitchat,
Закрой окно у водителя,window_set,"{""action"": ""close"", ""window"": ""driver""}"
"Можно, пожалуйста, открыть пассажирское окно на тридцать процентов",window_set,"{""action"": ""set"", ""window"": ""passenger"", ""percent"": 30}"
Открой все окна,window_set,"{""action"": ""open"", ""window"": ""all""}"
Приоткрой стекло на пятьдесят процентов,window_set,"{""action"": ""set"", ""window"": ""driver"", ""percent"": 50}"
Включи кондиционер на 22 градуса,ac_set,"{""state"": ""on"", ""temperature"": 22}"
Выключи кондиционер,ac_off,
Установи режим обогрева сиденья пассажира на 80%,seat_heater_set,"{""seat"": ""passenger"", ""level"": 80}"
Включи рециркуляцию воздуха,ac_mode_set,"{""enabled"": true}"
Сделай громче на 10,volume_change,"{""delta"": 10}"
Поставь громкость на 50 процентов,volume_set,"{""level"": 50}"
Прибавь звук,volume_change,"{""direction"": ""up""}"
Погаси звук,volume_mute_set,"{""state"": ""on""}"
Переключи на радио,media_source_set,"{""source"": ""radio""}"
Запусти музыку,play_music,
Следующий трек,next_track,
Как доехать до аэропорта?,nav_start,"{""destination"": ""аэропорт""}"
Отмени навигацию,nav_cancel,
Позвони Анне,call_start,"{""contact"": ""Анна""}"
Ответь на звонок,call_answer,
Включи фары,headlights_set,"{""state"": ""on""}"
Установи дворники на авто,wipers_set,"{""speed"": ""auto""}"
Как дела?,chitchat,
"Пожалуйста, открой люк",sunroof_set,"{""action"": ""open""}"
Закрой люк полностью,sunroof_close,
Сделай обогрев сиденья водителя на максимум,seat_heater_set,"{""seat"": ""driver"", ""level"": 100}"
Настрой радио на 95.5,radio_set,"{""frequency"": ""95.5""}"
Включи вентилятор на низкую скорость,ac_fan_set,"{""level"": 20, ""speed"": ""low""}"
"Пожалуйста, поставь температуру на 18 градусов",ac_set,"{""state"": ""on"", ""temperature"": 18}"
Настрой музыку на повтор,media_repeat_set,"{""mode"": ""one""}"
Выключи обогрев руля,wheel_heater_set,"{""state"": ""off""}"
Закрой окно водителя,window_set,"{""action"": ""close"", ""window"": ""driver""}"
Приоткрой пассажирское стекло на двадцать процентов,window_set,"{""action"": ""set"", ""window"": ""passenger"", ""percent"": 20}"
"Можно, пожалуйста, открыть все окна?",window_set,"{""action"": ""open"", ""window"": ""all""}"
"Сделай, пожалуйста, 50% обдува",ac_fan_set,"{""level"": 50, ""speed"": ""medium""}"
Включи кондиционер на 22 градуса,ac_set,"{""state"": ""on"", ""temperature"": 22}"
Выключи кондиционер,ac_off,
Включи рециркуляцию,ac_mode_set,"{""enabled"": true}"
Установи обогрев сиденья водителя на максимум,seat_heater_set,"{""seat"": ""driver"", ""level"": 100}"
Поставь вентилятор на 30%,ac_fan_set,"{""level"": 30, ""speed"": ""low""}"
Закрой люк полностью,sunroof_set,"{""action"": ""close"", ""percent"": 100}"
Открой заднее стекло,window_set,"{""action"": ""open"", ""window"": ""rear""}"
Сделай громче на десять,volume_change,"{""delta"": 10}"
Поставь на радио 99.0,radio_set,"{""frequency"": ""99.0""}"
Убавь громкость на пятнадцать процентов,volume_change,"{""delta"": -15}"
Запусти музыку,play_music,
Останови музыку,stop_music,
Следующий трек,next_track,
Как доехать до ближайшего кафе?,nav_start,"{""destination"": ""ближайшее кафе""}"
Отмени маршрут,nav_cancel,
Позвони Ольге,call_start,"{""contact"": ""Ольга""}"
Ответь на звонок,call_answer,
Забери телефонный звонок,call_hangup,
Включи фары,headlights_set,"{""state"": ""on""}"
Установи уровень стеклоочистителей на авто,wipers_set,"{""speed"": ""auto""}"
Включи обогрев руля,wheel_heater_set,"{""state"": ""on""}"
"Привет, как дела?",chitchat,
Сколько времени?,chitchat,
Открой окно водителя на тридцать процентов,window_set,"{""action"": ""set"", ""window"": ""driver"", ""percent"": 30}"
"Пожалуйста, закрой окно у пассажира",window_set,"{""action"": ""close"", ""window"": ""passenger""}"
"Душно, открой все окна",window_set,"{""action"": ""open"", ""window"": ""all""}"
Приоткрой стекло водителя,window_set,"{""action"": ""open"", ""window"": ""driver""}"
Включи кондиционер на 20 градусов,ac_set,"{""state"": ""on"", ""temperature"": 20}"
"Сделай, пожалуйста, 18 градусов в салоне",ac_set,"{""state"": ""on"", ""temperature"": 18}"
Выключи кондиционер,ac_off,
Поставь кондиционер на авто,ac_mode_set,"{""enabled"": true}"
Увеличь скорость вентилятора до 80,ac_fan_set,"{""level"": 80, ""speed"": ""high""}"
Включи обогрев сиденья пассажира на полную мощность,seat_heater_set,"{""seat"": ""passenger"", ""level"": 100}"
Сделай обогрев для водителя на 50%,seat_heater_set,"{""seat"": ""driver"", ""level"": 50}"
"Пожалуйста, отключи обогрев сидений",seat_heater_set,"{""seat"": ""driver"", ""level"": 0}"
Включи обдув лобового стекла,defrost_set,"{""state"": ""on"", ""target"": ""front""}"
Закрой люк полностью,sunroof_set,"{""action"": ""close"", ""percent"": 100}"
Открой люк на 50 процентов,sunroof_set,"{""action"": ""open"", ""percent"": 50}"
Включи радио на частоте 95.0,radio_set,"{""frequency"": ""95.0""}"
Сделай громче на десять,volume_change,"{""delta"": 10}"
Сделай потише на 5,volume_change,"{""delta"": -5}"
Установи громкость на 70%,volume_set,"{""level"": 70}"
"Пожалуйста, переключи на Bluetooth",media_source_set,"{""source"": ""bluetooth""}"
Начни навигацию к Красной площади,nav_start,"{""destination"": ""Красная площадь""}"
Отмени навигацию,nav_cancel,
Позвони Вячеславу,call_start,"{""contact"": ""Вячеслав""}"
Ответь на звонок,call_answer,
Повесь трубку,call_hangup,
Включи фары,headlights_set,"{""state"": ""on""}"
Отключи дальний свет,high_beam_set,"{""state"": ""off""}"
Включи дворники на низкой скорости,wipers_set,"{""speed"": ""low""}"
Поставь режим дождя на авто,rain_set,"{""mode"": ""auto""}"
Как дела?,chitchat,
Что нового?,chitchat,
Открой окно у водителя,window_set,"{""action"": ""open"", ""window"": ""driver""}"
"Закрой все окна, пожалуйста",window_set,"{""action"": ""close"", ""window"": ""all""}"
Приоткрой стекло пассажира на тридцать процентов,window_set,"{""action"": ""set"", ""window"": ""passenger"", ""percent"": 30}"
Сделай кондиционер холоднее на 18 градусов,ac_set,"{""state"": ""on"", ""temperature"": 18}"
Выключи кондиционер,ac_off,
Поставь рециркуляцию в включенное состояние,ac_mode_set,"{""enabled"": true}"
Увеличь скорость вентилятора на 50,ac_fan_set,"{""level"": 50, ""speed"": ""medium""}"
Включи обогрев сиденья пассажира на максимум,seat_heater_set,"{""seat"": ""passenger"", ""level"": 100}"
Сделай обогрев сиденья водителя на 25,seat_heater_set,"{""seat"": ""driver"", ""level"": 25}"
Включи обдув для заднего стекла,defrost_set,"{""state"": ""on"", ""target"": ""rear""}"
Закрой люк полностью,sunroof_set,"{""action"": ""close"", ""percent"": 100}"
Открой люк на 70 процентов,sunroof_set,"{""action"": ""open"", ""percent"": 70}"
Поставь музыку,play_music,
Останови воспроизведение музыки,stop_music,
Переключи на следующую песню,next_track,
Сделай громче на 10,volume_change,"{""delta"": 10}"
Установи громкость на 50 процентов,volume_set,"{""level"": 50}"
Выключи звук,volume_mute_set,"{""state"": ""on""}"
Настрой радиостанцию на 99.5,radio_set,"{""frequency"": ""99.5""}"
Позвони маме,call_start,"{""contact"": ""мама""}"
Ответь на звонок,call_answer,
Заверши разговор,call_hangup,
Как проехать до ближайшей заправки?,nav_start,"{""destination"": ""ближайшая заправка""}"
Отмени маршрут,nav_cancel,
Включи фары,headlights_set,"{""state"": ""on""}"
Переключи дальний свет,high_beam_set,"{""state"": ""on""}"
Установи дворники на авто,wipers_set,"{""speed"": ""auto""}"
Как дела?,chitchat,
"Жарко в салоне, включи кондиционер",ac_set,"{""state"": ""on"", ""temperature"": 24}"
Сделай потолок чернее,ac_mode_set,"{""enabled"": false}"
Открой окно у водителя,window_set,"{""action"": ""open"", ""window"": ""driver""}"
Приоткрой стекло пассажирского окна на двадцать процентов,window_set,"{""action"": ""set"", ""window"": ""passenger"", ""percent"": 20}"
Закрой все окна,window_set,"{""action"": ""close"", ""window"": ""all""}"
Закрой заднее окно полностью,window_set,"{""action"": ""close"", ""window"": ""rear""}"
"Пожалуйста, открой все окна",window_set,"{""action"": ""open"", ""window"": ""all""}"
Включи кондиционер на двадцать градусов,ac_set,"{""state"": ""on"", ""temperature"": 20}"
Убери кондиционер,ac_off,
Сделай кондиционер холоднее на 5 градусов,ac_set,"{""state"": ""on"", ""temperature"": 15}"
Включи обогрев сиденья водителя на максимум,seat_heater_set,"{""seat"": ""driver"", ""level"": 100}"
Сделай обогрев сиденья пассажира на тридцать процентов,seat_heater_set,"{""seat"": ""passenger"", ""level"": 30}"
Включи рециркуляцию воздуха,ac_mode_set,"{""enabled"": true}"
Выключи обдув,ac_mode_set,"{""enabled"": false}"
Увеличь скорость вентилятора до 70%,ac_fan_set,"{""level"": 70, ""speed"": ""medium""}"
Поставь вентилятор на минимум,ac_fan_set,"{""level"": 0, ""speed"": ""low""}"
Включи обогрев сиденья на 50 процентов,seat_heater_set,"{""seat"": ""driver"", ""level"": 50}"
Закрой люк полностью,sunroof_set,"{""action"": ""close"", ""percent"": 100}"
Открой люк на тридцать процентов,sunroof_set,"{""action"": ""open"", ""percent"": 30}"
Сделай звук громче на 10,volume_change,"{""delta"": 10}"
Сделай потише на двадцать процентов,volume_change,"{""delta"": -20}"
Выключи музыку,stop_music,
Поставь радиостанцию 101.5,radio_set_station,"{""station"": ""101.5""}"
Как доехать до Кремля?,nav_start,"{""destination"": ""Кремль""}"
"Пожалуйста, навигатор, прокладывай маршрут до магазина",nav_start,"{""destination"": ""магазин""}"
Позвони моему другу,call_start,"{""contact"": ""моему другу""}"
Ответь на звонок,call_answer,
Закрой вызов,call_hangup,
Включи фары,headlights_set,"{""state"": ""on""}"
Выключи дальний свет,high_beam_set,"{""state"": ""off""}"
Сделай стеклоочистители на авто,wipers_set,"{""speed"": ""auto""}"
Дай мне громкость на уровне 60%,volume_set,"{""level"": 60}"
Как у тебя дела?,chitchat,
"Привет, как ты?",chitchat,
Открой окно водителя полностью,window_set,"{""action"": ""open"", ""window"": ""driver""}"
Закрой пассажирское окно наполовину,window_set,"{""action"": ""set"", ""window"": ""passenger"", ""percent"": 50}"
Приоткрой окошко сзади,window_set,"{""action"": ""open"", ""window"": ""all""}"
Сделай кондиционер на 22 градуса,ac_set,"{""state"": ""on"", ""temperature"": 22}"
Выключи кондиционер,ac_off,
Включи режим рециркуляции,ac_mode_set,"{""enabled"": true}"
Добавь скорость вентилятора до максимума,ac_fan_set,"{""level"": 100, ""speed"": ""high""}"
Поставь обогрев сиденья на 80 процентов,seat_heater_set,"{""seat"": ""driver"", ""level"": 80}"
Открой люк на треть,sunroof_set,"{""action"": ""open"", ""percent"": 33}"
Закрой люк,sunroof_close,
Включи музыку,play_music,
Поставь на паузу музыку,media_pause,
Сделай громче на десять,volume_change,"{""delta"": 10}"
Убавь громкость на 20 процентов,volume_change,"{""direction"": ""down""}"
Настрой радио на 95.5,radio_set,"{""frequency"": ""95.5""}"
Переключи на Bluetooth,media_source_set,"{""source"": ""bluetooth""}"
Как доехать до центра города?,nav_start,"{""destination"": ""центр города""}"
Отмени маршрут,nav_cancel,
Позвони моему другу,call_start,"{""contact"": ""друг""}"
Ответь на звонок,call_answer,
Включи фары,headlights_set,"{""state"": ""on""}"
Увеличь скорость дворников,wipers_set,"{""speed"": ""high""}"
"Привет, как дела?",chitchat,
"Можно, пожалуйста, уменьшить громкость?",volume_change,"{""direction"": ""down""}"
Выключи обогрев руля,wheel_heater_set,"{""state"": ""off""}"
Включи режим обдува лобового стекла,defrost_set,"{""state"": ""on"", ""target"": ""front""}"
Сделай громче на пять,volume_change,"{""delta"": 5}"
Включи радио на 102.2,radio_set,"{""frequency"": ""102.2""}"
"Напомни, пожалуйста, включить свет",chitchat,
Поставь музыку на повтор,media_repeat_set,"{""mode"": ""one""}"
Сделай окна открытыми,window_set,"{""action"": ""open"", ""window"": ""all""}"
"Пожалуйста, закрой окно",window_set,"{""action"": ""close"", ""window"": ""driver""}"
Приоткрой окно водителя на десять процентов,window_set,"{""action"": ""set"", ""window"": ""driver"", ""percent"": 10}"
"Закрой все окна, пожалуйста",window_set,"{""action"": ""close"", ""window"": ""all""}"
Открой пассажирское окно полностью,window_set,"{""action"": ""open"", ""window"": ""passenger""}"
Закрой все окна на сто процентов,window_set,"{""action"": ""close"", ""window"": ""all""}"
"Можно, открой окошко для водителя?",window_set,"{""action"": ""open"", ""window"": ""driver""}"
Включи кондиционер на двадцать один градус,ac_set,"{""state"": ""on"", ""temperature"": 21}"
Выключи кондиционер,ac_off,
Настрой кондиционер на 25 градусов,ac_set,"{""state"": ""on"", ""temperature"": 25}"
Поставь кондиционер на максимальную мощность,ac_fan_set,"{""level"": 100, ""speed"": ""high""}"
Поставь температуру на 18,ac_set,"{""state"": ""on"", ""temperature"": 18}"
Сделай громче на 5,volume_change,"{""delta"": 5}"
Уменьши громкость на десять процентов,volume_change,"{""delta"": -10}"
Настрой громкость на 70 процентов,volume_set,"{""level"": 70}"
Сделай погромче,volume_change,"{""direction"": ""up""}"
Поставь громкость на ноль,volume_set,"{""level"": 0}"
Включи музыку,play_music,
Останови музыку,stop_music,
Поставь радио на 95.5,radio_set,"{""frequency"": ""95.5""}"
Переключи на следующую песню,next_track,
Включи Shuffle,media_shuffle_set,
Направь меня к парку Горького,nav_start,"{""destination"": ""парк Горького""}"
Как добраться до ближайшей заправки?,nav_start,"{""destination"": ""ближайшая заправка""}"
Отмени маршрут,nav_cancel,
Позвони Игорю,call_start,"{""contact"": ""Игорь""}"
Ответь на звонок,call_answer,
Завершить звонок,call_hangup,
Включи фары,headlights_set,"{""state"": ""on""}"
Выключи дальний свет,high_beam_set,"{""state"": ""off""}"
Увеличь скорость дворников,wipers_set,"{""speed"": ""high""}"
Настрой режим дождя на авто,rain_set,"{""mode"": ""auto""}"
"Привет, как дела?",chitchat,
Какой сегодня день?,chitchat,
Сделай температуру на обогреве сиденья водителя максимальной,seat_heater_set,"{""seat"": ""driver"", ""level"": 100}"
Включи вентиляцию сиденья пассажира на 50 процентов,seat_vent_set,"{""seat"": ""passenger"", ""level"": 50}"
Закрой люк на 80 процентов,sunroof_set,"{""action"": ""close"", ""percent"": 80}"
Закрой люк,sunroof_close,
Закрой окно у водителя,window_set,"{""action"": ""close"", ""window"": ""driver""}"
Приоткрой пассажирское стекло на 30 процентов,window_set,"{""action"": ""set"", ""window"": ""passenger"", ""percent"": 30}"
Открой все окна,window_set,"{""action"": ""open"", ""window"": ""all""}"
"Включи кондиционер, сделай 22 градуса",ac_set,"{""state"": ""on"", ""temperature"": 22}"
Выключи климат-контроль,ac_set,"{""state"": ""off"", ""temperature"": 20}"
Кондиционер на 16 градусов,ac_set,"{""state"": ""on"", ""temperature"": 16}"
Выключи кондиционер,ac_off,
Включи рециркуляцию воздуха,ac_mode_set,"{""enabled"": true}"
Выключи рециркуляцию,ac_mode_set,"{""enabled"": false}"
Добавь скорость вентилятора до максимума,ac_fan_set,"{""level"": 100, ""speed"": ""high""}"
Сделай вентилятор на средней скорости,ac_fan_set,"{""level"": 50, ""speed"": ""medium""}"
Включи обогрев сиденья пассажира на максимум,seat_heater_set,"{""seat"": ""passenger"", ""level"": 100}"
Установи обогрев сиденья водителя на 50,seat_heater_set,"{""seat"": ""driver"", ""level"": 50}"
Включи обдув лобового стекла,defrost_set,"{""state"": ""on"", ""target"": ""front""}"
Выключи обдув заднего стекла,defrost_set,"{""state"": ""off"", ""target"": ""rear""}"
Открой люк на половину,sunroof_set,"{""action"": ""open"", ""percent"": 50}"
Закрой люк,sunroof_close,
Включи музыку,play_music,
Пауза для музыки,media_pause,
Останови воспроизведение музыки,stop_music,
Следующий трек,next_track,
Вернись на предыдущий трек,previous_track,
Сделай громче на 10,volume_change,"{""delta"": 10}"
Убавь громкость на 5,volume_change,"{""delta"": -5}"
Установи громкость на 80,volume_set,"{""level"": 80}"
Сделай громкость минимальной,volume_set,"{""level"": 0}"
Включи звук,volume_mute_set,"{""state"": ""off""}"
Выключи звук,volume_mute_set,"{""state"": ""on""}"
Поставь радио на 90.5,radio_set,"{""frequency"": ""90.5""}"
Установи частоту 102.3,radio_set,"{""frequency"": ""102.3""}"
Слушай радио Дача,radio_set_station,"{""station"": ""Дача""}"
Переключи на USB,media_source_set,"{""source"": ""usb""}"
Начни навигацию до магазина,nav_start,"{""destination"": ""магазин""}"
Отмени маршрут,nav_cancel,
Позвони Саше,call_start,"{""contact"": ""Саша""}"
Ответь на звонок,call_answer,
Завершить звонок,call_hangup,
Включи фары,headlights_set,"{""state"": ""on""}"
Выключи свет,headlights_set,"{""state"": ""off""}"
Сделай фары автоматическими,headlights_set,"{""state"": ""auto""}"
Установи дворники на низкую скорость,wipers_set,"{""speed"": ""low""}"
Сделай дворники на авто,rain_set,"{""mode"": ""auto""}"
Включи обогрев руля,wheel_heater_set,"{""state"": ""on""}"
Выключи обогрев руля,wheel_heater_set,"{""state"": ""off""}"
Как дела?,chitchat,
"Привет, как ты?",chitchat,
Что нового?,chitchat,
Приоткрой окно у водителя на двадцать процентов,window_set,"{""action"": ""set"", ""window"": ""driver"", ""percent"": 20}"
Закрой пассажирское окно,window_set,"{""action"": ""close"", ""window"": ""passenger""}"
Сделай обогрев сиденья водителя на 70,seat_heater_set,"{""seat"": ""driver"", ""level"": 70}"
"Включи кондиционер, пожалуйста",ac_set,"{""state"": ""on"", ""temperature"": 22}"
Сделай потише на десять,volume_change,"{""delta"": -10}"
Как доехать до ближайшего ресторана?,nav_start,"{""destination"": ""ближайший ресторан""}"
Выключи обогрев сиденья пассажира,seat_heater_set,"{""seat"": ""passenger"", ""level"": 0}"
Поставь источник на радио,media_source_set,"{""source"": ""radio""}"
Увеличь громкость на 15 процентов,volume_change,"{""delta"": 15}"
Закрой люк,sunroof_close,
Сделай вентиляцию на максимуме,ac_fan_set,"{""level"": 100, ""speed"": ""high""}"
Включи стеклоочистители на среднем уровне,wipers_set,"{""speed"": ""medium""}"
Открой заднее окно полностью,window_set,"{""action"": ""open"", ""window"": ""all""}"
Как выключить кондиционер?,ac_off,
Назад на одну песню,previous_track,
Настрой радио на частоту 99.5,radio_set,"{""frequency"": ""99.5""}"
Уменьши уровень громкости на 5,volume_change,"{""delta"": -5}"
Включи обогрев сидений,seat_heater_set,"{""seat"": ""all"", ""level"": 100}"
Где ближайшая заправка?,nav_start,"{""destination"": ""ближайшая заправка""}"
Поставь на 25 градусов,ac_set,"{""state"": ""on"", ""temperature"": 25}"
Приостанови музыку,media_pause,
Открой окно у водителя на 30 процентов,window_set,"{""action"": ""set"", ""window"": ""driver"", ""percent"": 30}"
"Пожалуйста, закрой окно пассажира",window_set,"{""action"": ""close"", ""window"": ""passenger""}"
Закрой все окна,window_set,"{""action"": ""close"", ""window"": ""all""}"
Приоткрой окно сзади на двадцать процентов,window_set,"{""action"": ""set"", ""window"": ""passenger"", ""percent"": 20}"
"Сделай кондиционер холоднее, поставь на 18 градусов",ac_set,"{""state"": ""on"", ""temperature"": 18}"
Включи кондиционер на 25 градусов,ac_set,"{""state"": ""on"", ""temperature"": 25}"
Отключи кондиционер,ac_off,
Переключи режим кондиционера на рециркуляцию,ac_mode_set,"{""enabled"": true}"
Установи вентилятор на высокую скорость,ac_fan_set,"{""level"": 100, ""speed"": ""high""}"
"Пожалуйста, включи обогрев сиденья пассажира на максимум",seat_heater_set,"{""seat"": ""passenger"", ""level"": 100}"
Включи обогрев сиденья водителя на 50 процентов,seat_heater_set,"{""seat"": ""driver"", ""level"": 50}"
Поставь вентиляцию сиденья пассажира на 70,seat_vent_set,"{""seat"": ""passenger"", ""level"": 70}"
Отключи вентилятор обогрева,seat_vent_set,"{""seat"": ""driver"", ""level"": 0}"
Включи обогрев заднего стекла,defrost_set,"{""state"": ""on"", ""target"": ""rear""}"
Закрой переднее стекло,defrost_set,"{""state"": ""off"", ""target"": ""front""}"
Открой люк на 60 процентов,sunroof_set,"{""action"": ""open"", ""percent"": 60}"
Закрой люк,sunroof_close,
Включи музыку,play_music,
Останови воспроизведение музыки,stop_music,
Сделай громче на 5,volume_change,"{""delta"": 5}"
Уменьши громкость на 10 процентов,volume_change,"{""delta"": -10}"
Установи громкость на 80,volume_set,"{""level"": 80}"
Переключи на радиостанцию Ретро FM,radio_set_station,"{""station"": ""Ретро FM""}"
Как доехать до Кремля?,nav_start,"{""destination"": ""Кремль""}"
Прерви навигацию,nav_cancel,
Позвони маме,call_start,"{""contact"": ""мама""}"
Ответь на звонок,call_answer,
Заверши разговор,call_hangup,
Включи фары,headlights_set,"{""state"": ""on""}"
Поставь фары на авто,headlights_set,"{""state"": ""auto""}"
Включи дворники на максимальной скорости,wipers_set,"{""speed"": ""high""}"
Убери дворники на авто,rain_set,"{""mode"": ""auto""}"
Привет,chitchat,
Как дела?,chitchat,
Громко музыка играет,chitchat,
Приоткрой окно у водителя на тридцать процентов,window_set,"{""action"": ""set"", ""window"": ""driver"", ""percent"": 30}"
Закрой все окна,window_set,"{""action"": ""close"", ""window"": ""all""}"
Открой пассажирское стекло полностью,window_set,"{""action"": ""open"", ""window"": ""passenger""}"
Сделай кондиционер потеплее до 25 градусов,ac_set,"{""state"": ""on"", ""temperature"": 25}"
Выключи кондиционер,ac_off,
Включи обогрев сиденья водителя на 75 процентов,seat_heater_set,"{""seat"": ""driver"", ""level"": 75}"
Выставь уровень вентиляции на максимальный,ac_fan_set,"{""level"": 100, ""speed"": ""high""}"
Сделай музыку громче на 10,volume_change,"{""delta"": 10}"
Поставь громкость на 50 процентов,volume_set,"{""level"": 50}"
Выключи звук,volume_mute_set,"{""state"": ""on""}"
Следующий трек,next_track,
Как доехать до Эйфелевой башни?,nav_start,"{""destination"": ""Эйфелева башня""}"
Позвони маме,call_start,"{""contact"": ""мама""}"
Где ближайшая заправка?,nav_start,"{""destination"": ""ближайшая заправка""}"
Включи фары,headlights_set,"{""state"": ""on""}"
Отключи передний обогрев стекла,defrost_set,"{""state"": ""off"", ""target"": ""front""}"
Установи радио на 98.5,radio_set,"{""frequency"": ""98.5""}"
Убери рециркуляцию,ac_mode_set,"{""enabled"": false}"
Как дела?,chitchat,
Поставь на радио станцию Европа Плюс,radio_set_station,"{""station"": ""Европа Плюс""}"
Открой окно у водителя,window_set,"{""action"": ""open"", ""window"": ""driver""}"
Закрой заднее стекло,window_set,"{""action"": ""close"", ""window"": ""all""}"
"Пожалуйста, приоткрой пассажирское окно на тридцать процентов",window_set,"{""action"": ""set"", ""window"": ""passenger"", ""percent"": 30}"
"Душно, открой все окна",window_set,"{""action"": ""open"", ""window"": ""all""}"
"Закрой все окна, пожалуйста",window_set,"{""action"": ""close"", ""window"": ""all""}"
"Сделай в машине холоднее, поставь 18 градусов",ac_set,"{""state"": ""on"", ""temperature"": 18}"
Включи кондиционер на 22 градуса,ac_set,"{""state"": ""on"", ""temperature"": 22}"
"Пожалуйста, выключи кондиционер",ac_off,
Включи рециркуляцию в кондиционере,ac_mode_set,"{""enabled"": true}"
Установи обогрев сиденья пассажира на 50,seat_heater_set,"{""seat"": ""passenger"", ""level"": 50}"
Включи вентилятор на максимуме,ac_fan_set,"{""level"": 100, ""speed"": ""high""}"
Включи задний обогрев,defrost_set,"{""state"": ""on"", ""target"": ""rear""}"
Закрой люк,sunroof_close,
Сделай громче на десять,volume_change,"{""delta"": 10}"
Уменьши громкость на 5,volume_change,"{""delta"": -5}"
Поставь громкость на 50 процентов,volume_set,"{""level"": 50}"
Включи радио на частоте 98.5,radio_set,"{""frequency"": ""98.5""}"
Переключи на следующую песню,next_track,
Останови музыку,stop_music,
Как доехать до центра города?,nav_start,"{""destination"": ""центр города""}"
Позвони другу,call_start,"{""contact"": ""друг""}"
"Пожалуйста, ответь на звонок",call_answer,
Включи фары,headlights_set,"{""state"": ""on""}"
Как дела?,chitchat,
Открой окно водителя,window_set,"{""action"": ""open"", ""window"": ""driver""}"
Закрой стекло пассажира,window_set,"{""action"": ""close"", ""window"": ""passenger""}"
Приоткрой окошко у меня,window_set,"{""action"": ""set"", ""window"": ""driver"", ""percent"": 30}"
Закрой все окна,window_set,"{""action"": ""close"", ""window"": ""all""}"
Открой окно на пятьдесят процентов,window_set,"{""action"": ""set"", ""window"": ""all"", ""percent"": 50}"
Включи кондиционер на 22 градуса,ac_set,"{""state"": ""on"", ""temperature"": 22}"
Выключи кондиционер,ac_set,"{""state"": ""off""}"
Поставь температуру на 18 градусов,ac_set,"{""state"": ""on"", ""temperature"": 18}"
"Выключи кондиционер, пожалуйста",ac_off,
Включи обдув на максимум,ac_mode_set,"{""enabled"": true}"
Включи рециркуляцию воздуха,ac_mode_set,"{""enabled"": true}"
Выключи рециркуляцию,ac_mode_set,"{""enabled"": false}"
Установи скорость вентилятора на 70 процентов,ac_fan_set,"{""level"": 70, ""speed"": ""medium""}"
Поставь вентилятор на минимальную скорость,ac_fan_set,"{""level"": 10, ""speed"": ""low""}"
Включи обогрев сидения для водителя на максимум,seat_heater_set,"{""seat"": ""driver"", ""level"": 100}"
Выключи обогрев сиденья пассажира,seat_heater_set,"{""seat"": ""passenger"", ""level"": 0}"
Поставь обогрев сидения пассажира на 50,seat_heater_set,"{""seat"": ""passenger"", ""level"": 50}"
Включи обдув заднего стекла,defrost_set,"{""state"": ""on"", ""target"": ""rear""}"
Выключи обогрев переднего стекла,defrost_set,"{""state"": ""off"", ""target"": ""front""}"
Закрой люк на 70 процентов,sunroof_set,"{""action"": ""close"", ""percent"": 70}"
Открой люк,sunroof_set,"{""action"": ""open""}"
Закрой люк полностью,sunroof_close,
Поставь музыку,play_music,
Приостанови музыку,media_pause,
Останови музыку,stop_music,
Следующий трек,next_track,
Вернись на предыдущий трек,previous_track,
Увеличь громкость на 10,volume_change,"{""delta"": 10}"
Уменьши звук на 5 единиц,volume_change,"{""delta"": -5}"
Сделай громче,volume_change,"{""direction"": ""up""}"
Сделай тише,volume_change,"{""direction"": ""down""}"
Поставь громкость на 75,volume_set,"{""level"": 75}"
Выключи звук,volume_mute_set,"{""state"": ""on""}"
Включи звук,volume_mute_set,"{""state"": ""off""}"
Переключи на радио,media_source_set,"{""source"": ""radio""}"
Запусти музыку с USB,media_source_set,"{""source"": ""usb""}"
Включи случайное воспроизведение,media_shuffle_set,
Поставь повтор трека,media_repeat_set,"{""mode"": ""one""}"
Выключи повтор,media_repeat_set,"{""mode"": ""off""}"
Настрой радио на 90.0,radio_set,"{""frequency"": ""90.0""}"
Настрой радио на частоту 95.5,radio_set,"{""frequency"": ""95.5""}"
Позвони маме,call_start,"{""contact"": ""мама""}"
Позвони на номер 123456789,call_start,"{""contact"": ""123456789""}"
Ответь на звонок,call_answer,
Заверши разговор,call_hangup,
Проведи меня до ближайшей заправки,nav_start,"{""destination"": ""ближайшая заправка""}"
Как доехать до центра города?,nav_start,"{""destination"": ""центр города""}"
Отмени навигацию,nav_cancel,
Включи фары,headlights_set,"{""state"": ""on""}"
Выключи фары,headlights_set,"{""state"": ""off""}"
Включи автофары,headlights_set,"{""state"": ""auto""}"
Включи дальний свет,high_beam_set,"{""state"": ""on""}"
Выключи дальний свет,high_beam_set,"{""state"": ""off""}"
Поставь дворники на среднюю скорость,wipers_set,"{""speed"": ""medium""}"
Включи дворники на авто,wipers_set,"{""speed"": ""auto""}"
Отключи дворники,wipers_set,"{""speed"": ""off""}"
Включи режим дождя,rain_set,"{""mode"": ""auto""}"
Поставь режим дождя на ручной,rain_set,"{""mode"": ""manual""}"
Включи обогрев руля,wheel_heater_set,"{""state"": ""on""}"
Выключи обогрев руля,wheel_heater_set,"{""state"": ""off""}"
Привет,chitchat,
Как дела?,chitchat,
Сегодня жарко,chitchat,
Закрой окно у водителя,window_set,"{""action"": ""close"", ""window"": ""driver""}"
Открой пассажирское окно на тридцать процентов,window_set,"{""action"": ""set"", ""window"": ""passenger"", ""percent"": 30}"
"Можно, пожалуйста, открыть все окна?",window_set,"{""action"": ""open"", ""window"": ""all""}"
Приоткрой окошко на 50 процентов,window_set,"{""action"": ""set"", ""window"": ""driver"", ""percent"": 50}"
Закрой все окна,window_set,"{""action"": ""close"", ""window"": ""all""}"
"Включи кондиционер, температура 22 градуса",ac_set,"{""state"": ""on"", ""temperature"": 22}"
Поставь кондиционер на 18 градусов,ac_set,"{""state"": ""on"", ""temperature"": 18}"
Выключи кондиционер,ac_off,
"Кондиционер, пожалуйста, на 25 градусов",ac_set,"{""state"": ""on"", ""temperature"": 25}"
Запусти обогрев сиденья пассажира на 70 процентов,seat_heater_set,"{""seat"": ""passenger"", ""level"": 70}"
"Пожалуйста, сделай тепло на водительском сиденье",seat_heater_set,"{""seat"": ""driver"", ""level"": 100}"
Включи вентиляцию на сиденье,seat_vent_set,"{""seat"": ""driver"", ""level"": 50}"
Выключи вентиляцию на сиденье,seat_vent_set,"{""seat"": ""passenger"", ""level"": 0}"
Настрой обдув на авто,ac_mode_set,"{""enabled"": true}"
Выключи рециркуляцию,ac_mode_set,"{""enabled"": false}"
Сделай вентилятор на максимуме,ac_fan_set,"{""level"": 100, ""speed"": ""high""}"
Уменьши скорость вентилятора до низкой,ac_fan_set,"{""level"": 20, ""speed"": ""low""}"
Включи обогрев стекла спереди,defrost_set,"{""state"": ""on"", ""target"": ""front""}"
Выключи обогрев стекла сзади,defrost_set,"{""state"": ""off"", ""target"": ""rear""}"
Открой люк на максимум,sunroof_set,"{""action"": ""open"", ""percent"": 100}"
Закрой люк полностью,sunroof_set,"{""action"": ""close"", ""percent"": 0}"
"Пожалуйста, сделай громче на 10",volume_change,"{""delta"": 10}"
Сделай тише на 5 единиц,volume_change,"{""delta"": -5}"
Увеличь громкость на 20%,volume_change,"{""direction"": ""up""}"
Сделай звук потише,volume_change,"{""direction"": ""down""}"
Включи музыку,play_music,
Останови музыку,stop_music,
Поставь на паузу,media_pause,
Следующий трек,next_track,
Предыдущий трек,previous_track,
Поставь громкость на 50,volume_set,"{""level"": 50}"
Выключи звук,volume_mute_set,"{""state"": ""on""}"
Включи звук,volume_mute_set,"{""state"": ""off""}"
Переключи на Bluetooth,media_source_set,"{""source"": ""bluetooth""}"
Слушай радио,media_source_set,"{""source"": ""radio""}"
Настрой радио на 99.5,radio_set,"{""frequency"": ""99.5""}"
Переключись на USB,media_source_set,"{""source"": ""usb""}"
Установи режим повторения на одну песню,media_repeat_set,"{""mode"": ""one""}"
Включи перемешивание,media_shuffle_set,
Как добраться до ближайшей заправки?,nav_start,"{""destination"": ""ближайшая заправка""}"
Проложи маршрут до дома,nav_start,"{""destination"": ""дом""}"
Отмени навигацию,nav_cancel,
Позвони другу,call_start,"{""contact"": ""друг""}"
Перезвони мне,call_start,"{""contact"": ""мне""}"
Ответь на звонок,call_answer,
Завершить звонок,call_hangup,
Включи фары,headlights_set,"{""state"": ""on""}"
Выключи фары,headlights_set,"{""state"": ""off""}"
Поставь фары на автомат,headlights_set,"{""state"": ""auto""}"
Включи дальний свет,high_beam_set,"{""state"": ""on""}"
Выключи дальний свет,high_beam_set,"{""state"": ""off""}"
Установи стеклоочистители на высокую скорость,wipers_set,"{""speed"": ""high""}"
Включи стеклоочистители на низкой скорости,wipers_set,"{""speed"": ""low""}"
Настрой стеклоочистители на автомат,wipers_set,"{""speed"": ""auto""}"
Переключи в ручной режим стеклоочистителей,rain_set,"{""mode"": ""manual""}"
Включи подогрев руля,wheel_heater_set,"{""state"": ""on""}"
Выключи подогрев руля,wheel_heater_set,"{""state"": ""off""}"
Привет,chitchat,
Как дела?,chitchat,
Что нового?,chitchat,
Как поживаешь?,chitchat,
Здравствуйте,chitchat,
Закрой окно водителя,window_set,"{""action"": ""close"", ""window"": ""driver""}"
Открой окно пассажира на восемьдесят процентов,window_set,"{""action"": ""set"", ""window"": ""passenger"", ""percent"": 80}"
Приоткрой все окна,window_set,"{""action"": ""open"", ""window"": ""all""}"
Поставь кондиционер на 22 градуса,ac_set,"{""state"": ""on"", ""temperature"": 22}"
Включи климат-контроль,ac_set,"{""state"": ""on"", ""temperature"": 25}"
Выключи кондиционер,ac_off,
Переключи на рециркуляцию воздуха,ac_mode_set,"{""enabled"": true}"
Сделай вентилятор на максимуме,ac_fan_set,"{""level"": 100, ""speed"": ""high""}"
Включи обогрев сиденья пассажира на 50 процентов,seat_heater_set,"{""seat"": ""passenger"", ""level"": 50}"
Включи вентиляцию для водителя на максимуме,seat_vent_set,"{""seat"": ""driver"", ""level"": 100}"
Включи обогрев заднего стекла,defrost_set,"{""state"": ""on"", ""target"": ""rear""}"
Закрой люк на половину,sunroof_set,"{""action"": ""close"", ""percent"": 50}"
Выключи люк,sunroof_close,
Включи музыку,play_music,
Останови воспроизведение,stop_music,
Пауза,media_pause,
Следующий трек,next_track,
Предыдущий трек,previous_track,
Сделай громче на пять,volume_change,"{""delta"": 5}"
Уменьши громкость на 10 процентов,volume_change,"{""delta"": -10}"
Установи громкость на 75,volume_set,"{""level"": 75}"
Включи режим без звука,volume_mute_set,"{""state"": ""on""}"
Выбери Bluetooth как источник,media_source_set,"{""source"": ""bluetooth""}"
Переключи на радио,media_source_set,"{""source"": ""radio""}"
Задай частоту радио 102.5,radio_set,"{""frequency"": ""102.5""}"
Сделай воспроизведение повтором для всех,media_repeat_set,"{""mode"": ""all""}"
Включи случайное воспроизведение,media_shuffle_set,
Начни навигацию до Лубянки,nav_start,"{""destination"": ""Лубянка""}"
Отмени навигацию,nav_cancel,
Позвони другу,call_start,"{""contact"": ""друг""}"
Ответь на звонок,call_answer,
Скинь звонок,call_hangup,
Включи фары,headlights_set,"{""state"": ""on""}"
Выключи дальний свет,high_beam_set,"{""state"": ""off""}"
Поставь дворники на среднюю скорость,wipers_set,"{""speed"": ""medium""}"
Поставь режим дождя на авто,rain_set,"{""mode"": ""auto""}"
Включи обогрев руля,wheel_heater_set,"{""state"": ""on""}"
Привет,chitchat,
Как дела?,chitchat,
Сколько времени?,chitchat,
Открой окно водителя,window_set,"{""action"": ""open"", ""window"": ""driver""}"
Закрой все окна,window_set,"{""action"": ""close"", ""window"": ""all""}"
Приоткрой пассажирское стекло,window_set,"{""action"": ""set"", ""window"": ""passenger"", ""percent"": 30}"
Давай откроем все окна на тридцать процентов,window_set,"{""action"": ""set"", ""window"": ""all"", ""percent"": 30}"
Закрой окно у водителя полностью,window_set,"{""action"": ""close"", ""window"": ""driver""}"
Включи кондиционер на двадцать два градуса,ac_set,"{""state"": ""on"", ""temperature"": 22}"
Выключи климат-контроль,ac_set,"{""state"": ""off"", ""temperature"": 0}"
Настрой кондиционер на 18 градусов,ac_set,"{""state"": ""on"", ""temperature"": 18}"
Поставь кондиционер на тридцать градусов,ac_set,"{""state"": ""on"", ""temperature"": 30}"
Сделай кондиционер выключенным,ac_off,
Включи рециркуляцию воздуха,ac_mode_set,"{""enabled"": true}"
Отключи обдув,ac_mode_set,"{""enabled"": false}"
Увеличь скорость вентилятора до 70,ac_fan_set,"{""level"": 70, ""speed"": ""medium""}"
Поставь скорость вентилятора на максимальную,ac_fan_set,"{""level"": 100, ""speed"": ""high""}"
Включи обогрев сиденья водителя на максимум,seat_heater_set,"{""seat"": ""driver"", ""level"": 100}"
Сделай обогрев сидения пассажира на 50%,seat_heater_set,"{""seat"": ""passenger"", ""level"": 50}"
Включи обдув стекол,defrost_set,"{""state"": ""on"", ""target"": ""front""}"
Выключи обогрев заднего стекла,defrost_set,"{""state"": ""off"", ""target"": ""rear""}"
Открой люк на 75%,sunroof_set,"{""action"": ""open"", ""percent"": 75}"
Закрой люк полностью,sunroof_set,"{""action"": ""close"", ""percent"": 100}"
Поставь музыку,play_music,
Останови музыку,stop_music,
Приостанови воспроизведение,media_pause,
Переключи на следующую композицию,next_track,
Вернись на предыдущую песню,previous_track,
Сделай громче на 10,volume_change,"{""delta"": 10}"
Уменьши громкость на 5,volume_change,"{""delta"": -5}"
Установи громкость на 50%,volume_set,"{""level"": 50}"
Выключи звук,volume_mute_set,"{""state"": ""on""}"
Переключи на Bluetooth,media_source_set,"{""source"": ""bluetooth""}"
Поставь радио на 93.5,radio_set,"{""frequency"": ""93.5""}"
Навигируй меня до Кремля,nav_start,"{""destination"": ""Кремль""}"
Отмени маршрут,nav_cancel,
Позвони мне на мобильный,call_start,"{""contact"": ""мобильный""}"
Ответь на звонок,call_answer,
Закончить разговор,call_hangup,
Включи фары,headlights_set,"{""state"": ""on""}"
Выключи фары,headlights_set,"{""state"": ""off""}"
Включи дальний свет,high_beam_set,"{""state"": ""on""}"
Выключи дальний свет,high_beam_set,"{""state"": ""off""}"
Установи дворники на среднюю скорость,wipers_set,"{""speed"": ""medium""}"
Переведи дворники на авто,rain_set,"{""mode"": ""auto""}"
Привет,chitchat,
Как дела?,chitchat,
Открой окно водителя на 30 процентов,window_set,"{""action"": ""set"", ""window"": ""driver"", ""percent"": 30}"
Приоткрой стекло у пассажира,window_set,"{""action"": ""open"", ""window"": ""passenger""}"
"Закрой все окна, пожалуйста",window_set,"{""action"": ""close"", ""window"": ""all""}"
Включи кондиционер на 22 градуса,ac_set,"{""state"": ""on"", ""temperature"": 22}"
Убери кондиционер,ac_set,"{""state"": ""off""}"
Отключи кондиционер,ac_off,
Включи рециркуляцию воздуха,ac_mode_set,"{""enabled"": true}"
Выключи рециркуляцию,ac_mode_set,"{""enabled"": false}"
Установи обдув на максимальную скорость,ac_fan_set,"{""level"": 100, ""speed"": ""high""}"
Добавь обогрев сиденья для водителя на 70%,seat_heater_set,"{""seat"": ""driver"", ""level"": 70}"
Включи вентиляцию сидения у пассажира на половину,seat_vent_set,"{""seat"": ""passenger"", ""level"": 50}"
Включи обогрев заднего стекла,defrost_set,"{""state"": ""on"", ""target"": ""rear""}"
Закрой люк на 80 процентов,sunroof_set,"{""action"": ""close"", ""percent"": 80}"
Открой люк,sunroof_set,"{""action"": ""open""}"
Сделай музыку погромче на 10,volume_change,"{""delta"": 10}"
Убавь звук на 5 единиц,volume_change,"{""delta"": -5}"
Поставь громкость на 50 процентов,volume_set,"{""level"": 50}"
Включи радио на частоте 92.5,radio_set,"{""frequency"": ""92.5""}"
Как доехать до ближайшей автозаправки?,nav_start,"{""destination"": ""ближайшая автозаправка""}"
"Позвони другу, он ждет",call_start,"{""contact"": ""друг""}"
Как дела?,chitchat,
"Привет, как ты?",chitchat,
Открой окно водителя на тридцать процентов,window_set,"{""action"": ""set"", ""window"": ""driver"", ""percent"": 30}"
Закрой все окна,window_set,"{""action"": ""close"", ""window"": ""all""}"
Приоткрой пассажирское окно,window_set,"{""action"": ""open"", ""window"": ""passenger""}"
Включи кондиционер на двадцать два градуса,ac_set,"{""state"": ""on"", ""temperature"": 22}"
Выключи кондиционер,ac_off,
Сделай в салоне прохладнее,ac_set,"{""state"": ""on"", ""temperature"": 18}"
Поставь обогрев сиденья на максимум,seat_heater_set,"{""seat"": ""driver"", ""level"": 100}"
Включи вентилятор на уровне 50,ac_fan_set,"{""level"": 50, ""speed"": ""medium""}"
Закрой люк полностью,sunroof_set,"{""action"": ""close"", ""percent"": 100}"
Включи рециркуляцию воздуха,ac_mode_set,"{""enabled"": true}"
Поставь громкость на 75%,volume_set,"{""level"": 75}"
Сделай тише на десять,volume_change,"{""delta"": -10}"
Сделай громче,volume_change,"{""direction"": ""up""}"
Переключи на радио,media_source_set,"{""source"": ""radio""}"
Начни играть музыку,play_music,
Поставь следующую песню,next_track,
Как доехать до аэропорта?,nav_start,"{""destination"": ""аэропорт""}"
Отмени маршрут,nav_cancel,
Позвони Алексею,call_start,"{""contact"": ""Алексей""}"
Ответь на звонок,call_answer,
Закрой фары,headlights_set,"{""state"": ""off""}"
Включи дальний свет,high_beam_set,"{""state"": ""on""}"
Установи частоту радио на 99.5,radio_set,"{""frequency"": ""99.5""}"
Как дела?,chitchat,
Сделай громкость на 50%,volume_set,"{""level"": 50}"
Включи обогрев сиденья пассажира на 30,seat_heater_set,"{""seat"": ""passenger"", ""level"": 30}"
Сделай полную тишину,volume_mute_set,"{""state"": ""on""}"
Сбрось музыку на начало,media_repeat_set,"{""mode"": ""one""}"
Включи дворники на максимальной скорости,wipers_set,"{""speed"": ""high""}"
Открой окно у водителя,window_set,"{""action"": ""open"", ""window"": ""driver""}"
"Закрой окно пассажира, пожалуйста",window_set,"{""action"": ""close"", ""window"": ""passenger""}"
"Приятно жарко, открой все окна",window_set,"{""action"": ""open"", ""window"": ""all""}"
Приоткрой стекло у водителя на пятьдесят процентов,window_set,"{""action"": ""set"", ""window"": ""driver"", ""percent"": 50}"
Закрой все окна на сто процентов,window_set,"{""action"": ""close"", ""window"": ""all""}"
Включи кондиционер на двадцать два градуса,ac_set,"{""state"": ""on"", ""temperature"": 22}"
Выключи кондиционер,ac_off,
Поставь кондиционер на тридцать градусов,ac_set,"{""state"": ""on"", ""temperature"": 30}"
Настрой обдув на рециркуляцию,ac_mode_set,"{""enabled"": true}"
Увеличь скорость вентилятора на сто процентов,ac_fan_set,"{""level"": 100, ""speed"": ""high""}"
Включи обогрев сиденья пассажира на двадцать процентов,seat_heater_set,"{""seat"": ""passenger"", ""level"": 20}"
Сделай обогрев сиденья водителя максимальным,seat_heater_set,"{""seat"": ""driver"", ""level"": 100}"
Включи обогрев сидений,seat_heater_set,"{""seat"": ""all"", ""level"": 50}"
Выключи подогрев сидения водителя,seat_heater_set,"{""seat"": ""driver"", ""level"": 0}"
Включи обогрев сидения пассажира на тридцать процентов,seat_heater_set,"{""seat"": ""passenger"", ""level"": 30}"
Включи музыку,play_music,
Останови музыку,stop_music,
Приостанови воспроизведение,media_pause,
Следующий трек,next_track,
Предыдущий трек,previous_track,
Увеличь громкость на три,volume_change,"{""delta"": 3}"
Уменьши громкость на восемь,volume_change,"{""delta"": -8}"
Поставь громкость на восемьдесят процентов,volume_set,"{""level"": 80}"
Выключи звук,volume_mute_set,"{""state"": ""on""}"
Включи звук,volume_mute_set,"{""state"": ""off""}"
Поставь радио на частоте девяносто две,radio_set,"{""frequency"": ""92.0""}"
Переключи на Bluetooth,media_source_set,"{""source"": ""bluetooth""}"
Поставь USB как источник,media_source_set,"{""source"": ""usb""}"
Включи случайное воспроизведение,media_shuffle_set,
Выключи повторение,media_repeat_set,"{""mode"": ""off""}"
Как добраться до центра города?,nav_start,"{""destination"": ""центр города""}"
Отмени навигацию,nav_cancel,
Позвони Алексею,call_start,"{""contact"": ""Алексей""}"
Ответь на звонок,call_answer,
Сбрось вызов,call_hangup,
Включи фары,headlights_set,"{""state"": ""on""}"
Выключи фары,headlights_set,"{""state"": ""off""}"
Включи автоматическое освещение,headlights_set,"{""state"": ""auto""}"
Поставь дворники на среднюю скорость,wipers_set,"{""speed"": ""medium""}"
Увеличь скорость дворников до высокой,wipers_set,"{""speed"": ""high""}"
Как дела?,chitchat,
Привет,chitchat,
Хорошего дня!,chitchat,
Приоткрой окно у водителя,window_set,"{""action"": ""open"", ""window"": ""driver""}"
Закрой пассажирское окно на сто процентов,window_set,"{""action"": ""close"", ""window"": ""passenger""}"
Открой все окна чуть-чуть,window_set,"{""action"": ""set"", ""window"": ""all"", ""percent"": 10}"
"Можно, пожалуйста, закрыть окно сзади?",window_set,"{""action"": ""close"", ""window"": ""rear""}"
Включи кондиционер на 24 градуса,ac_set,"{""state"": ""on"", ""temperature"": 24}"
Выключи климат-контроль,ac_off,
Поставь кондиционер в режим рециркуляции,ac_mode_set,"{""enabled"": true}"
Включи вентилятор на максимуме,ac_fan_set,"{""level"": 100, ""speed"": ""high""}"
Обогрей сиденье пассажира на 50 процентов,seat_heater_set,"{""seat"": ""passenger"", ""level"": 50}"
Включи обогрев сиденья водителя,seat_heater_set,"{""seat"": ""driver"", ""level"": 100}"
Выключи задний обогрев стекол,defrost_set,"{""state"": ""off"", ""target"": ""rear""}"
Закрой люк на 30 процентов,sunroof_set,"{""action"": ""close"", ""percent"": 30}"
Открой люк,sunroof_set,"{""action"": ""open""}"
Включи музыку,play_music,
Приостанови воспроизведение,media_pause,
Останови музыку,stop_music,
Сделай громче на 5,volume_change,"{""delta"": 5}"
Снизь громкость на двадцать процентов,volume_change,"{""delta"": -20}"
Установи громкость на 70,volume_set,"{""level"": 70}"
Поставь радио на частоте 95.5,radio_set,"{""frequency"": ""95.5""}"
Переключи на следующую песню,next_track,
Как доехать до метро?,nav_start,"{""destination"": ""метро""}"
Отмени маршрут,nav_cancel,
Позвони Алексею,call_start,"{""contact"": ""Алексей""}"
Ответь на звонок,call_answer,
Закончить звонок,call_hangup,
Включи фары,headlights_set,"{""state"": ""on""}"
Выключи дальний свет,high_beam_set,"{""state"": ""off""}"
Установи дворники на высокую скорость,wipers_set,"{""speed"": ""high""}"
Переключи дворники на авто,rain_set,"{""mode"": ""auto""}"
Как дела?,chitchat,
Жарко в машине,chitchat,
Сделай потише,volume_change,"{""direction"": ""down""}"
Переключи на bluetooth,media_source_set,"{""source"": ""bluetooth""}"
Запусти навигацию к Пушкину,nav_start,"{""destination"": ""Пушкину""}"
Сделай громкость на 50 процентов,volume_set,"{""level"": 50}"
Приоткрой окно у водителя,window_set,"{""action"": ""open"", ""window"": ""driver""}"
Закрой пассажирское окно на двадцать процентов,window_set,"{""action"": ""set"", ""window"": ""passenger"", ""percent"": 20}"
Закрой все окна,window_set,"{""action"": ""close"", ""window"": ""all""}"
Сделай кондиционер на 22 градуса,ac_set,"{""state"": ""on"", ""temperature"": 22}"
Включи кондиционер,ac_set,"{""state"": ""on"", ""temperature"": 24}"
Выключи кондиционер,ac_off,
Сделай обдув на максимум,ac_fan_set,"{""level"": 100, ""speed"": ""high""}"
Установи обогрев сиденья пассажира на 50,seat_heater_set,"{""seat"": ""passenger"", ""level"": 50}"
Включи обогрев сиденья водителя на полный,seat_heater_set,"{""seat"": ""driver"", ""level"": 100}"
Поставь стеклоочистители на авто,rain_set,"{""mode"": ""auto""}"
Закрой люк,sunroof_set,"{""action"": ""close""}"
Открой люк на 70 процентов,sunroof_set,"{""action"": ""open"", ""percent"": 70}"
Включи радио на частоте 98.6,radio_set,"{""frequency"": ""98.6""}"
Включи музыку,play_music,
Останови музыку,stop_music,
Сделай громче на десять,volume_change,"{""delta"": 10}"
Уменьши громкость на 5,volume_change,"{""delta"": -5}"
Поставь на Bluetooth,media_source_set,"{""source"": ""bluetooth""}"
Как доехать до центра города?,nav_start,"{""destination"": ""центр города""}"
"Навигатор, найди путь до Красной площади",nav_start,"{""destination"": ""Красная площадь""}"
Позвони другу,call_start,"{""contact"": ""друг""}"
Ответь на звонок,call_answer,
Скинь звонок,call_hangup,
Включи фары,headlights_set,"{""state"": ""on""}"
Переключи фары на авто,headlights_set,"{""state"": ""auto""}"
Как дела?,chitchat,
"Привет, как ты?",chitchat,
Открой окно водителя на три четверти,window_set,"{""action"": ""set"", ""window"": ""driver"", ""percent"": 75}"
Закрой стекло у пассажира,window_set,"{""action"": ""close"", ""window"": ""passenger""}"
"Привет, как дела?",chitchat,
"Пожалуйста, открой все окна",window_set,"{""action"": ""open"", ""window"": ""all""}"
"Мне жарко, сделай кондиционер на 20 градусов",ac_set,"{""state"": ""on"", ""temperature"": 20}"
Выключи кондиционер,ac_off,
Поставь на рециркуляцию,ac_mode_set,"{""enabled"": true}"
Увеличь скорость вентилятора до 80%,ac_fan_set,"{""level"": 80, ""speed"": ""high""}"
Включи обогрев сиденья пассажира на максимум,seat_heater_set,"{""seat"": ""passenger"", ""level"": 100}"
Увеличь громкость на десять,volume_change,"{""delta"": 10}"
Поставь на Bluetooth,media_source_set,"{""source"": ""bluetooth""}"
Прекрати музыку,stop_music,
Настрой радио на 95.6,radio_set,"{""frequency"": ""95.6""}"
Как доехать до аэропорта?,nav_start,"{""destination"": ""аэропорт""}"
Позвони Алексею,call_start,"{""contact"": ""Алексей""}"
Включи свет,headlights_set,"{""state"": ""on""}"
Громче на восемь,volume_change,"{""delta"": 8}"
Уменьши громкость на 20%,volume_set,"{""level"": 80}"
Закрой люк,sunroof_close,
Выключи дворники на авто,wipers_set,"{""speed"": ""off""}"
Как ты?,chitchat,
Приоткрой окно водителя,window_set,"{""action"": ""open"", ""window"": ""driver""}"
Закрой окно у пассажира на сто процентов,window_set,"{""action"": ""close"", ""window"": ""passenger""}"
Сделай окно на заднем ряду чуть-чуть приоткрытым,window_set,"{""action"": ""set"", ""window"": ""all"", ""percent"": 10}"
Сделай температуру в кондиционере 22 градуса,ac_set,"{""temperature"": 22, ""state"": ""on""}"
Выключи кондиционер,ac_off,
Включи рециркуляцию воздуха,ac_mode_set,"{""enabled"": true}"
Увеличь скорость вентилятора до ста процентов,ac_fan_set,"{""level"": 100, ""speed"": ""high""}"
Включи обогрев сиденья пассажира на тридцать процентов,seat_heater_set,"{""seat"": ""passenger"", ""level"": 30}"
Установи обдув сиденья водителя на 50%,seat_vent_set,"{""seat"": ""driver"", ""level"": 50}"
Включи обогрев заднего стекла,defrost_set,"{""state"": ""on"", ""target"": ""rear""}"
Закрой люк полностью,sunroof_set,"{""action"": ""close"", ""percent"": 100}"
Включи музыку,play_music,
Останови музыку,stop_music,
Пауза,media_pause,
Перейди на следующую песню,next_track,
Вернись к предыдущей треке,previous_track,
Увеличь громкость на пять,volume_change,"{""delta"": 5}"
Сделай громче на десять процентов,volume_change,"{""delta"": 10}"
Поставь громкость на уровень 70,volume_set,"{""level"": 70}"
Выключи звук,volume_mute_set,"{""state"": ""on""}"
Сделай радио на частоте 95.7,radio_set,"{""frequency"": ""95.7""}"
Начни навигацию до кафе,nav_start,"{""destination"": ""кафе""}"
Отмени навигацию,nav_cancel,
Позвони Алексею,call_start,"{""contact"": ""Алексей""}"
Ответь на звонок,call_answer,
Заверши разговор,call_hangup,
Включи фары,headlights_set,"{""state"": ""on""}"
Выключи дальний свет,high_beam_set,"{""state"": ""off""}"
Установи стеклоочистители на авто,rain_set,"{""mode"": ""auto""}"
Как дела?,chitchat,
"Привет, как ты?",chitchat,
Жарко в салоне,chitchat,
Открой окно водителя на половину,window_set,"{""action"": ""set"", ""window"": ""driver"", ""percent"": 50}"
Закрой заднее пассажирское окно полностью,window_set,"{""action"": ""close"", ""window"": ""passenger"", ""percent"": 100}"
"Простите, откройте окно у водителя",window_set,"{""action"": ""open"", ""window"": ""driver""}"
Приоткрой стекло сзади на 30 процентов,window_set,"{""action"": ""set"", ""window"": ""all"", ""percent"": 30}"
Сделай кондиционер на 22 градуса,ac_set,"{""state"": ""on"", ""temperature"": 22}"
Выключи кондиционер,ac_off,
Включи рециркуляцию,ac_mode_set,"{""enabled"": true}"
Установи уровень вентилятора на 70,ac_fan_set,"{""level"": 70, ""speed"": ""high""}"
Включи обогрев сиденья водителя на максимум,seat_heater_set,"{""seat"": ""driver"", ""level"": 100}"
Сделай обогрев сиденья пассажира на 50 процентов,seat_heater_set,"{""seat"": ""passenger"", ""level"": 50}"
Включи обдув лобового стекла,defrost_set,"{""state"": ""on"", ""target"": ""front""}"
Закрой люк полностью,sunroof_set,"{""action"": ""close"", ""percent"": 100}"
Сделай музыку потише на 10,volume_change,"{""delta"": -10}"
Сделай громче на пятнадцать процентов,volume_change,"{""delta"": 15}"
Поставь уровень громкости на 80,volume_set,"{""level"": 80}"
Включи радио на 97.5,radio_set,"{""frequency"": ""97.5""}"
Переключи на следующую песню,next_track,
Звони Саше,call_start,"{""contact"": ""Саша""}"
Ответь на звонок,call_answer,
Как доехать до аэропорта?,nav_start,"{""destination"": ""аэропорт""}"
"Можно, пожалуйста, выключить фары?",headlights_set,"{""state"": ""off""}"
Включи противотуманные фары,high_beam_set,"{""state"": ""on""}"
"Привет, как дела?",chitchat,
"Сделай громче, пожалуйста",volume_change,"{""direction"": ""up""}"
Выключи музыку,stop_music,
Поставь музыку на повтор,media_repeat_set,"{""mode"": ""one""}"
Переключи на USB,media_source_set,"{""source"": ""usb""}"
Приоткрой окно у водителя на тридцать процентов,window_set,"{""action"": ""set"", ""window"": ""driver"", ""percent"": 30}"
Закрой пассажирское окно,window_set,"{""action"": ""close"", ""window"": ""passenger""}"
"Открой все окна полностью, пожалуйста",window_set,"{""action"": ""open"", ""window"": ""all""}"
Включи кондиционер на 20 градусов,ac_set,"{""state"": ""on"", ""temperature"": 20}"
Поставь температуру на 24,ac_set,"{""state"": ""on"", ""temperature"": 24}"
Выключи кондиционер,ac_off,
Поставь обдув включенным,ac_mode_set,"{""enabled"": true}"
Установи вентилятор на максимум,ac_fan_set,"{""level"": 100, ""speed"": ""high""}"
Включи обогрев сиденья пассажира на 50 процентов,seat_heater_set,"{""seat"": ""passenger"", ""level"": 50}"
Включи вентиляцию для водителя на 70,seat_vent_set,"{""seat"": ""driver"", ""level"": 70}"
Включи обогрев заднего стекла,defrost_set,"{""state"": ""on"", ""target"": ""rear""}"
Закрой люк на 40 процентов,sunroof_set,"{""action"": ""close"", ""percent"": 40}"
Открой люк,sunroof_set,"{""action"": ""open""}"
Останови музыку,stop_music,
Следующий трек,next_track,
Сделай громче на десять,volume_change,"{""delta"": 10}"
Убавь громкость на пять,volume_change,"{""delta"": -5}"
Настрой громкость на 75 процентов,volume_set,"{""level"": 75}"
Включи радио на частоте 95.5,radio_set,"{""frequency"": ""95.5""}"
Переключи на Bluetooth,media_source_set,"{""source"": ""bluetooth""}"
Как доехать до площади Революции?,nav_start,"{""destination"": ""площадь Революции""}"
Позвони Алексею,call_start,"{""contact"": ""Алексей""}"
Ответь на звонок,call_answer,
Выключи фары,headlights_set,"{""state"": ""off""}"
Поставь стеклоочистители на авто,rain_set,"{""mode"": ""auto""}"
Как дела?,chitchat,
"Привет, как ты?",chitchat,
Закрой окно у пассажира,window_set,"{""action"": ""close"", ""window"": ""passenger""}"
Можно приоткрыть окно водителя?,window_set,"{""action"": ""open"", ""window"": ""driver""}"
Открой все окна на тридцать процентов,window_set,"{""action"": ""set"", ""window"": ""all"", ""percent"": 30}"
Включи кондиционер на 20 градусов,ac_set,"{""state"": ""on"", ""temperature"": 20}"
Выключи кондиционер,ac_off,
Сделай обдув на низком уровне,ac_fan_set,"{""level"": 20, ""speed"": ""low""}"
Поставь тепло на 25 градусов,ac_set,"{""state"": ""on"", ""temperature"": 25}"
Увеличь громкость на 10,volume_change,"{""delta"": 10}"
Сделай потише на пять процентов,volume_change,"{""delta"": -5}"
Выключи музыку,stop_music,
Включи следующий трек,next_track,
Слушай радио на частоте 99.0,radio_set,"{""frequency"": ""99.0""}"
Позвони Олегу,call_start,"{""contact"": ""Олег""}"
Как доехать до ближайшей заправки?,nav_start,"{""destination"": ""ближайшая заправка""}"
"Привет, как дела?",chitchat,
Включи обогрев сиденья пассажира на максимум,seat_heater_set,"{""seat"": ""passenger"", ""level"": 100}"
Закрой люк на 50 процентов,sunroof_set,"{""action"": ""close"", ""percent"": 50}"
Включи автоматический режим дворников,rain_set,"{""mode"": ""auto""}"
Выключи дальний свет,high_beam_set,"{""state"": ""off""}"
Закрой окно водителя,window_set,"{""action"": ""close"", ""window"": ""driver""}"
"Можно, пожалуйста, открыть все окна",window_set,"{""action"": ""open"", ""window"": ""all""}"
Приоткрой стекло у пассажира,window_set,"{""action"": ""set"", ""window"": ""passenger"", ""percent"": 50}"
Сделай кондиционер холоднее до 18 градусов,ac_set,"{""state"": ""on"", ""temperature"": 18}"
Поставь обогрев сиденья на максимум,seat_heater_set,"{""seat"": ""driver"", ""level"": 100}"
Включи кондиционер,ac_set,"{""state"": ""on"", ""temperature"": 22}"
Выключи кондиционер,ac_off,
Установи температуру на 24 градуса,ac_set,"{""state"": ""on"", ""temperature"": 24}"
Сделай громче на 10,volume_change,"{""delta"": 10}"
Убавь громкость на двадцать процентов,volume_change,"{""delta"": -20}"
Поставь громкость на 50 процентов,volume_set,"{""level"": 50}"
Включи радио на частоте 92.5,radio_set,"{""frequency"": ""92.5""}"
Переключи на следующую трек,next_track,
Приостанови музыку,media_pause,
Начни навигацию до Красной площади,nav_start,"{""destination"": ""Красная площадь""}"
Отмени маршрут,nav_cancel,
Позвони Васе,call_start,"{""contact"": ""Васе""}"
Ответь на звонок,call_answer,
Выключи фары,headlights_set,"{""state"": ""off""}"
Поставь фары на авто,headlights_set,"{""state"": ""auto""}"
Как дела?,chitchat,
"Жарко в машине, включи кондиционер",ac_set,"{""state"": ""on"", ""temperature"": 20}"
Выключи обогрев сидений,seat_heater_set,"{""seat"": ""passenger"", ""level"": 0}"
Увеличь скорость вентилятора на максимум,ac_fan_set,"{""level"": 100, ""speed"": ""high""}"
Включи рециркуляцию воздуха,ac_mode_set,"{""enabled"": true}"
Открой люк на 75 процентов,sunroof_set,"{""action"": ""open"", ""percent"": 75}"
Закрой люк,sunroof_close,
Приоткрой окно у водителя,window_set,"{""action"": ""open"", ""window"": ""driver""}"
Закрой окно полностью,window_set,"{""action"": ""close"", ""window"": ""all""}"
"Сделай мне, пожалуйста, потише",volume_change,"{""delta"": -5}"
Включи кондиционер на двадцать один градус,ac_set,"{""state"": ""on"", ""temperature"": 21}"
Громкость на девяносто процентов,volume_set,"{""level"": 90}"
Выключи обогрев сиденья пассажира,seat_heater_set,"{""seat"": ""passenger"", ""level"": 0}"
Как доехать до аэропорта?,nav_start,"{""destination"": ""аэропорт""}"
Переключи на радио,media_source_set,"{""source"": ""radio""}"
Выключи стеклоочистители,wipers_set,"{""speed"": ""off""}"
Добавь громкости на десять,volume_change,"{""delta"": 10}"
Открой люк на семьдесят процентов,sunroof_set,"{""action"": ""open"", ""percent"": 70}"
"Можно, пожалуйста, выключить кондиционер?",ac_off,
Включи рециркуляцию воздуха,ac_mode_set,"{""enabled"": true}"
Позвони маме,call_start,"{""contact"": ""мама""}"
Сделай громче на пятнадцать,volume_change,"{""delta"": 15}"
"Поставь, пожалуйста, обогрев сиденья на максимум",seat_heater_set,"{""seat"": ""driver"", ""level"": 100}"
Открой окно пассажира на пятьдесят процентов,window_set,"{""action"": ""set"", ""window"": ""passenger"", ""percent"": 50}"
Выключи музыку,stop_music,
Как добраться до центра города?,nav_start,"{""destination"": ""центр города""}"
Переключи на следующую песню,next_track,
Открой окно у водителя на десять процентов,window_set,"{""action"": ""set"", ""window"": ""driver"", ""percent"": 10}"
Приоткрой пассажирское окно,window_set,"{""action"": ""open"", ""window"": ""passenger""}"
"Закрой все окна, пожалуйста",window_set,"{""action"": ""close"", ""window"": ""all""}"
Поставь кондиционер на 20 градусов,ac_set,"{""state"": ""on"", ""temperature"": 20}"
Включи климат-контроль,ac_set,"{""state"": ""on"", ""temperature"": 22}"
Выключи кондиционер,ac_off,
Включи обогрев сидений на максимуме,seat_heater_set,"{""seat"": ""driver"", ""level"": 100}"
Поставь обогрев сиденья пассажира на тридцать процентов,seat_heater_set,"{""seat"": ""passenger"", ""level"": 30}"
Сделай шум потише на 10,volume_change,"{""delta"": -10}"
Сделай громче на 5,volume_change,"{""delta"": 5}"
Сделай громкость 80 процентов,volume_set,"{""level"": 80}"
Поставь источник на радио,media_source_set,"{""source"": ""radio""}"
"Пауза, пожалуйста",media_pause,
Следующий трек,next_track,
Как доехать до аэропорта?,nav_start,"{""destination"": ""аэропорт""}"
Отмени навигацию,nav_cancel,
Позвони Сереже,call_start,"{""contact"": ""Сережа""}"
Ответь на звонок,call_answer,
Выключи фары,headlights_set,"{""state"": ""off""}"
Включи дальний свет,high_beam_set,"{""state"": ""on""}"
Установи скорость стеклоочистителей на авто,wipers_set,"{""speed"": ""auto""}"
Как дела?,chitchat,
Открой окно у водителя на 70 процентов,window_set,"{""action"": ""set"", ""window"": ""driver"", ""percent"": 70}"
"Закрой все окна, пожалуйста",window_set,"{""action"": ""close"", ""window"": ""all""}"
Приоткрой стекло пассажира,window_set,"{""action"": ""open"", ""window"": ""passenger""}"
Сделай кондиционер на 24 градуса,ac_set,"{""state"": ""on"", ""temperature"": 24}"
Выключи кондиционер,ac_set,"{""state"": ""off"", ""temperature"": 22}"
"Пожалуйста, включи обогрев сиденья водителя на максимуме",seat_heater_set,"{""seat"": ""driver"", ""level"": 100}"
Включи рециркуляцию в кондиционере,ac_mode_set,"{""enabled"": true}"
Увеличь скорость вентилятора до максимума,ac_fan_set,"{""level"": 100, ""speed"": ""high""}"
Закрой люк на половину,sunroof_set,"{""action"": ""set"", ""percent"": 50}"
Выключи фары,headlights_set,"{""state"": ""off""}"
Включи радио на частоте 99.0,radio_set,"{""frequency"": ""99.0""}"
Переключи на следующий трек,next_track,
Сделай громче на 5 единиц,volume_change,"{""delta"": 5}"
Снизь громкость на 20 процентов,volume_change,"{""delta"": -20}"
Позвони маме,call_start,"{""contact"": ""мама""}"
Как доехать до аэропорта?,nav_start,"{""destination"": ""аэропорт""}"
Поставь музыку на паузу,media_pause,
Можно включить обогрев сиденья пассажира на 50?,seat_heater_set,"{""seat"": ""passenger"", ""level"": 50}"
Сделай фонарик включенным,high_beam_set,"{""state"": ""on""}"
Отменить навигацию,nav_cancel,
Открой окно водителя,window_set,"{""action"": ""open"", ""window"": ""driver""}"
Приоткрой стекло у пассажира на тридцать процентов,window_set,"{""action"": ""set"", ""window"": ""passenger"", ""percent"": 30}"
"Закрой все окна, пожалуйста",window_set,"{""action"": ""close"", ""window"": ""all""}"
Открой окна полностью,window_set,"{""action"": ""open"", ""window"": ""all""}"
Закрой водительское окно наполовину,window_set,"{""action"": ""set"", ""window"": ""driver"", ""percent"": 50}"
Включи кондиционер на 22 градуса,ac_set,"{""state"": ""on"", ""temperature"": 22}"
Сделай кондиционер горячим,ac_set,"{""state"": ""on"", ""temperature"": 30}"
"Пожалуйста, выключи кондиционер",ac_set,"{""state"": ""off"", ""temperature"": 0}"
Выключи кондиционер,ac_off,
Включи режим рециркуляции,ac_mode_set,"{""enabled"": true}"
Выключи обдув,ac_mode_set,"{""enabled"": false}"
Увеличь скорость вентилятора на максимум,ac_fan_set,"{""level"": 100, ""speed"": ""high""}"
Сделай вентилятор на средней скорости,ac_fan_set,"{""level"": 50, ""speed"": ""medium""}"
Включи обогрев сиденья водителя на полный максимум,seat_heater_set,"{""seat"": ""driver"", ""level"": 100}"
Сделай обогрев сиденья пассажира на двадцать процентов,seat_heater_set,"{""seat"": ""passenger"", ""level"": 20}"
Включи обдув лобового стекла,defrost_set,"{""state"": ""on"", ""target"": ""front""}"
Выключи обогрев заднего стекла,defrost_set,"{""state"": ""off"", ""target"": ""rear""}"
Открой люк на 50 процентов,sunroof_set,"{""action"": ""open"", ""percent"": 50}"
Закрой люк полностью,sunroof_set,"{""action"": ""close"", ""percent"": 100}"
Включи музыку,play_music,
Останови музыку,stop_music,
Следующий трек,next_track,
Предыдущий трек,previous_track,
Сделай громче на десять,volume_change,"{""delta"": 10}"
Уменьши громкость на 5,volume_change,"{""delta"": -5}"
Установи громкость на 70 процентов,volume_set,"{""level"": 70}"
Уменьши громкость до 30 процентов,volume_set,"{""level"": 30}"
Выключи звук,volume_mute_set,"{""state"": ""on""}"
Включи звук обратно,volume_mute_set,"{""state"": ""off""}"
Переключи на радио,media_source_set,"{""source"": ""radio""}"
Поставь на USB,media_source_set,"{""source"": ""usb""}"
Запусти навигацию до ближайшей АЗС,nav_start,"{""destination"": ""ближайшая АЗС""}"
Как доехать до центра города?,nav_start,"{""destination"": ""центр города""}"
Отмени навигацию,nav_cancel,
Позвони Алексею,call_start,"{""contact"": ""Алексей""}"
Звони на номер 123456789,call_start,"{""contact"": ""123456789""}"
Ответь на звонок,call_answer,
Заверши разговор,call_hangup,
Включи фары,headlights_set,"{""state"": ""on""}"
Выключи фары,headlights_set,"{""state"": ""off""}"
Включи противотуманные фары,high_beam_set,"{""state"": ""on""}"
Выключи дальний свет,high_beam_set,"{""state"": ""off""}"
Включи дворники на низкой скорости,wipers_set,"{""speed"": ""low""}"
Установи дворники на авто,wipers_set,"{""speed"": ""auto""}"
Сделай обогрев руля активным,wheel_heater_set,"{""state"": ""on""}"
Выключи обогрев руля,wheel_heater_set,"{""state"": ""off""}"
"Привет, как дела?",chitchat,
Что нового?,chitchat,
Приоткрой стекло у водителя,window_set,"{""action"": ""open"", ""window"": ""driver""}"
"Закрой все окна, пожалуйста",window_set,"{""action"": ""close"", ""window"": ""all""}"
Открой пассажирское окно на двадцать процентов,window_set,"{""action"": ""set"", ""window"": ""passenger"", ""percent"": 20}"
Сделай холоднее на три градуса,ac_set,"{""state"": ""on"", ""temperature"": 19}"
Включи кондиционер и установи 25 градусов,ac_set,"{""state"": ""on"", ""temperature"": 25}"
Выключи кондиционер,ac_off,
Включи обдув,ac_mode_set,"{""enabled"": true}"
Поставь скорость вентилятора на среднюю,ac_fan_set,"{""level"": 50, ""speed"": ""medium""}"
Сделай обогрев сиденья пассажира на сто процентов,seat_heater_set,"{""seat"": ""passenger"", ""level"": 100}"
Включи обогрев для водителя,seat_heater_set,"{""seat"": ""driver"", ""level"": 70}"
Включи вентиляцию сидения водителя на тридцать процентов,seat_vent_set,"{""seat"": ""driver"", ""level"": 30}"
Включи задний обогрев,defrost_set,"{""state"": ""on"", ""target"": ""rear""}"
Закрой люк,sunroof_close,
Открой люк на тридцать процентов,sunroof_set,"{""action"": ""open"", ""percent"": 30}"
Поставь музыку,play_music,
Останови музыку,stop_music,
Приостанови воспроизведение,media_pause,
Следующий трек,next_track,
Предыдущий трек,previous_track,
Сделай громче на десять,volume_change,"{""delta"": 10}"
Уменьши громкость на пять,volume_change,"{""delta"": -5}"
Установи громкость на восемьдесят процентов,volume_set,"{""level"": 80}"
Включи звук,volume_mute_set,"{""state"": ""off""}"
Переключи на радио,media_source_set,"{""source"": ""radio""}"
Поставь частоту на 95.5,radio_set,"{""frequency"": ""95.5""}"
Как доехать до Аэропорта?,nav_start,"{""destination"": ""Аэропорт""}"
Отмени маршрут,nav_cancel,
Позвони другу,call_start,"{""contact"": ""друг""}"
Ответь на звонок,call_answer,
Заверши звонок,call_hangup,
Включи фары,headlights_set,"{""state"": ""on""}"
Выключи дальний свет,high_beam_set,"{""state"": ""off""}"
Установи дворники на авто,wipers_set,"{""speed"": ""auto""}"
Сделай обогрев руля активным,wheel_heater_set,"{""state"": ""on""}"
Как дела?,chitchat,
"Привет, как ты?",chitchat,
Как прошел день?,chitchat,
"Пожалуйста, открой окно у водителя",window_set,"{""action"": ""open"", ""window"": ""driver""}"
Закрой все окна,window_set,"{""action"": ""close"", ""window"": ""all""}"
Приоткрой пассажирское стекло на 30 процентов,window_set,"{""action"": ""set"", ""window"": ""passenger"", ""percent"": 30}"
Закрой окно сзади,window_set,"{""action"": ""close"", ""window"": ""rear""}"
"Включи кондиционер, температура 20 градусов",ac_set,"{""state"": ""on"", ""temperature"": 20}"
Выключи кондиционер,ac_off,
"Сделай кондиционер холоднее, до 18 градусов",ac_set,"{""state"": ""on"", ""temperature"": 18}"
Включи обогрев сиденья пассажира на 80%,seat_heater_set,"{""seat"": ""passenger"", ""level"": 80}"
Выключи обогрев сиденья водителя,seat_heater_set,"{""seat"": ""driver"", ""level"": 0}"
Сделай скорость вентилятора кондиционера на максимум,ac_fan_set,"{""level"": 100, ""speed"": ""high""}"
Включи рециркуляцию воздуха,ac_mode_set,"{""enabled"": true}"
Выключи рециркуляцию,ac_mode_set,"{""enabled"": false}"
Включи задний обогрев,defrost_set,"{""state"": ""on"", ""target"": ""rear""}"
Закрой люк на 50 процентов,sunroof_set,"{""action"": ""close"", ""percent"": 50}"
Открой люк полностью,sunroof_set,"{""action"": ""open"", ""percent"": 100}"
Закрой люк,sunroof_close,
Сделай громче на 5,volume_change,"{""delta"": 5}"
Убавь звук на 10 единиц,volume_change,"{""delta"": -10}"
Поставь громкость на 70 процентов,volume_set,"{""level"": 70}"
Выключи звук,volume_mute_set,"{""state"": ""on""}"
Сделай потише,volume_change,"{""direction"": ""down""}"
Слушай музыку,play_music,
Останови музыку,stop_music,
Пауза на музыкальном треке,media_pause,
Следующий трек,next_track,
Вернись на предыдущий трек,previous_track,
Включи радио на частоте 101.5,radio_set,"{""frequency"": ""101.5""}"
Поставь радио на станцию Европа Плюс,radio_set_station,"{""station"": ""Европа Плюс""}"
Начни навигацию до Красной площади,nav_start,"{""destination"": ""Красная площадь""}"
Как доехать до аэропорта?,nav_start,"{""destination"": ""аэропорт""}"
Отмени маршрут,nav_cancel,
Позвони Анне,call_start,"{""contact"": ""Анна""}"
Ответь на звонок,call_answer,
Сбрось вызов,call_hangup,
Включи фары,headlights_set,"{""state"": ""on""}"
Выключи дальний свет,high_beam_set,"{""state"": ""off""}"
Переключи дворники на авто,wipers_set,"{""speed"": ""auto""}"
Включи дворники на средней скорости,wipers_set,"{""speed"": ""medium""}"
Включи обогрев руля,wheel_heater_set,"{""state"": ""on""}"
"Сделай потише, шумно",chitchat,
Как дела?,chitchat,
"Привет, как ты?",chitchat,
Приоткрой окно у водителя,window_set,"{""action"": ""open"", ""window"": ""driver""}"
Закрой окно у пассажира полностью,window_set,"{""action"": ""close"", ""window"": ""passenger""}"
Открой все окна на пятнадцать процентов,window_set,"{""action"": ""set"", ""window"": ""all"", ""percent"": 15}"
Сделай кондиционер на 20 градусов,ac_set,"{""state"": ""on"", ""temperature"": 20}"
Выключи кондиционер,ac_off,
Включи рециркуляцию воздуха,ac_mode_set,"{""enabled"": true}"
Установи вентилятор на максимум,ac_fan_set,"{""level"": 100, ""speed"": ""high""}"
Включи обогрев сиденья водителя на 75%,seat_heater_set,"{""seat"": ""driver"", ""level"": 75}"
Включи обдув заднего стекла,defrost_set,"{""state"": ""on"", ""target"": ""rear""}"
Закрой люк на 50 процентов,sunroof_set,"{""action"": ""close"", ""percent"": 50}"
Включи музыку,play_music,
Останови музыку,stop_music,
Переключи на следующую песню,next_track,
Сделай потише на 10,volume_change,"{""delta"": -10}"
Увеличь громкость на 15 процентов,volume_change,"{""delta"": 15}"
Установи громкость на 80,volume_set,"{""level"": 80}"
Поставь радио на частоту 92.5,radio_set,"{""frequency"": ""92.5""}"
Как добраться до Кремля?,nav_start,"{""destination"": ""Кремль""}"
Позвони маме,call_start,"{""contact"": ""мама""}"
Ответь на звонок,call_answer,
Выключи фары,headlights_set,"{""state"": ""off""}"
Включи дальний свет,high_beam_set,"{""state"": ""on""}"
Поставь щетки на авто,rain_set,"{""mode"": ""auto""}"
Как дела?,chitchat,
"Жарко, включи кондиционер",ac_set,"{""state"": ""on"", ""temperature"": 22}"
Закрой все окна,window_set,"{""action"": ""close"", ""window"": ""all""}"
Установи громкость на 50 процентов,volume_set,"{""level"": 50}"
Приоткрой окно у водителя на тридцать процентов,window_set,"{""action"": ""set"", ""window"": ""driver"", ""percent"": 30}"
"Закрой все окна, пожалуйста",window_set,"{""action"": ""close"", ""window"": ""all""}"
Открой окно пассажира полностью,window_set,"{""action"": ""open"", ""window"": ""passenger""}"
Давай закроем все окна,window_set,"{""action"": ""close"", ""window"": ""all""}"
Можно немного приоткрыть стекло у водителя?,window_set,"{""action"": ""set"", ""window"": ""driver"", ""percent"": 20}"
Включи кондиционер на двадцать градусов,ac_set,"{""state"": ""on"", ""temperature"": 20}"
Выключи климат-контроль,ac_off,
Поставь кондиционер на 25 градусов,ac_set,"{""state"": ""on"", ""temperature"": 25}"
Включи режим рециркуляции,ac_mode_set,"{""enabled"": true}"
Включи вентилятор на максимальной скорости,ac_fan_set,"{""level"": 100, ""speed"": ""high""}"
Включи обогрев сидения пассажира на 50%,seat_heater_set,"{""seat"": ""passenger"", ""level"": 50}"
Дай немного тепла на сиденье водителя,seat_heater_set,"{""seat"": ""driver"", ""level"": 70}"
Включи обогрев сиденья водителя полностью,seat_heater_set,"{""seat"": ""driver"", ""level"": 100}"
Приоткрой люк на 80 процентов,sunroof_set,"{""action"": ""open"", ""percent"": 80}"
Закрой люк,sunroof_close,
Включи дворники на высокой скорости,wipers_set,"{""speed"": ""high""}"
Сделай громче на 10,volume_change,"{""delta"": 10}"
Уменьши громкость на 5 процентов,volume_change,"{""delta"": -5}"
Настрой громкость на 30,volume_set,"{""level"": 30}"
Выключи музыку,stop_music,
Сделай музыку потише,volume_change,"{""direction"": ""down""}"
Сыграй следующий трек,next_track,
Переключи на радио,media_source_set,"{""source"": ""radio""}"
Как доехать до Московского Кремля?,nav_start,"{""destination"": ""Московский Кремль""}"
Отмени навигацию,nav_cancel,
"Позвони, пожалуйста, Сереже",call_start,"{""contact"": ""Сережа""}"
Ответь на звонок,call_answer,
Закончить разговор,call_hangup,
Включи фары,headlights_set,"{""state"": ""on""}"
Включи дальний свет,high_beam_set,"{""state"": ""on""}"
Сделай свет на авто автоматическим,headlights_set,"{""state"": ""auto""}"
Как дела?,chitchat,
"Привет, как ты?",chitchat,
Закрой стекло у водителя полностью,window_set,"{""action"": ""close"", ""window"": ""driver""}"
Можно приоткрыть окно пассажира на 30%?,window_set,"{""action"": ""set"", ""window"": ""passenger"", ""percent"": 30}"
Открой все окна на половину,window_set,"{""action"": ""set"", ""window"": ""all"", ""percent"": 50}"
Сделай кондиционер потеплее до 24 градусов,ac_set,"{""state"": ""on"", ""temperature"": 24}"
Выключи кондиционер,ac_off,
Включи рециркуляцию воздуха,ac_mode_set,"{""enabled"": true}"
Поставь обогрев сиденья для пассажира на 70,seat_heater_set,"{""seat"": ""passenger"", ""level"": 70}"
Включи вентилятор сиденья водителя на максимальную скорость,seat_vent_set,"{""seat"": ""driver"", ""level"": 100}"
Включи обогрев заднего стекла,defrost_set,"{""state"": ""on"", ""target"": ""rear""}"
Закрой люк на 50 процентов,sunroof_set,"{""action"": ""close"", ""percent"": 50}"
Поставь музыку,play_music,
Останови музыку,stop_music,
Переключи на следующую композицию,next_track,
Сделай громче на 10,volume_change,"{""delta"": 10}"
Убавь громкость на 5 единиц,volume_change,"{""delta"": -5}"
Выставь громкость на 80 процентов,volume_set,"{""level"": 80}"
Поставь радио на частоту 95.5,radio_set,"{""frequency"": ""95.5""}"
Позвони маме,call_start,"{""contact"": ""мама""}"
"Привет, как дела?",chitchat,
Как доехать до ближайшей заправки?,nav_start,"{""destination"": ""ближайшая заправка""}"
Выключи дальний свет,high_beam_set,"{""state"": ""off""}"
Включи дворники на средней скорости,wipers_set,"{""speed"": ""medium""}"
Приоткрой стекло у водителя,window_set,"{""action"": ""open"", ""window"": ""driver""}"
Закрой окно пассажира на семьдесят процентов,window_set,"{""action"": ""set"", ""window"": ""passenger"", ""percent"": 70}"
"Можно, пожалуйста, закрыть все окна?",window_set,"{""action"": ""close"", ""window"": ""all""}"
Сделай потише на 10,volume_change,"{""delta"": -10}"
Добавь громкости на пятьдесят процентов,volume_change,"{""delta"": 50}"
Увеличь звук,volume_change,"{""direction"": ""up""}"
"Сделай, чтобы кондиционер работал на 20 градусов",ac_set,"{""state"": ""on"", ""temperature"": 20}"
Выключи кондиционер,ac_off,
Включи обдув,ac_mode_set,"{""enabled"": true}"
Включи радиостанцию Маяк,radio_set_station,"{""station"": ""Маяк""}"
Включи музыку,play_music,
Поставь USB как источник,media_source_set,"{""source"": ""usb""}"
Как доехать до ближайшей заправки?,nav_start,"{""destination"": ""ближайшая заправка""}"
"Позвони, пожалуйста, маме",call_start,"{""contact"": ""мама""}"
Выключи свет,headlights_set,"{""state"": ""off""}"
Поставь уровень обогрева сиденья пассажира на 75,seat_heater_set,"{""seat"": ""passenger"", ""level"": 75}"
Сделай скорость дворников на максимум,wipers_set,"{""speed"": ""high""}"
Закрой люк на 100%,sunroof_set,"{""action"": ""close"", ""percent"": 100}"
Как дела?,chitchat,
Приостанови воспроизведение музыки,media_pause,
Отмени маршрут,nav_cancel,
Открой окно водителя на десять процентов,window_set,"{""action"": ""set"", ""window"": ""driver"", ""percent"": 10}"
Закрой пассажирское стекло,window_set,"{""action"": ""close"", ""window"": ""passenger""}"
Приоткрой окошко сзади,window_set,"{""action"": ""open"", ""window"": ""all""}"
Сделай громкость на 15,volume_set,"{""level"": 15}"
Увеличь громкость на десять процентов,volume_change,"{""delta"": 10}"
Сделай тише на пять,volume_change,"{""delta"": -5}"
Включи кондиционер на 20 градусов,ac_set,"{""state"": ""on"", ""temperature"": 20}"
Выключи климат-контроль,ac_off,
Поставь обдув на максимум,ac_mode_set,"{""enabled"": true}"
Включи обогрев сиденья пассажира на 50,seat_heater_set,"{""seat"": ""passenger"", ""level"": 50}"
Выключи обогрев сиденья водителя,seat_heater_set,"{""seat"": ""driver"", ""level"": 0}"
Открой люк на 75 процентов,sunroof_set,"{""action"": ""open"", ""percent"": 75}"
Закрой люк,sunroof_close,
Поставь радио на 95.0,radio_set,"{""frequency"": ""95.0""}"
"Плейлист на Spotify, пожалуйста",play_music,
Переключи на следующий трек,next_track,
Как доехать до вокзала?,nav_start,"{""destination"": ""вокзал""}"
Отмени навигацию,nav_cancel,
Позвони Алексею,call_start,"{""contact"": ""Алексей""}"
Ответь на звонок,call_answer,
Отключи музыку,stop_music,
Включи фары,headlights_set,"{""state"": ""on""}"
Поставь стеклоочистители на авто,rain_set,"{""mode"": ""auto""}"
Как дела?,chitchat,
Открой окно у водителя на десять процентов,window_set,"{""action"": ""set"", ""window"": ""driver"", ""percent"": 10}"
"Пожалуйста, закрой окно пассажира",window_set,"{""action"": ""close"", ""window"": ""passenger""}"
Просто открой все окна,window_set,"{""action"": ""open"", ""window"": ""all""}"
Закрой стекло сзади полностью,window_set,"{""action"": ""close"", ""window"": ""rear""}"
Сделай кондиционер на 20 градусов,ac_set,"{""state"": ""on"", ""temperature"": 20}"
Выключи кондиционер,ac_off,
Включи обогрев сиденья водителя на максимум,seat_heater_set,"{""seat"": ""driver"", ""level"": 100}"
Настрой кондиционер на 24 градуса,ac_set,"{""state"": ""on"", ""temperature"": 24}"
Сделай обдув на максимум,ac_fan_set,"{""level"": 100, ""speed"": ""high""}"
Включи радио на частоте 101.5,radio_set,"{""frequency"": ""101.5""}"
Поставь музыку на паузу,media_pause,
Сделай громче на восемь,volume_change,"{""delta"": 8}"
Вернись на предыдущий трек,previous_track,
Настрой громкость на 75 процентов,volume_set,"{""level"": 75}"
"Привет, как дела?",chitchat,
Как доехать до ближайшего кафе?,nav_start,"{""destination"": ""ближайшее кафе""}"
Позвони Сергею,call_start,"{""contact"": ""Сергей""}"
Выключи фары,headlights_set,"{""state"": ""off""}"
Сделай свет на авто включенным,headlights_set,"{""state"": ""on""}"
Включи обогрев руля,wheel_heater_set,"{""state"": ""on""}"
Как там погода?,chitchat,
Закрой окно у пассажира,window_set,"{""action"": ""close"", ""window"": ""passenger""}"
Открой стекло водителя на три четверти,window_set,"{""action"": ""set"", ""window"": ""driver"", ""percent"": 75}"
Приоткрой окно полностью,window_set,"{""action"": ""open"", ""window"": ""all""}"
"Закрой все окна, пожалуйста",window_set,"{""action"": ""close"", ""window"": ""all""}"
Включи кондиционер на 20 градусов,ac_set,"{""state"": ""on"", ""temperature"": 20}"
Выключи кондиционер,ac_off,
Включи рециркуляцию воздуха,ac_mode_set,"{""enabled"": true}"
Поставь вентилятор на высокую скорость,ac_fan_set,"{""level"": 100, ""speed"": ""high""}"
Включи обогрев сиденья пассажира на средний уровень,seat_heater_set,"{""seat"": ""passenger"", ""level"": 50}"
Включи вентиляцию сиденья водителя на максимуме,seat_vent_set,"{""seat"": ""driver"", ""level"": 100}"
Включи обогрев лобового стекла,defrost_set,"{""state"": ""on"", ""target"": ""front""}"
Закрой люк на 40 процентов,sunroof_set,"{""action"": ""close"", ""percent"": 40}"
Открой люк полностью,sunroof_set,"{""action"": ""open"", ""percent"": 100}"
Включи музыку,play_music,
Останови музыку,stop_music,
Переключи на следующую песню,next_track,
Увеличь громкость на десять,volume_change,"{""delta"": 10}"
Убавь громкость на 5 процентов,volume_change,"{""delta"": -5}"
Поставь громкость на 70 процентов,volume_set,"{""level"": 70}"
Выключи звук,volume_mute_set,"{""state"": ""on""}"
Включи радио на частоте 95.5,radio_set,"{""frequency"": ""95.5""}"
Поставь источник AUX,media_source_set,"{""source"": ""aux""}"
"Навигация, покажи мне путь до магазина",nav_start,"{""destination"": ""магазин""}"
Отмени навигацию,nav_cancel,
Позвони Петру,call_start,"{""contact"": ""Петр""}"
Ответь на звонок,call_answer,
Заверши текущий звонок,call_hangup,
Включи фары,headlights_set,"{""state"": ""on""}"
Выключи дальний свет,high_beam_set,"{""state"": ""off""}"
Установи дворники на авто,wipers_set,"{""speed"": ""auto""}"
Сделай это в ручном режиме,rain_set,"{""mode"": ""manual""}"
Привет,chitchat,
Как дела?,chitchat,
Приоткрой окно водителя на 30 процентов,window_set,"{""action"": ""set"", ""window"": ""driver"", ""percent"": 30}"
"Закрой все окна полностью, пожалуйста",window_set,"{""action"": ""close"", ""window"": ""all""}"
Открой пассажирское окно,window_set,"{""action"": ""open"", ""window"": ""passenger""}"
Включи кондиционер на 22 градуса,ac_set,"{""state"": ""on"", ""temperature"": 22}"
Выключи кондиционер,ac_off,
Сделай климат на 18 градусов,ac_set,"{""state"": ""on"", ""temperature"": 18}"
Включи рециркуляцию в кондиционере,ac_mode_set,"{""enabled"": true}"
Сделай скорость вентилятора на среднем уровне,ac_fan_set,"{""level"": 50, ""speed"": ""medium""}"
Поставь обогрев сиденья для пассажира на максимум,seat_heater_set,"{""seat"": ""passenger"", ""level"": 100}"
Включи обогрев сиденья водителя,seat_heater_set,"{""seat"": ""driver"", ""level"": 100}"
Сделай обогрев сиденья для водителя на 75 процентов,seat_heater_set,"{""seat"": ""driver"", ""level"": 75}"
Открой люк на 50 процентов,sunroof_set,"{""action"": ""open"", ""percent"": 50}"
Закрой люк,sunroof_close,
Включи обогрев заднего стекла,defrost_set,"{""state"": ""on"", ""target"": ""rear""}"
Как мне добраться до Красной площади?,nav_start,"{""destination"": ""Красная площадь""}"
Отмени маршрут,nav_cancel,
Позвони Андрею,call_start,"{""contact"": ""Андрей""}"
Ответь на звонок,call_answer,
Заверши разговор,call_hangup,
Поставь радио на 92.0,radio_set,"{""frequency"": ""92.0""}"
Сделай громче на десять,volume_change,"{""delta"": 10}"
Уменьши громкость на 5,volume_change,"{""delta"": -5}"
"Сделай тише, пожалуйста",volume_change,"{""direction"": ""down""}"
Включи Shuffle для музыки,media_shuffle_set,
"Пауза, я слушаю",media_pause,
Включи музыку,play_music,
Останови музыку,stop_music,
Как дела?,chitchat,
"Привет, как ты?",chitchat,
Настрой громкость на 70 процентов,volume_set,"{""level"": 70}"
Поставь Bluetooth как источник,media_source_set,"{""source"": ""bluetooth""}"
Слушай радио,media_source_set,"{""source"": ""radio""}"
Включи фары,headlights_set,"{""state"": ""on""}"
Увеличь скорость стеклоочистителей на авто,wipers_set,"{""speed"": ""auto""}"
Сделай обогрев руля активным,wheel_heater_set,"{""state"": ""on""}"
Сделай уровень вентилятора на максимуме,ac_fan_set,"{""level"": 100, ""speed"": ""high""}"
Открой окно у водителя на тридцать процентов,window_set,"{""action"": ""set"", ""window"": ""driver"", ""percent"": 30}"
Приоткрой стекло пассажирского окна,window_set,"{""action"": ""open"", ""window"": ""passenger""}"
Закрой все окна,window_set,"{""action"": ""close"", ""window"": ""all""}"
"Можно, пожалуйста, открыть окно сзади?",window_set,"{""action"": ""open"", ""window"": ""rear""}"
Включи кондиционер на 20 градусов,ac_set,"{""state"": ""on"", ""temperature"": 20}"
Выключи климат-контроль,ac_off,
Поставь обдув на авто,ac_mode_set,"{""enabled"": true}"
Сделай вентилятор на максимуме,ac_fan_set,"{""level"": 100, ""speed"": ""high""}"
Обогрей сиденье водителя до 50 процентов,seat_heater_set,"{""seat"": ""driver"", ""level"": 50}"
Включи обогрев пассажирского сиденья,seat_heater_set,"{""seat"": ""passenger"", ""level"": 100}"
Включи задний обогрев стекла,defrost_set,"{""state"": ""on"", ""target"": ""rear""}"
Закрой люк на 70 процентов,sunroof_set,"{""action"": ""close"", ""percent"": 70}"
Следующая песня,next_track,
Сделай потише на десять,volume_change,"{""delta"": -10}"
Установи громкость на 50 процентов,volume_set,"{""level"": 50}"
Включи радио на частоте 95.5,radio_set,"{""frequency"": ""95.5""}"
Как мне доехать до аэропорта?,nav_start,"{""destination"": ""аэропорт""}"
Перезвони мне,call_start,"{""contact"": ""мне""}"
Можно ответить на звонок?,call_answer,
Включи фары на авто,headlights_set,"{""state"": ""auto""}"
Как дела?,chitchat,
Закрой окно водителя на тридцать процентов,window_set,"{""action"": ""set"", ""window"": ""driver"", ""percent"": 30}"
Открой пассажирское окно,window_set,"{""action"": ""open"", ""window"": ""passenger""}"
"Привет, как дела?",chitchat,
"Сделай кондиционер холоднее, температура 18 градусов",ac_set,"{""state"": ""on"", ""temperature"": 18}"
Включи обогрев сиденья,seat_heater_set,"{""seat"": ""driver"", ""level"": 100}"
Сделай громче на десять,volume_change,"{""delta"": 10}"
"Можно, пожалуйста, выключить кондиционер?",ac_off,
Как добраться до аэропорта?,nav_start,"{""destination"": ""аэропорт""}"
Увеличь громкость на 20 процентов,volume_change,"{""delta"": 20}"
Включи обдув лобового стекла,ac_mode_set,"{""enabled"": true}"
Пропусти следующий трек,next_track,
Открой люк,sunroof_set,"{""action"": ""open"", ""percent"": 100}"
Позвони Сергею,call_start,"{""contact"": ""Сергей""}"
"Как дела, все хорошо?",chitchat,
Выключи фары,headlights_set,"{""state"": ""off""}"
Поставь радиостанцию Маяк,radio_set_station,"{""station"": ""Маяк""}"
"Пожалуйста, закрой люк",sunroof_set,"{""action"": ""close"", ""percent"": 100}"
Сделай потише на пять,volume_change,"{""delta"": -5}"
Включи обогрев сиденья пассажира на 70 процентов,seat_heater_set,"{""seat"": ""passenger"", ""level"": 70}"
Сделай вентиляцию для водителя на максимуме,seat_vent_set,"{""seat"": ""driver"", ""level"": 100}"
Выключи дворники,wipers_set,"{""speed"": ""off""}"
Как отключить навигацию?,nav_cancel,
Закрой окно у водителя,window_set,"{""action"": ""close"", ""window"": ""driver""}"
Приоткрой стекло пассажирского окна на 30 процентов,window_set,"{""action"": ""set"", ""window"": ""passenger"", ""percent"": 30}"
"Сделай так, чтобы все окна были закрыты",window_set,"{""action"": ""close"", ""window"": ""all""}"
Поставь кондиционер на 20 градусов,ac_set,"{""state"": ""on"", ""temperature"": 20}"
Выключи кондиционер,ac_off,
Включи климат-контроль на 25 градусов,ac_set,"{""state"": ""on"", ""temperature"": 25}"
Включи рециркуляцию,ac_mode_set,"{""enabled"": true}"
Установи скорость вентилятора на 50,ac_fan_set,"{""level"": 50, ""speed"": ""medium""}"
Включи обогрев сиденья водителя на максимуме,seat_heater_set,"{""seat"": ""driver"", ""level"": 100}"
"Пожалуйста, включи вентилятор на сиденье пассажира",seat_vent_set,"{""seat"": ""passenger"", ""level"": 70}"
Сделай обдув заднего стекла,defrost_set,"{""state"": ""on"", ""target"": ""rear""}"
Закрой люк,sunroof_close,
Открой люк на 40 процентов,sunroof_set,"{""action"": ""open"", ""percent"": 40}"
Поставь на радио частоту 98.3,radio_set,"{""frequency"": ""98.3""}"
Сделай громче на 5,volume_change,"{""delta"": 5}"
Убавь громкость на 10,volume_change,"{""delta"": -10}"
Настрой громкость на 75 процентов,volume_set,"{""level"": 75}"
Выключи звук,volume_mute_set,"{""state"": ""on""}"
Переключи на следующий трек,next_track,
Пауза музыки,media_pause,
"Сделай так, чтобы музыка играла снова",play_music,
Как доехать до ближайшей заправки?,nav_start,"{""destination"": ""ближайшая заправка""}"
Отмени маршрут,nav_cancel,
Позвони моему другу,call_start,"{""contact"": ""мой друг""}"
Ответь на звонок,call_answer,
Положи трубку,call_hangup,
Включи фары,headlights_set,"{""state"": ""on""}"
Включи дальний свет,high_beam_set,"{""state"": ""on""}"
Установи дворники на автомат,wipers_set,"{""speed"": ""auto""}"
Установи обогрев руля,wheel_heater_set,"{""state"": ""on""}"
Привет,chitchat,
Как дела?,chitchat,
Все отлично,chitchat,
Приоткрой окно у водителя,window_set,"{""action"": ""open"", ""window"": ""driver""}"
Закрой все окна полностью,window_set,"{""action"": ""close"", ""window"": ""all""}"
"Убери шум, закрой пассажирское окно",window_set,"{""action"": ""close"", ""window"": ""passenger""}"
Открой окно на двадцать процентов,window_set,"{""action"": ""set"", ""window"": ""driver"", ""percent"": 20}"
Включи кондиционер на 22 градуса,ac_set,"{""state"": ""on"", ""temperature"": 22}"
"Пожалуйста, выключи кондиционер",ac_set,"{""state"": ""off"", ""temperature"": 20}"
Выключи кондиционер,ac_off,
Включи рециркуляцию,ac_mode_set,"{""enabled"": true}"
Сделай вентилятор на максимуме,ac_fan_set,"{""level"": 100, ""speed"": ""high""}"
Поставь обогрев сидения пассажира на 50%,seat_heater_set,"{""seat"": ""passenger"", ""level"": 50}"
Включи обогрев водителя на полную мощность,seat_heater_set,"{""seat"": ""driver"", ""level"": 100}"
"Сделай так, чтобы сиденье пассажира немного охлаждалось",seat_vent_set,"{""seat"": ""passenger"", ""level"": 30}"
Закрой люк,sunroof_close,
Открой люк на тридцать процентов,sunroof_set,"{""action"": ""open"", ""percent"": 30}"
Включи музыку,play_music,
Поставь музыку на паузу,media_pause,
Следующий трек,next_track,
Уменьши громкость на 5,volume_change,"{""delta"": -5}"
Сделай потише,volume_change,"{""direction"": ""down""}"
Установи громкость на 70%,volume_set,"{""level"": 70}"
Подключи Bluetooth,media_source_set,"{""source"": ""bluetooth""}"
Как добраться до Кремля?,nav_start,"{""destination"": ""Кремль""}"
Отмени навигацию,nav_cancel,
Позвони Андрею,call_start,"{""contact"": ""Андрей""}"
Ответь на звонок,call_answer,
Положи трубку,call_hangup,
Включи фары,headlights_set,"{""state"": ""on""}"
Выключи дальний свет,high_beam_set,"{""state"": ""off""}"
Сделай дворники на авто,wipers_set,"{""speed"": ""auto""}"
Переключи на ручной режим дворников,rain_set,"{""mode"": ""manual""}"
Включи подогрев руля,wheel_heater_set,"{""state"": ""on""}"
"Привет, как дела?",chitchat,
Что ты умеешь?,chitchat,
Закрой окно у водителя на 100 процентов,window_set,"{""action"": ""close"", ""window"": ""driver""}"
Приоткрой пассажирское стекло на пятьдесят процентов,window_set,"{""action"": ""set"", ""window"": ""passenger"", ""percent"": 50}"
Открой все окна на чуть-чуть,window_set,"{""action"": ""open"", ""window"": ""all"", ""percent"": 10}"
"Сделай так, чтобы кондиционер работал на 22 градуса",ac_set,"{""state"": ""on"", ""temperature"": 22}"
Выключи кондиционер,ac_off,
Включи кондиционер и поставь на 18 градусов,ac_set,"{""state"": ""on"", ""temperature"": 18}"
Поставь климат на рециркуляцию,ac_mode_set,"{""enabled"": true}"
Сделай вентиляцию сидения для пассажира на 70 процентов,seat_vent_set,"{""seat"": ""passenger"", ""level"": 70}"
Включи обогрев сидения водителя на 50,seat_heater_set,"{""seat"": ""driver"", ""level"": 50}"
Включи передний обогрев стекла,defrost_set,"{""state"": ""on"", ""target"": ""front""}"
Закрой люк на максимум,sunroof_set,"{""action"": ""close"", ""percent"": 100}"
Включи музыку,play_music,
Останови музыку,stop_music,
Увеличь громкость на 10,volume_change,"{""delta"": 10}"
Поставь громкость на 75 процентов,volume_set,"{""level"": 75}"
Включи радио на частоте 95.5,radio_set,"{""frequency"": ""95.5""}"
Позвони Анне,call_start,"{""contact"": ""Анна""}"
Как доехать до аэропорта?,nav_start,"{""destination"": ""аэропорт""}"
Включи фары,headlights_set,"{""state"": ""on""}"
Сделай автообогрев стекла,rain_set,"{""mode"": ""auto""}"
Как дела?,chitchat,
Закрой окно у водителя полностью,window_set,"{""action"": ""close"", ""window"": ""driver""}"
Открой пассажирское стекло на тридцать процентов,window_set,"{""action"": ""set"", ""window"": ""passenger"", ""percent"": 30}"
"Можно, пожалуйста, приоткрыть все окна?",window_set,"{""action"": ""open"", ""window"": ""all""}"
Открой окошко у водителя,window_set,"{""action"": ""open"", ""window"": ""driver""}"
Прикрой все стекла,window_set,"{""action"": ""close"", ""window"": ""all""}"
Включи кондиционер на 20 градусов,ac_set,"{""state"": ""on"", ""temperature"": 20}"
"Убери кондиционер, пожалуйста",ac_off,
"Поставь режим обогрева, температура 25",ac_set,"{""state"": ""on"", ""temperature"": 25}"
Отключи климат-контроль,ac_off,
Включи обогрев сиденья пассажира на максимум,seat_heater_set,"{""seat"": ""passenger"", ""level"": 100}"
Сделай обогрев сидения водителя на 50 процентов,seat_heater_set,"{""seat"": ""driver"", ""level"": 50}"
Включи обогрев переднего сиденья,seat_heater_set,"{""seat"": ""driver"", ""level"": 100}"
Сделай обогрев на 75 для пассажира,seat_heater_set,"{""seat"": ""passenger"", ""level"": 75}"
Включи музыку,play_music,
Останови музыку,stop_music,
Поставь на паузу,media_pause,
Перейди на следующую композицию,next_track,
Уменьши громкость на 10,volume_change,"{""delta"": -10}"
Сделай громче на 5,volume_change,"{""delta"": 5}"
Увеличь звук на десять процентов,volume_change,"{""delta"": 10}"
Поставь громкость на 30 процентов,volume_set,"{""level"": 30}"
Сделай громкость 80,volume_set,"{""level"": 80}"
Переключи на радио,media_source_set,"{""source"": ""radio""}"
Поставь источник USB,media_source_set,"{""source"": ""usb""}"
Запусти навигацию до Бородинской церкви,nav_start,"{""destination"": ""Бородинская церковь""}"
Как доехать до аэропорта?,nav_start,"{""destination"": ""аэропорт""}"
Отмени навигацию,nav_cancel,
Позвони маме,call_start,"{""contact"": ""мама""}"
Переключи на следующий трек,next_track,
Включи фары,headlights_set,"{""state"": ""on""}"
Установи фары на авто,headlights_set,"{""state"": ""auto""}"
Убери дальний свет,high_beam_set,"{""state"": ""off""}"
Скорость дворников на авто,wipers_set,"{""speed"": ""auto""}"
Как дела?,chitchat,
"Привет, что нового?",chitchat,
"Пожалуйста, закрой окно у водителя",window_set,"{""action"": ""close"", ""window"": ""driver""}"
Открой окно на пятьдесят процентов,window_set,"{""action"": ""set"", ""window"": ""all"", ""percent"": 50}"
Приоткрой пассажирское стекло,window_set,"{""action"": ""open"", ""window"": ""passenger""}"
Включи кондиционер на 20 градусов,ac_set,"{""state"": ""on"", ""temperature"": 20}"
Выключи климат-контроль,ac_off,
Установи рециркуляцию,ac_mode_set,"{""enabled"": true}"
Сделай обдув на максимуме,ac_fan_set,"{""level"": 100, ""speed"": ""high""}"
Поставь обогрев сиденья на 70 процентов,seat_heater_set,"{""seat"": ""driver"", ""level"": 70}"
Включи вентилятор для сиденья пассажира на 50,seat_vent_set,"{""seat"": ""passenger"", ""level"": 50}"
Включи обогрев заднего стекла,defrost_set,"{""state"": ""on"", ""target"": ""rear""}"
Закрой люк на 60 процентов,sunroof_set,"{""action"": ""close"", ""percent"": 60}"
Открой люк полностью,sunroof_set,"{""action"": ""open"", ""percent"": 100}"
Включи музыку,play_music,
Останови воспроизведение музыки,stop_music,
Сделай громче на 10,volume_change,"{""delta"": 10}"
Уменьши громкость на 5 единиц,volume_change,"{""delta"": -5}"
Поставь громкость на 30 процентов,volume_set,"{""level"": 30}"
Выключи звук,volume_mute_set,"{""state"": ""on""}"
Переключи на радио,media_source_set,"{""source"": ""radio""}"
Настрой частоту на 95.5,radio_set,"{""frequency"": ""95.5""}"
Как добраться до аэропорта?,nav_start,"{""destination"": ""аэропорт""}"
Отмени навигацию,nav_cancel,
Позвони Василию,call_start,"{""contact"": ""Василий""}"
Ответь на звонок,call_answer,
Завершите разговор,call_hangup,
Включи фары,headlights_set,"{""state"": ""on""}"
Включи дальний свет,high_beam_set,"{""state"": ""on""}"
Установи дворники на авто,wipers_set,"{""speed"": ""auto""}"
Сделай ручной режим работы стеклоочистителей,rain_set,"{""mode"": ""manual""}"
Включи обогрев руля,wheel_heater_set,"{""state"": ""on""}"
"Привет, как дела?",chitchat,
Как ты?,chitchat,
Какой сегодня день?,chitchat,
Открой окно у водителя,window_set,"{""action"": ""open"", ""window"": ""driver""}"
Закрой окно у пассажира,window_set,"{""action"": ""close"", ""window"": ""passenger""}"
Приоткрой все окна на двадцать процентов,window_set,"{""action"": ""set"", ""window"": ""all"", ""percent"": 20}"
"Пожалуйста, закрой стекло у водителя",window_set,"{""action"": ""close"", ""window"": ""driver""}"
Стекло у пассажира на половину опусти,window_set,"{""action"": ""set"", ""window"": ""passenger"", ""percent"": 50}"
"Сделай в салоне холоднее, включи кондиционер на 20",ac_set,"{""state"": ""on"", ""temperature"": 20}"
Выключи кондиционер,ac_off,
Поставь климат на 24 градуса,ac_set,"{""state"": ""on"", ""temperature"": 24}"
Сделай обдув сильнее,ac_mode_set,"{""enabled"": true}"
Увеличь скорость вентилятора до максимума,ac_fan_set,"{""level"": 100, ""speed"": ""high""}"
Включи обогрев сиденья пассажира на 50,seat_heater_set,"{""seat"": ""passenger"", ""level"": 50}"
Сделай вентиляцию сидения водителя на 30,seat_vent_set,"{""seat"": ""driver"", ""level"": 30}"
Включи обогрев сидений,seat_heater_set,"{""seat"": ""driver"", ""level"": 100}"
Включи обогрев заднего стекла,defrost_set,"{""state"": ""on"", ""target"": ""rear""}"
Закрой люк,sunroof_close,
Приоткрой люк на 40 процентов,sunroof_set,"{""action"": ""open"", ""percent"": 40}"
Поставь музыку,play_music,
Останови воспроизведение музыки,stop_music,
Пауза в музыке,media_pause,
Следующий трек,next_track,
Назад на предыдущий трек,previous_track,
Сделай громче на 10,volume_change,"{""delta"": 10}"
Уменьши громкость на 15 процентов,volume_change,"{""delta"": -15}"
Установи громкость на 50,volume_set,"{""level"": 50}"
Включи звук,volume_mute_set,"{""state"": ""off""}"
Выбери радиостанцию,media_source_set,"{""source"": ""radio""}"
Поставь Bluetooth,media_source_set,"{""source"": ""bluetooth""}"
Поставь частоту 99.5,radio_set,"{""frequency"": ""99.5""}"
Включи рандомное воспроизведение,media_shuffle_set,
Поставь на повтор одну песню,media_repeat_set,"{""mode"": ""one""}"
Запусти навигацию до Кремля,nav_start,"{""destination"": ""Кремль""}"
Отмени навигацию,nav_cancel,
Позвони Петру,call_start,"{""contact"": ""Петр""}"
Ответь на звонок,call_answer,
Повесь трубку,call_hangup,
Включи фары,headlights_set,"{""state"": ""on""}"
Отключи дальний свет,high_beam_set,"{""state"": ""off""}"
Увеличь скорость дворников на авто,wipers_set,"{""speed"": ""auto""}"
Включи дворники на минимуме,wipers_set,"{""speed"": ""low""}"
Сделай дворники быстрее,wipers_set,"{""speed"": ""high""}"
Установи режим дождя на автомат,rain_set,"{""mode"": ""auto""}"
Включи обогрев руля,wheel_heater_set,"{""state"": ""on""}"
"Привет, как дела?",chitchat,
Как у тебя настроение?,chitchat,
Доброго времени суток!,chitchat,
Открой окно у водителя на тридцать процентов,window_set,"{""action"": ""set"", ""window"": ""driver"", ""percent"": 30}"
Можно приоткрыть окно пассажира?,window_set,"{""action"": ""open"", ""window"": ""passenger""}"
Закрой стекло на заднем окне,window_set,"{""action"": ""close"", ""window"": ""all""}"
Поставь кондиционер на 20 градусов,ac_set,"{""state"": ""on"", ""temperature"": 20}"
"Включи кондиционер, пожалуйста",ac_set,"{""state"": ""on"", ""temperature"": 24}"
Выключи кондиционер,ac_off,
Включи рециркуляцию воздуха,ac_mode_set,"{""enabled"": true}"
Включи вентилятор на максимальную скорость,ac_fan_set,"{""level"": 100, ""speed"": ""high""}"
Поставь обогрев сиденья пассажира на 50%,seat_heater_set,"{""seat"": ""passenger"", ""level"": 50}"
Сделай обогрев сиденья водителя на максимум,seat_heater_set,"{""seat"": ""driver"", ""level"": 100}"
Включи обогрев сиденья,seat_heater_set,"{""seat"": ""driver"", ""level"": 75}"
Закрой люк на 40 процентов,sunroof_set,"{""action"": ""close"", ""percent"": 40}"
Открой люк полностью,sunroof_set,"{""action"": ""open"", ""percent"": 100}"
Закрой люк,sunroof_close,
Сделай громче на десять,volume_change,"{""delta"": 10}"
Сбавь громкость на двадцать процентов,volume_change,"{""delta"": -20}"
Уменьши громкость,volume_change,"{""direction"": ""down""}"
Поставь музыку на паузу,media_pause,
Давай следующий трек,next_track,
Вернись на предыдущий трек,previous_track,
Сделай громкость на 50,volume_set,"{""level"": 50}"
Включи радио на частоте 98.3,radio_set,"{""frequency"": ""98.3""}"
Настрой радио на станцию Европа Плюс,radio_set_station,"{""station"": ""Европа Плюс""}"
Запусти навигацию до Кремля,nav_start,"{""destination"": ""Кремль""}"
Отмени навигацию,nav_cancel,
Позвони Игорю,call_start,"{""contact"": ""Игорь""}"
Ответь на звонок,call_answer,
Заверши вызов,call_hangup,
Включи фары,headlights_set,"{""state"": ""on""}"
Выключи дальний свет,high_beam_set,"{""state"": ""off""}"
Установи скорость дворников на авто,wipers_set,"{""speed"": ""auto""}"
Включи обогрев руля,wheel_heater_set,"{""state"": ""on""}"
Как дела?,chitchat,
"Привет, как ты?",chitchat,
Как доехать до центра города?,nav_start,"{""destination"": ""центр города""}"
Приоткрой окно у водителя на тридцать процентов,window_set,"{""action"": ""set"", ""window"": ""driver"", ""percent"": 30}"
Закрой все окна,window_set,"{""action"": ""close"", ""window"": ""all""}"
Открой окно пассажира полностью,window_set,"{""action"": ""open"", ""window"": ""passenger""}"
"Сделай кондиционер холоднее, поставь на 18",ac_set,"{""state"": ""on"", ""temperature"": 18}"
Включи кондиционер,ac_set,"{""state"": ""on"", ""temperature"": 22}"
Выключи кондиционер,ac_off,
Поставь вентилятор на среднюю скорость,ac_fan_set,"{""level"": 50, ""speed"": ""medium""}"
Включи обогрев сидения пассажира на 75 процентов,seat_heater_set,"{""seat"": ""passenger"", ""level"": 75}"
Включи обогрев сидения водителя,seat_heater_set,"{""seat"": ""driver"", ""level"": 100}"
Включи обдув лобового стекла,ac_mode_set,"{""enabled"": true}"
Закрой люк,sunroof_close,
Открой люк на половину,sunroof_set,"{""action"": ""open"", ""percent"": 50}"
Дай мне музыку,play_music,
Приостанови воспроизведение,media_pause,
Сделай погромче на десять,volume_change,"{""delta"": 10}"
Уменьши громкость на 20%,volume_change,"{""delta"": -20}"
Поставь радио на частоту 92.5,radio_set,"{""frequency"": ""92.5""}"
Включи случайный порядок воспроизведения,media_shuffle_set,
Позвони маме,call_start,"{""contact"": ""мама""}"
Ответь на звонок,call_answer,
Заверши текущий вызов,call_hangup,
Как доехать до ближайшей заправки?,nav_start,"{""destination"": ""ближайшая заправка""}"
Отмени навигацию,nav_cancel,
Включи фары,headlights_set,"{""state"": ""on""}"
Выключи дальний свет,high_beam_set,"{""state"": ""off""}"
Установи дворники на авто,rain_set,"{""mode"": ""auto""}"
Как дела?,chitchat,
"Привет, как ты?",chitchat,
Открой окно водителя,window_set,"{""action"": ""open"", ""window"": ""driver""}"
"Закрой все окна, пожалуйста",window_set,"{""action"": ""close"", ""window"": ""all""}"
Приоткрой пассажирское стекло на 30 процентов,window_set,"{""action"": ""set"", ""window"": ""passenger"", ""percent"": 30}"
Сделай климат на 22 градуса,ac_set,"{""state"": ""on"", ""temperature"": 22}"
Выключи кондиционер,ac_off,
Включи рециркуляцию воздуха,ac_mode_set,"{""enabled"": true}"
Увеличь скорость вентилятора до 70,ac_fan_set,"{""level"": 70, ""speed"": ""high""}"
Включи обогрев сиденья пассажира на максимум,seat_heater_set,"{""seat"": ""passenger"", ""level"": 100}"
Установи температуру в салоне на 18 градусов,ac_set,"{""state"": ""on"", ""temperature"": 18}"
Включи обогрев сиденья водителя на 50 процентов,seat_heater_set,"{""seat"": ""driver"", ""level"": 50}"
Открой люк на полную,sunroof_set,"{""action"": ""open"", ""percent"": 100}"
Закрой люк,sunroof_close,
Сделай громче на 10,volume_change,"{""delta"": 10}"
Убавь звук на 5 единиц,volume_change,"{""delta"": -5}"
Поставь громкость на 50%,volume_set,"{""level"": 50}"
Выключи звук,volume_mute_set,"{""state"": ""on""}"
"Сделай потише, пожалуйста",volume_change,"{""direction"": ""down""}"
Переключи на радио,media_source_set,"{""source"": ""radio""}"
Следующий трек,next_track,
Проиграй музыку,play_music,
Как добраться до ТЦ?,nav_start,"{""destination"": ""ТЦ""}"
Отмени навигацию,nav_cancel,
Позвони Анне,call_start,"{""contact"": ""Анна""}"
Ответь на звонок,call_answer,
Заверши звонок,call_hangup,
Включи фары,headlights_set,"{""state"": ""on""}"
Выключи дальний свет,high_beam_set,"{""state"": ""off""}"
Включи дворники на авто,wipers_set,"{""speed"": ""auto""}"
Установи режим дождя на ручной,rain_set,"{""mode"": ""manual""}"
Привет,chitchat,
Как дела?,chitchat,
Установи громкость на 80,volume_set,"{""level"": 80}"
Поставь на повтор всю музыку,media_repeat_set,"{""mode"": ""all""}"
Переключи на следующий трек,next_track,
Включи кондиционер на 25 градусов,ac_set,"{""state"": ""on"", ""temperature"": 25}"
Закрой окна на 100 процентов,window_set,"{""action"": ""close"", ""window"": ""all"", ""percent"": 100}"
Открой стекло на 40 процентов,window_set,"{""action"": ""set"", ""window"": ""driver"", ""percent"": 40}"
Приоткрой окно у водителя на 25 процентов,window_set,"{""action"": ""set"", ""window"": ""driver"", ""percent"": 25}"
"Пожалуйста, закрой пассажирское окно",window_set,"{""action"": ""close"", ""window"": ""passenger""}"
Открой все окна на 50 процентов,window_set,"{""action"": ""set"", ""window"": ""all"", ""percent"": 50}"
Закрой окно сзади,window_set,"{""action"": ""close"", ""window"": ""rear""}"
Включи кондиционер на 22 градуса,ac_set,"{""state"": ""on"", ""temperature"": 22}"
Выключи кондиционер,ac_set,"{""state"": ""off"", ""temperature"": 0}"
"Кондиционер включен, установи 18 градусов",ac_set,"{""state"": ""on"", ""temperature"": 18}"
Выключи кондиционер,ac_off,
Включи обогрев сиденья у водителя на максимум,seat_heater_set,"{""seat"": ""driver"", ""level"": 100}"
Поставь обогрев сиденья для пассажира на 50,seat_heater_set,"{""seat"": ""passenger"", ""level"": 50}"
Включи вентилятор сиденья водителя на 70,seat_vent_set,"{""seat"": ""driver"", ""level"": 70}"
Выключи вентилятор сиденья у пассажира,seat_vent_set,"{""seat"": ""passenger"", ""level"": 0}"
Включи рециркуляцию в кондиционере,ac_mode_set,"{""enabled"": true}"
Выключи рециркуляцию,ac_mode_set,"{""enabled"": false}"
Включи обогрев лобового стекла,defrost_set,"{""state"": ""on"", ""target"": ""front""}"
Закрой обогрев заднего стекла,defrost_set,"{""state"": ""off"", ""target"": ""rear""}"
Открой люк на максимум,sunroof_set,"{""action"": ""open"", ""percent"": 100}"
Закрой люк,sunroof_close,
Сделай громче на 10,volume_change,"{""delta"": 10}"
Убавь громкость на 5 процентов,volume_change,"{""delta"": -5}"
Сделай тише,volume_change,"{""direction"": ""down""}"
Поставь громкость на 75,volume_set,"{""level"": 75}"
Сделай звук тихим,volume_mute_set,"{""state"": ""on""}"
Включи звук,volume_mute_set,"{""state"": ""off""}"
Переключи на радио,media_source_set,"{""source"": ""radio""}"
Включи музыку,play_music,
Пауза,media_pause,
Следующий трек,next_track,
Предыдущий трек,previous_track,
Установи частоту на 101.2,radio_set,"{""frequency"": ""101.2""}"
Переключи на станцию Ретро ФМ,radio_set_station,"{""station"": ""Ретро ФМ""}"
Запусти навигацию до Москвы,nav_start,"{""destination"": ""Москва""}"
Отмени маршрут,nav_cancel,
Позвони Александру,call_start,"{""contact"": ""Александр""}"
Ответь на звонок,call_answer,
Заверши разговор,call_hangup,
Включи фары,headlights_set,"{""state"": ""on""}"
Выключи фары,headlights_set,"{""state"": ""off""}"
Включи дальний свет,high_beam_set,"{""state"": ""on""}"
Выключи дальний свет,high_beam_set,"{""state"": ""off""}"
"Дождь идет, включи дворники на авто",wipers_set,"{""speed"": ""auto""}"
Включи дворники на низкую скорость,wipers_set,"{""speed"": ""low""}"
Включи режим автоматического управления,rain_set,"{""mode"": ""auto""}"
Поставь режим ручного управления,rain_set,"{""mode"": ""manual""}"
Включи обогрев руля,wheel_heater_set,"{""state"": ""on""}"
Выключи обогрев руля,wheel_heater_set,"{""state"": ""off""}"
Привет,chitchat,
Как дела?,chitchat,
Что нового?,chitchat,
Открой окно у водителя на тридцать процентов,window_set,"{""action"": ""set"", ""window"": ""driver"", ""percent"": 30}"
Закрой все окна,window_set,"{""action"": ""close"", ""window"": ""all""}"
"Пожалуйста, приоткрой пассажирское окно",window_set,"{""action"": ""open"", ""window"": ""passenger""}"
Сделай температуру кондиционера двадцать градусов,ac_set,"{""state"": ""on"", ""temperature"": 20}"
Включи кондиционер на двадцать восемь градусов,ac_set,"{""state"": ""on"", ""temperature"": 28}"
"Пожалуйста, выключи кондиционер",ac_off,
Включи обогрев сиденья для пассажира на восемьдесят процентов,seat_heater_set,"{""seat"": ""passenger"", ""level"": 80}"
Включи рециркуляцию воздуха,ac_mode_set,"{""enabled"": true}"
Сделай скорость вентилятора на среднем уровне,ac_fan_set,"{""level"": 50, ""speed"": ""medium""}"
Выключи задний обогрев,defrost_set,"{""state"": ""off"", ""target"": ""rear""}"
Как мне доехать до магазина?,nav_start,"{""destination"": ""магазин""}"
"Скажи, как добраться до аэропорта",nav_start,"{""destination"": ""аэропорт""}"
"Позвони Петру, пожалуйста",call_start,"{""contact"": ""Петр""}"
Звони на номер 123456789,call_start,"{""contact"": ""123456789""}"
Включи музыку,play_music,
Приостанови воспроизведение,media_pause,
Увеличь громкость на десять,volume_change,"{""delta"": 10}"
Сделай тише на пятьдесят процентов,volume_set,"{""level"": 50}"
Переключи на радио,media_source_set,"{""source"": ""radio""}"
Запусти следующий трек,next_track,
Выключи фары,headlights_set,"{""state"": ""off""}"
Сделай высокие фары включенными,high_beam_set,"{""state"": ""on""}"
Установи скорость дворников на авто,wipers_set,"{""speed"": ""auto""}"
"Пожалуйста, закрой люк",sunroof_close,
Как дела?,chitchat,
Открой окно водителя,window_set,"{""action"": ""open"", ""window"": ""driver""}"
Закрой стекло пассажира,window_set,"{""action"": ""close"", ""window"": ""passenger""}"
Приоткрой окошко сзади на 50%,window_set,"{""action"": ""set"", ""window"": ""all"", ""percent"": 50}"
"Пожалуйста, закрой все окна",window_set,"{""action"": ""close"", ""window"": ""all""}"
Сделай температуру в кондиционере 20 градусов,ac_set,"{""state"": ""on"", ""temperature"": 20}"
Выключи кондиционер,ac_off,
Включи рециркуляцию в климат-контроле,ac_mode_set,"{""enabled"": true}"
Установи вентилятор на максимальную скорость,ac_fan_set,"{""level"": 100, ""speed"": ""high""}"
Включи обогрев сиденья водителя на 70%,seat_heater_set,"{""seat"": ""driver"", ""level"": 70}"
Обогрев сиденья пассажира выключить,seat_heater_set,"{""seat"": ""passenger"", ""level"": 0}"
Включи обогрев сидений на 50%,seat_heater_set,"{""seat"": ""driver"", ""level"": 50}"
Включи обдув лобового стекла,defrost_set,"{""state"": ""on"", ""target"": ""front""}"
Выключи обогрев заднего стекла,defrost_set,"{""state"": ""off"", ""target"": ""rear""}"
Открой люк на полную,sunroof_set,"{""action"": ""open"", ""percent"": 100}"
Закрой люк наполовину,sunroof_set,"{""action"": ""set"", ""percent"": 50}"
Включи музыку,play_music,
Останови музыку,stop_music,
Поставь громкость на 30%,volume_set,"{""level"": 30}"
Сделай погромче на десять,volume_change,"{""delta"": 10}"
Сделай тише на 15,volume_change,"{""delta"": -15}"
Переключи на радио,media_source_set,"{""source"": ""radio""}"
"Сделай так, чтобы музыка играла в случайном порядке",media_shuffle_set,
Как доехать до Кремля?,nav_start,"{""destination"": ""Кремль""}"
"Навигация, проведи меня к Лужникам",nav_start,"{""destination"": ""Лужники""}"
Позвони Анне,call_start,"{""contact"": ""Анна""}"
Ответь на звонок,call_answer,
Завершить звонок,call_hangup,
Включи фары,headlights_set,"{""state"": ""on""}"
Фары на авто,headlights_set,"{""state"": ""auto""}"
Включи дворники на авто,wipers_set,"{""speed"": ""low""}"
Сделай дворники на максимальную скорость,wipers_set,"{""speed"": ""high""}"
Как у тебя дела?,chitchat,
"Привет, как ты?",chitchat,
Открой окно у водителя,window_set,"{""action"": ""open"", ""window"": ""driver""}"
Закрой окно на пассажирской стороне,window_set,"{""action"": ""close"", ""window"": ""passenger""}"
Приоткрой все окна на тридцать процентов,window_set,"{""action"": ""set"", ""window"": ""all"", ""percent"": 30}"
"Закрой все окна, пожалуйста",window_set,"{""action"": ""close"", ""window"": ""all""}"
Поставь кондиционер на двадцать два градуса,ac_set,"{""state"": ""on"", ""temperature"": 22}"
Выключи кондиционер,ac_off,
Включи обдув лобового стекла,ac_mode_set,"{""enabled"": true}"
Отключи рециркуляцию,ac_mode_set,"{""enabled"": false}"
Увеличь мощность вентилятора до ста процентов,ac_fan_set,"{""level"": 100, ""speed"": ""high""}"
Включи обогрев сиденья у пассажира на восемьдесят процентов,seat_heater_set,"{""seat"": ""passenger"", ""level"": 80}"
Сделай вентиляцию сиденья водителя на средний уровень,seat_vent_set,"{""seat"": ""driver"", ""level"": 50}"
Включи обогрев переднего стекла,defrost_set,"{""state"": ""on"", ""target"": ""front""}"
Закрой люк на половину,sunroof_set,"{""action"": ""set"", ""percent"": 50}"
Открой люк полностью,sunroof_set,"{""action"": ""open"", ""percent"": 100}"
Отключи люк,sunroof_close,
Включи радио на частоте восемьдесят семь и пять,radio_set,"{""frequency"": ""87.5""}"
Переключи на следующую песню,next_track,
Поставь музыку на паузу,media_pause,
Сделай громче на десять,volume_change,"{""delta"": 10}"
Убавь громкость на восемь процентов,volume_change,"{""delta"": -8}"
Установи уровень громкости на семьдесят,volume_set,"{""level"": 70}"
Выключи звук,volume_mute_set,"{""state"": ""on""}"
Переключи на USB,media_source_set,"{""source"": ""usb""}"
Запусти навигацию до аэропорта,nav_start,"{""destination"": ""аэропорт""}"
Отмени навигацию,nav_cancel,
Позвони другу,call_start,"{""contact"": ""друг""}"
Ответь на звонок,call_answer,
Заверши разговор,call_hangup,
Включи фары,headlights_set,"{""state"": ""on""}"
Включи дальний свет,high_beam_set,"{""state"": ""on""}"
Настрой дворники на высокую скорость,wipers_set,"{""speed"": ""high""}"
Включи режим дождя,rain_set,"{""mode"": ""auto""}"
Как дела?,chitchat,
"Пробки на дороге, что посоветуешь?",chitchat,
Приоткрой стекло водителя на двадцать процентов,window_set,"{""action"": ""set"", ""window"": ""driver"", ""percent"": 20}"
Закрой окно у пассажира,window_set,"{""action"": ""close"", ""window"": ""passenger""}"
"Душно, открой все окна",window_set,"{""action"": ""open"", ""window"": ""all""}"
Сделай кондиционер потише,ac_fan_set,"{""level"": 20, ""speed"": ""low""}"
Включи обогрев сиденья на максимум,seat_heater_set,"{""seat"": ""driver"", ""level"": 100}"
Поставь кондиционер на 24 градуса,ac_set,"{""state"": ""on"", ""temperature"": 24}"
Выключи кондиционер,ac_off,
Включи рециркуляцию воздуха,ac_mode_set,"{""enabled"": true}"
Установи громкость на семьдесят процентов,volume_set,"{""level"": 70}"
Сделай погромче на десять,volume_change,"{""delta"": 10}"
Поставь радио на частоту 95.5,radio_set,"{""frequency"": ""95.5""}"
Следующий трек,next_track,
Вернись к предыдущей песне,previous_track,
Включи музыку,play_music,
Выключи звук,volume_mute_set,"{""state"": ""on""}"
Позвони Олегу,call_start,"{""contact"": ""Олег""}"
Отвечай на звонок,call_answer,
Отмени навигацию,nav_cancel,
Как доехать до торгового центра?,nav_start,"{""destination"": ""торговый центр""}"
Включи фары на авто,headlights_set,"{""state"": ""on""}"
Выключи дворники,wipers_set,"{""speed"": ""off""}"
"Привет, как дела?",chitchat,
Открой окно водителя на сто процентов,window_set,"{""action"": ""open"", ""window"": ""driver"", ""percent"": 100}"
"Закрой окно у пассажира, пожалуйста",window_set,"{""action"": ""close"", ""window"": ""passenger""}"
Притвори стекло заднего окна на тридцать процентов,window_set,"{""action"": ""set"", ""window"": ""all"", ""percent"": 30}"
Включи кондиционер на 20 градусов,ac_set,"{""state"": ""on"", ""temperature"": 20}"
"Пожалуйста, выключи кондиционер",ac_set,"{""state"": ""off""}"
Сделай температуру 22 градуса,ac_set,"{""temperature"": 22}"
Отключи кондиционер,ac_off,
Включи обдув,ac_mode_set,"{""enabled"": true}"
Сделай рециркуляцию,ac_mode_set,"{""enabled"": true}"
Установи скорость вентилятора на среднюю,ac_fan_set,"{""level"": 50, ""speed"": ""medium""}"
Увеличь скорость вентилятора до максимума,ac_fan_set,"{""level"": 100, ""speed"": ""high""}"
Поставь обогрев сиденья пассажира на 70 процентов,seat_heater_set,"{""seat"": ""passenger"", ""level"": 70}"
Обогрев сиденья водителя на максимум,seat_heater_set,"{""seat"": ""driver"", ""level"": 100}"
Включи обогрев сидений,seat_heater_set,"{""seat"": ""driver"", ""level"": 50}"
Запусти навигацию до музея,nav_start,"{""destination"": ""музей""}"
Как доехать до аэропорта?,nav_start,"{""destination"": ""аэропорт""}"
Отмени навигацию,nav_cancel,
Сделай громче на десять,volume_change,"{""delta"": 10}"
Уменьши громкость на пять процентов,volume_change,"{""delta"": -5}"
Сделай тише на 15,volume_change,"{""delta"": -15}"
Выключи музыку,stop_music,
Поставь музыку на паузу,media_pause,
Следующий трек,next_track,
Вернись к предыдущему треку,previous_track,
Установи громкость на 30%,volume_set,"{""level"": 30}"
Поставь Bluetooth как источник,media_source_set,"{""source"": ""bluetooth""}"
Выбери радиостанцию Маяк,radio_set_station,"{""station"": ""Маяк""}"
Настрой радио на частоту 95.5,radio_set,"{""frequency"": ""95.5""}"
"Пожалуйста, включи фары",headlights_set,"{""state"": ""on""}"
Выключи фары,headlights_set,"{""state"": ""off""}"
Включи дальний свет,high_beam_set,"{""state"": ""on""}"
Выключи дворники,wipers_set,"{""speed"": ""off""}"
Поставь дворники на авто,rain_set,"{""mode"": ""auto""}"
Привет,chitchat,
Как дела?,chitchat,
Доброе утро,chitchat,
Открой окно водителя на тридцать процентов,window_set,"{""action"": ""set"", ""window"": ""driver"", ""percent"": 30}"
"Закрой все окна, пожалуйста",window_set,"{""action"": ""close"", ""window"": ""all""}"
Приоткрой стекло пассажира,window_set,"{""action"": ""open"", ""window"": ""passenger""}"
Сделай кондиционер холоднее до 18 градусов,ac_set,"{""state"": ""on"", ""temperature"": 18}"
Включи климат-контроль,ac_set,"{""state"": ""on"", ""temperature"": 22}"
Выключи кондиционер,ac_off,
Установи рециркуляцию на,ac_mode_set,"{""enabled"": true}"
Поставь обдув на авто,ac_mode_set,"{""enabled"": false}"
Включи обогрев сиденья пассажира на 70,seat_heater_set,"{""seat"": ""passenger"", ""level"": 70}"
Сделай обогрев водителя на полную мощность,seat_heater_set,"{""seat"": ""driver"", ""level"": 100}"
Закрой люк на 50 процентов,sunroof_set,"{""action"": ""close"", ""percent"": 50}"
Включи фары на авто,headlights_set,"{""state"": ""auto""}"
Сделай громче на 10,volume_change,"{""delta"": 10}"
Поставь громкость на 30,volume_set,"{""level"": 30}"
Сделай потише на 5,volume_change,"{""delta"": -5}"
Включи Bluetooth,media_source_set,"{""source"": ""bluetooth""}"
Отключи радио,stop_music,
Перейди на следующий трек,next_track,
Как доехать до Кремля?,nav_start,"{""destination"": ""Кремль""}"
"Навигатор, отменить маршрут",nav_cancel,
Позвони другу,call_start,"{""contact"": ""друг""}"
Ответь на звонок,call_answer,
Поставь радио на частоту 95.0,radio_set,"{""frequency"": ""95.0""}"
"Привет, как дела?",chitchat,
Как погода?,chitchat,
Закрой окно водителя,window_set,"{""action"": ""close"", ""window"": ""driver""}"
Приоткрой стекло на двадцать процентов,window_set,"{""action"": ""set"", ""window"": ""driver"", ""percent"": 20}"
Открой все окна,window_set,"{""action"": ""open"", ""window"": ""all""}"
"Можно открыть окно пассажира, пожалуйста?",window_set,"{""action"": ""open"", ""window"": ""passenger""}"
Включи кондиционер на двадцать три градуса,ac_set,"{""state"": ""on"", ""temperature"": 23}"
Выключи климат-контроль,ac_off,
Поставь кондиционер на 19 градусов,ac_set,"{""state"": ""on"", ""temperature"": 19}"
Сделай потоки воздуха активными,ac_mode_set,"{""enabled"": true}"
Увеличь мощность вентилятора до 75,ac_fan_set,"{""level"": 75, ""speed"": ""medium""}"
Разогрей сиденье пассажира на максимум,seat_heater_set,"{""seat"": ""passenger"", ""level"": 100}"
Включи обогрев сиденья водителя на 50%,seat_heater_set,"{""seat"": ""driver"", ""level"": 50}"
Отключи обогрев сидений,seat_heater_set,"{""seat"": ""driver"", ""level"": 0}"
Включи рециркуляцию воздуха,ac_mode_set,"{""enabled"": true}"
Отключи обогрев сидений,seat_heater_set,"{""seat"": ""driver"", ""level"": 0}"
Включи обдув лобового стекла,defrost_set,"{""state"": ""on"", ""target"": ""front""}"
Закрой люк,sunroof_close,
Открой люк на 70 процентов,sunroof_set,"{""action"": ""open"", ""percent"": 70}"
Переключи на радио,media_source_set,"{""source"": ""radio""}"
Поставь музыку на паузу,media_pause,
Сделай погромче на десять,volume_change,"{""delta"": 10}"
Уменьши громкость на 5,volume_change,"{""delta"": -5}"
Настрой громкость на 50%,volume_set,"{""level"": 50}"
Переключи на следующий трек,next_track,
Как добраться до центра города?,nav_start,"{""destination"": ""центр города""}"
"Навигатор, отменить маршрут",nav_cancel,
Позвони Кате,call_start,"{""contact"": ""Катя""}"
Ответь на звонок,call_answer,
Заверши звонок,call_hangup,
Включи фары,headlights_set,"{""state"": ""on""}"
Поставь дальний свет,high_beam_set,"{""state"": ""on""}"
Увеличь скорость дворников,wipers_set,"{""speed"": ""high""}"
Включи дворники на авто,rain_set,"{""mode"": ""auto""}"
Привет,chitchat,
Как дела?,chitchat,
Какой сегодня день?,chitchat,
Закрой окно у водителя,window_set,"{""action"": ""close"", ""window"": ""driver""}"
Приоткрой пассажирское стекло на тридцать процентов,window_set,"{""action"": ""set"", ""window"": ""passenger"", ""percent"": 30}"
"Открой все окна, пожалуйста",window_set,"{""action"": ""open"", ""window"": ""all""}"
Сделай кондиционер на двадцать градусов,ac_set,"{""state"": ""on"", ""temperature"": 20}"
Выключи кондиционер,ac_off,
Включи обогрев сиденья пассажира на семьдесят процентов,seat_heater_set,"{""seat"": ""passenger"", ""level"": 70}"
Поставь температуру на 22 градуса,ac_set,"{""state"": ""on"", ""temperature"": 22}"
Закрой люк на половину,sunroof_set,"{""action"": ""set"", ""percent"": 50}"
Сделай музыку громче на восемь,volume_change,"{""delta"": 8}"
Включи радио на частоте 102.5,radio_set,"{""frequency"": ""102.5""}"
Переключи на следующий трек,next_track,
Сделай громкость на тридцать процентов,volume_set,"{""level"": 30}"
"Пожалуйста, включи рециркуляцию воздуха",ac_mode_set,"{""enabled"": true}"
Как доехать до автовокзала?,nav_start,"{""destination"": ""автовокзал""}"
Позвони Сергею,call_start,"{""contact"": ""Сергей""}"
Ответь на звонок,call_answer,
"Включи фары, пожалуйста",headlights_set,"{""state"": ""on""}"
Сделай музыку потише,volume_change,"{""direction"": ""down""}"
Выключи дворники,wipers_set,"{""speed"": ""off""}"
Как дела?,chitchat,
"Закрой все окна, потому что душно",window_set,"{""action"": ""close"", ""window"": ""all""}"
Включи кондиционер и установи на 18 градусов,ac_set,"{""state"": ""on"", ""temperature"": 18}"
Приоткрой окно водителя на тридцать процентов,window_set,"{""action"": ""set"", ""window"": ""driver"", ""percent"": 30}"
"Закрой все окна, пожалуйста",window_set,"{""action"": ""close"", ""window"": ""all""}"
Сделай громкость на десять процентов выше,volume_change,"{""delta"": 10}"
Включи кондиционер на двадцать пять градусов,ac_set,"{""state"": ""on"", ""temperature"": 25}"
Включи рециркуляцию воздуха,ac_mode_set,"{""enabled"": true}"
Выключи кондиционер,ac_off,
"Сделай громче, пожалуйста",volume_change,"{""direction"": ""up""}"
"Душно, открой окна",window_set,"{""action"": ""open"", ""window"": ""all""}"
Поставь радио на частоту девяносто один,radio_set,"{""frequency"": ""91.0""}"
Как доехать до аэропорта?,nav_start,"{""destination"": ""аэропорт""}"
Позвони Анне,call_start,"{""contact"": ""Анна""}"
Выключи фары,headlights_set,"{""state"": ""off""}"
Установи обогрев сиденья пассажира на семьдесят процентов,seat_heater_set,"{""seat"": ""passenger"", ""level"": 70}"
Сделай потише на восемь,volume_change,"{""delta"": -8}"
Включи стеклоочистители на средней скорости,wipers_set,"{""speed"": ""medium""}"
Открой люк на половину,sunroof_set,"{""action"": ""open"", ""percent"": 50}"
"Пожалуйста, выключи обогрев руля",wheel_heater_set,"{""state"": ""off""}"
Какой у нас маршрут?,chitchat,
Сделай громкость на ноль процентов,volume_set,"{""level"": 0}"
Давай поставим музыку на паузу,media_pause,
Установи источник на Bluetooth,media_source_set,"{""source"": ""bluetooth""}"
Закрой окно у пассажира,window_set,"{""action"": ""close"", ""window"": ""passenger""}"
Открой стекло водителя на двадцать процентов,window_set,"{""action"": ""set"", ""window"": ""driver"", ""percent"": 20}"
Приоткрой окошко сзади на пятьдесят,window_set,"{""action"": ""set"", ""window"": ""all"", ""percent"": 50}"
Сделай кондиционер на тридцать,ac_set,"{""state"": ""on"", ""temperature"": 30}"
Выключи климат-контроль,ac_off,
Включи обогрев сиденья пассажира на восемьдесят,seat_heater_set,"{""seat"": ""passenger"", ""level"": 80}"
Поставь температуру кондиционера на двадцать два градуса,ac_set,"{""state"": ""on"", ""temperature"": 22}"
Включи обдув на высокую скорость,ac_fan_set,"{""level"": 100, ""speed"": ""high""}"
Поставь радиостанцию на 101.5,radio_set,"{""frequency"": ""101.5""}"
Сделай громкость на десять больше,volume_change,"{""delta"": 10}"
Сделай потише на 15,volume_change,"{""delta"": -15}"
Включи радио,play_music,
Отключи музыку,stop_music,
Как добраться до аэропорта?,nav_start,"{""destination"": ""аэропорт""}"
"Скажи, где находится ближайшая заправка",nav_start,"{""destination"": ""ближайшая заправка""}"
Позвони другу,call_start,"{""contact"": ""друг""}"
Ответь на звонок,call_answer,
Закрой люк,sunroof_close,
Включи фары,headlights_set,"{""state"": ""on""}"
Поставь уровень громкости на пятьдесят,volume_set,"{""level"": 50}"
Как дела?,chitchat,
"Пожалуйста, открой окно у водителя на тридцать процентов",window_set,"{""action"": ""set"", ""window"": ""driver"", ""percent"": 30}"
Закрой все окна,window_set,"{""action"": ""close"", ""window"": ""all""}"
Приоткрой пассажирское окно,window_set,"{""action"": ""open"", ""window"": ""passenger""}"
Открой стекло сзади полностью,window_set,"{""action"": ""close"", ""window"": ""rear""}"
Сделай кондиционер на двадцать два градуса,ac_set,"{""state"": ""on"", ""temperature"": 22}"
Выключи кондиционер,ac_off,
Включи обогрев сидений на максимум,seat_heater_set,"{""seat"": ""driver"", ""level"": 100}"
Поставь температуру в кондиционере на 18 градусов,ac_set,"{""state"": ""on"", ""temperature"": 18}"
Сделай потоки воздуха сзади,ac_mode_set,"{""enabled"": true}"
Поставь радиостанцию на частоту 95.5,radio_set,"{""frequency"": ""95.5""}"
Следующий трек,next_track,
Сделай громче на восемь,volume_change,"{""delta"": 8}"
Уменьши громкость на десять процентов,volume_change,"{""direction"": ""down""}"
Настрой на радио,media_source_set,"{""source"": ""radio""}"
Позвони маме,call_start,"{""contact"": ""мама""}"
Как добраться до Кремля?,nav_start,"{""destination"": ""Кремль""}"
Ответь на звонок,call_answer,
Выключи фары,headlights_set,"{""state"": ""off""}"
Сделай стеклоочистители на авто,wipers_set,"{""speed"": ""auto""}"
Сделай громче,volume_change,"{""direction"": ""up""}"
"Привет, как дела?",chitchat,
"Пожалуйста, включи музыку",play_music,
Установи уровень громкости на 50,volume_set,"{""level"": 50}"
Приоткрой стекло у водителя,window_set,"{""action"": ""open"", ""window"": ""driver""}"
Закрой окно у пассажира на сто процентов,window_set,"{""action"": ""close"", ""window"": ""passenger""}"
"Открой все окна, пожалуйста",window_set,"{""action"": ""open"", ""window"": ""all""}"
Сделай кондиционер на двадцать градусов,ac_set,"{""state"": ""on"", ""temperature"": 20}"
Включи обогрев сиденья на максимуме,seat_heater_set,"{""seat"": ""driver"", ""level"": 100}"
Выключи кондиционер,ac_off,
Поставь обдув на авто,ac_mode_set,"{""enabled"": true}"
Добавь вентиляцию на сиденье пассажира до 80%,seat_vent_set,"{""seat"": ""passenger"", ""level"": 80}"
Включи обогрев заднего стекла,defrost_set,"{""state"": ""on"", ""target"": ""rear""}"
Закрой люк на половину,sunroof_set,"{""action"": ""close"", ""percent"": 50}"
Отключи фары,headlights_set,"{""state"": ""off""}"
Включи дворники на низкой скорости,wipers_set,"{""speed"": ""low""}"
Сделай громче на десять,volume_change,"{""delta"": 10}"
Поставь уровень громкости на 30%,volume_set,"{""level"": 30}"
Переключи на радио,media_source_set,"{""source"": ""radio""}"
Запусти музыку,play_music,
Перейди на следующий трек,next_track,
Поставь частоту на 98.6,radio_set,"{""frequency"": ""98.6""}"
Позвони маме,call_start,"{""contact"": ""мама""}"
Как доехать до магазина?,nav_start,"{""destination"": ""магазин""}"
"Привет, как дела?",chitchat,
Выключи музыку,stop_music,
Ответь на звонок,call_answer,
Закрой люк,sunroof_close,
Открой стекло у водителя на двадцать процентов,window_set,"{""action"": ""set"", ""window"": ""driver"", ""percent"": 20}"
"Можно, пожалуйста, закрыть окно у пассажира?",window_set,"{""action"": ""close"", ""window"": ""passenger""}"
Закрой все окна полностью,window_set,"{""action"": ""close"", ""window"": ""all""}"
Поставь кондиционер на двадцать пять градусов,ac_set,"{""state"": ""on"", ""temperature"": 25}"
Выключи кондиционер,ac_off,
Включи обогрев сиденья пассажира на восемьдесят процентов,seat_heater_set,"{""seat"": ""passenger"", ""level"": 80}"
Настрой радиостанцию на восемьдесят девять целых девять,radio_set,"{""frequency"": ""89.9""}"
Как доехать до ближайшей заправки?,nav_start,"{""destination"": ""ближайшая заправка""}"
"Пожалуйста, сделай громче на десять",volume_change,"{""delta"": 10}"
Включи режим рециркуляции,ac_mode_set,"{""enabled"": true}"
Открой люк на тридцать процентов,sunroof_set,"{""action"": ""open"", ""percent"": 30}"
Сделай потише,volume_change,"{""direction"": ""down""}"
Приостанови воспроизведение музыки,media_pause,
Как ты сегодня?,chitchat,
Переключи на следующую песню,next_track,
Выключи фары,headlights_set,"{""state"": ""off""}"
Заверши текущий вызов,call_hangup,
Настрой громкость на семьдесят процентов,volume_set,"{""level"": 70}"
Включи дворники на средней скорости,wipers_set,"{""speed"": ""medium""}"
Увеличь громкость на пять,volume_change,"{""delta"": 5}"
Закрой обогрев сиденья водителя,seat_heater_set,"{""seat"": ""driver"", ""level"": 0}"
Приоткрой окно у водителя,window_set,"{""action"": ""open"", ""window"": ""driver""}"
"Закрой все окна, пожалуйста",window_set,"{""action"": ""close"", ""window"": ""all""}"
"Сделай так, чтобы пассажирское окно было открыто на 50 процентов",window_set,"{""action"": ""set"", ""window"": ""passenger"", ""percent"": 50}"
Включи кондиционер на 22 градуса,ac_set,"{""state"": ""on"", ""temperature"": 22}"
Выключи кондиционер,ac_off,
Включи рециркуляцию,ac_mode_set,"{""enabled"": true}"
Сделай обдув максимальным,ac_fan_set,"{""level"": 100, ""speed"": ""high""}"
Поставь обогрев сиденья пассажира на максимум,seat_heater_set,"{""seat"": ""passenger"", ""level"": 100}"
Включи вентилятор сиденья водителя на 30,seat_vent_set,"{""seat"": ""driver"", ""level"": 30}"
Включи обогрев заднего стекла,defrost_set,"{""state"": ""on"", ""target"": ""rear""}"
Закрой люк,sunroof_close,
Открой люк на 75 процентов,sunroof_set,"{""action"": ""open"", ""percent"": 75}"
Поставь радио на 95.0,radio_set,"{""frequency"": ""95.0""}"
Следующий трек,next_track,
Увеличь громкость на 10,volume_change,"{""delta"": 10}"
Сделай громкость на 30 процентов,volume_set,"{""level"": 30}"
Поставь на случайный режим,media_shuffle_set,
"Позвони, пожалуйста, Сергею",call_start,"{""contact"": ""Сергей""}"
Ответь на звонок,call_answer,
Закончить разговор,call_hangup,
Как добраться до ГУМа?,nav_start,"{""destination"": ""ГУМ""}"
Отмени навигацию,nav_cancel,
Включи фары,headlights_set,"{""state"": ""on""}"
Двигайся с включенным дальним светом,high_beam_set,"{""state"": ""on""}"
Включи дворники на средней скорости,wipers_set,"{""speed"": ""medium""}"
Как дела?,chitchat,
"Жарко в салоне, сделай кондиционер холоднее",ac_set,"{""state"": ""on"", ""temperature"": 16}"
Уменьши громкость на 5,volume_change,"{""delta"": -5}"
Открой окно водителя на десять процентов,window_set,"{""action"": ""set"", ""window"": ""driver"", ""percent"": 10}"
Закрой заднее окно полностью,window_set,"{""action"": ""close"", ""window"": ""all""}"
Приоткрой окно пассажира,window_set,"{""action"": ""open"", ""window"": ""passenger""}"
Сделай кондиционер на двадцать градусов,ac_set,"{""state"": ""on"", ""temperature"": 20}"
Включи климат-контроль,ac_set,"{""state"": ""on"", ""temperature"": 22}"
Выключи кондиционер,ac_off,
Увеличь мощность вентилятора до семидесяти процентов,ac_fan_set,"{""level"": 70, ""speed"": ""medium""}"
Поставь обогрев сиденья для пассажира на тридцать процентов,seat_heater_set,"{""seat"": ""passenger"", ""level"": 30}"
Включи обогрев сиденья водителя,seat_heater_set,"{""seat"": ""driver"", ""level"": 100}"
Запусти навигацию до аэропорта,nav_start,"{""destination"": ""аэропорт""}"
Отмени маршрут,nav_cancel,
"Позвони, пожалуйста, Анне",call_start,"{""contact"": ""Анна""}"
Ответь на звонок,call_answer,
Завершить разговор,call_hangup,
Включи фары,headlights_set,"{""state"": ""on""}"
Поставь дворники на авто,wipers_set,"{""speed"": ""auto""}"
Сделай громче на пять,volume_change,"{""delta"": 5}"
Уменьши громкость на десять,volume_change,"{""delta"": -10}"
Выключи музыку,stop_music,
Переключи на следующую песню,next_track,
Настрой радио на восемьдесят шесть целых и шесть десятых,radio_set,"{""frequency"": ""86.6""}"
Сделай громкость восемьдесят процентов,volume_set,"{""level"": 80}"
Включи рециркуляцию,ac_mode_set,"{""enabled"": true}"
Открой люк на тридцать процентов,sunroof_set,"{""action"": ""open"", ""percent"": 30}"
Выключи обогрев руля,wheel_heater_set,"{""state"": ""off""}"
Как дела?,chitchat,
"Привет, как ты?",chitchat,
Открой окно у водителя полностью,window_set,"{""action"": ""open"", ""window"": ""driver""}"
Закрой стекло пассажира наполовину,window_set,"{""action"": ""set"", ""window"": ""passenger"", ""percent"": 50}"
Приоткрой окошко на пятьдесят процентов,window_set,"{""action"": ""set"", ""window"": ""all"", ""percent"": 50}"
"Можно, пожалуйста, закрыть окно сзади?",window_set,"{""action"": ""close"", ""window"": ""all""}"
Уменьши температуру кондиционера до 20 градусов,ac_set,"{""state"": ""on"", ""temperature"": 20}"
Включи климат-контроль на 22 градуса,ac_set,"{""state"": ""on"", ""temperature"": 22}"
Выключи кондиционер,ac_off,
Поставь рециркуляцию в кондиционере,ac_mode_set,"{""enabled"": true}"
Установи уровень вентилятора на максимуме,ac_fan_set,"{""level"": 100, ""speed"": ""high""}"
Включи обогрев сидения водителя на 50%,seat_heater_set,"{""seat"": ""driver"", ""level"": 50}"
Сделай обогрев пассажирского сидения на максимум,seat_heater_set,"{""seat"": ""passenger"", ""level"": 100}"
Включи обдув заднего стекла,defrost_set,"{""state"": ""on"", ""target"": ""rear""}"
Открой люк на 80 процентов,sunroof_set,"{""action"": ""open"", ""percent"": 80}"
Закрой люк,sunroof_close,
Запусти музыку,play_music,
Поставь на паузу музыку,media_pause,
Сделай громче на 10,volume_change,"{""delta"": 10}"
Сбавь громкость на 5,volume_change,"{""delta"": -5}"
Поставь громкость на 75 процентов,volume_set,"{""level"": 75}"
Включи звук,volume_mute_set,"{""state"": ""off""}"
Переключи на радио,media_source_set,"{""source"": ""radio""}"
Какой частоты радио у нас?,radio_set,"{""frequency"": ""87.5""}"
Сделай следующую композицию,next_track,
Сначала предыдущую песню,previous_track,
Запусти навигацию до Красной площади,nav_start,"{""destination"": ""Красная площадь""}"
Отмени маршрут,nav_cancel,
Позвони Андрею,call_start,"{""contact"": ""Андрей""}"
Ответь на звонок,call_answer,
Закончить звонок,call_hangup,
Включи фары,headlights_set,"{""state"": ""on""}"
Выключи дальний свет,high_beam_set,"{""state"": ""off""}"
Установи скорость дворников на высокую,wipers_set,"{""speed"": ""high""}"
Переключи режим дворников на автоматический,rain_set,"{""mode"": ""auto""}"
Включи обогрев руля,wheel_heater_set,"{""state"": ""on""}"
Как дела?,chitchat,
"Привет, как ты?",chitchat,
Приоткрой окно у водителя,window_set,"{""action"": ""open"", ""window"": ""driver""}"
Закрой все окна,window_set,"{""action"": ""close"", ""window"": ""all""}"
Поставь окно пассажира на 75 процентов,window_set,"{""action"": ""set"", ""window"": ""passenger"", ""percent"": 75}"
Установи кондиционер на 21 градус,ac_set,"{""state"": ""on"", ""temperature"": 21}"
Выключи кондиционер,ac_set,"{""state"": ""off"", ""temperature"": 0}"
Кондиционер на 18 градусов,ac_set,"{""state"": ""on"", ""temperature"": 18}"
Выключи кондиционер,ac_off,
Включи рециркуляцию воздуха,ac_mode_set,"{""enabled"": true}"
Включи обогрев сиденья пассажира на максимум,seat_heater_set,"{""seat"": ""passenger"", ""level"": 100}"
Сделай обогрев сиденья водителя на 50 процентов,seat_heater_set,"{""seat"": ""driver"", ""level"": 50}"
Настрой уровень обогрева на 20 процентов,seat_heater_set,"{""seat"": ""driver"", ""level"": 20}"
Сделай громче на 10,volume_change,"{""delta"": 10}"
Убавь громкость на 5,volume_change,"{""delta"": -5}"
Сделай звук потише,volume_change,"{""direction"": ""down""}"
Поставь громкость на 80 процентов,volume_set,"{""level"": 80}"
Сделай громкость на 30,volume_set,"{""level"": 30}"
Включи музыку,play_music,
Приостанови воспроизведение,media_pause,
Переключи на следующий трек,next_track,
Станция 101.5 FM,radio_set_station,"{""station"": ""101.5 FM""}"
Поставь частоту 90.0,radio_set,"{""frequency"": ""90.0""}"
Как доехать до Москвы?,nav_start,"{""destination"": ""Москва""}"
Отмени навигацию,nav_cancel,
Позвони другу,call_start,"{""contact"": ""друг""}"
Перенаправь звонок,call_answer,
Завершить вызов,call_hangup,
Включи фары,headlights_set,"{""state"": ""on""}"
Выключи дальний свет,high_beam_set,"{""state"": ""off""}"
Установи дворники на авто,wipers_set,"{""speed"": ""auto""}"
Сделай обогрев руля,wheel_heater_set,"{""state"": ""on""}"
Как дела?,chitchat,
"Привет, как ты?",chitchat,
Открой окно у водителя,window_set,"{""action"": ""open"", ""window"": ""driver""}"
Закрой окно у пассажира на двадцать процентов,window_set,"{""action"": ""close"", ""window"": ""passenger"", ""percent"": 20}"
Приоткрой стекло спереди,window_set,"{""action"": ""set"", ""window"": ""all"", ""percent"": 10}"
"Сделай тепло в салоне, включи кондиционер на 25 градусов",ac_set,"{""state"": ""on"", ""temperature"": 25}"
Выключи кондиционер,ac_off,
Включи рециркуляцию,ac_mode_set,"{""enabled"": true}"
Поставь скорость вентилятора на максимум,ac_fan_set,"{""level"": 100, ""speed"": ""high""}"
Обогрей сиденье водителя на 50 процентов,seat_heater_set,"{""seat"": ""driver"", ""level"": 50}"
Включи вентилятор на пассажирском сиденье,seat_vent_set,"{""seat"": ""passenger"", ""level"": 70}"
Включи обогрев заднего стекла,defrost_set,"{""state"": ""on"", ""target"": ""rear""}"
Закрой люк на 80 процентов,sunroof_set,"{""action"": ""close"", ""percent"": 80}"
Открой люк,sunroof_set,"{""action"": ""open""}"
Сделай потише музыку,volume_change,"{""delta"": -5}"
Увеличь громкость на 10,volume_change,"{""delta"": 10}"
Поставь громкость на 50 процентов,volume_set,"{""level"": 50}"
Сделай звук тише,volume_mute_set,"{""state"": ""on""}"
Пауза,media_pause,
Следующий трек,next_track,
Назад на предыдущий трек,previous_track,
Включи радио на частоте 101.5,radio_set,"{""frequency"": ""101.5""}"
Переключи на Bluetooth,media_source_set,"{""source"": ""bluetooth""}"
Как доехать до Красной площади?,nav_start,"{""destination"": ""Красная площадь""}"
Отмени навигацию,nav_cancel,
Позвони Игорю,call_start,"{""contact"": ""Игорь""}"
Ответь на звонок,call_answer,
Заканчивай разговор,call_hangup,
Включи фары,headlights_set,"{""state"": ""on""}"
Переключи на дальний свет,high_beam_set,"{""state"": ""on""}"
Установи дворники на авто,wipers_set,"{""speed"": ""auto""}"
Включи обогрев руля,wheel_heater_set,"{""state"": ""on""}"
Привет,chitchat,
Как дела?,chitchat,
Открой окно у водителя на тридцать процентов,window_set,"{""action"": ""set"", ""window"": ""driver"", ""percent"": 30}"
"Пожалуйста, закрой окно пассажира",window_set,"{""action"": ""close"", ""window"": ""passenger""}"
Приоткрой стекло на все сто,window_set,"{""action"": ""set"", ""window"": ""all"", ""percent"": 100}"
Закрой все окна,window_set,"{""action"": ""close"", ""window"": ""all""}"
Сделай температуру 21 градус,ac_set,"{""state"": ""on"", ""temperature"": 21}"
Включи кондиционер на 24 градуса,ac_set,"{""state"": ""on"", ""temperature"": 24}"
Выключи кондиционер,ac_off,
Запусти обдув,ac_mode_set,"{""enabled"": true}"
Поставь вентилятор на максимальную скорость,ac_fan_set,"{""level"": 100, ""speed"": ""high""}"
Сделай громче на пять,volume_change,"{""delta"": 5}"
Убавь громкость на двадцать,volume_change,"{""delta"": -20}"
Поставь уровень громкости на семьдесят,volume_set,"{""level"": 70}"
Включи радио на частоте 92.5,radio_set,"{""frequency"": ""92.5""}"
Как доехать до Кремля?,nav_start,"{""destination"": ""Кремль""}"
Проложи маршрут до магазина,nav_start,"{""destination"": ""магазин""}"
Отмени навигацию,nav_cancel,
Позвони маме,call_start,"{""contact"": ""мама""}"
Ответь на звонок,call_answer,
Положи трубку,call_hangup,
Включи фары,headlights_set,"{""state"": ""on""}"
Выключи дальний свет,high_beam_set,"{""state"": ""off""}"
Поставь дворники на авто,rain_set,"{""mode"": ""auto""}"
"Привет, как дела?",chitchat,
Привет!,chitchat,
Как жизнь?,chitchat,
Открой окно водителя на десять процентов,window_set,"{""action"": ""set"", ""window"": ""driver"", ""percent"": 10}"
Закрой все окна,window_set,"{""action"": ""close"", ""window"": ""all""}"
Приоткрой стекло у пассажира,window_set,"{""action"": ""open"", ""window"": ""passenger""}"
Сделай холоднее до 18 градусов,ac_set,"{""state"": ""on"", ""temperature"": 18}"
Выключи кондиционер,ac_off,
Поставь кондиционер на 25 градусов,ac_set,"{""state"": ""on"", ""temperature"": 25}"
Включи обдув,ac_mode_set,"{""enabled"": true}"
Сделай скорость вентилятора на максимуме,ac_fan_set,"{""level"": 100, ""speed"": ""high""}"
Включи обогрев сиденья у водителя на 80,seat_heater_set,"{""seat"": ""driver"", ""level"": 80}"
Выключи обогрев у пассажира,seat_heater_set,"{""seat"": ""passenger"", ""level"": 0}"
Включи вентилятор у сиденья,seat_vent_set,"{""seat"": ""driver"", ""level"": 60}"
Заведи машину и включи радио,media_source_set,"{""source"": ""radio""}"
Сделай громче на три,volume_change,"{""delta"": 3}"
Убавь звук на десять,volume_change,"{""delta"": -10}"
Поставь громкость на 50 процентов,volume_set,"{""level"": 50}"
Включи повторение трека,media_repeat_set,"{""mode"": ""one""}"
Сделай паузу в музыке,media_pause,
Следующий трек,next_track,
Позвони бабушке,call_start,"{""contact"": ""бабушка""}"
Прими звонок,call_answer,
Заверши разговор,call_hangup,
Как доехать до аэропорта?,nav_start,"{""destination"": ""аэропорт""}"
Отмени навигацию,nav_cancel,
Включи фары,headlights_set,"{""state"": ""on""}"
Выключи дальний свет,high_beam_set,"{""state"": ""off""}"
Установи дворники на высокую скорость,wipers_set,"{""speed"": ""high""}"
Включи режим дождя на автомате,rain_set,"{""mode"": ""auto""}"
Как дела?,chitchat,
Проблемы со связью,chitchat,
"Душно в салоне, открой окна",window_set,"{""action"": ""open"", ""window"": ""all""}"
Уменьши температуру в кондиционере до 20,ac_set,"{""state"": ""on"", ""temperature"": 20}"
Открой окно у водителя на тридцать процентов,window_set,"{""action"": ""set"", ""window"": ""driver"", ""percent"": 30}"
"Пожалуйста, закрой все окна",window_set,"{""action"": ""close"", ""window"": ""all""}"
Сделай стекло пассажира полностью открытым,window_set,"{""action"": ""open"", ""window"": ""passenger""}"
"Жарко, открой все окна",window_set,"{""action"": ""open"", ""window"": ""all""}"
Закрой окно за водителем,window_set,"{""action"": ""close"", ""window"": ""passenger""}"
Включи кондиционер на двадцать два градуса,ac_set,"{""state"": ""on"", ""temperature"": 22}"
"Кондиционер, выключись",ac_set,"{""state"": ""off"", ""temperature"": 0}"
Поставь кондиционер на двадцать шесть,ac_set,"{""state"": ""on"", ""temperature"": 26}"
Включи климат-контроль,ac_set,"{""state"": ""on"", ""temperature"": 20}"
Выключи кондиционер,ac_off,
Поставь режим рециркуляции,ac_mode_set,"{""enabled"": true}"
Отключи обдув,ac_mode_set,"{""enabled"": false}"
Увеличь скорость вентилятора до максимума,ac_fan_set,"{""level"": 100, ""speed"": ""high""}"
Сделай вентилятор на низком уровне,ac_fan_set,"{""level"": 20, ""speed"": ""low""}"
Включи обогрев сиденья пассажира на восемьдесят процентов,seat_heater_set,"{""seat"": ""passenger"", ""level"": 80}"
Обогрев сиденья водителя на максимуме,seat_heater_set,"{""seat"": ""driver"", ""level"": 100}"
"Пожалуйста, включи вентилятор для сиденья водителя на пятьдесят процентов",seat_vent_set,"{""seat"": ""driver"", ""level"": 50}"
Выключи вентилятор для сиденья пассажира,seat_vent_set,"{""seat"": ""passenger"", ""level"": 0}"
Включи обогрев заднего стекла,defrost_set,"{""state"": ""on"", ""target"": ""rear""}"
Выключи обогрев лобового стекла,defrost_set,"{""state"": ""off"", ""target"": ""front""}"
Открой люк на семьдесят процентов,sunroof_set,"{""action"": ""open"", ""percent"": 70}"
Закрой люк полностью,sunroof_set,"{""action"": ""close"", ""percent"": 100}"
Закрой люк,sunroof_close,
Поставь музыку,play_music,
Останови музыку,stop_music,
"Пауза, пожалуйста",media_pause,
Следующий трек,next_track,
Предыдущий трек,previous_track,
Сделай громче на восемь,volume_change,"{""delta"": 8}"
Сделай тише,volume_change,"{""direction"": ""down""}"
Установи громкость на тридцать процентов,volume_set,"{""level"": 30}"
Выключи звук,volume_mute_set,"{""state"": ""on""}"
Включи звук,volume_mute_set,"{""state"": ""off""}"
Поставь Bluetooth как источник,media_source_set,"{""source"": ""bluetooth""}"
Выбери радио,media_source_set,"{""source"": ""radio""}"
Случайный порядок музыки,media_shuffle_set,
Включи повтор трека,media_repeat_set,"{""mode"": ""one""}"
Настрой радио на девяносто два,radio_set,"{""frequency"": ""92.0""}"
"Установи станцию радио ""Радио Рокс""",radio_set_station,"{""station"": ""Радио Рокс""}"
Навигируй меня до ТЦ Гринвич,nav_start,"{""destination"": ""ТЦ Гринвич""}"
Отмени навигацию,nav_cancel,
Позвони Андрею,call_start,"{""contact"": ""Андрей""}"
Ответь на звонок,call_answer,
Заверши разговор,call_hangup,
Включи фары,headlights_set,"{""state"": ""on""}"
Выключи фары,headlights_set,"{""state"": ""off""}"
Включи дальний свет,high_beam_set,"{""state"": ""on""}"
Выключи дальний свет,high_beam_set,"{""state"": ""off""}"
Включи дворники на высокой скорости,wipers_set,"{""speed"": ""high""}"
Установи дворники на авто,wipers_set,"{""speed"": ""auto""}"
Переключи дворники на низкий режим,wipers_set,"{""speed"": ""low""}"
Настрой режим дождя на автоматический,rain_set,"{""mode"": ""auto""}"
Включи обогрев руля,wheel_heater_set,"{""state"": ""on""}"
Выключи обогрев руля,wheel_heater_set,"{""state"": ""off""}"
Привет,chitchat,
Как дела?,chitchat,
Что нового?,chitchat,
Как ты?,chitchat,
Приоткрой окно у водителя на тридцать процентов,window_set,"{""action"": ""set"", ""window"": ""driver"", ""percent"": 30}"
Закрой все окна,window_set,"{""action"": ""close"", ""window"": ""all""}"
Сделай окна чуть-чуть приоткрытыми,window_set,"{""action"": ""set"", ""window"": ""all"", ""percent"": 10}"
"Душно, открой окно пассажира",window_set,"{""action"": ""open"", ""window"": ""passenger""}"
"Можно закрыть окно у водителя, пожалуйста?",window_set,"{""action"": ""close"", ""window"": ""driver""}"
Включи кондиционер на 20 градусов,ac_set,"{""state"": ""on"", ""temperature"": 20}"
Выключи кондиционер,ac_off,
Установи температуру в кондиционере на 22,ac_set,"{""state"": ""on"", ""temperature"": 22}"
Поставь кондиционер на 25 градусов,ac_set,"{""state"": ""on"", ""temperature"": 25}"
Включи обдув,ac_mode_set,"{""enabled"": true}"
Включи обогрев сиденья пассажира на максимум,seat_heater_set,"{""seat"": ""passenger"", ""level"": 100}"
Поставь обогрев сиденья водителя на 50 процентов,seat_heater_set,"{""seat"": ""driver"", ""level"": 50}"
Включи вентиляцию сиденья у водителя,seat_vent_set,"{""seat"": ""driver"", ""level"": 100}"
Уменьши обогрев сиденья до 20,seat_heater_set,"{""seat"": ""driver"", ""level"": 20}"
Обогрев сиденья пассажира выключить,seat_heater_set,"{""seat"": ""passenger"", ""level"": 0}"
Сделай громче на 10,volume_change,"{""delta"": 10}"
Убавь звук на пятнадцать,volume_change,"{""delta"": -15}"
Сделай громкость на 50 процентов,volume_set,"{""level"": 50}"
Сделай потише,volume_change,"{""direction"": ""down""}"
Включи звук,volume_mute_set,"{""state"": ""off""}"
Переключи на следующую песню,next_track,
Пауза,media_pause,
Останови музыку,stop_music,
Сделай громче,volume_change,"{""direction"": ""up""}"
Переключи на радио,media_source_set,"{""source"": ""radio""}"
Как доехать до Красной площади?,nav_start,"{""destination"": ""Красная площадь""}"
Проведи меня к Кремлю,nav_start,"{""destination"": ""Кремль""}"
Отмени навигацию,nav_cancel,
Поставь маршрут до магазина,nav_start,"{""destination"": ""магазин""}"
Направь меня к аэропорту,nav_start,"{""destination"": ""аэропорт""}"
Позвони маме,call_start,"{""contact"": ""мама""}"
Позвоните на номер 1234567890,call_start,"{""contact"": ""1234567890""}"
Ответь на звонок,call_answer,
Заверши разговор,call_hangup,
Позвони Ивану,call_start,"{""contact"": ""Иван""}"
Включи фары,headlights_set,"{""state"": ""on""}"
Выключи фары,headlights_set,"{""state"": ""off""}"
Поставь фары в авто режим,headlights_set,"{""state"": ""auto""}"
Включи дворники на средней скорости,wipers_set,"{""speed"": ""medium""}"
Установи скорость дворников на авто,wipers_set,"{""speed"": ""auto""}"
Привет,chitchat,
Как дела?,chitchat,
Что нового?,chitchat,
Как поживаешь?,chitchat,
Добрый день!,chitchat,
Открой окно водителя на двадцать процентов,window_set,"{""action"": ""set"", ""window"": ""driver"", ""percent"": 20}"
Можно закрыть окно пассажира?,window_set,"{""action"": ""close"", ""window"": ""passenger""}"
Приоткрой все окна,window_set,"{""action"": ""open"", ""window"": ""all""}"
Закрой заднее окно полностью,window_set,"{""action"": ""close"", ""window"": ""rear""}"
Включи кондиционер и установи 21 градус,ac_set,"{""state"": ""on"", ""temperature"": 21}"
Выключи климат-контроль,ac_off,
Поставь рециркуляцию включенной,ac_mode_set,"{""enabled"": true}"
Увеличь скорость вентилятора на 30,ac_fan_set,"{""level"": 30, ""speed"": ""medium""}"
Включи обогрев сиденья пассажира на максимуме,seat_heater_set,"{""seat"": ""passenger"", ""level"": 100}"
Открой люк на 50 процентов,sunroof_set,"{""action"": ""open"", ""percent"": 50}"
Сделай музыку громче на восемь,volume_change,"{""delta"": 8}"
Поставь громкость на 70 процентов,volume_set,"{""level"": 70}"
Включи радио на частоте 95.5,radio_set,"{""frequency"": ""95.5""}"
Следующий трек,next_track,
Как мне доехать до музея?,nav_start,"{""destination"": ""музей""}"
Перезвони мне,call_start,"{""contact"": ""мне""}"
Позвони Василисе,call_start,"{""contact"": ""Василиса""}"
Включи фары,headlights_set,"{""state"": ""on""}"
"Привет, как дела?",chitchat,
Можешь сделать тише на десять?,volume_change,"{""delta"": -10}"
Выключи все окна,window_set,"{""action"": ""close"", ""window"": ""all""}"
Закрой стекло сзади,window_set,"{""action"": ""close"", ""window"": ""rear""}"
Приоткрой окно у водителя,window_set,"{""action"": ""open"", ""window"": ""driver""}"
"Закрой все окна, пожалуйста",window_set,"{""action"": ""close"", ""window"": ""all""}"
"Сделай так, чтобы пассажирское окно было открыто на двадцать процентов",window_set,"{""action"": ""set"", ""window"": ""passenger"", ""percent"": 20}"
Полностью закрой окно у пассажира,window_set,"{""action"": ""close"", ""window"": ""passenger""}"
Поставь кондиционер на 24 градуса,ac_set,"{""state"": ""on"", ""temperature"": 24}"
Выключи кондиционер,ac_off,
Включи обогрев сидений,seat_heater_set,"{""seat"": ""driver"", ""level"": 100}"
Сделай обогрев сидения пассажира на тридцать процентов,seat_heater_set,"{""seat"": ""passenger"", ""level"": 30}"
Включи обдув на максимуме,ac_fan_set,"{""level"": 100, ""speed"": ""high""}"
Уменьши скорость дворников до минимума,wipers_set,"{""speed"": ""low""}"
Увеличь громкость на десять,volume_change,"{""delta"": 10}"
Сделай тише на 5 процентов,volume_change,"{""delta"": -5}"
Включи музыку,play_music,
Останови музыку,stop_music,
Поставь радио на частоте 95.5,radio_set,"{""frequency"": ""95.5""}"
Как мне доехать до ближайшего кафе?,nav_start,"{""destination"": ""ближайшее кафе""}"
Отмени навигацию,nav_cancel,
Позвони Петру,call_start,"{""contact"": ""Петр""}"
Ответь на звонок,call_answer,
Выключи фары,headlights_set,"{""state"": ""off""}"
Включи дальний свет,high_beam_set,"{""state"": ""on""}"
Как дела?,chitchat,
"Пожалуйста, сделай потише",volume_change,"{""direction"": ""down""}"
Открой люк на половину,sunroof_set,"{""action"": ""open"", ""percent"": 50}"
Закрой люк полностью,sunroof_close,
Включи режим рециркуляции,ac_mode_set,"{""enabled"": true}"
Поставь источник AUX,media_source_set,"{""source"": ""aux""}"
Переключи на следующую песню,next_track,
Вернись к предыдущему треку,previous_track,
Закрой окно водителя,window_set,"{""action"": ""close"", ""window"": ""driver""}"
Приоткрой окошко у пассажира на 30 процентов,window_set,"{""action"": ""set"", ""window"": ""passenger"", ""percent"": 30}"
"Можно, пожалуйста, открыть все окна?",window_set,"{""action"": ""open"", ""window"": ""all""}"
Включи кондиционер на 20 градусов,ac_set,"{""state"": ""on"", ""temperature"": 20}"
"Пожалуйста, выключи климат-контроль",ac_off,
Сделай холоднее на два градуса,ac_set,"{""state"": ""on"", ""temperature"": 18}"
Включи рециркуляцию,ac_mode_set,"{""enabled"": true}"
Сделай вентиляцию сиденья пассажира на 60%,seat_vent_set,"{""seat"": ""passenger"", ""level"": 60}"
Включи обогрев сиденья водителя на максимум,seat_heater_set,"{""seat"": ""driver"", ""level"": 100}"
Включи обогрев сиденья на 50 процентов,seat_heater_set,"{""seat"": ""passenger"", ""level"": 50}"
Включи обогрев заднего стекла,defrost_set,"{""state"": ""on"", ""target"": ""rear""}"
Закрой люк,sunroof_close,
Приоткрой люк на 40 процентов,sunroof_set,"{""action"": ""open"", ""percent"": 40}"
Следующая песня,next_track,
Ставь на паузу,media_pause,
Сделай громче на десять,volume_change,"{""delta"": 10}"
Убавь звук на пять,volume_change,"{""delta"": -5}"
Поставь на радио 98.5,radio_set,"{""frequency"": ""98.5""}"
Переключи на Bluetooth,media_source_set,"{""source"": ""bluetooth""}"
Как доехать до Кремля?,nav_start,"{""destination"": ""Кремль""}"
Отмени навигацию,nav_cancel,
Позвони Петру,call_start,"{""contact"": ""Петр""}"
Ответь на звонок,call_answer,
Закончить разговор,call_hangup,
Включи фары,headlights_set,"{""state"": ""on""}"
Включи дальний свет,high_beam_set,"{""state"": ""on""}"
Увеличь скорость стеклоочистителей,wipers_set,"{""speed"": ""medium""}"
Переключи на автоматический режим,rain_set,"{""mode"": ""auto""}"
Как дела?,chitchat,
"Привет, как ты?",chitchat,
"Нужен совет, подскажи",chitchat,
Закрой окно у водителя,window_set,"{""action"": ""close"", ""window"": ""driver""}"
Приоткрой окошко пассажира на двадцать процентов,window_set,"{""action"": ""set"", ""window"": ""passenger"", ""percent"": 20}"
Сделай окно заднего пассажира открытым,window_set,"{""action"": ""open"", ""window"": ""all""}"
Поставь кондиционер на тридцать градусов,ac_set,"{""state"": ""on"", ""temperature"": 30}"
Включи кондиционер,ac_set,"{""state"": ""on"", ""temperature"": 22}"
Выключи климат-контроль,ac_off,
Включи рециркуляцию,ac_mode_set,"{""enabled"": true}"
Установи обдув на авто,ac_mode_set,"{""enabled"": false}"
Поставь обогрев сиденья пассажира на восемьдесят процентов,seat_heater_set,"{""seat"": ""passenger"", ""level"": 80}"
Включи обогрев сиденья водителя,seat_heater_set,"{""seat"": ""driver"", ""level"": 100}"
Поставь вентилятор на максимальную скорость,ac_fan_set,"{""level"": 100, ""speed"": ""high""}"
Сделай громкость на тридцать процентов,volume_set,"{""level"": 30}"
Уменьши громкость на десять,volume_change,"{""delta"": -10}"
Сделай громче на пятнадцать,volume_change,"{""delta"": 15}"
Поставь радио на частоту 102.5,radio_set,"{""frequency"": ""102.5""}"
Сделай паузу в музыке,media_pause,
"Следующий трек, пожалуйста",next_track,
Возврати предыдущий трек,previous_track,
Как доехать до магазина?,nav_start,"{""destination"": ""магазин""}"
Отмени навигацию,nav_cancel,
Позвони мне,call_start,"{""contact"": ""я""}"
Перезвони Тане,call_start,"{""contact"": ""Таня""}"
Ответь на звонок,call_answer,
Завершить звонок,call_hangup,
Включи фары,headlights_set,"{""state"": ""on""}"
Поставь автофары,headlights_set,"{""state"": ""auto""}"
Выключи дальний свет,high_beam_set,"{""state"": ""off""}"
Поставь дворники на авто,wipers_set,"{""speed"": ""auto""}"
Включи обогрев руля,wheel_heater_set,"{""state"": ""on""}"
Привет,chitchat,
Как дела?,chitchat,
Приоткрой окно у водителя,window_set,"{""action"": ""open"", ""window"": ""driver""}"
"Закрой все окна, пожалуйста",window_set,"{""action"": ""close"", ""window"": ""all""}"
Открой пассажирское окно на пятьдесят процентов,window_set,"{""action"": ""set"", ""window"": ""passenger"", ""percent"": 50}"
Сделай холоднее в машине до 18 градусов,ac_set,"{""state"": ""on"", ""temperature"": 18}"
Выключи кондиционер,ac_off,
Включи обдув,ac_mode_set,"{""enabled"": true}"
Установи уровень вентилятора на 75,ac_fan_set,"{""level"": 75, ""speed"": ""medium""}"
Включи обогрев сиденья пассажира на 50,seat_heater_set,"{""seat"": ""passenger"", ""level"": 50}"
Выключи обогрев сиденья водителя,seat_heater_set,"{""seat"": ""driver"", ""level"": 0}"
Включи кондиционер и установи 22 градуса,ac_set,"{""state"": ""on"", ""temperature"": 22}"
Открой люк на три четверти,sunroof_set,"{""action"": ""open"", ""percent"": 75}"
Закрой люк полностью,sunroof_set,"{""action"": ""close""}"
Поставь радиостанцию на 95.6,radio_set_station,"{""station"": ""95.6""}"
Сделай громче на 10,volume_change,"{""delta"": 10}"
Убавь громкость на 20 процентов,volume_change,"{""delta"": -20}"
Включи музыку,play_music,
Приостанови воспроизведение,media_pause,
Позвони Ивану Петровичу,call_start,"{""contact"": ""Иван Петрович""}"
Как доехать до аэропорта?,nav_start,"{""destination"": ""аэропорт""}"
Отмени маршрут,nav_cancel,
Включи фары,headlights_set,"{""state"": ""on""}"
Включи высокие фары,high_beam_set,"{""state"": ""on""}"
Установи скорость дворников на авто,wipers_set,"{""speed"": ""auto""}"
Поставь источник USB,media_source_set,"{""source"": ""usb""}"
Включи рециркуляцию,ac_mode_set,"{""enabled"": true}"
Поставь громкость на 50,volume_set,"{""level"": 50}"
Отключи звук,volume_mute_set,"{""state"": ""on""}"
Давай поедем в парк,nav_start,"{""destination"": ""парк""}"
Включи рацию на частоте 101.2,radio_set,"{""frequency"": ""101.2""}"
Как дела?,chitchat,
Сделай потише,volume_change,"{""direction"": ""down""}"
Закрой стекло на половину,window_set,"{""action"": ""set"", ""window"": ""driver"", ""percent"": 50}"
Выключи дворники,wipers_set,"{""speed"": ""off""}"
Позвони по номеру 123456789,call_start,"{""contact"": ""123456789""}"
"Пожалуйста, закрой окно у водителя",window_set,"{""action"": ""close"", ""window"": ""driver""}"
Открой все окна на сто процентов,window_set,"{""action"": ""open"", ""window"": ""all"", ""percent"": 100}"
Приоткрой пассажирское окно на 30 процентов,window_set,"{""action"": ""set"", ""window"": ""passenger"", ""percent"": 30}"
Закрой все окна полностью,window_set,"{""action"": ""close"", ""window"": ""all""}"
"Мне жарко, открой окно",window_set,"{""action"": ""open"", ""window"": ""driver""}"
Сделай кондиционер на двадцать два градуса,ac_set,"{""state"": ""on"", ""temperature"": 22}"
Выключи кондиционер,ac_off,
Включи кондиционер на 16 градусов,ac_set,"{""state"": ""on"", ""temperature"": 16}"
Настрой кондиционер на 25,ac_set,"{""state"": ""on"", ""temperature"": 25}"
Включи рециркуляцию воздуха,ac_mode_set,"{""enabled"": true}"
Увеличь скорость вентилятора до 70,ac_fan_set,"{""level"": 70, ""speed"": ""medium""}"
Обогрев сиденья пассажира на 50%,seat_heater_set,"{""seat"": ""passenger"", ""level"": 50}"
Включи обогрев на сиденье водителя,seat_heater_set,"{""seat"": ""driver"", ""level"": 100}"
Сделай обогрев сиденья пассажира на 10 процентов,seat_heater_set,"{""seat"": ""passenger"", ""level"": 10}"
Включи кондиционер на 30 градусов,ac_set,"{""state"": ""on"", ""temperature"": 30}"
Включи обогрев сиденья до максимума,seat_heater_set,"{""seat"": ""driver"", ""level"": 100}"
Включи обогрев на 20 процентов,seat_heater_set,"{""seat"": ""passenger"", ""level"": 20}"
Открой люк на 50 процентов,sunroof_set,"{""action"": ""open"", ""percent"": 50}"
Закрой люк полностью,sunroof_set,"{""action"": ""close""}"
Закрой люк на 30 процентов,sunroof_set,"{""action"": ""set"", ""percent"": 30}"
Выключи фары,headlights_set,"{""state"": ""off""}"
Включи дальний свет,high_beam_set,"{""state"": ""on""}"
Установи радио на 101.5,radio_set,"{""frequency"": ""101.5""}"
Поставь Bluetooth как источник,media_source_set,"{""source"": ""bluetooth""}"
Сделай погромче на 5,volume_change,"{""delta"": 5}"
Уменьши громкость на 10 процентов,volume_change,"{""delta"": -10}"
Сделай музыку потише,volume_change,"{""direction"": ""down""}"
Включи музыку,play_music,
Останови музыку,stop_music,
Следующий трек,next_track,
Предыдущий трек,previous_track,
Как доехать до метро?,nav_start,"{""destination"": ""метро""}"
Отмени навигацию,nav_cancel,
Позвони маме,call_start,"{""contact"": ""мама""}"
Ответь на звонок,call_answer,
Заверши звонок,call_hangup,
Как дела?,chitchat,
"Привет, как ты?",chitchat,
Сколько времени?,chitchat,
Открой окно водителя на тридцать процентов,window_set,"{""action"": ""set"", ""window"": ""driver"", ""percent"": 30}"
Приоткрой стекло у пассажира,window_set,"{""action"": ""open"", ""window"": ""passenger""}"
Закрой все окна,window_set,"{""action"": ""close"", ""window"": ""all""}"
"Пожалуйста, закрой окно у меня",window_set,"{""action"": ""close"", ""window"": ""driver""}"
Сделай кондиционер на двадцать градусов,ac_set,"{""state"": ""on"", ""temperature"": 20}"
Включи климат на 24,ac_set,"{""state"": ""on"", ""temperature"": 24}"
Выключи кондиционер,ac_off,
Убери кондиционер,ac_off,
Включи рециркуляцию воздуха,ac_mode_set,"{""enabled"": true}"
Выключи обогрев сидений,seat_heater_set,"{""seat"": ""driver"", ""level"": 0}"
Включи обогрев сиденья пассажира на 100,seat_heater_set,"{""seat"": ""passenger"", ""level"": 100}"
"Пожалуйста, включи вентилятор на высокую скорость",ac_fan_set,"{""level"": 100, ""speed"": ""high""}"
Увеличь скорость обдува до средней,ac_fan_set,"{""level"": 50, ""speed"": ""medium""}"
Включи обогрев заднего стекла,defrost_set,"{""state"": ""on"", ""target"": ""rear""}"
Закрой люк,sunroof_close,
Приоткрой люк на 50 процентов,sunroof_set,"{""action"": ""open"", ""percent"": 50}"
Сделай громче на пять,volume_change,"{""delta"": 5}"
Уменьши громкость на десять,volume_change,"{""delta"": -10}"
Поставь уровень громкости на 30,volume_set,"{""level"": 30}"
Включи радио на 97.8,radio_set,"{""frequency"": ""97.8""}"
Дай мне следующий трек,next_track,
Пауза музыке,media_pause,
Как доехать до ближайшей заправки?,nav_start,"{""destination"": ""ближайшая заправка""}"
Отмени навигацию,nav_cancel,
Позвони другу,call_start,"{""contact"": ""друг""}"
Ответь на звонок,call_answer,
Положи трубку,call_hangup,
Включи фары,headlights_set,"{""state"": ""on""}"
Выключи дальний свет,high_beam_set,"{""state"": ""off""}"
Включи дворники на высокой скорости,wipers_set,"{""speed"": ""high""}"
Сделай лобовое стекло чистым,defrost_set,"{""state"": ""on"", ""target"": ""front""}"
Как дела?,chitchat,
"Привет, как ты?",chitchat,
Сделай потише,volume_change,"{""direction"": ""down""}"
Сделай громче на пятнадцать процентов,volume_change,"{""delta"": 15}"
Поставь источник на AUX,media_source_set,"{""source"": ""aux""}"
Переключи на следующую песню,next_track,
Начни воспроизведение музыки,play_music,
Останови музыку,stop_music,
Сделай двадцать процентов потише,volume_change,"{""delta"": -20}"
Включи шустрый режим дворников,rain_set,"{""mode"": ""auto""}"
Выключи дворники,wipers_set,"{""speed"": ""off""}"
Открой окно водителя,window_set,"{""action"": ""open"", ""window"": ""driver""}"
Закрой окно на заднем сиденье полностью,window_set,"{""action"": ""close"", ""window"": ""all""}"
Приоткрой пассажирское окно на 30 процентов,window_set,"{""action"": ""set"", ""window"": ""passenger"", ""percent"": 30}"
"Сделай кондиционер холоднее, установи на 18 градусов",ac_set,"{""state"": ""on"", ""temperature"": 18}"
Включи кондиционер,ac_set,"{""state"": ""on"", ""temperature"": 22}"
"Выключи кондиционер, пожалуйста",ac_off,
Увеличь скорость вентилятора на максимум,ac_fan_set,"{""level"": 100, ""speed"": ""high""}"
Включи обдув лобового стекла,ac_mode_set,"{""enabled"": true}"
Установи обогрев сиденья на 50%,seat_heater_set,"{""seat"": ""driver"", ""level"": 50}"
Включи вентиляцию для пассажира на 70 процентов,seat_vent_set,"{""seat"": ""passenger"", ""level"": 70}"
Закрой люк,sunroof_close,
Открой люк на 80 процентов,sunroof_set,"{""action"": ""open"", ""percent"": 80}"
Установи громкость на 25,volume_set,"{""level"": 25}"
Сделай погромче на 10,volume_change,"{""delta"": 10}"
Уменьши громкость на 5,volume_change,"{""delta"": -5}"
Включи радио на 97.5,radio_set,"{""frequency"": ""97.5""}"
Переключи на следующий трек,next_track,
Пауза,media_pause,
Как доехать до Мавзолея?,nav_start,"{""destination"": ""Мавзолей""}"
Отмени навигацию,nav_cancel,
Позвони Алексею,call_start,"{""contact"": ""Алексей""}"
Ответь на звонок,call_answer,
Заверши разговор,call_hangup,
Включи фары,headlights_set,"{""state"": ""on""}"
Выключи дальний свет,high_beam_set,"{""state"": ""off""}"
Установи дворники на авто,wipers_set,"{""speed"": ""auto""}"
Как дела?,chitchat,
"Жарко в машине, сделай потише",volume_change,"{""direction"": ""down""}"
"Круто, можно еще громче?",volume_change,"{""direction"": ""up""}"
Поставь Bluetooth,media_source_set,"{""source"": ""bluetooth""}"
Сделай обогрев сиденья для пассажира на 30 процентов,seat_heater_set,"{""seat"": ""passenger"", ""level"": 30}"
Закрой окно у водителя,window_set,"{""action"": ""close"", ""window"": ""driver""}"
Открой окно пассажира на тридцать процентов,window_set,"{""action"": ""set"", ""window"": ""passenger"", ""percent"": 30}"
"Привет, закрой все окна",window_set,"{""action"": ""close"", ""window"": ""all""}"
Можно приоткрыть стекло на десять процентов?,window_set,"{""action"": ""set"", ""window"": ""driver"", ""percent"": 10}"
Включи кондиционер на двадцать градусов,ac_set,"{""state"": ""on"", ""temperature"": 20}"
Отключи кондиционер,ac_set,"{""state"": ""off""}"
Поставь кондиционер на 22 градуса,ac_set,"{""state"": ""on"", ""temperature"": 22}"
Сделай температуру в кондиционере 25,ac_set,"{""state"": ""on"", ""temperature"": 25}"
Выключи кондиционер,ac_off,
Включи режим рециркуляции,ac_mode_set,"{""enabled"": true}"
Отключи обдув,ac_mode_set,"{""enabled"": false}"
Поставь вентилятор на максимальную скорость,ac_fan_set,"{""level"": 100, ""speed"": ""high""}"
Установи уровень вентилятора на 50,ac_fan_set,"{""level"": 50, ""speed"": ""medium""}"
Включи обогрев сиденья пассажира на 75,seat_heater_set,"{""seat"": ""passenger"", ""level"": 75}"
Поставь обогрев сиденья водителя на максимум,seat_heater_set,"{""seat"": ""driver"", ""level"": 100}"
Включи вентилятор на низкую скорость,ac_fan_set,"{""level"": 30, ""speed"": ""low""}"
Включи обогрев сидений на 40 для пассажира,seat_heater_set,"{""seat"": ""passenger"", ""level"": 40}"
Закрой люк,sunroof_close,
Приоткрой люк на 50 процентов,sunroof_set,"{""action"": ""open"", ""percent"": 50}"
Закрой люк полностью,sunroof_set,"{""action"": ""close"", ""percent"": 100}"
Включи музыку,play_music,
Останови музыку,stop_music,
Поставь громкость на 80,volume_set,"{""level"": 80}"
Сделай потише на 10,volume_change,"{""delta"": -10}"
Сделай громче на 5,volume_change,"{""delta"": 5}"
Переключи на следующий трек,next_track,
Поставь радио на 95.5,radio_set,"{""frequency"": ""95.5""}"
Настрой радио на частоту 100.0,radio_set,"{""frequency"": ""100.0""}"
"Позвони, пожалуйста, Анне",call_start,"{""contact"": ""Анна""}"
Звони на номер 89001234567,call_start,"{""contact"": ""89001234567""}"
Как доехать до супермаркета?,nav_start,"{""destination"": ""супермаркет""}"
Отмени навигацию,nav_cancel,
Включи фары,headlights_set,"{""state"": ""on""}"
Выключи фары,headlights_set,"{""state"": ""off""}"
Увеличь громкость на 15,volume_change,"{""delta"": 15}"
Приключи на Bluetooth,media_source_set,"{""source"": ""bluetooth""}"
Включи автообогрев,rain_set,"{""mode"": ""auto""}"
"Привет, как дела?",chitchat,
Как ты?,chitchat,
Поставь на следующую станцию,next_track,
Как там погода?,chitchat,
Включи высокие фары,high_beam_set,"{""state"": ""on""}"
Выключи обогрев руля,wheel_heater_set,"{""state"": ""off""}"
Открой окно у водителя на половину,window_set,"{""action"": ""set"", ""window"": ""driver"", ""percent"": 50}"
"Закрой заднее окно полностью, пожалуйста",window_set,"{""action"": ""close"", ""window"": ""all""}"
Приоткрой стекло пассажирского окна,window_set,"{""action"": ""open"", ""window"": ""passenger""}"
Сделай температуру кондиционера 20 градусов,ac_set,"{""state"": ""on"", ""temperature"": 20}"
Включи кондиционер,ac_set,"{""state"": ""on"", ""temperature"": 22}"
Выключи климат-контроль,ac_off,
Включи рециркуляцию воздуха,ac_mode_set,"{""enabled"": true}"
Увеличь скорость вентилятора до максимума,ac_fan_set,"{""level"": 100, ""speed"": ""high""}"
Поставь обогрев сиденья пассажира на 70,seat_heater_set,"{""seat"": ""passenger"", ""level"": 70}"
Включи обогрев водителя,seat_heater_set,"{""seat"": ""driver"", ""level"": 100}"
Запусти навигацию до аэропорта,nav_start,"{""destination"": ""аэропорт""}"
Как доехать до ближайшего ресторана?,nav_start,"{""destination"": ""ближайший ресторан""}"
Позвони Андрею,call_start,"{""contact"": ""Андрей""}"
Прими звонок,call_answer,
Заверши разговор,call_hangup,
Включи фары,headlights_set,"{""state"": ""on""}"
Выключи дальний свет,high_beam_set,"{""state"": ""off""}"
Настрой дворники на авто,wipers_set,"{""speed"": ""auto""}"
Установи громкость на 15,volume_set,"{""level"": 15}"
Сделай погромче на 5,volume_change,"{""delta"": 5}"
Поставь радио на частоту 92.5,radio_set,"{""frequency"": ""92.5""}"
Останови музыку,stop_music,
Как дела?,chitchat,
"Жарко в машине, включи кондиционер",ac_set,"{""state"": ""on"", ""temperature"": 24}"
"Шумно в салоне, закрой окна",window_set,"{""action"": ""close"", ""window"": ""all""}"
Поставь музыку с USB,media_source_set,"{""source"": ""usb""}"
Переключи на следующую песню,next_track,
Поставь повтор на одну песню,media_repeat_set,"{""mode"": ""one""}"
Открой стекло у водителя на двадцать процентов,window_set,"{""action"": ""set"", ""window"": ""driver"", ""percent"": 20}"
"Пожалуйста, закрой окно пассажира",window_set,"{""action"": ""close"", ""window"": ""passenger""}"
Приоткрой окошко на пятьдесят процентов,window_set,"{""action"": ""set"", ""window"": ""all"", ""percent"": 50}"
Сделай громче на десять,volume_change,"{""delta"": 10}"
Уменьши громкость на пять процентов,volume_change,"{""delta"": -5}"
Установи громкость на восемьдесят,volume_set,"{""level"": 80}"
Включи кондиционер на двадцать три градуса,ac_set,"{""state"": ""on"", ""temperature"": 23}"
Поставь обогрев сиденья пассажира на сорок процентов,seat_heater_set,"{""seat"": ""passenger"", ""level"": 40}"
Выключи кондиционер,ac_off,
Включи обогрев сидений,seat_heater_set,"{""seat"": ""driver"", ""level"": 100}"
Поставь музыку на паузу,media_pause,
Переключи на следующую композицию,next_track,
Сделай звук тише на восемнадцать,volume_change,"{""delta"": -18}"
Выключи фары,headlights_set,"{""state"": ""off""}"
Как доехать до Тверской улицы?,nav_start,"{""destination"": ""Тверская улица""}"
Позвони маме,call_start,"{""contact"": ""мама""}"
Включи обогрев заднего стекла,defrost_set,"{""state"": ""on"", ""target"": ""rear""}"
Как дела?,chitchat,
Запусти навигацию до аэропорта,nav_start,"{""destination"": ""аэропорт""}"
Переключи радио на частоту 92.3,radio_set,"{""frequency"": ""92.3""}"
Увеличь скорость вентилятора на сто процентов,ac_fan_set,"{""level"": 100, ""speed"": ""high""}"
Открой окно у водителя,window_set,"{""action"": ""open"", ""window"": ""driver""}"
Закрой все окна,window_set,"{""action"": ""close"", ""window"": ""all""}"
"Пожалуйста, открой пассажирское окно на 50 процентов",window_set,"{""action"": ""set"", ""window"": ""passenger"", ""percent"": 50}"
Приоткрой стекло водителя,window_set,"{""action"": ""open"", ""window"": ""driver""}"
Закрой окно полностью,window_set,"{""action"": ""close"", ""window"": ""passenger""}"
"Включи кондиционер, пожалуйста",ac_set,"{""state"": ""on"", ""temperature"": 22}"
Поставь температуру кондиционера на 25 градусов,ac_set,"{""state"": ""on"", ""temperature"": 25}"
Выключи кондиционер,ac_off,
Включи обдув,ac_mode_set,"{""enabled"": true}"
Выключи рециркуляцию,ac_mode_set,"{""enabled"": false}"
Сделай воздух на высокой скорости,ac_fan_set,"{""level"": 100, ""speed"": ""high""}"
Сделай обогрев сиденья пассажира на 75 процентов,seat_heater_set,"{""seat"": ""passenger"", ""level"": 75}"
Включи обогрев сиденья водителя,seat_heater_set,"{""seat"": ""driver"", ""level"": 100}"
Включи вентилятор сидения,seat_vent_set,"{""seat"": ""driver"", ""level"": 50}"
Выключи обогрев сидения,seat_heater_set,"{""seat"": ""passenger"", ""level"": 0}"
Включи обогрев сидения пассажира на 40 процентов,seat_heater_set,"{""seat"": ""passenger"", ""level"": 40}"
Включи передний обогрев стекол,defrost_set,"{""state"": ""on"", ""target"": ""front""}"
Выключи обогрев заднего стекла,defrost_set,"{""state"": ""off"", ""target"": ""rear""}"
Открой люк на 30 процентов,sunroof_set,"{""action"": ""open"", ""percent"": 30}"
Закрой люк полностью,sunroof_set,"{""action"": ""close""}"
Включи музыку,play_music,
Останови музыку,stop_music,
Сделай погромче на 10,volume_change,"{""delta"": 10}"
Сделай потише на 5,volume_change,"{""delta"": -5}"
Установи громкость на 80 процентов,volume_set,"{""level"": 80}"
Выключи звук,volume_mute_set,"{""state"": ""on""}"
Переключи на радио,media_source_set,"{""source"": ""radio""}"
Поставь на USB,media_source_set,"{""source"": ""usb""}"
Переключи на следующий трек,next_track,
Вернись на предыдущий трек,previous_track,
Запусти навигацию до Красной площади,nav_start,"{""destination"": ""Красная площадь""}"
Как доехать до магазина?,nav_start,"{""destination"": ""магазин""}"
Отмени навигацию,nav_cancel,
Позвони Алексею,call_start,"{""contact"": ""Алексей""}"
Ответь на звонок,call_answer,
Завершить вызов,call_hangup,
Включи фары,headlights_set,"{""state"": ""on""}"
Выключи фары,headlights_set,"{""state"": ""off""}"
Переключи на дальний свет,high_beam_set,"{""state"": ""on""}"
Выключи дальний свет,high_beam_set,"{""state"": ""off""}"
Включи дворники на авто,wipers_set,"{""speed"": ""auto""}"
Включи дворники на низкой скорости,wipers_set,"{""speed"": ""low""}"
Установи режим дождя на авто,rain_set,"{""mode"": ""auto""}"
Выключи обогрев руля,wheel_heater_set,"{""state"": ""off""}"
"Привет, как дела?",chitchat,
Как настроение?,chitchat,
Доброе утро!,chitchat,
Сколько времени?,chitchat,
Открой окно у водителя,window_set,"{""action"": ""open"", ""window"": ""driver""}"
Закрой заднее окно на сто процентов,window_set,"{""action"": ""close"", ""window"": ""all""}"
Приоткрой пассажирское стекло,window_set,"{""action"": ""set"", ""window"": ""passenger"", ""percent"": 30}"
"Сделай кондиционер холоднее, поставь 18 градусов",ac_set,"{""state"": ""on"", ""temperature"": 18}"
Выключи кондиционер,ac_off,
Включи рециркуляцию воздуха,ac_mode_set,"{""enabled"": true}"
Установи скорость вентилятора на 50 процентов,ac_fan_set,"{""level"": 50, ""speed"": ""medium""}"
Обогрей сиденье водителя на максимум,seat_heater_set,"{""seat"": ""driver"", ""level"": 100}"
Включи обогрев сиденья пассажира на 30,seat_heater_set,"{""seat"": ""passenger"", ""level"": 30}"
Включи обдув лобового стекла,defrost_set,"{""state"": ""on"", ""target"": ""front""}"
Закрой люк,sunroof_close,
Открой люк на 50 процентов,sunroof_set,"{""action"": ""open"", ""percent"": 50}"
Поставь радио на 92.5,radio_set,"{""frequency"": ""92.5""}"
Включи музыку,play_music,
Приостанови воспроизведение,media_pause,
Следующий трек,next_track,
Увеличь громкость на десять,volume_change,"{""delta"": 10}"
Сделай потише на пять процентов,volume_change,"{""delta"": -5}"
Установи громкость на 70 процентов,volume_set,"{""level"": 70}"
Переключи на Bluetooth,media_source_set,"{""source"": ""bluetooth""}"
Начни навигацию до дома,nav_start,"{""destination"": ""дом""}"
Отмени навигацию,nav_cancel,
Позвони Анне,call_start,"{""contact"": ""Анна""}"
Ответь на звонок,call_answer,
Закончить разговор,call_hangup,
Включи фары,headlights_set,"{""state"": ""on""}"
Выключи дальний свет,high_beam_set,"{""state"": ""off""}"
Включи дворники на низкую скорость,wipers_set,"{""speed"": ""low""}"
Установи режим дождя на авто,rain_set,"{""mode"": ""auto""}"
"Привет, как дела?",chitchat,
Как добраться до аэропорта?,nav_start,"{""destination"": ""аэропорт""}"
Открой окно водителя на 50%,window_set,"{""action"": ""set"", ""window"": ""driver"", ""percent"": 50}"
Закрой пассажирское окно полностью,window_set,"{""action"": ""close"", ""window"": ""passenger""}"
Приоткрой стекло сзади,window_set,"{""action"": ""open"", ""window"": ""all""}"
Поставь кондиционер на 22 градуса,ac_set,"{""state"": ""on"", ""temperature"": 22}"
Выключи кондиционер,ac_off,
Запусти рециркуляцию воздуха,ac_mode_set,"{""enabled"": true}"
Увеличь скорость вентилятора на 30%,ac_fan_set,"{""level"": 30, ""speed"": ""medium""}"
Включи обогрев сиденья у пассажира на 100%,seat_heater_set,"{""seat"": ""passenger"", ""level"": 100}"
Выключи обогрев сиденья водителя,seat_heater_set,"{""seat"": ""driver"", ""level"": 0}"
Включи заднее обогрев стекол,defrost_set,"{""state"": ""on"", ""target"": ""rear""}"
Закрой люк на 50%,sunroof_set,"{""action"": ""close"", ""percent"": 50}"
Включи радио на частоте 95.0,radio_set,"{""frequency"": ""95.0""}"
Следующий трек,next_track,
Поставь громкость на 30%,volume_set,"{""level"": 30}"
Сделай потише на 10,volume_change,"{""delta"": -10}"
Как мне добраться до Кремля?,nav_start,"{""destination"": ""Кремль""}"
Позвони Алексею,call_start,"{""contact"": ""Алексей""}"
Как дела?,chitchat,
Открой окно для всех,window_set,"{""action"": ""open"", ""window"": ""all""}"
Выключи радио,stop_music,
"Пожалуйста, увеличь громкость",volume_change,"{""direction"": ""up""}"
"Пожалуйста, открой окно у водителя",window_set,"{""action"": ""open"", ""window"": ""driver""}"
Закрой все окна,window_set,"{""action"": ""close"", ""window"": ""all""}"
Приоткрой пассажирское окно на двадцать процентов,window_set,"{""action"": ""set"", ""window"": ""passenger"", ""percent"": 20}"
Сделай кондиционер на двадцать два градуса,ac_set,"{""state"": ""on"", ""temperature"": 22}"
Включи климат-контроль,ac_set,"{""state"": ""on"", ""temperature"": 24}"
Выключи кондиционер,ac_off,
Включи рециркуляцию воздуха,ac_mode_set,"{""enabled"": true}"
Увеличь скорость вентилятора на среднюю,ac_fan_set,"{""level"": 60, ""speed"": ""medium""}"
Включи обогрев сиденья пассажира на полную мощность,seat_heater_set,"{""seat"": ""passenger"", ""level"": 100}"
Сделай обогрев сиденья водителя на тридцать процентов,seat_heater_set,"{""seat"": ""driver"", ""level"": 30}"
Включи обогрев сидений,seat_heater_set,"{""seat"": ""driver"", ""level"": 50}"
Включи обогрев сиденья у водителя,seat_heater_set,"{""seat"": ""driver"", ""level"": 100}"
Включи обогрев сидений,seat_vent_set,"{""seat"": ""passenger"", ""level"": 80}"
Сделай обдув лобового стекла,defrost_set,"{""state"": ""on"", ""target"": ""front""}"
Выключи обдув заднего стекла,defrost_set,"{""state"": ""off"", ""target"": ""rear""}"
Закрой люк,sunroof_set,"{""action"": ""close""}"
Открой люк на восемьдесят процентов,sunroof_set,"{""action"": ""open"", ""percent"": 80}"
Сделай музыку громче на десять,volume_change,"{""delta"": 10}"
Уменьши громкость на пятнадцать,volume_change,"{""delta"": -15}"
Сделай громче,volume_change,"{""direction"": ""up""}"
Сделай тише,volume_change,"{""direction"": ""down""}"
Поставь громкость на семьдесят,volume_set,"{""level"": 70}"
Сделай звук на ноль,volume_mute_set,"{""state"": ""on""}"
Включи радио на частоте восемьдесят семь целых пять,radio_set,"{""frequency"": ""87.5""}"
Следующий трек,next_track,
Сделай паузу в музыке,media_pause,
Назад на предыдущий трек,previous_track,
Начни навигацию до Красной площади,nav_start,"{""destination"": ""Красная площадь""}"
Как доехать до магазина?,nav_start,"{""destination"": ""магазин""}"
Отмени навигацию,nav_cancel,
Позвони маме,call_start,"{""contact"": ""мама""}"
Ответь на звонок,call_answer,
Закончить звонок,call_hangup,
Включи фары,headlights_set,"{""state"": ""on""}"
Выключи фары,headlights_set,"{""state"": ""off""}"
Автоматика для стеклоочистителей,rain_set,"{""mode"": ""auto""}"
Увеличь скорость дворников на высокую,wipers_set,"{""speed"": ""high""}"
Как дела?,chitchat,
"Привет, как ты?",chitchat,
Сколько времени?,chitchat,
Приоткрой окно у водителя на пятьдесят процентов,window_set,"{""action"": ""set"", ""window"": ""driver"", ""percent"": 50}"
Закрой окно пассажира полностью,window_set,"{""action"": ""close"", ""window"": ""passenger""}"
Открой все окна,window_set,"{""action"": ""open"", ""window"": ""all""}"
"Пожалуйста, закрой окно сзади",window_set,"{""action"": ""close"", ""window"": ""rear""}"
Включи кондиционер на двадцать градусов,ac_set,"{""state"": ""on"", ""temperature"": 20}"
Выключи кондиционер,ac_off,
Поставь кондиционер на 25 градусов,ac_set,"{""state"": ""on"", ""temperature"": 25}"
Включи рециркуляцию воздуха,ac_mode_set,"{""enabled"": true}"
Выключи обогрев сиденья у пассажира,seat_heater_set,"{""seat"": ""passenger"", ""level"": 0}"
Установи обогрев сиденья водителя на 80%,seat_heater_set,"{""seat"": ""driver"", ""level"": 80}"
Включи обогрев сиденья на полную мощность,seat_heater_set,"{""seat"": ""driver"", ""level"": 100}"
"Пожалуйста, включи вентилятор на максимуме",ac_fan_set,"{""level"": 100, ""speed"": ""high""}"
Как отключить стеклоочистители?,wipers_set,"{""speed"": ""off""}"
Сделай дворники на минимальной скорости,wipers_set,"{""speed"": ""low""}"
Увеличь громкость на десять,volume_change,"{""delta"": 10}"
Сделай потише на 5%,volume_change,"{""delta"": -5}"
Переключи на следующий трек,next_track,
Поставь на радио 101.2,radio_set,"{""frequency"": ""101.2""}"
Как мне добраться до Красной площади?,nav_start,"{""destination"": ""Красная площадь""}"
Прекрати навигацию,nav_cancel,
Позвони другу,call_start,"{""contact"": ""друг""}"
Ответь на звонок,call_answer,
"Пожалуйста, повесь трубку",call_hangup,
Включи дальний свет,high_beam_set,"{""state"": ""on""}"
Выключи фары,headlights_set,"{""state"": ""off""}"
Запусти музыку,play_music,
Сделай громче на пять,volume_change,"{""delta"": 5}"
Слушай радио,media_source_set,"{""source"": ""radio""}"
Как дела?,chitchat,
Включи обогрев руля,wheel_heater_set,"{""state"": ""on""}"
Переключи на Bluetooth,media_source_set,"{""source"": ""bluetooth""}"
Выключи вентилятор,ac_fan_set,"{""level"": 0, ""speed"": ""off""}"
Приоткрой окно у водителя,window_set,"{""action"": ""open"", ""window"": ""driver""}"
"Закрой заднее окно полностью, пожалуйста",window_set,"{""action"": ""close"", ""window"": ""all""}"
Открой стекло на 50 процентов,window_set,"{""action"": ""set"", ""window"": ""passenger"", ""percent"": 50}"
Сделай кондиционер на 22 градуса,ac_set,"{""state"": ""on"", ""temperature"": 22}"
Выключи климат-контроль,ac_off,
Включи рециркуляцию,ac_mode_set,"{""enabled"": true}"
Поставь обдув на низкий уровень,ac_fan_set,"{""level"": 30, ""speed"": ""low""}"
Включи обогрев сиденья пассажира на максимум,seat_heater_set,"{""seat"": ""passenger"", ""level"": 100}"
Выключи подогрев у водителя,seat_heater_set,"{""seat"": ""driver"", ""level"": 0}"
Включи вентилятор на 70,seat_vent_set,"{""seat"": ""driver"", ""level"": 70}"
Обогрей лобовое стекло,defrost_set,"{""state"": ""on"", ""target"": ""front""}"
Закрой заднее стекло,defrost_set,"{""state"": ""off"", ""target"": ""rear""}"
Открой люк на 30 процентов,sunroof_set,"{""action"": ""open"", ""percent"": 30}"
Закрой люк,sunroof_close,
Поставь музыку на паузу,media_pause,
Следующий трек,next_track,
Сделай громче на 10,volume_change,"{""delta"": 10}"
Уменьши громкость на 20 процентов,volume_change,"{""direction"": ""down""}"
Выключи звук,volume_mute_set,"{""state"": ""on""}"
Поставь радиостанцию на 101.5,radio_set,"{""frequency"": ""101.5""}"
Переключи на Bluetooth,media_source_set,"{""source"": ""bluetooth""}"
Начни навигацию до ресторана,nav_start,"{""destination"": ""ресторан""}"
Отмени маршрут,nav_cancel,
Позвони другу,call_start,"{""contact"": ""друг""}"
Ответь на звонок,call_answer,
Заверши разговор,call_hangup,
Включи фары,headlights_set,"{""state"": ""on""}"
Установи щетки на авто,wipers_set,"{""speed"": ""auto""}"
Включи дальний свет,high_beam_set,"{""state"": ""on""}"
Как дела?,chitchat,
"Привет, как ты?",chitchat,
Открой окно водителя на тридцать процентов,window_set,"{""action"": ""set"", ""window"": ""driver"", ""percent"": 30}"
Закрой все окна,window_set,"{""action"": ""close"", ""window"": ""all""}"
Приоткрой стекло у пассажира,window_set,"{""action"": ""open"", ""window"": ""passenger""}"
Сделай громче на десять,volume_change,"{""delta"": 10}"
Сбавь громкость на пятнадцать процентов,volume_change,"{""delta"": -15}"
Увеличь звук на два,volume_change,"{""delta"": 2}"
Включи кондиционер на двадцать один градус,ac_set,"{""state"": ""on"", ""temperature"": 21}"
"Выключи кондиционер, пожалуйста",ac_set,"{""state"": ""off""}"
Установи температуру в кондиционере на 18,ac_set,"{""state"": ""on"", ""temperature"": 18}"
Отключи кондиционер,ac_off,
Сделай обдув включенным,ac_mode_set,"{""enabled"": true}"
Включи рециркуляцию воздуха,ac_mode_set,"{""enabled"": true}"
Выключи обогрев сиденья водителя,seat_heater_set,"{""seat"": ""driver"", ""level"": 0}"
Включи обогрев сидения пассажира на 50 процентов,seat_heater_set,"{""seat"": ""passenger"", ""level"": 50}"
Поставь обогрев сидения водителя на максимум,seat_heater_set,"{""seat"": ""driver"", ""level"": 100}"
Включи обогрев сиденья на 25,seat_heater_set,"{""seat"": ""passenger"", ""level"": 25}"
Включи фары,headlights_set,"{""state"": ""on""}"
Выключи фары,headlights_set,"{""state"": ""off""}"
Автофары на авто,headlights_set,"{""state"": ""auto""}"
Увеличь скорость дворников на максимум,wipers_set,"{""speed"": ""high""}"
Включи дворники на средней скорости,wipers_set,"{""speed"": ""medium""}"
Выключи дворники,wipers_set,"{""speed"": ""off""}"
Как добраться до Красной площади?,nav_start,"{""destination"": ""Красная площадь""}"
"Пожалуйста, найди маршрут до аэропорта",nav_start,"{""destination"": ""аэропорт""}"
Отмени навигацию,nav_cancel,
Позвони Анне,call_start,"{""contact"": ""Анна""}"
Сделай звонок на номер 123456789,call_start,"{""contact"": ""123456789""}"
Ответь на звонок,call_answer,
Завершить звонок,call_hangup,
Поставь радио на частоту 101.5,radio_set,"{""frequency"": ""101.5""}"
Переключи на следующую песню,next_track,
Приостанови музыку,media_pause,
Поставь музыку с Bluetooth,media_source_set,"{""source"": ""bluetooth""}"
Выключи музыку,stop_music,
Сделай звук тише на пять,volume_change,"{""delta"": -5}"
Сделай громче на восемь процентов,volume_change,"{""delta"": 8}"
Поставь громкость на 50 процентов,volume_set,"{""level"": 50}"
Выключи громкость,volume_mute_set,"{""state"": ""on""}"
Включи громкость,volume_mute_set,"{""state"": ""off""}"
Сделай музыку на повторе,media_repeat_set,"{""mode"": ""one""}"
Как дела?,chitchat,
"Привет, что нового?",chitchat,
Ты как?,chitchat,
Открой окно у водителя на тридцать процентов,window_set,"{""action"": ""set"", ""window"": ""driver"", ""percent"": 30}"
Закрой пассажирское окно полностью,window_set,"{""action"": ""close"", ""window"": ""passenger""}"
Приоткрой заднее окно,window_set,"{""action"": ""open"", ""window"": ""all""}"
Сделай холоднее на два градуса,ac_set,"{""state"": ""on"", ""temperature"": 18}"
"Включи кондиционер, пожалуйста",ac_set,"{""state"": ""on"", ""temperature"": 22}"
Выключи кондиционер,ac_off,
Включи обогрев сиденья пассажира на максимум,seat_heater_set,"{""seat"": ""passenger"", ""level"": 100}"
Поставь вентилятор на среднюю скорость,ac_fan_set,"{""level"": 50, ""speed"": ""medium""}"
Включи рециркуляцию воздуха,ac_mode_set,"{""enabled"": true}"
Как доехать до ближайшей заправки?,nav_start,"{""destination"": ""ближайшая заправка""}"
Отмени навигацию,nav_cancel,
Поставь радио на частоту 92.5,radio_set,"{""frequency"": ""92.5""}"
Сделай громче на десять,volume_change,"{""delta"": 10}"
Останови музыку,stop_music,
Включи Bluetooth,media_source_set,"{""source"": ""bluetooth""}"
Позвони мне на мобильный,call_start,"{""contact"": ""мобильный""}"
Ответь на звонок,call_answer,
Заглуши звук,volume_mute_set,"{""state"": ""on""}"
Сделай свет фар автоматическим,headlights_set,"{""state"": ""auto""}"
Как дела?,chitchat,
"Сделай громче, пожалуйста",volume_change,"{""direction"": ""up""}"
Открой люк на половину,sunroof_set,"{""action"": ""open"", ""percent"": 50}"
Открой окно водителя на тридцать процентов,window_set,"{""action"": ""set"", ""window"": ""driver"", ""percent"": 30}"
Закрой окно у пассажира,window_set,"{""action"": ""close"", ""window"": ""passenger""}"
"Приоткрой все окна, пожалуйста",window_set,"{""action"": ""open"", ""window"": ""all""}"
"Сделай так, чтобы кондиционер работал на 22 градуса",ac_set,"{""state"": ""on"", ""temperature"": 22}"
Выключи кондиционер,ac_off,
Включи обогрев сиденья у водителя на максимум,seat_heater_set,"{""seat"": ""driver"", ""level"": 100}"
Увеличь скорость вентилятора до 80,ac_fan_set,"{""level"": 80, ""speed"": ""medium""}"
Выключи рециркуляцию,ac_mode_set,"{""enabled"": false}"
Включи обдув на переднем стекле,defrost_set,"{""state"": ""on"", ""target"": ""front""}"
Сделай громче на десять,volume_change,"{""delta"": 10}"
Уменьши громкость на 15,volume_change,"{""delta"": -15}"
Установи громкость на 75 процентов,volume_set,"{""level"": 75}"
Переключи на радио,media_source_set,"{""source"": ""radio""}"
Поставь следующую композицию,next_track,
Приостанови музыку,media_pause,
Как мне доехать до аэропорта?,nav_start,"{""destination"": ""аэропорт""}"
Отмени маршрут,nav_cancel,
Позвони Ивану,call_start,"{""contact"": ""Иван""}"
Ответь на звонок,call_answer,
Заблокируй звонок,call_hangup,
Включи фары на автомат,headlights_set,"{""state"": ""auto""}"
Включи дальний свет,high_beam_set,"{""state"": ""on""}"
Установи скорость дворников на низкую,wipers_set,"{""speed"": ""low""}"
Включи режим дождя,rain_set,"{""mode"": ""auto""}"
Привет,chitchat,
Как дела?,chitchat,
Сколько времени?,chitchat,
Открой окно у водителя на тридцать процентов,window_set,"{""action"": ""set"", ""window"": ""driver"", ""percent"": 30}"
Закрой заднее окно полностью,window_set,"{""action"": ""close"", ""window"": ""all""}"
Приоткрой пассажирское стекло,window_set,"{""action"": ""open"", ""window"": ""passenger""}"
Сделай кондиционер теплее до 25 градусов,ac_set,"{""state"": ""on"", ""temperature"": 25}"
Выключи кондиционер,ac_off,
Поставь обдув на рециркуляцию,ac_mode_set,"{""enabled"": true}"
Увеличь скорость вентилятора до максимума,ac_fan_set,"{""level"": 100, ""speed"": ""high""}"
Включи обогрев сиденья пассажира на 70 процентов,seat_heater_set,"{""seat"": ""passenger"", ""level"": 70}"
Выключи обогрев сиденья водителя,seat_heater_set,"{""seat"": ""driver"", ""level"": 0}"
Включи обогрев для водителя,seat_heater_set,"{""seat"": ""driver"", ""level"": 100}"
Включи задний обогрев стекол,defrost_set,"{""state"": ""on"", ""target"": ""rear""}"
Выключи обогрев переднего стекла,defrost_set,"{""state"": ""off"", ""target"": ""front""}"
Закрой люк на половину,sunroof_set,"{""action"": ""set"", ""percent"": 50}"
Открой люк полностью,sunroof_set,"{""action"": ""open"", ""percent"": 100}"
Закрой люк,sunroof_close,
Сыграй следующую песню,next_track,
Останови музыку,stop_music,
Сделай громче на 10,volume_change,"{""delta"": 10}"
Понизь громкость на 5 процентов,volume_change,"{""delta"": -5}"
Поставь громкость на 50 процентов,volume_set,"{""level"": 50}"
Включи радио на частоте 95.5,radio_set,"{""frequency"": ""95.5""}"
Включи Bluetooth,media_source_set,"{""source"": ""bluetooth""}"
Как доехать до Лубянки?,nav_start,"{""destination"": ""Лубянка""}"
"Навигация, отмена маршрута",nav_cancel,
Позвони Анне,call_start,"{""contact"": ""Анна""}"
Ответь на звонок,call_answer,
Заверши вызов,call_hangup,
Включи фары,headlights_set,"{""state"": ""on""}"
Выключи дальний свет,high_beam_set,"{""state"": ""off""}"
Поставь дворники на авто,rain_set,"{""mode"": ""auto""}"
"Привет, как дела?",chitchat,
Как твои дела?,chitchat,
"У меня душно, открой окно",window_set,"{""action"": ""open"", ""window"": ""all""}"
Приоткрой стекло у водителя,window_set,"{""action"": ""open"", ""window"": ""driver""}"
Закрой окно пассажира на сто процентов,window_set,"{""action"": ""close"", ""window"": ""passenger""}"
"Можно, пожалуйста, открыть все окна?",window_set,"{""action"": ""open"", ""window"": ""all""}"
Установи окно на тридцать процентов,window_set,"{""action"": ""set"", ""window"": ""driver"", ""percent"": 30}"
Включи кондиционер на двадцать два градуса,ac_set,"{""state"": ""on"", ""temperature"": 22}"
"Выключи кондиционер, пожалуйста",ac_set,"{""state"": ""off""}"
Отключи кондиционер,ac_off,
Включи рециркуляцию в кондиционере,ac_mode_set,"{""enabled"": true}"
"Сделай обдув, пожалуйста",ac_mode_set,"{""enabled"": false}"
Включи обогрев сиденья водителя на восемьдесят процентов,seat_heater_set,"{""seat"": ""driver"", ""level"": 80}"
Поставь обогрев на максимум у пассажира,seat_heater_set,"{""seat"": ""passenger"", ""level"": 100}"
Выключи обогрев сиденья,seat_heater_set,"{""seat"": ""driver"", ""level"": 0}"
Включи вентилятор на среднем уровне,ac_fan_set,"{""level"": 50, ""speed"": ""medium""}"
Сделай скорость вентилятора высокой,ac_fan_set,"{""level"": 100, ""speed"": ""high""}"
Выключи дворники,wipers_set,"{""speed"": ""off""}"
Поставь дворники на авто,wipers_set,"{""speed"": ""auto""}"
Сделай дворники на низкой скорости,wipers_set,"{""speed"": ""low""}"
Как доехать до аэропорта?,nav_start,"{""destination"": ""аэропорт""}"
Проведи меня к ближайшему ресторану,nav_start,"{""destination"": ""ближайший ресторан""}"
Отмени маршрут,nav_cancel,
Включи музыку,play_music,
Останови музыку,stop_music,
Поставь на паузу воспроизведение,media_pause,
Сделай громче на десять,volume_change,"{""delta"": 10}"
Уменьши громкость на пять,volume_change,"{""delta"": -5}"
Поставь уровень громкости на восемьдесят,volume_set,"{""level"": 80}"
Выключи звук,volume_mute_set,"{""state"": ""on""}"
Переключи на радио,media_source_set,"{""source"": ""radio""}"
Сделай воспроизведение случайным,media_shuffle_set,
Поставь радио на частоту восемьдесят семь целых пять,radio_set,"{""frequency"": ""87.5""}"
Настрой радиостанцию на пятьдесят,radio_set_station,"{""station"": ""пятьдесят""}"
Позвони маме,call_start,"{""contact"": ""мама""}"
Ответь на звонок,call_answer,
Заверши разговор,call_hangup,
Включи фары,headlights_set,"{""state"": ""on""}"
Выключи фары,headlights_set,"{""state"": ""off""}"
Поставь фары на авто,headlights_set,"{""state"": ""auto""}"
Как дела?,chitchat,
"Привет, как ты?",chitchat,
Приоткрой окно у водителя,window_set,"{""action"": ""open"", ""window"": ""driver""}"
Закрой окно пассажира,window_set,"{""action"": ""close"", ""window"": ""passenger""}"
"Сделай, пожалуйста, на полную",window_set,"{""action"": ""set"", ""window"": ""all"", ""percent"": 100}"
Открой стекло на тридцать процентов,window_set,"{""action"": ""set"", ""window"": ""driver"", ""percent"": 30}"
"Сделай немного холоднее, поставь кондиционер на 20 градусов",ac_set,"{""state"": ""on"", ""temperature"": 20}"
"Выключи кондиционер, пожалуйста",ac_off,
Включи рециркуляцию в климате,ac_mode_set,"{""enabled"": true}"
Установи уровень вентилятора на 70,ac_fan_set,"{""level"": 70, ""speed"": ""medium""}"
Включи обогрев сидения пассажира на максимум,seat_heater_set,"{""seat"": ""passenger"", ""level"": 100}"
Сделай обогрев водителя на 50 процентов,seat_heater_set,"{""seat"": ""driver"", ""level"": 50}"
Включи обдув на переднем стекле,defrost_set,"{""state"": ""on"", ""target"": ""front""}"
Закрой люк на половину,sunroof_set,"{""action"": ""set"", ""percent"": 50}"
Закрой люк,sunroof_close,
Включи музыку,play_music,
Останови музыку,stop_music,
Переключи на следующую композицию,next_track,
Сделай громче на 10,volume_change,"{""delta"": 10}"
Поставь громкость на 80 процентов,volume_set,"{""level"": 80}"
Включи беззвучный режим,volume_mute_set,"{""state"": ""on""}"
Установи радио на частоте 99.5,radio_set,"{""frequency"": ""99.5""}"
Запусти навигацию до Третьяковской галереи,nav_start,"{""destination"": ""Третьяковская галерея""}"
Отмени маршрут,nav_cancel,
Позвони моему другу,call_start,"{""contact"": ""друг""}"
Ответь на звонок,call_answer,
Положи трубку,call_hangup,
Включи фары,headlights_set,"{""state"": ""on""}"
Выключи дальний свет,high_beam_set,"{""state"": ""off""}"
Установи дворники на авто,wipers_set,"{""speed"": ""auto""}"
Включи режим дождя,rain_set,"{""mode"": ""auto""}"
Привет,chitchat,
Как дела?,chitchat,
Приоткрой окно у водителя на тридцать процентов,window_set,"{""action"": ""set"", ""window"": ""driver"", ""percent"": 30}"
"Сделай, пожалуйста, потише на десять",volume_change,"{""delta"": -10}"
Открой стекло пассажира,window_set,"{""action"": ""open"", ""window"": ""passenger""}"
Включи климат-контроль на двадцать два градуса,ac_set,"{""state"": ""on"", ""temperature"": 22}"
Закрой все окна,window_set,"{""action"": ""close"", ""window"": ""all""}"
Сделай громче на пять,volume_change,"{""delta"": 5}"
Включи кондиционер,ac_set,"{""state"": ""on"", ""temperature"": 24}"
Открой люк на пятьдесят процентов,sunroof_set,"{""action"": ""open"", ""percent"": 50}"
"Можно, пожалуйста, выключить кондиционер?",ac_set,"{""state"": ""off""}"
Как доехать до магазина?,nav_start,"{""destination"": ""магазин""}"
Увеличь громкость на восемь,volume_change,"{""delta"": 8}"
Закрой заднее стекло,window_set,"{""action"": ""close"", ""window"": ""rear""}"
Включи обогрев сиденья на максимуме,seat_heater_set,"{""seat"": ""driver"", ""level"": 100}"
Какой сейчас радиочастоты?,radio_set,"{""frequency"": ""87.5""}"
Выключи дворники,wipers_set,"{""speed"": ""off""}"
Позвони мне,call_start,"{""contact"": ""мне""}"
Поставь музыку на паузу,media_pause,
Поставь радио на частоте 93.5,radio_set,"{""frequency"": ""93.5""}"
Сделай звук тише,volume_change,"{""direction"": ""down""}"
Отвечай на звонок,call_answer,
Как добраться до вокзала?,nav_start,"{""destination"": ""вокзал""}"
"Пожалуйста, открой окно у водителя",window_set,"{""action"": ""open"", ""window"": ""driver""}"
Закрой все окна,window_set,"{""action"": ""close"", ""window"": ""all""}"
Просто приоткрой пассажирское окно,window_set,"{""action"": ""set"", ""window"": ""passenger"", ""percent"": 25}"
Сделай окна чуть-чуть открытыми,window_set,"{""action"": ""set"", ""window"": ""all"", ""percent"": 10}"
Включи кондиционер на двадцать градусов,ac_set,"{""state"": ""on"", ""temperature"": 20}"
Кондиционер выключи,ac_off,
Поставь обдув на авто,ac_mode_set,"{""enabled"": true}"
Включи обогрев сиденья пассажира на восемьдесят процентов,seat_heater_set,"{""seat"": ""passenger"", ""level"": 80}"
"Пожалуйста, сделай температуру двадцать пять",ac_set,"{""state"": ""on"", ""temperature"": 25}"
Как доехать до Аэропорта?,nav_start,"{""destination"": ""Аэропорт""}"
Отмени навигацию,nav_cancel,
Звони Сергею,call_start,"{""contact"": ""Сергей""}"
Ответь на звонок,call_answer,
Повесь трубку,call_hangup,
Сделай громче на три,volume_change,"{""delta"": 3}"
Убавь громкость на десять процентов,volume_change,"{""delta"": -10}"
Настрой радио на восемьдесят шесть,radio_set,"{""frequency"": ""86.0""}"
Поставь песню на паузу,media_pause,
Включи музыку,play_music,
Переключи на следующую композицию,next_track,
"Сделай так, чтобы фары были включены",headlights_set,"{""state"": ""on""}"
Выключи дворники,wipers_set,"{""speed"": ""off""}"
Как дела?,chitchat,
Сколько времени?,chitchat,
Приоткрой окно у водителя,window_set,"{""action"": ""open"", ""window"": ""driver""}"
Закрой все окна,window_set,"{""action"": ""close"", ""window"": ""all""}"
Сделай это окно на семьдесят процентов открытым,window_set,"{""action"": ""set"", ""window"": ""driver"", ""percent"": 70}"
Закрой пассажирское окно полностью,window_set,"{""action"": ""close"", ""window"": ""passenger""}"
Включи кондиционер на 20 градусов,ac_set,"{""state"": ""on"", ""temperature"": 20}"
Выключи кондиционер,ac_off,
Включи обдув,ac_mode_set,"{""enabled"": true}"
Установи вентилятор на 50 процентов,ac_fan_set,"{""level"": 50, ""speed"": ""medium""}"
Включи обогрев сиденья пассажира на полную мощность,seat_heater_set,"{""seat"": ""passenger"", ""level"": 100}"
Включи рециркуляцию воздуха,ac_mode_set,"{""enabled"": true}"
Убери мусор из музыки,media_pause,
Сделай громче на 10,volume_change,"{""delta"": 10}"
Сделай тише на пятьдесят процентов,volume_set,"{""level"": 50}"
Поставь радио на частоту 93.5,radio_set,"{""frequency"": ""93.5""}"
Переключи на следующий трек,next_track,
Позвони мне,call_start,"{""contact"": ""мне""}"
Как добраться до супермаркета?,nav_start,"{""destination"": ""супермаркет""}"
Ответь на звонок,call_answer,
Выключи фары,headlights_set,"{""state"": ""off""}"
Как дела?,chitchat,
Включи дворники на максимальной скорости,wipers_set,"{""speed"": ""high""}"
Установи музыкальный источник на Bluetooth,media_source_set,"{""source"": ""bluetooth""}"
Отмени навигацию,nav_cancel,
Сделай громкость на 15 единиц ниже,volume_change,"{""delta"": -15}"
Закрой люк на двадцать процентов,sunroof_set,"{""action"": ""close"", ""percent"": 20}"
Включи фары на автомате,headlights_set,"{""state"": ""auto""}"
Какой сегодня день?,chitchat,
Выключи обогрев сиденья водителя,seat_heater_set,"{""seat"": ""driver"", ""level"": 0}"
Поставь радио на станцию Ретро,radio_set_station,"{""station"": ""Ретро""}"
"Пожалуйста, открой окно у пассажира",window_set,"{""action"": ""open"", ""window"": ""passenger""}"
Сделай громкость на сто процентов,volume_set,"{""level"": 100}"
Переключи на предыдущий трек,previous_track,
"Пожалуйста, выключи кондиционер",ac_off,
"Душно, включи обогрев сидений",seat_heater_set,"{""seat"": ""driver"", ""level"": 100}"
Установи радио на частоту 101.2,radio_set,"{""frequency"": ""101.2""}"
"Привет, как ты?",chitchat,
Приоткрой окно водителя на 30 процентов,window_set,"{""action"": ""set"", ""window"": ""driver"", ""percent"": 30}"
"Закрой все окна полностью, пожалуйста",window_set,"{""action"": ""close"", ""window"": ""all""}"
Можно открыть пассажирское окно?,window_set,"{""action"": ""open"", ""window"": ""passenger""}"
Поставь кондиционер на 22 градуса,ac_set,"{""state"": ""on"", ""temperature"": 22}"
Выключи кондиционер,ac_off,
Включи рециркуляцию в климат-контроле,ac_mode_set,"{""enabled"": true}"
Увеличь скорость вентилятора на максимум,ac_fan_set,"{""level"": 100, ""speed"": ""high""}"
Поставь обогрев сиденья пассажира на 50%,seat_heater_set,"{""seat"": ""passenger"", ""level"": 50}"
Сделай обогрев сиденья водителя на 80,seat_heater_set,"{""seat"": ""driver"", ""level"": 80}"
Включи обогреватель для заднего стекла,defrost_set,"{""state"": ""on"", ""target"": ""rear""}"
Закрой люк на половину,sunroof_set,"{""action"": ""set"", ""percent"": 50}"
Открой люк полностью,sunroof_set,"{""action"": ""open"", ""percent"": 100}"
Включи радио на частоте 95.5,radio_set,"{""frequency"": ""95.5""}"
Сделай громче на 10,volume_change,"{""delta"": 10}"
Уменьши громкость на 5 единиц,volume_change,"{""delta"": -5}"
Поставь на тихий режим,volume_mute_set,"{""state"": ""on""}"
Переключи на следующий трек,next_track,
Останови музыку,stop_music,
Позвони Алексею,call_start,"{""contact"": ""Алексей""}"
Ответь на звонок,call_answer,
Отмени навигацию,nav_cancel,
Как доехать до аэропорта?,nav_start,"{""destination"": ""аэропорт""}"
Включи фары на авто,headlights_set,"{""state"": ""on""}"
Поставь дворники на высокую скорость,wipers_set,"{""speed"": ""high""}"
Как дела?,chitchat,
Сделай потише,volume_change,"{""direction"": ""down""}"
Открой окно у водителя на тридцать процентов,window_set,"{""action"": ""set"", ""window"": ""driver"", ""percent"": 30}"
Закрой окно пассажира полностью,window_set,"{""action"": ""close"", ""window"": ""passenger""}"
Приоткрой все окна,window_set,"{""action"": ""open"", ""window"": ""all""}"
Сделай громче на десять процентов,volume_change,"{""delta"": 10}"
Уменьши громкость на восемь,volume_change,"{""delta"": -8}"
Поставь громкость на восемьдесят,volume_set,"{""level"": 80}"
Включи кондиционер и установи 22 градуса,ac_set,"{""state"": ""on"", ""temperature"": 22}"
Выключи климат-контроль,ac_off,
Включи рециркуляцию воздуха,ac_mode_set,"{""enabled"": true}"
Поставь вентилятор на максимальную скорость,ac_fan_set,"{""level"": 100, ""speed"": ""high""}"
Включи обогрев сиденья пассажира на тридцать процентов,seat_heater_set,"{""seat"": ""passenger"", ""level"": 30}"
Включи обдув на заднее стекло,defrost_set,"{""state"": ""on"", ""target"": ""rear""}"
Закрой люк на тридцать процентов,sunroof_set,"{""action"": ""close"", ""percent"": 30}"
Включи радио на частоте 99.2,radio_set,"{""frequency"": ""99.2""}"
Переключи на следующий трек,next_track,
Отключи музыку,stop_music,
Как доехать до аэропорта?,nav_start,"{""destination"": ""аэропорт""}"
Перезвони мне через десять минут,call_start,"{""contact"": ""мне""}"
Ответь на звонок,call_answer,
Выключи фары,headlights_set,"{""state"": ""off""}"
Сделай погромче на пять,volume_change,"{""delta"": 5}"
Как дела?,chitchat,
Приоткрой окно у водителя,window_set,"{""action"": ""open"", ""window"": ""driver""}"
"Закрой все окна, пожалуйста",window_set,"{""action"": ""close"", ""window"": ""all""}"
"Сделай так, чтобы окно пассажира было приоткрыто на 30 процентов",window_set,"{""action"": ""set"", ""window"": ""passenger"", ""percent"": 30}"
Открой все окна на максимум,window_set,"{""action"": ""set"", ""window"": ""all"", ""percent"": 100}"
Включи кондиционер на 22 градуса,ac_set,"{""state"": ""on"", ""temperature"": 22}"
"Пожалуйста, выключи кондиционер",ac_off,
Установи режим рециркуляции,ac_mode_set,"{""enabled"": true}"
Включи обогрев сиденья пассажира на 75 процентов,seat_heater_set,"{""seat"": ""passenger"", ""level"": 75}"
Настрой кондиционер на 18 градусов,ac_set,"{""state"": ""on"", ""temperature"": 18}"
"Пожалуйста, отключи обогрев сиденья водителя",seat_heater_set,"{""seat"": ""driver"", ""level"": 0}"
Сделай вентилятор на среднем уровне,ac_fan_set,"{""level"": 50, ""speed"": ""medium""}"
Включи обогрев сидений на полную,seat_heater_set,"{""seat"": ""driver"", ""level"": 100}"
Открой люк на половину,sunroof_set,"{""action"": ""open"", ""percent"": 50}"
Закрой люк полностью,sunroof_close,
Включи музыку,play_music,
Поставь радио на 95.5,radio_set,"{""frequency"": ""95.5""}"
Сделай громче на 10,volume_change,"{""delta"": 10}"
Убавь звук на 5 процентов,volume_change,"{""delta"": -5}"
Поставь на случайный порядок воспроизведения,media_shuffle_set,
"Пауза, пожалуйста",media_pause,
Следующий трек,next_track,
Как мне доехать до центра города?,nav_start,"{""destination"": ""центр города""}"
Отмени навигацию,nav_cancel,
Позвони Игорю,call_start,"{""contact"": ""Игорь""}"
Ответь на звонок,call_answer,
Заверши разговор,call_hangup,
Включи фары,headlights_set,"{""state"": ""on""}"
"Пожалуйста, выключи дальний свет",high_beam_set,"{""state"": ""off""}"
Установи дворники на авто,wipers_set,"{""speed"": ""auto""}"
Поставь режим дождя на ручной,rain_set,"{""mode"": ""manual""}"
"Привет, как дела?",chitchat,
"Душно в машине, открой окно",window_set,"{""action"": ""open"", ""window"": ""driver""}"
Сделай громкость на 50 процентов,volume_set,"{""level"": 50}"
Поставь на USB,media_source_set,"{""source"": ""usb""}"
Открой окно у водителя на десять процентов,window_set,"{""action"": ""set"", ""window"": ""driver"", ""percent"": 10}"
"Закрой пассажирское окно полностью, пожалуйста",window_set,"{""action"": ""close"", ""window"": ""passenger""}"
Приоткрой все окна,window_set,"{""action"": ""open"", ""window"": ""all""}"
"Сделай тепло, установи кондиционер на 25 градусов",ac_set,"{""state"": ""on"", ""temperature"": 25}"
Включи кондиционер,ac_set,"{""state"": ""on"", ""temperature"": 20}"
Выключи кондиционер,ac_off,
Установи рециркуляцию воздуха,ac_mode_set,"{""enabled"": true}"
Сделай скорость вентилятора на максимум,ac_fan_set,"{""level"": 100, ""speed"": ""high""}"
Включи обогрев сиденья пассажира на 50 процентов,seat_heater_set,"{""seat"": ""passenger"", ""level"": 50}"
Выключи обогрев сиденья водителя,seat_heater_set,"{""seat"": ""driver"", ""level"": 0}"
Включи обогрев сиденья на максимум,seat_heater_set,"{""seat"": ""driver"", ""level"": 100}"
Включи обдув заднего стекла,defrost_set,"{""state"": ""on"", ""target"": ""rear""}"
Выключи обдув переднего стекла,defrost_set,"{""state"": ""off"", ""target"": ""front""}"
Открой люк на 30 процентов,sunroof_set,"{""action"": ""open"", ""percent"": 30}"
Закрой люк,sunroof_close,
Включи радио на частоте 90.5,radio_set,"{""frequency"": ""90.5""}"
Сделай громче на пять,volume_change,"{""delta"": 5}"
Уменьши громкость на 10 процентов,volume_change,"{""delta"": -10}"
"Сделай тише, пожалуйста",volume_change,"{""direction"": ""down""}"
Поставь источник на Bluetooth,media_source_set,"{""source"": ""bluetooth""}"
Включи воспроизведение музыки,play_music,
Останови музыку,stop_music,
Как доехать до Крымской набережной?,nav_start,"{""destination"": ""Крымская набережная""}"
Отмени навигацию,nav_cancel,
Позвони маме,call_start,"{""contact"": ""мама""}"
Ответь на звонок,call_answer,
Заканчивай звонок,call_hangup,
Включи фары,headlights_set,"{""state"": ""on""}"
Выключи фары,headlights_set,"{""state"": ""off""}"
Включи дворники на низкой скорости,wipers_set,"{""speed"": ""low""}"
Установи режим дворников на авто,rain_set,"{""mode"": ""auto""}"
"Привет, как дела?",chitchat,
Как ты сегодня?,chitchat,
Открой окно у водителя на тридцать процентов,window_set,"{""action"": ""set"", ""window"": ""driver"", ""percent"": 30}"
Закрой пассажирское окно,window_set,"{""action"": ""close"", ""window"": ""passenger""}"
"Можно, пожалуйста, приоткрыть окно",window_set,"{""action"": ""open"", ""window"": ""all""}"
Сделай климат на двадцать два градуса,ac_set,"{""state"": ""on"", ""temperature"": 22}"
Выключи кондиционер,ac_off,
Включи кондиционер и установи 25 градусов,ac_set,"{""state"": ""on"", ""temperature"": 25}"
Сделай обдув на максимуме,ac_fan_set,"{""level"": 100, ""speed"": ""high""}"
Включи обогрев сиденья пассажира на 50 процентов,seat_heater_set,"{""seat"": ""passenger"", ""level"": 50}"
Выключи обогрев сиденья водителя,seat_heater_set,"{""seat"": ""driver"", ""level"": 0}"
"Привет, как дела?",chitchat,
Включи музыку,play_music,
Приостанови музыку,media_pause,
Сделай громче на десять,volume_change,"{""delta"": 10}"
Убавь громкость на пятьдесят процентов,volume_change,"{""delta"": -50}"
Поставь уровень громкости на 70,volume_set,"{""level"": 70}"
Слушай радио на частоте 98.6,radio_set,"{""frequency"": ""98.6""}"
"Навигатор, проложи маршрут до аэропорта",nav_start,"{""destination"": ""аэропорт""}"
Отмени навигацию,nav_cancel,
Позвони Сергею,call_start,"{""contact"": ""Сергей""}"
Ответь на звонок,call_answer,
Выключи фары,headlights_set,"{""state"": ""off""}"
Включи дальний свет,high_beam_set,"{""state"": ""on""}"
Скорость дворников на авто,wipers_set,"{""speed"": ""auto""}"
Переключи на рециркуляцию,ac_mode_set,"{""enabled"": true}"
Закрой люк полностью,sunroof_set,"{""action"": ""close"", ""percent"": 100}"
Сделай музыку потише на восемь,volume_change,"{""delta"": -8}"
Открой окно у водителя,window_set,"{""action"": ""open"", ""window"": ""driver""}"
Закрой пассажирское окно на половину,window_set,"{""action"": ""set"", ""window"": ""passenger"", ""percent"": 50}"
Приоткрой все окна,window_set,"{""action"": ""open"", ""window"": ""all""}"
Закрой стекло водителя полностью,window_set,"{""action"": ""close"", ""window"": ""driver""}"
"Можно, пожалуйста, открыть окно у пассажира?",window_set,"{""action"": ""open"", ""window"": ""passenger""}"
Включи кондиционер на 22 градуса,ac_set,"{""state"": ""on"", ""temperature"": 22}"
Выключи кондиционер,ac_off,
Поставь кондиционер в режим обдува,ac_mode_set,"{""enabled"": true}"
Включи обогрев сиденья на 50%,seat_heater_set,"{""seat"": ""driver"", ""level"": 50}"
Отключи обогрев сидения пассажира,seat_heater_set,"{""seat"": ""passenger"", ""level"": 0}"
Сделай погромче на десять,volume_change,"{""delta"": 10}"
Убавь громкость на 5 единиц,volume_change,"{""delta"": -5}"
Поставь громкость на 70 процентов,volume_set,"{""level"": 70}"
Включи радио на частоте 92.0,radio_set,"{""frequency"": ""92.0""}"
Переключи на следующую песню,next_track,
Выключи музыку,stop_music,
Как доехать до Кремля?,nav_start,"{""destination"": ""Кремль""}"
Отмени навигацию,nav_cancel,
Позвони Анне,call_start,"{""contact"": ""Анна""}"
Ответь на звонок,call_answer,
Закрой все окна,window_set,"{""action"": ""close"", ""window"": ""all""}"
"Душно, открой все окна",window_set,"{""action"": ""open"", ""window"": ""all""}"
Включи рециркуляцию в кондиционере,ac_mode_set,"{""enabled"": true}"
Сделай громкость потише,volume_change,"{""direction"": ""down""}"
Настрой музыку на Bluetooth,media_source_set,"{""source"": ""bluetooth""}"
Как дела?,chitchat,
"Неплохо, спасибо!",chitchat,
"Пожалуйста, закройте окно водителя",window_set,"{""action"": ""close"", ""window"": ""driver""}"
Можно приоткрыть окно у пассажира?,window_set,"{""action"": ""open"", ""window"": ""passenger""}"
Откройте все окна на тридцать процентов,window_set,"{""action"": ""set"", ""window"": ""all"", ""percent"": 30}"
"Жарко, откройте окошко",window_set,"{""action"": ""open"", ""window"": ""driver""}"
"Закройте окна, пожалуйста",window_set,"{""action"": ""close"", ""window"": ""all""}"
Включи кондиционер на 22 градуса,ac_set,"{""state"": ""on"", ""temperature"": 22}"
Отключи кондиционер,ac_set,"{""state"": ""off""}"
Поставь кондиционер на 18 градусов,ac_set,"{""state"": ""on"", ""temperature"": 18}"
Включи обдув,ac_mode_set,"{""enabled"": true}"
Включи рециркуляцию,ac_mode_set,"{""enabled"": true}"
Выключи рециркуляцию,ac_mode_set,"{""enabled"": false}"
Установи вентилятор на максимальную скорость,ac_fan_set,"{""level"": 100, ""speed"": ""high""}"
Сделай вентилятор на низкой скорости,ac_fan_set,"{""level"": 20, ""speed"": ""low""}"
Включи обогрев сиденья пассажира на 50%,seat_heater_set,"{""seat"": ""passenger"", ""level"": 50}"
Выключи обогрев сиденья водителя,seat_heater_set,"{""seat"": ""driver"", ""level"": 0}"
Включи обогрев сиденья на 100%,seat_heater_set,"{""seat"": ""driver"", ""level"": 100}"
Поставь кондиционер на 20 градусов,ac_set,"{""state"": ""on"", ""temperature"": 20}"
Включи обогрев сиденья на минимуме,seat_heater_set,"{""seat"": ""driver"", ""level"": 1}"
Сделай громче на 5,volume_change,"{""delta"": 5}"
Убавь звук на 10 процентов,volume_change,"{""delta"": -10}"
Сделай громче на десять,volume_change,"{""delta"": 10}"
Установи громкость на 50 процентов,volume_set,"{""level"": 50}"
Поставь громкость на максимум,volume_set,"{""level"": 100}"
Уменьши громкость до 30,volume_set,"{""level"": 30}"
Сделай тихо,volume_mute_set,"{""state"": ""on""}"
"Пожалуйста, сделай звук погромче",volume_mute_set,"{""state"": ""off""}"
Запусти музыку,play_music,
Приостанови воспроизведение,media_pause,
Переключи на следующую песню,next_track,
Поставь на предыдущую песню,previous_track,
Сделай громче,volume_change,"{""direction"": ""up""}"
Сделай тише,volume_change,"{""direction"": ""down""}"
Выключи музыку,stop_music,
Настрой радио на 102.5,radio_set,"{""frequency"": ""102.5""}"
Переключи на радио,media_source_set,"{""source"": ""radio""}"
Включи Bluetooth,media_source_set,"{""source"": ""bluetooth""}"
Выключи радио,stop_music,
Поехали на Красную площадь,nav_start,"{""destination"": ""Красная площадь""}"
Как доехать до Третьяковской галереи?,nav_start,"{""destination"": ""Третьяковская галерея""}"
Отмени маршрут,nav_cancel,
Позвони маме,call_start,"{""contact"": ""мама""}"
Скинь трубку,call_hangup,
Ответь на звонок,call_answer,
"Привет, как дела?",chitchat,
Как ты?,chitchat,
Что нового?,chitchat,
Доброе утро,chitchat,
Добрый вечер,chitchat,
Открой окно водителя на двадцать процентов,window_set,"{""action"": ""set"", ""window"": ""driver"", ""percent"": 20}"
"Пожалуйста, закрой пассажирское окно полностью",window_set,"{""action"": ""close"", ""window"": ""passenger""}"
Закрой все окна,window_set,"{""action"": ""close"", ""window"": ""all""}"
Открой окно на сто процентов,window_set,"{""action"": ""open"", ""window"": ""driver"", ""percent"": 100}"
"Жарко, открой окошко",window_set,"{""action"": ""open"", ""window"": ""passenger""}"
Закрой окно у водителя,window_set,"{""action"": ""close"", ""window"": ""driver""}"
Включи кондиционер и установи 22 градуса,ac_set,"{""state"": ""on"", ""temperature"": 22}"
Поставь климат-контроль на 18 градусов,ac_set,"{""state"": ""on"", ""temperature"": 18}"
Отключи кондиционер,ac_off,
Запусти обдув на автомате,ac_mode_set,"{""enabled"": true}"
Отключи рециркуляцию воздуха,ac_mode_set,"{""enabled"": false}"
Увеличь мощность вентилятора на 30%,ac_fan_set,"{""level"": 30, ""speed"": ""medium""}"
Сделай вентилятор на максимуме,ac_fan_set,"{""level"": 100, ""speed"": ""high""}"
Обогрей сиденье пассажира на 50%,seat_heater_set,"{""seat"": ""passenger"", ""level"": 50}"
Включи обогрев сиденья водителя,seat_heater_set,"{""seat"": ""driver"", ""level"": 100}"
Включи обогрев сиденья на минимуме,seat_heater_set,"{""seat"": ""driver"", ""level"": 0}"
"Пожалуйста, включи кондиционер",ac_set,"{""state"": ""on"", ""temperature"": 20}"
Как мне доехать до музея?,nav_start,"{""destination"": ""музей""}"
Проложи маршрут до аэропорта,nav_start,"{""destination"": ""аэропорт""}"
Отмени навигацию,nav_cancel,
Позвони Сергею,call_start,"{""contact"": ""Сергей""}"
Перезвони мне на этот номер,call_start,"{""contact"": ""номер""}"
Ответь на звонок,call_answer,
Закрой звонок,call_hangup,
Включи дальний свет,high_beam_set,"{""state"": ""on""}"
Выключи фары,headlights_set,"{""state"": ""off""}"
Поставь фары на автомат,headlights_set,"{""state"": ""auto""}"
Как дела?,chitchat,
"Привет, как ты?",chitchat,
Сделай погромче на восемь,volume_change,"{""delta"": 8}"
Уменьши громкость на пятнадцать,volume_change,"{""delta"": -15}"
Сделай громкость на уровне 70,volume_set,"{""level"": 70}"
Поставь музыку на паузу,media_pause,
Включи музыку,play_music,
Переключи на следующий трек,next_track,
Включи радио на 95.0,radio_set,"{""frequency"": ""95.0""}"
Поставь Bluetooth в качестве источника,media_source_set,"{""source"": ""bluetooth""}"
Сделай тишину,volume_mute_set,"{""state"": ""on""}"
Переключи на все повторения,media_repeat_set,"{""mode"": ""all""}"
Открой окно у водителя,window_set,"{""action"": ""open"", ""window"": ""driver""}"
Закрой все окна,window_set,"{""action"": ""close"", ""window"": ""all""}"
Приоткрой пассажирское стекло на тридцать процентов,window_set,"{""action"": ""set"", ""window"": ""passenger"", ""percent"": 30}"
Закрой заднее окно,window_set,"{""action"": ""close"", ""window"": ""rear""}"
Поставь кондиционер на 21 градус,ac_set,"{""state"": ""on"", ""temperature"": 21}"
Включи кондиционер,ac_set,"{""state"": ""on"", ""temperature"": 22}"
Выключи кондиционер,ac_off,
Сделай обдув сильнее,ac_mode_set,"{""enabled"": true}"
Поставь обогрев сиденья на максимум,seat_heater_set,"{""seat"": ""driver"", ""level"": 100}"
Выключи обогрев сиденья пассажира,seat_heater_set,"{""seat"": ""passenger"", ""level"": 0}"
Включи вентилятор на средней скорости,ac_fan_set,"{""level"": 50, ""speed"": ""medium""}"
Открой люк на половину,sunroof_set,"{""action"": ""open"", ""percent"": 50}"
Закрой люк,sunroof_close,
Увеличь громкость на 10,volume_change,"{""delta"": 10}"
Сделай потише на 5,volume_change,"{""delta"": -5}"
Поставь громкость на 80 процентов,volume_set,"{""level"": 80}"
Выключи звук,volume_mute_set,"{""state"": ""on""}"
Следующий трек,next_track,
Включи радио на частоте 99.3,radio_set,"{""frequency"": ""99.3""}"
Позвони Игорю,call_start,"{""contact"": ""Игорь""}"
Ответь на звонок,call_answer,
Завершить звонок,call_hangup,
Как доехать до магазина?,nav_start,"{""destination"": ""магазин""}"
Отмени навигацию,nav_cancel,
Включи фары,headlights_set,"{""state"": ""on""}"
Выключи дальний свет,high_beam_set,"{""state"": ""off""}"
Установи стеклоочистители на авто,rain_set,"{""mode"": ""auto""}"
"Привет, как дела?",chitchat,
"Душно в машине, открой окна",window_set,"{""action"": ""open"", ""window"": ""all""}"
Включи музыку,play_music,
Пауза,media_pause,
Сделай громче,volume_change,"{""direction"": ""up""}"
Сделай потише,volume_change,"{""direction"": ""down""}"
Поставь на радио любимую станцию,radio_set_station,"{""station"": ""любимая станция""}"
Включи обогрев сиденья пассажира на 50,seat_heater_set,"{""seat"": ""passenger"", ""level"": 50}"
Поставь кондиционер на 19 градусов,ac_set,"{""state"": ""on"", ""temperature"": 19}"
Открой окно у водителя на 50 процентов,window_set,"{""action"": ""set"", ""window"": ""driver"", ""percent"": 50}"
Закрой окно пассажира,window_set,"{""action"": ""close"", ""window"": ""passenger""}"
Приоткрой стекло сзади,window_set,"{""action"": ""open"", ""window"": ""all""}"
Включи кондиционер на 22 градуса,ac_set,"{""state"": ""on"", ""temperature"": 22}"
"Выключи кондиционер, пожалуйста",ac_set,"{""state"": ""off"", ""temperature"": 0}"
Отключи кондиционер,ac_off,
Включи рециркуляцию воздуха,ac_mode_set,"{""enabled"": true}"
Поставь вентилятор на среднюю скорость,ac_fan_set,"{""level"": 50, ""speed"": ""medium""}"
Включи обогрев сиденья водителя на максимум,seat_heater_set,"{""seat"": ""driver"", ""level"": 100}"
Выключи обогрев сиденья пассажира,seat_heater_set,"{""seat"": ""passenger"", ""level"": 0}"
"Включи кондиционер, настрой на 20 градусов",ac_set,"{""state"": ""on"", ""temperature"": 20}"
Закрой люк полностью,sunroof_set,"{""action"": ""close"", ""percent"": 100}"
Открой люк на 75 процентов,sunroof_set,"{""action"": ""open"", ""percent"": 75}"
Включи радио на частоте 90.5,radio_set,"{""frequency"": ""90.5""}"
Сделай громче на 10,volume_change,"{""delta"": 10}"
Убавь громкость на 5 единиц,volume_change,"{""delta"": -5}"
Поставь источник на Bluetooth,media_source_set,"{""source"": ""bluetooth""}"
Следующий трек,next_track,
Приостанови музыку,media_pause,
Начни навигацию до вокзала,nav_start,"{""destination"": ""вокзал""}"
Отмени маршрут,nav_cancel,
Позвони Василисе,call_start,"{""contact"": ""Василиса""}"
Ответь на звонок,call_answer,
Повесь трубку,call_hangup,
Включи фары,headlights_set,"{""state"": ""on""}"
Выключи дальний свет,high_beam_set,"{""state"": ""off""}"
Увеличь скорость дворников,wipers_set,"{""speed"": ""high""}"
Сделай дворники на авто,rain_set,"{""mode"": ""auto""}"
Как дела?,chitchat,
Что нового?,chitchat,
Открой окно у водителя на восемьдесят процентов,window_set,"{""action"": ""set"", ""window"": ""driver"", ""percent"": 80}"
"Приоткрой стекло у пассажира, пожалуйста",window_set,"{""action"": ""open"", ""window"": ""passenger""}"
Закрой все окна в машине,window_set,"{""action"": ""close"", ""window"": ""all""}"
"Душно, открой окна",window_set,"{""action"": ""open"", ""window"": ""all""}"
Включи кондиционер на двадцать три градуса,ac_set,"{""state"": ""on"", ""temperature"": 23}"
"Пожалуйста, выключи кондиционер",ac_off,
Поставь обдув на авто,ac_mode_set,"{""enabled"": true}"
Сделай вентилятор на среднем уровне,ac_fan_set,"{""level"": 50, ""speed"": ""medium""}"
Включи подогрев сиденья пассажира на двадцать процентов,seat_heater_set,"{""seat"": ""passenger"", ""level"": 20}"
Открой люк на полностью,sunroof_set,"{""action"": ""open"", ""percent"": 100}"
Сделай погромче на десять,volume_change,"{""delta"": 10}"
Уменьши громкость на восемь,volume_change,"{""delta"": -8}"
Поставь уровень громкости на пятьдесят,volume_set,"{""level"": 50}"
Включи радио на частоте 95.5,radio_set,"{""frequency"": ""95.5""}"
Включи музыку,play_music,
Поставь Bluetooth как источник,media_source_set,"{""source"": ""bluetooth""}"
Как доехать до ближайшего кафе?,nav_start,"{""destination"": ""ближайшее кафе""}"
"Привет, как дела?",chitchat,
"Позвони Александру, пожалуйста",call_start,"{""contact"": ""Александр""}"
Ответь на звонок,call_answer,
Закрой фары,headlights_set,"{""state"": ""off""}"
Закрой стекло у пассажира,window_set,"{""action"": ""close"", ""window"": ""passenger""}"
Открой все окна на тридцать процентов,window_set,"{""action"": ""set"", ""window"": ""all"", ""percent"": 30}"
"Приоткрой водительское окно, пожалуйста",window_set,"{""action"": ""open"", ""window"": ""driver""}"
"Можно, пожалуйста, закрыть окно у водителя?",window_set,"{""action"": ""close"", ""window"": ""driver""}"
Настрой кондиционер на 24 градуса,ac_set,"{""state"": ""on"", ""temperature"": 24}"
Включи климат-контроль на 20 градусов,ac_set,"{""state"": ""on"", ""temperature"": 20}"
Выключи кондиционер,ac_off,
Включи рециркуляцию воздуха,ac_mode_set,"{""enabled"": true}"
Увеличь скорость вентилятора до максимума,ac_fan_set,"{""level"": 100, ""speed"": ""high""}"
Поставь обогрев сиденья пассажира на 50%,seat_heater_set,"{""seat"": ""passenger"", ""level"": 50}"
Включи обогрев сиденья водителя,seat_heater_set,"{""seat"": ""driver"", ""level"": 100}"
Выключи обогрев сиденья,seat_heater_set,"{""seat"": ""driver"", ""level"": 0}"
Включи обдув стекол,defrost_set,"{""state"": ""on"", ""target"": ""front""}"
Выключи задний обогрев,defrost_set,"{""state"": ""off"", ""target"": ""rear""}"
Открой люк на двадцать процентов,sunroof_set,"{""action"": ""open"", ""percent"": 20}"
Закрой люк полностью,sunroof_set,"{""action"": ""close"", ""percent"": 100}"
Проиграй музыку,play_music,
Останови музыку,stop_music,
Сделай громче на десять,volume_change,"{""delta"": 10}"
Снизь громкость на пятнадцать процентов,volume_change,"{""delta"": -15}"
Установи громкость на 70,volume_set,"{""level"": 70}"
Выключи звук,volume_mute_set,"{""state"": ""on""}"
Включи радио на частоте 95.0,radio_set,"{""frequency"": ""95.0""}"
Поставь источник на Bluetooth,media_source_set,"{""source"": ""bluetooth""}"
Как доехать до Кремля?,nav_start,"{""destination"": ""Кремль""}"
Отмени маршрут,nav_cancel,
Позвони Анне,call_start,"{""contact"": ""Анна""}"
Ответь на звонок,call_answer,
Повесь трубку,call_hangup,
Включи фары,headlights_set,"{""state"": ""on""}"
Выключи ближний свет,high_beam_set,"{""state"": ""off""}"
Установи дворники на высокую скорость,wipers_set,"{""speed"": ""high""}"
Включи режим дождя,rain_set,"{""mode"": ""auto""}"
Как дела?,chitchat,
Привет,chitchat,
Закрой окно у водителя,window_set,"{""action"": ""close"", ""window"": ""driver""}"
Приоткрой стекло у пассажира на тридцать процентов,window_set,"{""action"": ""set"", ""window"": ""passenger"", ""percent"": 30}"
Открой все окна наполовину,window_set,"{""action"": ""set"", ""window"": ""all"", ""percent"": 50}"
Закрой все окна,window_set,"{""action"": ""close"", ""window"": ""all""}"
Сделай кондиционер на двадцать два градуса,ac_set,"{""state"": ""on"", ""temperature"": 22}"
Выключи кондиционер,ac_off,
Включи климат-контроль на 20 градусов,ac_set,"{""state"": ""on"", ""temperature"": 20}"
Включи рециркуляцию воздуха,ac_mode_set,"{""enabled"": true}"
Выключи рециркуляцию,ac_mode_set,"{""enabled"": false}"
Включи вентилятор на максимуме,ac_fan_set,"{""level"": 100, ""speed"": ""high""}"
Сделай вентилятор на низкой скорости,ac_fan_set,"{""level"": 30, ""speed"": ""low""}"
Включи обогрев сиденья у пассажира на 70 процентов,seat_heater_set,"{""seat"": ""passenger"", ""level"": 70}"
Поставь обогрев у водителя на максимуме,seat_heater_set,"{""seat"": ""driver"", ""level"": 100}"
Включи вентиляцию сиденья у водителя на 50 процентов,seat_vent_set,"{""seat"": ""driver"", ""level"": 50}"
Выключи вентилятор на сиденье пассажира,seat_vent_set,"{""seat"": ""passenger"", ""level"": 0}"
Включи обогрев заднего стекла,defrost_set,"{""state"": ""on"", ""target"": ""rear""}"
Выключи обогрев переднего стекла,defrost_set,"{""state"": ""off"", ""target"": ""front""}"
Открой люк на 60 процентов,sunroof_set,"{""action"": ""open"", ""percent"": 60}"
Закрой люк полностью,sunroof_close,
Поставь радио на 95.5,radio_set,"{""frequency"": ""95.5""}"
Включи следующий трек,next_track,
Сделай громче на 10,volume_change,"{""delta"": 10}"
Уменьши громкость на 5 процентов,volume_change,"{""delta"": -5}"
Поставь громкость на 80,volume_set,"{""level"": 80}"
Выключи звук,volume_mute_set,"{""state"": ""on""}"
Включи звук,volume_mute_set,"{""state"": ""off""}"
Переключи на USB,media_source_set,"{""source"": ""usb""}"
Запусти музыку,play_music,
Останови музыку,stop_music,
Ответь на звонок,call_answer,
Позвони Саше,call_start,"{""contact"": ""Саша""}"
Как доехать до ближайшей заправки?,nav_start,"{""destination"": ""ближайшая заправка""}"
Отмени навигацию,nav_cancel,
Включи фары,headlights_set,"{""state"": ""on""}"
Выключи фары,headlights_set,"{""state"": ""off""}"
Увеличь скорость дворников до высокой,wipers_set,"{""speed"": ""high""}"
Сделай дворники на низкой скорости,wipers_set,"{""speed"": ""low""}"
Как дела?,chitchat,
"Привет, как ты?",chitchat,
Приоткрой окно у водителя,window_set,"{""action"": ""open"", ""window"": ""driver""}"
Закрой окно полностью,window_set,"{""action"": ""close"", ""window"": ""all""}"
"Сделай, пожалуйста, стекло на пассажирской стороне немного ниже",window_set,"{""action"": ""set"", ""window"": ""passenger"", ""percent"": 30}"
Увеличь температуру в кондиционере до 25 градусов,ac_set,"{""state"": ""on"", ""temperature"": 25}"
Выключи кондиционер,ac_off,
Включи рециркуляцию воздуха,ac_mode_set,"{""enabled"": true}"
Сделай вентилятор на максимуме,ac_fan_set,"{""level"": 100, ""speed"": ""high""}"
Поставь обогрев сиденья для пассажира на 70,seat_heater_set,"{""seat"": ""passenger"", ""level"": 70}"
Закрой люк на 50 процентов,sunroof_set,"{""action"": ""close"", ""percent"": 50}"
Начни навигацию до аэропорта,nav_start,"{""destination"": ""аэропорт""}"
Как доехать до ближайшей заправки?,nav_start,"{""destination"": ""ближайшая заправка""}"
Сделай громче на десять,volume_change,"{""delta"": 10}"
Уменьши громкость на 5 процентов,volume_change,"{""delta"": -5}"
Включи музыку,play_music,
Останови воспроизведение,stop_music,
Включи радио на частоте 101.5,radio_set,"{""frequency"": ""101.5""}"
Позвони Сергею,call_start,"{""contact"": ""Сергей""}"
Ответь на звонок,call_answer,
Выключи фары,headlights_set,"{""state"": ""off""}"
Сделай стеклоочистители на авто,wipers_set,"{""speed"": ""auto""}"
"Привет, как дела?",chitchat,
Закрой окно водителя,window_set,"{""action"": ""close"", ""window"": ""driver""}"
Открой пассажирское окно на тридцать процентов,window_set,"{""action"": ""set"", ""window"": ""passenger"", ""percent"": 30}"
Приоткрой все окна,window_set,"{""action"": ""open"", ""window"": ""all""}"
"Пожалуйста, закройте все окна",window_set,"{""action"": ""close"", ""window"": ""all""}"
Включи кондиционер на 22 градуса,ac_set,"{""state"": ""on"", ""temperature"": 22}"
Выключи кондиционер,ac_off,
Поставь кондиционер на 18 градусов,ac_set,"{""state"": ""on"", ""temperature"": 18}"
Включи рециркуляцию воздуха,ac_mode_set,"{""enabled"": true}"
Убери кондиционер,ac_mode_set,"{""enabled"": false}"
Сделай потише на десять,volume_change,"{""delta"": -10}"
Поставь громкость на 50%,volume_set,"{""level"": 50}"
Сделай громче на три,volume_change,"{""delta"": 3}"
"Пожалуйста, убавь звук на 5 единиц",volume_change,"{""delta"": -5}"
Переключи на радио,media_source_set,"{""source"": ""radio""}"
Включи музыку из Bluetooth,media_source_set,"{""source"": ""bluetooth""}"
Останови воспроизведение музыки,stop_music,
Следующий трек,next_track,
Сделай громкость на 70 процентов,volume_set,"{""level"": 70}"
Запусти навигацию до аэропорта,nav_start,"{""destination"": ""аэропорт""}"
Отмени маршрут,nav_cancel,
Позвони другу,call_start,"{""contact"": ""друг""}"
Ответь на звонок,call_answer,
Заверши звонок,call_hangup,
Включи фары,headlights_set,"{""state"": ""on""}"
Выключи дальний свет,high_beam_set,"{""state"": ""off""}"
Поставь стеклоочистители на авто,wipers_set,"{""speed"": ""auto""}"
Увеличь скорость дворников на максимум,wipers_set,"{""speed"": ""high""}"
Сделай свет фар авто,headlights_set,"{""state"": ""auto""}"
"Привет, как дела?",chitchat,
Какой сегодня день?,chitchat,
Открой окно водителя на сто процентов,window_set,"{""action"": ""open"", ""window"": ""driver"", ""percent"": 100}"
"Пожалуйста, закрой все окна",window_set,"{""action"": ""close"", ""window"": ""all""}"
"Сделай, пожалуйста, окно пассажира наполовину открытым",window_set,"{""action"": ""set"", ""window"": ""passenger"", ""percent"": 50}"
Кондиционер на тридцать градусов,ac_set,"{""state"": ""on"", ""temperature"": 30}"
Выключи кондиционер,ac_off,
Установи кондиционер на двадцать градусов,ac_set,"{""state"": ""on"", ""temperature"": 20}"
Включи рециркуляцию воздуха,ac_mode_set,"{""enabled"": true}"
Сделай скорость вентилятора высокой,ac_fan_set,"{""level"": 100, ""speed"": ""high""}"
Включи обогрев сиденья пассажира на тридцать процентов,seat_heater_set,"{""seat"": ""passenger"", ""level"": 30}"
Открой люк на семьдесят процентов,sunroof_set,"{""action"": ""open"", ""percent"": 70}"
Закрой люк,sunroof_close,
Выключи дворники на авто,wipers_set,"{""speed"": ""off""}"
Включи дворники на высокой скорости,wipers_set,"{""speed"": ""high""}"
Как доехать до метро?,nav_start,"{""destination"": ""метро""}"
Проложи маршрут до аэропорта,nav_start,"{""destination"": ""аэропорт""}"
Сделай громче на пять,volume_change,"{""delta"": 5}"
Поставь громкость на восемьдесят процентов,volume_set,"{""level"": 80}"
"Пожалуйста, переключи на радио",media_source_set,"{""source"": ""radio""}"
Пауза в воспроизведении музыки,media_pause,
Сделай потише на десять процентов,volume_change,"{""delta"": -10}"
Включи свет дальнего света,high_beam_set,"{""state"": ""on""}"
Выключи дальний свет,high_beam_set,"{""state"": ""off""}"
Звони Сергею,call_start,"{""contact"": ""Сергей""}"
Прими звонок,call_answer,
Повесь трубку,call_hangup,
"Душно в машине, открой окно",window_set,"{""action"": ""open"", ""window"": ""all""}"
"Мне холодно, поставь на двадцать два",ac_set,"{""state"": ""on"", ""temperature"": 22}"
Сделай громкость максимальной,volume_set,"{""level"": 100}"
Закрой окно водителя на тридцать процентов,window_set,"{""action"": ""set"", ""window"": ""driver"", ""percent"": 30}"
Открой стекло у пассажира,window_set,"{""action"": ""open"", ""window"": ""passenger""}"
"Можно, пожалуйста, закрыть все окна?",window_set,"{""action"": ""close"", ""window"": ""all""}"
Открой все окна на сто процентов,window_set,"{""action"": ""open"", ""window"": ""all"", ""percent"": 100}"
Поставь кондиционер на двадцать два градуса,ac_set,"{""state"": ""on"", ""temperature"": 22}"
Включи климат на 18 градусов,ac_set,"{""state"": ""on"", ""temperature"": 18}"
Выключи кондиционер,ac_off,
Включи рециркуляцию,ac_mode_set,"{""enabled"": true}"
Установи уровень вентилятора на 70,ac_fan_set,"{""level"": 70, ""speed"": ""medium""}"
Включи обогрев сиденья водителя на максимум,seat_heater_set,"{""seat"": ""driver"", ""level"": 100}"
Сделай обогрев сиденья пассажира на 50 процентов,seat_heater_set,"{""seat"": ""passenger"", ""level"": 50}"
Открой люк на 80 процентов,sunroof_set,"{""action"": ""open"", ""percent"": 80}"
Закрой люк полностью,sunroof_set,"{""action"": ""close"", ""percent"": 100}"
Включи музыку,play_music,
Останови музыку,stop_music,
Сделай громче на 10,volume_change,"{""delta"": 10}"
Убавь громкость на 5 единиц,volume_change,"{""delta"": -5}"
Переключи на радио 102.5,radio_set,"{""frequency"": ""102.5""}"
Поставь трек следующей песни,next_track,
Как доехать до метро?,nav_start,"{""destination"": ""метро""}"
Позвони маме,call_start,"{""contact"": ""мама""}"
Ответь на звонок,call_answer,
Выключи фары,headlights_set,"{""state"": ""off""}"
Включи дальний свет,high_beam_set,"{""state"": ""on""}"
Как дела?,chitchat,
"Душно в машине, включи кондиционер",ac_set,"{""state"": ""on"", ""temperature"": 20}"
Сделай громче на 15 процентов,volume_set,"{""level"": 85}"
Включи обогрев руля,wheel_heater_set,"{""state"": ""on""}"
Выключи дворники,wipers_set,"{""speed"": ""off""}"
Включи режим дождя на автомате,rain_set,"{""mode"": ""auto""}"
Выключи рециркуляцию,ac_mode_set,"{""enabled"": false}"
Переключи на USB,media_source_set,"{""source"": ""usb""}"
Включи режим повтора для этой песни,media_repeat_set,"{""mode"": ""one""}"
Как доехать до Аэропорта?,nav_start,"{""destination"": ""Аэропорт""}"
Приоткрой стекло у водителя на тридцать процентов,window_set,"{""action"": ""set"", ""window"": ""driver"", ""percent"": 30}"
"Закрой окно пассажира, пожалуйста",window_set,"{""action"": ""close"", ""window"": ""passenger""}"
"Сделай в салоне потеплее, включи кондиционер на двадцать градусов",ac_set,"{""state"": ""on"", ""temperature"": 20}"
Выключи кондиционер,ac_off,
Увеличь уровень обдува кондиционера до 75,ac_fan_set,"{""level"": 75, ""speed"": ""medium""}"
Сделай громче на десять,volume_change,"{""delta"": 10}"
Поставь радио на частоту 95.5,radio_set,"{""frequency"": ""95.5""}"
Можно переключить на Bluetooth?,media_source_set,"{""source"": ""bluetooth""}"
Как доехать до аэропорта?,nav_start,"{""destination"": ""аэропорт""}"
Позвони моему брату,call_start,"{""contact"": ""брат""}"
Включи обогрев сиденья пассажира на полную мощность,seat_heater_set,"{""seat"": ""passenger"", ""level"": 100}"
Сделай погромче на пять процентов,volume_change,"{""delta"": 5}"
Закрой люк,sunroof_close,
Включи обогрев руля,wheel_heater_set,"{""state"": ""on""}"
Включи фары,headlights_set,"{""state"": ""on""}"
Громкость на уровне 50,volume_set,"{""level"": 50}"
Открой все окна,window_set,"{""action"": ""open"", ""window"": ""all""}"
Можно сделать меньше громкость?,volume_change,"{""direction"": ""down""}"
Открой люк на 40 процентов,sunroof_set,"{""action"": ""open"", ""percent"": 40}"
Переключи на следующую песню,next_track,
Как дела?,chitchat,
Приоткрой окно у водителя,window_set,"{""action"": ""open"", ""window"": ""driver""}"
Закрой все окна,window_set,"{""action"": ""close"", ""window"": ""all""}"
Поставь окно пассажира на 30 процентов,window_set,"{""action"": ""set"", ""window"": ""passenger"", ""percent"": 30}"
"Сделай холоднее, выставь кондиционер на 18 градусов",ac_set,"{""state"": ""on"", ""temperature"": 18}"
Выключи кондиционер,ac_off,
Переключи режим кондиционера на рециркуляцию,ac_mode_set,"{""enabled"": true}"
Увеличь скорость вентилятора до 70,ac_fan_set,"{""level"": 70, ""speed"": ""medium""}"
Включи обогрев сиденья пассажира на максимум,seat_heater_set,"{""seat"": ""passenger"", ""level"": 100}"
Закрой люк,sunroof_close,
Запусти навигацию до Москвы,nav_start,"{""destination"": ""Москва""}"
Как доехать до ближайшего кафе?,nav_start,"{""destination"": ""ближайшее кафе""}"
Позвони Петру,call_start,"{""contact"": ""Петр""}"
Прими входящий вызов,call_answer,
Заверши звонок,call_hangup,
Включи фары,headlights_set,"{""state"": ""on""}"
Установи дворники на авто,wipers_set,"{""speed"": ""auto""}"
Сделай громче на 5,volume_change,"{""delta"": 5}"
Поставь громкость на 75 процентов,volume_set,"{""level"": 75}"
Включи радио на 101.5,radio_set,"{""frequency"": ""101.5""}"
Проиграй следующую композицию,next_track,
Как дела?,chitchat,
Открой окно водителя на половину,window_set,"{""action"": ""set"", ""window"": ""driver"", ""percent"": 50}"
Закрой все окна полностью,window_set,"{""action"": ""close"", ""window"": ""all""}"
Можно открыть пассажирское стекло?,window_set,"{""action"": ""open"", ""window"": ""passenger""}"
Приоткрой заднее окно на десять процентов,window_set,"{""action"": ""set"", ""window"": ""all"", ""percent"": 10}"
Закрой окно у водителя,window_set,"{""action"": ""close"", ""window"": ""driver""}"
Включи кондиционер на двадцать градусов,ac_set,"{""state"": ""on"", ""temperature"": 20}"
Выключи климат-контроль,ac_off,
Установи кондиционер на 25 градусов,ac_set,"{""state"": ""on"", ""temperature"": 25}"
Сделай температуру 22 градуса,ac_set,"{""state"": ""on"", ""temperature"": 22}"
Включи рециркуляцию воздуха,ac_mode_set,"{""enabled"": true}"
Установи обдув на средний,ac_fan_set,"{""level"": 50, ""speed"": ""medium""}"
Поставь на радио частоту 92.7,radio_set,"{""frequency"": ""92.7""}"
Включи музыку,play_music,
Останови музыку,stop_music,
Сделай громче на три,volume_change,"{""delta"": 3}"
Уменьши громкость на 10%,volume_change,"{""direction"": ""down""}"
Включи Bluetooth,media_source_set,"{""source"": ""bluetooth""}"
Переключи на следующий трек,next_track,
Прекрати воспроизведение,media_pause,
Как доехать до аэропорта?,nav_start,"{""destination"": ""аэропорт""}"
"Навигатор, отменить маршрут",nav_cancel,
Позвони Алексею,call_start,"{""contact"": ""Алексей""}"
Ответь на звонок,call_answer,
Закончи разговор,call_hangup,
Включи фары,headlights_set,"{""state"": ""on""}"
Выключи дальний свет,high_beam_set,"{""state"": ""off""}"
Дай немного музыки,chitchat,
Что ты думаешь о погоде?,chitchat,
"Жарко, включи кондиционер",ac_set,"{""state"": ""on"", ""temperature"": 24}"
"Мне душно, открой окно",window_set,"{""action"": ""open"", ""window"": ""all""}"
Включи обогрев сидения пассажира на максимум,seat_heater_set,"{""seat"": ""passenger"", ""level"": 100}"
Закрой люк полностью,sunroof_set,"{""action"": ""close"", ""percent"": 100}"
Поставь обогрев сидения на 50%,seat_heater_set,"{""seat"": ""driver"", ""level"": 50}"
Установи скорость дворников на авто,wipers_set,"{""speed"": ""auto""}"
Включи обогрев руля,wheel_heater_set,"{""state"": ""on""}"
Приоткрой окно у водителя,window_set,"{""action"": ""open"", ""window"": ""driver""}"
Закрой стекло пассажирской стороны,window_set,"{""action"": ""close"", ""window"": ""passenger""}"
Открой все окна наполовину,window_set,"{""action"": ""set"", ""window"": ""all"", ""percent"": 50}"
Закрой окошко полностью,window_set,"{""action"": ""close"", ""window"": ""all""}"
Установи кондиционер на 22 градуса,ac_set,"{""state"": ""on"", ""temperature"": 22}"
Включи климат на 18,ac_set,"{""state"": ""on"", ""temperature"": 18}"
Выключи кондиционер,ac_off,
Включи рециркуляцию,ac_mode_set,"{""enabled"": true}"
Увеличь скорость вентилятора на 50,ac_fan_set,"{""level"": 50, ""speed"": ""medium""}"
Сделай обогрев сиденья пассажира на максимум,seat_heater_set,"{""seat"": ""passenger"", ""level"": 100}"
Включи обогрев сиденья водителя на 30 процентов,seat_heater_set,"{""seat"": ""driver"", ""level"": 30}"
Поставь кондиционер на 26 градусов,ac_set,"{""state"": ""on"", ""temperature"": 26}"
Включи обогрев сиденья,seat_heater_set,"{""seat"": ""driver"", ""level"": 70}"
Выключи обогрев сидений,seat_heater_set,"{""seat"": ""driver"", ""level"": 0}"
Включи обдув лобового стекла,defrost_set,"{""state"": ""on"", ""target"": ""front""}"
Закрой люк полностью,sunroof_set,"{""action"": ""close"", ""percent"": 100}"
Открой люк на 50 процентов,sunroof_set,"{""action"": ""open"", ""percent"": 50}"
Закрой люк,sunroof_close,
Сделай погромче на 10,volume_change,"{""delta"": 10}"
Уменьши громкость на 5,volume_change,"{""delta"": -5}"
Сделай громче,volume_change,"{""direction"": ""up""}"
Выключи музыку,stop_music,
Включи музыку,play_music,
Поставь радио на 98.5,radio_set,"{""frequency"": ""98.5""}"
Как доехать до ближайшего ресторана?,nav_start,"{""destination"": ""ближайший ресторан""}"
Отмени навигацию,nav_cancel,
Позвони маме,call_start,"{""contact"": ""мама""}"
Ответь на звонок,call_answer,
Заверши разговор,call_hangup,
Включи фары,headlights_set,"{""state"": ""on""}"
Выключи фары,headlights_set,"{""state"": ""off""}"
Поставь режим дождя на авто,rain_set,"{""mode"": ""auto""}"
Включи подогрев руля,wheel_heater_set,"{""state"": ""on""}"
Как дела?,chitchat,
"Привет, как ты?",chitchat,
Открой окно водителя на двадцать процентов,window_set,"{""action"": ""open"", ""window"": ""driver"", ""percent"": 20}"
Закрой все окна,window_set,"{""action"": ""close"", ""window"": ""all""}"
Приоткрой пассажирское стекло,window_set,"{""action"": ""set"", ""window"": ""passenger"", ""percent"": 10}"
Поставь кондиционер на 22 градуса,ac_set,"{""state"": ""on"", ""temperature"": 22}"
Включи климат-контроль,ac_set,"{""state"": ""on"", ""temperature"": 20}"
Выключи кондиционер,ac_off,
Включи обогрев сиденья пассажира на 80 процентов,seat_heater_set,"{""seat"": ""passenger"", ""level"": 80}"
Выключи обогрев сидений,seat_heater_set,"{""seat"": ""driver"", ""level"": 0}"
Включи рециркуляцию воздуха,ac_mode_set,"{""enabled"": true}"
Сделай громче на десять,volume_change,"{""delta"": 10}"
Поставь громкость на уровень 50,volume_set,"{""level"": 50}"
Уменьши громкость на восемь,volume_change,"{""delta"": -8}"
Переключи на следующую песню,next_track,
Пауза музыки,media_pause,
Подключи Bluetooth,media_source_set,"{""source"": ""bluetooth""}"
Переключи на радио,media_source_set,"{""source"": ""radio""}"
Как доехать до Москвы?,nav_start,"{""destination"": ""Москва""}"
Отмени маршрут,nav_cancel,
Позвони другу,call_start,"{""contact"": ""друг""}"
Ответь на звонок,call_answer,
Выключи фары,headlights_set,"{""state"": ""off""}"
Включи дальний свет,high_beam_set,"{""state"": ""on""}"
Установи дворники на авто,wipers_set,"{""speed"": ""auto""}"
Как дела?,chitchat,
"Жарко, включи кондиционер",ac_set,"{""state"": ""on"", ""temperature"": 25}"
Сделай громкость тише,volume_change,"{""direction"": ""down""}"
Поставь музыку на повтор,media_repeat_set,"{""mode"": ""one""}"
Закрой люк,sunroof_close,
Открой люк на половину,sunroof_set,"{""action"": ""open"", ""percent"": 50}"
Увеличь скорость вентиляторов до максимума,ac_fan_set,"{""level"": 100, ""speed"": ""high""}"
"Сделай на меньше, чуть помедленнее",ac_fan_set,"{""level"": 50, ""speed"": ""medium""}"
Выключи задний обогрев,defrost_set,"{""state"": ""off"", ""target"": ""rear""}"
Включи передний обогрев,defrost_set,"{""state"": ""on"", ""target"": ""front""}"
Сделай обогрев сиденья водителя на 30,seat_heater_set,"{""seat"": ""driver"", ""level"": 30}"
Куда ты едешь?,chitchat,
Открой окно водителя на тридцать процентов,window_set,"{""action"": ""set"", ""window"": ""driver"", ""percent"": 30}"
Закрой все окна,window_set,"{""action"": ""close"", ""window"": ""all""}"
Приоткрой пассажирское стекло,window_set,"{""action"": ""open"", ""window"": ""passenger""}"
"Душно в машине, закрой окно",window_set,"{""action"": ""close"", ""window"": ""driver""}"
Сделай кондиционер на двадцать градусов,ac_set,"{""state"": ""on"", ""temperature"": 20}"
Включи климат на двадцать два,ac_set,"{""state"": ""on"", ""temperature"": 22}"
Выключи кондиционер,ac_off,
Поставь кондиционер на обдув,ac_mode_set,"{""enabled"": true}"
Добавь громкости на пятнадцать,volume_change,"{""delta"": 15}"
Сделай потише на десять,volume_change,"{""delta"": -10}"
Поставь громкость на 50%,volume_set,"{""level"": 50}"
Включи радио на частоте 95.5,radio_set,"{""frequency"": ""95.5""}"
Переключи на следующий трек,next_track,
Поставь USB в источник,media_source_set,"{""source"": ""usb""}"
Позвони Александру,call_start,"{""contact"": ""Александр""}"
Как доехать до аэропорта?,nav_start,"{""destination"": ""аэропорт""}"
Включи фары,headlights_set,"{""state"": ""on""}"
"Пожалуйста, выключи обогрев сиденья пассажира",seat_heater_set,"{""seat"": ""passenger"", ""level"": 0}"
Увеличь обдув до максимума,ac_fan_set,"{""level"": 100, ""speed"": ""high""}"
Как твои дела?,chitchat,
"Пожалуйста, открой окно у водителя",window_set,"{""action"": ""open"", ""window"": ""driver""}"
Закрой все окна,window_set,"{""action"": ""close"", ""window"": ""all""}"
Приоткрой стекло пассажира на 30 процентов,window_set,"{""action"": ""set"", ""window"": ""passenger"", ""percent"": 30}"
Сделай кондиционер холоднее до 18 градусов,ac_set,"{""state"": ""on"", ""temperature"": 18}"
Выключи кондиционер,ac_off,
Включи рециркуляцию воздуха,ac_mode_set,"{""enabled"": true}"
Поставь обогрев сиденья пассажира на 70%,seat_heater_set,"{""seat"": ""passenger"", ""level"": 70}"
Сделай вентилятор кондиционера на максимум,ac_fan_set,"{""level"": 100, ""speed"": ""high""}"
Включи обогрев переднего стекла,defrost_set,"{""state"": ""on"", ""target"": ""front""}"
Закрой люк полностью,sunroof_set,"{""action"": ""close"", ""percent"": 100}"
Сделай громче музыку на 10,volume_change,"{""delta"": 10}"
Прибавь громкость на 5%,volume_change,"{""direction"": ""up""}"
Сделай тише на 15,volume_change,"{""delta"": -15}"
Останови музыку,stop_music,
Следующий трек,next_track,
Переключи на радио,media_source_set,"{""source"": ""radio""}"
Поставь частоту на 94.0,radio_set,"{""frequency"": ""94.0""}"
Запусти навигацию до музея,nav_start,"{""destination"": ""музей""}"
Отмени маршрут,nav_cancel,
Позвони маме,call_start,"{""contact"": ""мама""}"
Ответь на звонок,call_answer,
Повесь трубку,call_hangup,
Включи фары,headlights_set,"{""state"": ""on""}"
Переключи дворники на авто,wipers_set,"{""speed"": ""auto""}"
Как дела?,chitchat,
"Жарко, включи кондиционер",ac_set,"{""state"": ""on"", ""temperature"": 24}"
"Пожалуйста, выключи свет",high_beam_set,"{""state"": ""off""}"
Открой окно у водителя,window_set,"{""action"": ""open"", ""window"": ""driver""}"
Закрой все окна,window_set,"{""action"": ""close"", ""window"": ""all""}"
Приоткрой стекло пассажира на тридцать процентов,window_set,"{""action"": ""set"", ""window"": ""passenger"", ""percent"": 30}"
Закрой окно сзади полностью,window_set,"{""action"": ""close"", ""window"": ""rear""}"
Сделай кондиционер холоднее до 18 градусов,ac_set,"{""state"": ""on"", ""temperature"": 18}"
Включи климат-контроль на 22 градуса,ac_set,"{""state"": ""on"", ""temperature"": 22}"
Выключи кондиционер,ac_off,
Запусти обдув на максимум,ac_mode_set,"{""enabled"": true}"
Установи обогрев сиденья пассажира на 50%,seat_heater_set,"{""seat"": ""passenger"", ""level"": 50}"
Включи обогрев сиденья водителя на полную мощность,seat_heater_set,"{""seat"": ""driver"", ""level"": 100}"
Поставь вентилятор на низкую скорость,ac_fan_set,"{""level"": 20, ""speed"": ""low""}"
Выключи дворники,wipers_set,"{""speed"": ""off""}"
Включи фары,headlights_set,"{""state"": ""on""}"
Запусти навигацию до ближайшего ресторана,nav_start,"{""destination"": ""ближайший ресторан""}"
Как доехать до аэропорта?,nav_start,"{""destination"": ""аэропорт""}"
Позвони Анне,call_start,"{""contact"": ""Анна""}"
"Привет, как дела?",chitchat,
Сделай громче на 10,volume_change,"{""delta"": 10}"
Выключи музыку,stop_music,
Установи уровень громкости на 75%,volume_set,"{""level"": 75}"
Включи радиостанцию 101.5 FM,radio_set_station,"{""station"": ""101.5 FM""}"
Приоткрой окно у водителя на тридцать процентов,window_set,"{""action"": ""set"", ""window"": ""driver"", ""percent"": 30}"
"Закрой все окна, пожалуйста",window_set,"{""action"": ""close"", ""window"": ""all""}"
Можно открыть пассажирское окно полностью?,window_set,"{""action"": ""open"", ""window"": ""passenger""}"
Поставь кондиционер на двадцать два градуса,ac_set,"{""state"": ""on"", ""temperature"": 22}"
Выключи кондиционер,ac_off,
Включи обогрев сиденья пассажира на пятьдесят процентов,seat_heater_set,"{""seat"": ""passenger"", ""level"": 50}"
Поставь на максимальную скорость вентилятора,ac_fan_set,"{""level"": 100, ""speed"": ""high""}"
Сделай громче на десять,volume_change,"{""delta"": 10}"
Убавь громкость на пять процентов,volume_change,"{""delta"": -5}"
Сделай музыку тише,volume_change,"{""direction"": ""down""}"
Включи музыку,play_music,
Останови музыку,stop_music,
Переключи на следующую композицию,next_track,
Настрой радио на частоту восемьдесят семь и пять,radio_set,"{""frequency"": ""87.5""}"
Включи рециркуляцию воздуха,ac_mode_set,"{""enabled"": true}"
Как добраться до ближайшей заправки?,nav_start,"{""destination"": ""ближайшая заправка""}"
Позвони Сереже,call_start,"{""contact"": ""Сережа""}"
Ответь на звонок,call_answer,
Выключи фары,headlights_set,"{""state"": ""off""}"
Сделай свет на авто авто,headlights_set,"{""state"": ""auto""}"
"Привет, как дела?",chitchat,
Закрой окно водителя,window_set,"{""action"": ""close"", ""window"": ""driver""}"
Приоткрой стекло на двадцать процентов,window_set,"{""action"": ""set"", ""window"": ""driver"", ""percent"": 20}"
Открой все окна наполовину,window_set,"{""action"": ""set"", ""window"": ""all"", ""percent"": 50}"
"Пожалуйста, закрой окно у пассажира",window_set,"{""action"": ""close"", ""window"": ""passenger""}"
Сделай кондиционер на двадцать два градуса,ac_set,"{""state"": ""on"", ""temperature"": 22}"
Включи климат-контроль,ac_set,"{""state"": ""on"", ""temperature"": 20}"
Выключи кондиционер,ac_off,
Поставь обдув на максимальную мощность,ac_fan_set,"{""level"": 100, ""speed"": ""high""}"
Открой люк на тридцать процентов,sunroof_set,"{""action"": ""open"", ""percent"": 30}"
Закрой люк,sunroof_close,
Сделай громче на пять,volume_change,"{""delta"": 5}"
Уменьши громкость на десять процентов,volume_change,"{""delta"": -10}"
Сделай погромче,volume_change,"{""direction"": ""up""}"
Включи музыку,play_music,
Останови музыку,stop_music,
Следующий трек,next_track,
Как доехать до вокзала?,nav_start,"{""destination"": ""вокзал""}"
"Навигация, отмени маршрут",nav_cancel,
Позвони Петру,call_start,"{""contact"": ""Петр""}"
Ответь на звонок,call_answer,
Повесь трубку,call_hangup,
Включи фары,headlights_set,"{""state"": ""on""}"
Выключи дальний свет,high_beam_set,"{""state"": ""off""}"
"Дождь начался, включи дворники на средней скорости",wipers_set,"{""speed"": ""medium""}"
"Пожалуйста, сделай свет авто",headlights_set,"{""state"": ""auto""}"
Как дела?,chitchat,
"Все в порядке, а у тебя?",chitchat,
Открой окно у водителя,window_set,"{""action"": ""open"", ""window"": ""driver""}"
"Пожалуйста, закрой все окна",window_set,"{""action"": ""close"", ""window"": ""all""}"
Приоткрой стекло пассажира,window_set,"{""action"": ""set"", ""window"": ""passenger"", ""percent"": 30}"
"Сделай кондиционер холоднее, поставь на 18",ac_set,"{""state"": ""on"", ""temperature"": 18}"
Включи климат-контроль на 22 градуса,ac_set,"{""state"": ""on"", ""temperature"": 22}"
Выключи кондиционер,ac_off,
Включи рециркуляцию,ac_mode_set,"{""enabled"": true}"
Выключи обдув,ac_mode_set,"{""enabled"": false}"
Поставь вентилятор на высокую скорость,ac_fan_set,"{""level"": 100, ""speed"": ""high""}"
Сделай обогрев сиденья пассажира на 50,seat_heater_set,"{""seat"": ""passenger"", ""level"": 50}"
Включи обогрев сиденья водителя на максимум,seat_heater_set,"{""seat"": ""driver"", ""level"": 100}"
Включи обогреватель сиденья,seat_heater_set,"{""seat"": ""driver"", ""level"": 70}"
Включи обдув на лобовое стекло,defrost_set,"{""state"": ""on"", ""target"": ""front""}"
Выключи обдув заднего стекла,defrost_set,"{""state"": ""off"", ""target"": ""rear""}"
Открой люк на 50 процентов,sunroof_set,"{""action"": ""open"", ""percent"": 50}"
Закрой люк полностью,sunroof_set,"{""action"": ""close""}"
Включи музыку,play_music,
Останови воспроизведение,stop_music,
Переключи на следующий трек,next_track,
Сделай громче на 10,volume_change,"{""delta"": 10}"
Убавь громкость на 5,volume_change,"{""delta"": -5}"
Установи громкость на 80 процентов,volume_set,"{""level"": 80}"
Выключи звук,volume_mute_set,"{""state"": ""on""}"
Поставь радио на частоту 95.5,radio_set,"{""frequency"": ""95.5""}"
Начни навигацию до аэропорта,nav_start,"{""destination"": ""аэропорт""}"
Как доехать до станции метро?,nav_start,"{""destination"": ""станция метро""}"
Позвони маме,call_start,"{""contact"": ""мама""}"
Ответь на звонок,call_answer,
Заканчивай разговор,call_hangup,
Включи фары,headlights_set,"{""state"": ""on""}"
Поставь дворники на авто,rain_set,"{""mode"": ""auto""}"
Как дела?,chitchat,
Всё нормально,chitchat,
Открой окно водителя полностью,window_set,"{""action"": ""open"", ""window"": ""driver""}"
Приоткрой стекло на двадцать процентов,window_set,"{""action"": ""set"", ""window"": ""driver"", ""percent"": 20}"
"Закрой все окна, пожалуйста",window_set,"{""action"": ""close"", ""window"": ""all""}"
Закрой пассажирское окно,window_set,"{""action"": ""close"", ""window"": ""passenger""}"
Можно открыть все окна?,window_set,"{""action"": ""open"", ""window"": ""all""}"
Включи кондиционер на 22 градуса,ac_set,"{""state"": ""on"", ""temperature"": 22}"
Поставь кондиционер на двадцать пять,ac_set,"{""state"": ""on"", ""temperature"": 25}"
Выключи кондиционер,ac_off,
Включи обогрев сиденья для пассажира на 50 процентов,seat_heater_set,"{""seat"": ""passenger"", ""level"": 50}"
Как выключить обогрев сидений?,seat_heater_set,"{""seat"": ""driver"", ""level"": 0}"
Давай сделаем потише музыку,volume_change,"{""direction"": ""down""}"
Сделай громче на пятьдесят,volume_change,"{""delta"": 50}"
Настрой громкость на 30 процентов,volume_set,"{""level"": 30}"
Уменьши громкость на 10,volume_change,"{""delta"": -10}"
Включи радио на частоте 101.2,radio_set,"{""frequency"": ""101.2""}"
Переключи на следующую песню,next_track,
Вернись к предыдущему треку,previous_track,
Звони Алексею,call_start,"{""contact"": ""Алексей""}"
Ответь на звонок,call_answer,
"Пожалуйста, останови музыку",stop_music,
Как добраться до Красной площади?,nav_start,"{""destination"": ""Красная площадь""}"
Отмени навигацию,nav_cancel,
Включи фары,headlights_set,"{""state"": ""on""}"
Выключи дальний свет,high_beam_set,"{""state"": ""off""}"
Установи скорость дворников на авто,wipers_set,"{""speed"": ""auto""}"
Как дела?,chitchat,
"Привет, что нового?",chitchat,
Открой окно водителя на тридцать процентов,window_set,"{""action"": ""set"", ""window"": ""driver"", ""percent"": 30}"
Закрой пассажирское окно,window_set,"{""action"": ""close"", ""window"": ""passenger""}"
Приоткрой все окна,window_set,"{""action"": ""open"", ""window"": ""all""}"
Сделай потише на десять,volume_change,"{""delta"": -10}"
Поставь громкость на восемьдесят процентов,volume_set,"{""level"": 80}"
Включи кондиционер и установи температуру на 22 градуса,ac_set,"{""state"": ""on"", ""temperature"": 22}"
Включи рециркуляцию воздуха,ac_mode_set,"{""enabled"": true}"
Выключи кондиционер,ac_off,
Как доехать до ВДНХ?,nav_start,"{""destination"": ""ВДНХ""}"
Переключи на следующую станцию радио,next_track,
Сделай громче на пять,volume_change,"{""delta"": 5}"
Позвони брату,call_start,"{""contact"": ""брат""}"
Выключи фары,headlights_set,"{""state"": ""off""}"
Как дела?,chitchat,
Включи обогрев сиденья пассажира на пятьдесят процентов,seat_heater_set,"{""seat"": ""passenger"", ""level"": 50}"
Открой люк на двадцать процентов,sunroof_set,"{""action"": ""open"", ""percent"": 20}"
Сделай громче,volume_change,"{""direction"": ""up""}"
Отключи обогрев сиденья водителя,seat_heater_set,"{""seat"": ""driver"", ""level"": 0}"
Поставь радио на 92.5,radio_set,"{""frequency"": ""92.5""}"
Ответь на звонок,call_answer,
Отключи дворники,wipers_set,"{""speed"": ""off""}"
Выключи музыку,stop_music,
Закрой окно у пассажира на сто процентов,window_set,"{""action"": ""close"", ""window"": ""passenger"", ""percent"": 100}"
Открой окно водителя наполовину,window_set,"{""action"": ""set"", ""window"": ""driver"", ""percent"": 50}"
Приоткрой окошко сзади на тридцать процентов,window_set,"{""action"": ""set"", ""window"": ""all"", ""percent"": 30}"
"Пожалуйста, открой все окна",window_set,"{""action"": ""open"", ""window"": ""all""}"
Сделай кондиционер на двадцать три градуса,ac_set,"{""state"": ""on"", ""temperature"": 23}"
Выключи кондиционер,ac_off,
Включи обдув,ac_mode_set,"{""enabled"": true}"
Установи обогрев сиденья пассажира на 75%,seat_heater_set,"{""seat"": ""passenger"", ""level"": 75}"
Сделай вентилятор на максимуме,ac_fan_set,"{""level"": 100, ""speed"": ""high""}"
Включи рециркуляцию воздуха,ac_mode_set,"{""enabled"": true}"
Включи музыку,play_music,
Приостанови воспроизведение,media_pause,
Переключи на следующую песню,next_track,
Вернись на предыдущий трек,previous_track,
Сделай громче на десять,volume_change,"{""delta"": 10}"
Уменьши громкость на пятьдесят процентов,volume_change,"{""delta"": -50}"
Установи уровень громкости на 30,volume_set,"{""level"": 30}"
Выключи звук,volume_mute_set,"{""state"": ""on""}"
Слушай радио на частоте 92.7,radio_set,"{""frequency"": ""92.7""}"
Как мне доехать до супермаркета?,nav_start,"{""destination"": ""супермаркет""}"
Отмени маршрут,nav_cancel,
Позвони мне по номеру 1234567890,call_start,"{""contact"": ""1234567890""}"
Ответь на звонок,call_answer,
Заверши вызов,call_hangup,
Включи фары,headlights_set,"{""state"": ""on""}"
Выключи дальний свет,high_beam_set,"{""state"": ""off""}"
Установи дворники на авто,wipers_set,"{""speed"": ""auto""}"
Как дела?,chitchat,
Сегодня тепло,chitchat,
Открой окно водителя на тридцать процентов,window_set,"{""action"": ""set"", ""window"": ""driver"", ""percent"": 30}"
Закрой заднее окно полностью,window_set,"{""action"": ""close"", ""window"": ""all""}"
Приоткрой пассажирское стекло,window_set,"{""action"": ""open"", ""window"": ""passenger""}"
Увеличь температуру в кондиционере до двадцати пяти градусов,ac_set,"{""state"": ""on"", ""temperature"": 25}"
Выключи кондиционер,ac_off,
Включи обдув для стекол,ac_mode_set,"{""enabled"": true}"
Установи скорость вентилятора на максимальную,ac_fan_set,"{""level"": 100, ""speed"": ""high""}"
Включи обогрев сиденья водителя на двадцать процентов,seat_heater_set,"{""seat"": ""driver"", ""level"": 20}"
Выключи обогрев пассажирского сиденья,seat_heater_set,"{""seat"": ""passenger"", ""level"": 0}"
Включи рециркуляцию,ac_mode_set,"{""enabled"": true}"
Как отключить навигацию?,nav_cancel,
Поставь музыку на паузу,media_pause,
Следующий трек,next_track,
Сделай громче на десять,volume_change,"{""delta"": 10}"
Уменьши громкость на пятнадцать процентов,volume_change,"{""delta"": -15}"
Настрой радио на восемьдесят девятую точку,radio_set,"{""frequency"": ""89.0""}"
Включи дальний свет,high_beam_set,"{""state"": ""on""}"
"Пожалуйста, включи освещение",headlights_set,"{""state"": ""on""}"
"Привет, как дела?",chitchat,
Позвони Андрею,call_start,"{""contact"": ""Андрей""}"
Как добраться до аэропорта?,nav_start,"{""destination"": ""аэропорт""}"
Включи музыку,play_music,
Закрой окно у водителя на сто процентов,window_set,"{""action"": ""close"", ""window"": ""driver""}"
"Открой стекло на тридцать процентов, пожалуйста",window_set,"{""action"": ""set"", ""window"": ""driver"", ""percent"": 30}"
Приоткрой окно у пассажира,window_set,"{""action"": ""open"", ""window"": ""passenger""}"
Сделай кондиционер на двадцать один градус,ac_set,"{""state"": ""on"", ""temperature"": 21}"
"Включи климат-контроль, температура 18",ac_set,"{""state"": ""on"", ""temperature"": 18}"
Выключи кондиционер,ac_off,
Включи обдув на авто,ac_mode_set,"{""enabled"": true}"
Выключи рециркуляцию,ac_mode_set,"{""enabled"": false}"
Сделай вентилятор на 50 процентов,ac_fan_set,"{""level"": 50, ""speed"": ""medium""}"
Включи обогрев сиденья пассажира на 80,seat_heater_set,"{""seat"": ""passenger"", ""level"": 80}"
Настрой обогрев для водителя на максимум,seat_heater_set,"{""seat"": ""driver"", ""level"": 100}"
Поставь 70 уровень обогрева сидений,seat_heater_set,"{""seat"": ""driver"", ""level"": 70}"
Включи задний обогрев стекол,defrost_set,"{""state"": ""on"", ""target"": ""rear""}"
Выключи обдув переднего стекла,defrost_set,"{""state"": ""off"", ""target"": ""front""}"
Закрой люк на 50 процентов,sunroof_set,"{""action"": ""close"", ""percent"": 50}"
Открой люк полностью,sunroof_set,"{""action"": ""open"", ""percent"": 100}"
Сделай погромче на восемь,volume_change,"{""delta"": 8}"
Убавь громкость на десять процентов,volume_change,"{""delta"": -10}"
Настрой громкость на 40,volume_set,"{""level"": 40}"
Выключи звук,volume_mute_set,"{""state"": ""on""}"
Сделай тише,volume_change,"{""direction"": ""down""}"
Включи музыку,play_music,
Поставь радио,media_source_set,"{""source"": ""radio""}"
Переключи на Bluetooth,media_source_set,"{""source"": ""bluetooth""}"
Настрой радио на 98.2,radio_set,"{""frequency"": ""98.2""}"
Следующий трек,next_track,
Останови музыку,stop_music,
Как доехать до Пушкина?,nav_start,"{""destination"": ""Пушкина""}"
Отмени навигацию,nav_cancel,
Позвони маме,call_start,"{""contact"": ""мама""}"
Ответь на звонок,call_answer,
"Повиси, пожалуйста",call_hangup,
Включи фары,headlights_set,"{""state"": ""on""}"
Выключи высокие фары,high_beam_set,"{""state"": ""off""}"
Настрой дворники на авто,wipers_set,"{""speed"": ""auto""}"
Включи режим дождя,rain_set,"{""mode"": ""auto""}"
"Привет, как дела?",chitchat,
Скажи что-нибудь,chitchat,
Закрой окно водителя на полную,window_set,"{""action"": ""close"", ""window"": ""driver""}"
Приоткрой окошко у пассажира на тридцать процентов,window_set,"{""action"": ""set"", ""window"": ""passenger"", ""percent"": 30}"
Открой все окна на двадцать процентов,window_set,"{""action"": ""set"", ""window"": ""all"", ""percent"": 20}"
Сделай кондиционер на 22 градуса,ac_set,"{""state"": ""on"", ""temperature"": 22}"
"Пожалуйста, выключи кондиционер",ac_set,"{""state"": ""off"", ""temperature"": 22}"
Включи кондиционер,ac_set,"{""state"": ""on"", ""temperature"": 18}"
Включи рециркуляцию воздуха,ac_mode_set,"{""enabled"": true}"
Выключи рециркуляцию,ac_mode_set,"{""enabled"": false}"
Включи обогрев сиденья пассажира на полную,seat_heater_set,"{""seat"": ""passenger"", ""level"": 100}"
Установи обогрев сиденья водителя на 50 процентов,seat_heater_set,"{""seat"": ""driver"", ""level"": 50}"
Включи обдув на максимальную скорость,ac_fan_set,"{""level"": 100, ""speed"": ""high""}"
Установи скорость обдува на низкую,ac_fan_set,"{""level"": 20, ""speed"": ""low""}"
Открой люк на тридцать процентов,sunroof_set,"{""action"": ""open"", ""percent"": 30}"
Закрой люк,sunroof_close,
Включи дворники на средней скорости,wipers_set,"{""speed"": ""medium""}"
Выключи дворники,wipers_set,"{""speed"": ""off""}"
Поставь радио на 92.5,radio_set,"{""frequency"": ""92.5""}"
Сделай громче на пять,volume_change,"{""delta"": 5}"
Уменьши громкость на десять,volume_change,"{""delta"": -10}"
Включи музыку,play_music,
Пауза,media_pause,
Как доехать до аэропорта?,nav_start,"{""destination"": ""аэропорт""}"
Отмени навигацию,nav_cancel,
Позвони Сергею,call_start,"{""contact"": ""Сергей""}"
Ответь на звонок,call_answer,
Заверши разговор,call_hangup,
Включи фары,headlights_set,"{""state"": ""on""}"
Выключи фары,headlights_set,"{""state"": ""off""}"
Как дела?,chitchat,
Что нового?,chitchat,
Открой окно водителя на 30 процентов,window_set,"{""action"": ""set"", ""window"": ""driver"", ""percent"": 30}"
"Пожалуйста, закрой стекло у пассажира",window_set,"{""action"": ""close"", ""window"": ""passenger""}"
Приоткрой все окна,window_set,"{""action"": ""open"", ""window"": ""all""}"
Включи кондиционер и сделай 22 градуса,ac_set,"{""state"": ""on"", ""temperature"": 22}"
Выключи кондиционер,ac_off,
Поставь режим рециркуляции,ac_mode_set,"{""enabled"": true}"
Увеличь скорость вентилятора на 10,ac_fan_set,"{""level"": 10, ""speed"": ""medium""}"
Разогрей сиденье водителя до максимума,seat_heater_set,"{""seat"": ""driver"", ""level"": 100}"
Включи обогрев сиденья пассажира на 50 процентов,seat_heater_set,"{""seat"": ""passenger"", ""level"": 50}"
Запусти навигацию до станции метро,nav_start,"{""destination"": ""станция метро""}"
Отмени маршрут,nav_cancel,
Позвони Алексею,call_start,"{""contact"": ""Алексей""}"
Ответь на звонок,call_answer,
Положи трубку,call_hangup,
Включи фары,headlights_set,"{""state"": ""on""}"
Выключи дальний свет,high_beam_set,"{""state"": ""off""}"
Установи дворники на высокую скорость,wipers_set,"{""speed"": ""high""}"
Переключи на радиостанцию Европа Плюс,radio_set_station,"{""station"": ""Европа Плюс""}"
Сделай громче на 5,volume_change,"{""delta"": 5}"
Уменьши громкость на десять процентов,volume_change,"{""delta"": -10}"
Поставь уровень громкости на 70,volume_set,"{""level"": 70}"
Включи радио на частоте 101.0,radio_set,"{""frequency"": ""101.0""}"
Поставь на шоферское место окно наполовину,window_set,"{""action"": ""set"", ""window"": ""driver"", ""percent"": 50}"
Сделай потише музыку,volume_mute_set,"{""state"": ""on""}"
Поставь источник USB,media_source_set,"{""source"": ""usb""}"
Сделай музыку громче,volume_change,"{""direction"": ""up""}"
Как доехать до аэропорта?,nav_start,"{""destination"": ""аэропорт""}"
Сделай окно у пассажира на 70 процентов открытым,window_set,"{""action"": ""set"", ""window"": ""passenger"", ""percent"": 70}"
"Можно, пожалуйста, выключить кондиционер?",ac_off,
Сделай 30% громче,volume_set,"{""level"": 30}"
Включи обогрев сиденья на 20 процентов,seat_heater_set,"{""seat"": ""driver"", ""level"": 20}"
Включи музыку на высокой громкости,volume_set,"{""level"": 100}"
Нужно включить обогрев заднего стекла,defrost_set,"{""state"": ""on"", ""target"": ""rear""}"
Закрой люк полностью,sunroof_set,"{""action"": ""close"", ""percent"": 100}"
Открой окно водителя полностью,window_set,"{""action"": ""open"", ""window"": ""driver""}"
Приоткрой стекло пассажира на 30 процентов,window_set,"{""action"": ""set"", ""window"": ""passenger"", ""percent"": 30}"
Закрой все окна,window_set,"{""action"": ""close"", ""window"": ""all""}"
Сделай кондиционер на 22 градуса,ac_set,"{""state"": ""on"", ""temperature"": 22}"
Выключи кондиционер,ac_off,
Переключи на режим рециркуляции,ac_mode_set,"{""enabled"": true}"
Увеличь скорость вентилятора до 75,ac_fan_set,"{""level"": 75, ""speed"": ""medium""}"
Включи обогрев сиденья пассажира на максимум,seat_heater_set,"{""seat"": ""passenger"", ""level"": 100}"
Сделай вентилятор сиденья водителя на 40,seat_vent_set,"{""seat"": ""driver"", ""level"": 40}"
Включи обогрев заднего стекла,defrost_set,"{""state"": ""on"", ""target"": ""rear""}"
Закрой люк на 50 процентов,sunroof_set,"{""action"": ""close"", ""percent"": 50}"
Открой люк,sunroof_set,"{""action"": ""open""}"
Увеличь громкость на 10,volume_change,"{""delta"": 10}"
Сделай музыку потише на 5,volume_change,"{""delta"": -5}"
Поставь громкость на 80,volume_set,"{""level"": 80}"
Выключи звук,volume_mute_set,"{""state"": ""on""}"
Сыграй следующую песню,next_track,
Приостанови воспроизведение музыки,media_pause,
Переключи на радио,media_source_set,"{""source"": ""radio""}"
Настрой частоту на 95.2,radio_set,"{""frequency"": ""95.2""}"
Позвони Ивану,call_start,"{""contact"": ""Иван""}"
Ответь на звонок,call_answer,
Положи трубку,call_hangup,
Как доехать до магазина?,nav_start,"{""destination"": ""магазин""}"
Отмени навигацию,nav_cancel,
Включи фары,headlights_set,"{""state"": ""on""}"
Включи дальний свет,high_beam_set,"{""state"": ""on""}"
Установи скорость дворников на авто,wipers_set,"{""speed"": ""auto""}"
Поставь режим дождя в ручной,rain_set,"{""mode"": ""manual""}"
Включи обогрев руля,wheel_heater_set,"{""state"": ""on""}"
Привет,chitchat,
Как дела?,chitchat,
Сколько времени?,chitchat,
Открой окно водителя на тридцать процентов,window_set,"{""action"": ""set"", ""window"": ""driver"", ""percent"": 30}"
"Пожалуйста, закрой все окна",window_set,"{""action"": ""close"", ""window"": ""all""}"
Сделай кондиционер холоднее до 20 градусов,ac_set,"{""state"": ""on"", ""temperature"": 20}"
Выключи кондиционер,ac_off,
Поставь обдув на авто,ac_mode_set,"{""enabled"": true}"
Сделай вентилятор на максимуме,ac_fan_set,"{""level"": 100, ""speed"": ""high""}"
Обогрей сиденье пассажира на 50%,seat_heater_set,"{""seat"": ""passenger"", ""level"": 50}"
Включи обдув на заднем стекле,defrost_set,"{""state"": ""on"", ""target"": ""rear""}"
Закрой люк на 40 процентов,sunroof_set,"{""action"": ""close"", ""percent"": 40}"
Поставь радио на 95.5,radio_set,"{""frequency"": ""95.5""}"
"Пожалуйста, запусти навигацию до ближайшей заправки",nav_start,"{""destination"": ""ближайшая заправка""}"
Как доехать до аэропорта?,nav_start,"{""destination"": ""аэропорт""}"
Позвони Андрею,call_start,"{""contact"": ""Андрей""}"
Прими входящий вызов,call_answer,
Отключи громкость,volume_mute_set,"{""state"": ""on""}"
Увеличь громкость на 10,volume_change,"{""delta"": 10}"
Поставь музыку на паузу,media_pause,
Следующий трек,next_track,
Как дела?,chitchat,
Отключи фары,headlights_set,"{""state"": ""off""}"
Включи дворники на авто,wipers_set,"{""speed"": ""auto""}"
Открой окно водителя,window_set,"{""action"": ""open"", ""window"": ""driver""}"
Закрой окно у пассажира,window_set,"{""action"": ""close"", ""window"": ""passenger""}"
Приоткрой все окна,window_set,"{""action"": ""set"", ""window"": ""all"", ""percent"": 50}"
Закрой все стекла полностью,window_set,"{""action"": ""close"", ""window"": ""all""}"
Сделай кондиционер на двадцать градусов,ac_set,"{""state"": ""on"", ""temperature"": 20}"
"Включи кондиционер, температура пусть будет 22",ac_set,"{""state"": ""on"", ""temperature"": 22}"
Выключи кондиционер,ac_off,
Пусть кондиционер будет выключен,ac_off,
Включи обогрев сиденья водителя на максимум,seat_heater_set,"{""seat"": ""driver"", ""level"": 100}"
Обогрей сиденье пассажира до 75 процентов,seat_heater_set,"{""seat"": ""passenger"", ""level"": 75}"
Поставь уровень вентиляции на тридцать процентов,ac_fan_set,"{""level"": 30, ""speed"": ""medium""}"
Сделай вентилятор на полную мощность,ac_fan_set,"{""level"": 100, ""speed"": ""high""}"
Включи обдув лобового стекла,ac_mode_set,"{""enabled"": true}"
Выключи рециркуляцию,ac_mode_set,"{""enabled"": false}"
Запусти навигацию до аэропорта,nav_start,"{""destination"": ""аэропорт""}"
Как доехать до центра города?,nav_start,"{""destination"": ""центр города""}"
Отмени маршрут,nav_cancel,
Позвони маме,call_start,"{""contact"": ""мама""}"
Позвони на номер 123456789,call_start,"{""contact"": ""123456789""}"
Ответь на звонок,call_answer,
Положи трубку,call_hangup,
Включи фары,headlights_set,"{""state"": ""on""}"
Выключи фары,headlights_set,"{""state"": ""off""}"
Сделай стеклоочистители на авто,rain_set,"{""mode"": ""auto""}"
Поставь очиститель на низкую скорость,wipers_set,"{""speed"": ""low""}"
Включи дальний свет,high_beam_set,"{""state"": ""on""}"
Выключи дальний свет,high_beam_set,"{""state"": ""off""}"
Поставь радио на частоту 101.2,radio_set,"{""frequency"": ""101.2""}"
Переключи на следующий трек,next_track,
Останови музыку,stop_music,
Сделай громче на десять,volume_change,"{""delta"": 10}"
Уменьши громкость на 5,volume_change,"{""delta"": -5}"
Настрой громкость на 50 процентов,volume_set,"{""level"": 50}"
Выключи звук,volume_mute_set,"{""state"": ""on""}"
Включи звук,volume_mute_set,"{""state"": ""off""}"
Поставь на радио любимую станцию,media_source_set,"{""source"": ""radio""}"
Поставь Bluetooth в качестве источника,media_source_set,"{""source"": ""bluetooth""}"
Повторяй музыку,media_repeat_set,"{""mode"": ""one""}"
Привет,chitchat,
Как дела?,chitchat,
Как у тебя настроение?,chitchat,
Закрой окно у водителя на десять процентов,window_set,"{""action"": ""close"", ""window"": ""driver"", ""percent"": 10}"
Открой пассажирское окно,window_set,"{""action"": ""open"", ""window"": ""passenger""}"
Приоткрой все окна,window_set,"{""action"": ""open"", ""window"": ""all""}"
"Сделай кондиционер потеплее, до двадцати пяти градусов",ac_set,"{""state"": ""on"", ""temperature"": 25}"
Включи обогрев сиденья на максимуме,seat_heater_set,"{""seat"": ""driver"", ""level"": 100}"
"Привет, как дела?",chitchat,
Как мне доехать до аэропорта?,nav_start,"{""destination"": ""аэропорт""}"
Выключи кондиционер,ac_off,
Сделай громкость потише на пять,volume_change,"{""delta"": -5}"
Поставь музыку на паузу,media_pause,
Запусти навигацию до Красной площади,nav_start,"{""destination"": ""Красная площадь""}"
Сделай громче на два,volume_change,"{""delta"": 2}"
Увеличь скорость вентилятора кондиционера до максимума,ac_fan_set,"{""level"": 100, ""speed"": ""high""}"
Включи рециркуляцию воздуха,ac_mode_set,"{""enabled"": true}"
Какой сейчас радиочастоты?,radio_set,"{""frequency"": ""87.5""}"
Завершить звонок,call_hangup,
Подними уровень громкости до восьмидесяти,volume_set,"{""level"": 80}"
Выключи фары,headlights_set,"{""state"": ""off""}"
Настрой радио на станцию Европа Плюс,radio_set_station,"{""station"": ""Европа Плюс""}"
Как мне отменить маршрут?,nav_cancel,
Позвони Сергею,call_start,"{""contact"": ""Сергей""}"
Сделай поток воздуха в кондиционере на низкой скорости,ac_fan_set,"{""level"": 30, ""speed"": ""low""}"
Сделай обогрев сиденья на тридцать процентов,seat_heater_set,"{""seat"": ""passenger"", ""level"": 30}"
Закрой люк,sunroof_close,
Увеличь громкость на пятнадцать,volume_change,"{""delta"": 15}"
Включи задний обогрев,defrost_set,"{""state"": ""on"", ""target"": ""rear""}"
Выключи очистку стекла,wipers_set,"{""speed"": ""off""}"
Сделай громкость на уровень 60,volume_set,"{""level"": 60}"
Включи передний обогрев стекла,defrost_set,"{""state"": ""on"", ""target"": ""front""}"
Поставь на радиостанцию Ретро FM,radio_set_station,"{""station"": ""Ретро FM""}"
Открой окно водителя на 50 процентов,window_set,"{""action"": ""set"", ""window"": ""driver"", ""percent"": 50}"
Приоткрой стекло у пассажира,window_set,"{""action"": ""open"", ""window"": ""passenger""}"
"Закрой все окна, пожалуйста",window_set,"{""action"": ""close"", ""window"": ""all""}"
"Сделай так, чтобы было 22 градуса",ac_set,"{""state"": ""on"", ""temperature"": 22}"
Включи кондиционер на 18 градусов,ac_set,"{""state"": ""on"", ""temperature"": 18}"
Выключи кондиционер,ac_off,
Установи рециркуляцию в климат-контроле,ac_mode_set,"{""enabled"": true}"
Сделай скорость вентилятора на максимум,ac_fan_set,"{""level"": 100, ""speed"": ""high""}"
Включи обогрев сиденья пассажира на 70 процентов,seat_heater_set,"{""seat"": ""passenger"", ""level"": 70}"
Дай жару на сиденье водителя,seat_heater_set,"{""seat"": ""driver"", ""level"": 100}"
Поставь кондиционер на автомат,ac_mode_set,"{""enabled"": false}"
Включи обдув заднего стекла,defrost_set,"{""state"": ""on"", ""target"": ""rear""}"
Закрой люк полностью,sunroof_set,"{""action"": ""close"", ""percent"": 100}"
Открой люк на 30 процентов,sunroof_set,"{""action"": ""open"", ""percent"": 30}"
Сделай погромче на 10,volume_change,"{""delta"": 10}"
Убавь громкость на пять,volume_change,"{""delta"": -5}"
Переключи на следующую песню,next_track,
Останови музыку,stop_music,
Поставь источник на Bluetooth,media_source_set,"{""source"": ""bluetooth""}"
Включи радио на частоте 101.5,radio_set,"{""frequency"": ""101.5""}"
Как доехать до Аэропорта?,nav_start,"{""destination"": ""Аэропорт""}"
Отмени навигацию,nav_cancel,
Позвони Саше,call_start,"{""contact"": ""Саша""}"
Ответь на звонок,call_answer,
Закрой фары,headlights_set,"{""state"": ""off""}"
Включи ближний свет,headlights_set,"{""state"": ""on""}"
Поставь дворники на авто,wipers_set,"{""speed"": ""auto""}"
Как дела?,chitchat,
"Привет, как ты?",chitchat,
Открой окно у водителя на восемьдесят процентов,window_set,"{""action"": ""set"", ""window"": ""driver"", ""percent"": 80}"
Закрой окно пассажира,window_set,"{""action"": ""close"", ""window"": ""passenger""}"
Приоткрой все окна,window_set,"{""action"": ""open"", ""window"": ""all""}"
Поставь кондиционер на 22 градуса,ac_set,"{""state"": ""on"", ""temperature"": 22}"
Выключи кондиционер,ac_off,
Включи рециркуляцию воздуха,ac_mode_set,"{""enabled"": true}"
Установи вентилятор на максимальную скорость,ac_fan_set,"{""level"": 100, ""speed"": ""high""}"
Включи обогрев сиденья пассажира на 50,seat_heater_set,"{""seat"": ""passenger"", ""level"": 50}"
Выключи обогрев у водителя,seat_heater_set,"{""seat"": ""driver"", ""level"": 0}"
"Сделай так, чтобы заднее стекло оттаивало",defrost_set,"{""state"": ""on"", ""target"": ""rear""}"
Закрой люк на полную,sunroof_set,"{""action"": ""close"", ""percent"": 100}"
Открой люк на тридцать процентов,sunroof_set,"{""action"": ""open"", ""percent"": 30}"
Запусти навигацию до Московского Кремля,nav_start,"{""destination"": ""Московский Кремль""}"
Отмени маршрут,nav_cancel,
Позвони Алексею,call_start,"{""contact"": ""Алексей""}"
Ответь на звонок,call_answer,
Заверши текущий вызов,call_hangup,
Включи фары,headlights_set,"{""state"": ""on""}"
Выключи дальний свет,high_beam_set,"{""state"": ""off""}"
Установи дворники на автомат,rain_set,"{""mode"": ""auto""}"
Привет,chitchat,
Как дела?,chitchat,
Приоткрой стекло у водителя,window_set,"{""action"": ""open"", ""window"": ""driver""}"
Закрой окно пассажира на сто процентов,window_set,"{""action"": ""close"", ""window"": ""passenger""}"
Поставь окно на пятьдесят процентов,window_set,"{""action"": ""set"", ""window"": ""all"", ""percent"": 50}"
Включи кондиционер на 22 градуса,ac_set,"{""state"": ""on"", ""temperature"": 22}"
Отключи кондиционер,ac_set,"{""state"": ""off"", ""temperature"": 20}"
Убери кондиционер,ac_off,
Включи рециркуляцию,ac_mode_set,"{""enabled"": true}"
Установи скорость вентилятора на максимум,ac_fan_set,"{""level"": 100, ""speed"": ""high""}"
Включи обогрев сиденья пассажира на 50%,seat_heater_set,"{""seat"": ""passenger"", ""level"": 50}"
Приоткрой люк на 80 процентов,sunroof_set,"{""action"": ""open"", ""percent"": 80}"
Закрой люк,sunroof_close,
Поставь радио на 95.0,radio_set,"{""frequency"": ""95.0""}"
Сделай громче на 10,volume_change,"{""delta"": 10}"
Уменьши громкость на 5,volume_change,"{""delta"": -5}"
Включи музыку,play_music,
Останови воспроизведение,stop_music,
Как доехать до Красной площади?,nav_start,"{""destination"": ""Красная площадь""}"
Перейди на следующий трек,next_track,
Позвони Сергею,call_start,"{""contact"": ""Сергей""}"
Ответь на звонок,call_answer,
Отключи дальний свет,high_beam_set,"{""state"": ""off""}"
Включи дворники на низкую скорость,wipers_set,"{""speed"": ""low""}"
Сделай свет ближнего света авто,headlights_set,"{""state"": ""auto""}"
Как дела?,chitchat,
"На улице душно, включи кондиционер",ac_set,"{""state"": ""on"", ""temperature"": 24}"
Открой все окна,window_set,"{""action"": ""open"", ""window"": ""all""}"
Увеличь громкость на 15,volume_change,"{""delta"": 15}"
Закрой окно сзади на 70%,window_set,"{""action"": ""set"", ""window"": ""rear"", ""percent"": 70}"
Открой окно водителя на три четверти,window_set,"{""action"": ""set"", ""window"": ""driver"", ""percent"": 75}"
Закрой все окна,window_set,"{""action"": ""close"", ""window"": ""all""}"
Приоткрой стекло у пассажира,window_set,"{""action"": ""open"", ""window"": ""passenger""}"
Увеличь громкость на 15,volume_change,"{""delta"": 15}"
Сделай потише на 10%,volume_change,"{""delta"": -10}"
Поставь уровень громкости на 60,volume_set,"{""level"": 60}"
Включи кондиционер на 20 градусов,ac_set,"{""state"": ""on"", ""temperature"": 20}"
Выключи климат-контроль,ac_off,
Установи режим обдува,ac_mode_set,"{""enabled"": true}"
Увеличь скорость вентилятора на максимум,ac_fan_set,"{""level"": 100, ""speed"": ""high""}"
Сделай обогрев сиденья пассажира на 50%,seat_heater_set,"{""seat"": ""passenger"", ""level"": 50}"
Включи вентилятор для водителя на низкой скорости,seat_vent_set,"{""seat"": ""driver"", ""level"": 30}"
Включи обогрев заднего стекла,defrost_set,"{""state"": ""on"", ""target"": ""rear""}"
Закрой люк на половину,sunroof_set,"{""action"": ""set"", ""percent"": 50}"
Закрой люк,sunroof_close,
Запусти навигацию до МКАД,nav_start,"{""destination"": ""МКАД""}"
Отмени навигацию,nav_cancel,
Позвони Ване,call_start,"{""contact"": ""Ваня""}"
Ответь на звонок,call_answer,
Заверши разговор,call_hangup,
Включи фары,headlights_set,"{""state"": ""on""}"
Включи дальний свет,high_beam_set,"{""state"": ""on""}"
Установи скорость дворников на автомат,wipers_set,"{""speed"": ""auto""}"
Включи дождевой режим,rain_set,"{""mode"": ""auto""}"
Включи подогрев руля,wheel_heater_set,"{""state"": ""on""}"
"Привет, как дела?",chitchat,
Какая погода за окном?,chitchat,
Включи радио на 101.2,radio_set,"{""frequency"": ""101.2""}"
Следующий трек,next_track,
Приостанови музыку,media_pause,
Переключи на AUX,media_source_set,"{""source"": ""aux""}"
Поставь режим повторения всех треков,media_repeat_set,"{""mode"": ""all""}"
Сделай потише,volume_mute_set,"{""state"": ""on""}"
Закрой все окна,window_set,"{""action"": ""close"", ""window"": ""all""}"
"Пожалуйста, открой окно у водителя на восемьдесят процентов",window_set,"{""action"": ""set"", ""window"": ""driver"", ""percent"": 80}"
Приоткрой стекло пассажира,window_set,"{""action"": ""open"", ""window"": ""passenger""}"
"Сделай кондиционер чуть холоднее, например, на 18 градусов",ac_set,"{""state"": ""on"", ""temperature"": 18}"
Выключи кондиционер,ac_off,
Установи кондиционер на 24 градуса,ac_set,"{""state"": ""on"", ""temperature"": 24}"
Включи рециркуляцию воздуха,ac_mode_set,"{""enabled"": true}"
Выключи обогрев сиденья пассажира,seat_heater_set,"{""seat"": ""passenger"", ""level"": 0}"
Установи обогрев сиденья водителя на 50 процентов,seat_heater_set,"{""seat"": ""driver"", ""level"": 50}"
Включи обогрев сиденья водителя на максимум,seat_heater_set,"{""seat"": ""driver"", ""level"": 100}"
Включи обогрев сиденья,seat_heater_set,"{""seat"": ""passenger"", ""level"": 100}"
Сделай громче на 10,volume_change,"{""delta"": 10}"
Уменьши громкость на 5,volume_change,"{""delta"": -5}"
Сделай потише на 15,volume_change,"{""delta"": -15}"
Поставь громкость на 70 процентов,volume_set,"{""level"": 70}"
Выключи звук,volume_mute_set,"{""state"": ""on""}"
Включи радио на частоте 92.5,radio_set,"{""frequency"": ""92.5""}"
Переключи на следующую песню,next_track,
Пауза,media_pause,
Как доехать до Красной площади?,nav_start,"{""destination"": ""Красная площадь""}"
"Пожалуйста, навигируй меня к аэропорту",nav_start,"{""destination"": ""аэропорт""}"
Отмени навигацию,nav_cancel,
Позвони маме,call_start,"{""contact"": ""мама""}"
Принимай вызов,call_answer,
Заверши разговор,call_hangup,
Включи фары,headlights_set,"{""state"": ""on""}"
Включи дальний свет,high_beam_set,"{""state"": ""on""}"
Поставь дворники на авто,wipers_set,"{""speed"": ""auto""}"
Как дела?,chitchat,
"Душно, открой окно",window_set,"{""action"": ""open"", ""window"": ""all""}"
Открой стекло у водителя,window_set,"{""action"": ""open"", ""window"": ""driver""}"
Приоткрой окно пассажира на 30 процентов,window_set,"{""action"": ""set"", ""window"": ""passenger"", ""percent"": 30}"
"Закрой все окна, пожалуйста",window_set,"{""action"": ""close"", ""window"": ""all""}"
Закрой окно у заднего пассажира полностью,window_set,"{""action"": ""close"", ""window"": ""passenger"", ""percent"": 100}"
Установи кондиционер на 21 градус,ac_set,"{""state"": ""on"", ""temperature"": 21}"
Включи кондиционер,ac_set,"{""state"": ""on"", ""temperature"": 22}"
Выключи кондиционер,ac_off,
Переключи в режим рециркуляции,ac_mode_set,"{""enabled"": true}"
Включи обогрев сиденья водителя на максимум,seat_heater_set,"{""seat"": ""driver"", ""level"": 100}"
Выключи обогрев сидения пассажира,seat_heater_set,"{""seat"": ""passenger"", ""level"": 0}"
Увеличь вентилятор на максимум,ac_fan_set,"{""level"": 100, ""speed"": ""high""}"
Сделай вентилятор на средний уровень,ac_fan_set,"{""level"": 50, ""speed"": ""medium""}"
Включи обогрев заднего стекла,defrost_set,"{""state"": ""on"", ""target"": ""rear""}"
Выключи обогрев переднего стекла,defrost_set,"{""state"": ""off"", ""target"": ""front""}"
Открой люк на 60 процентов,sunroof_set,"{""action"": ""open"", ""percent"": 60}"
Закрой люк полностью,sunroof_set,"{""action"": ""close"", ""percent"": 100}"
Сделай громче на 5,volume_change,"{""delta"": 5}"
Убавь громкость на 10 процентов,volume_change,"{""delta"": -10}"
Установи громкость на 75,volume_set,"{""level"": 75}"
Выключи звук,volume_mute_set,"{""state"": ""on""}"
Включи музыку,play_music,
Сделай паузу,media_pause,
Переключи на следующий трек,next_track,
Включи радио на частоте 99.5,radio_set,"{""frequency"": ""99.5""}"
Поставь USB как источник,media_source_set,"{""source"": ""usb""}"
Как доехать до аэропорта?,nav_start,"{""destination"": ""аэропорт""}"
Отмени навигацию,nav_cancel,
Позвони Анне,call_start,"{""contact"": ""Анна""}"
Ответь на звонок,call_answer,
Повесь трубку,call_hangup,
Включи фары,headlights_set,"{""state"": ""on""}"
Выключи дальний свет,high_beam_set,"{""state"": ""off""}"
Включи дворники на авто,wipers_set,"{""speed"": ""auto""}"
Установи режим дождя на ручной,rain_set,"{""mode"": ""manual""}"
Как дела?,chitchat,
Привет,chitchat,
Что нового?,chitchat,
Открой окно водителя на десять процентов,window_set,"{""action"": ""set"", ""window"": ""driver"", ""percent"": 10}"
"Закрой все окна, пожалуйста",window_set,"{""action"": ""close"", ""window"": ""all""}"
Приоткрой пассажирское окно,window_set,"{""action"": ""open"", ""window"": ""passenger""}"
Поставь кондиционер на двадцать градусов,ac_set,"{""state"": ""on"", ""temperature"": 20}"
Включи кондиционер,ac_set,"{""state"": ""on"", ""temperature"": 22}"
Выключи кондиционер,ac_off,
Настрой климат на обдув,ac_mode_set,"{""enabled"": true}"
Увеличь скорость вентилятора до 80,ac_fan_set,"{""level"": 80, ""speed"": ""high""}"
Включи обогрев сиденья пассажира на 50 процентов,seat_heater_set,"{""seat"": ""passenger"", ""level"": 50}"
Выключи обогрев сиденья водителя,seat_heater_set,"{""seat"": ""driver"", ""level"": 0}"
Включи рециркуляцию воздуха,ac_mode_set,"{""enabled"": true}"
Закрой люк на сто процентов,sunroof_set,"{""action"": ""close"", ""percent"": 100}"
Открой люк на 30 процентов,sunroof_set,"{""action"": ""open"", ""percent"": 30}"
Включи музыку,play_music,
Останови музыку,stop_music,
Следующий трек,next_track,
Сделай громче на 10,volume_change,"{""delta"": 10}"
Сбавь громкость на 15,volume_change,"{""delta"": -15}"
Выставь громкость на 50 процентов,volume_set,"{""level"": 50}"
Подключи Bluetooth,media_source_set,"{""source"": ""bluetooth""}"
Включи радио на частоте 101.5,radio_set,"{""frequency"": ""101.5""}"
Как доехать до ближайшего заправки?,nav_start,"{""destination"": ""ближайшая заправка""}"
Отмени навигацию,nav_cancel,
Позвони другу,call_start,"{""contact"": ""друг""}"
Ответь на звонок,call_answer,
Заверши звонок,call_hangup,
Включи фары,headlights_set,"{""state"": ""on""}"
Включи дальний свет,high_beam_set,"{""state"": ""on""}"
Установи дворники на авто,wipers_set,"{""speed"": ""auto""}"
Как дела?,chitchat,
Включи обогрев руля,wheel_heater_set,"{""state"": ""on""}"
Открой окно у водителя на двадцать процентов,window_set,"{""action"": ""set"", ""window"": ""driver"", ""percent"": 20}"
Закрой все окна,window_set,"{""action"": ""close"", ""window"": ""all""}"
"Пожалуйста, закрой пассажирское окно",window_set,"{""action"": ""close"", ""window"": ""passenger""}"
Приоткрой стекло у водителя,window_set,"{""action"": ""open"", ""window"": ""driver""}"
Сделай кондиционер на 18 градусов,ac_set,"{""state"": ""on"", ""temperature"": 18}"
Выключи кондиционер,ac_off,
Поставь кондиционер на 24 градуса,ac_set,"{""state"": ""on"", ""temperature"": 24}"
Включи обогрев сиденья пассажира на 50%,seat_heater_set,"{""seat"": ""passenger"", ""level"": 50}"
Сделай вентилятор на максимум,ac_fan_set,"{""level"": 100, ""speed"": ""high""}"
Сделай громче на десять,volume_change,"{""delta"": 10}"
Убавь звук на пять,volume_change,"{""delta"": -5}"
Поставь громкость на 70%,volume_set,"{""level"": 70}"
Включи музыку,play_music,
Останови музыку,stop_music,
Переключи на следующий трек,next_track,
"Пожалуйста, позвони Анне",call_start,"{""contact"": ""Анна""}"
Как мне доехать до аэропорта?,nav_start,"{""destination"": ""аэропорт""}"
Ответь на звонок,call_answer,
Выключи фары,headlights_set,"{""state"": ""off""}"
Включи дальний свет,high_beam_set,"{""state"": ""on""}"
"Пожалуйста, включи дворники на авто",wipers_set,"{""speed"": ""auto""}"
Сделай поток воздуха на средний,ac_fan_set,"{""level"": 50, ""speed"": ""medium""}"
Поставь радиостанцию на 95.5,radio_set,"{""frequency"": ""95.5""}"
"Душно, включи климат-контроль",ac_set,"{""state"": ""on"", ""temperature"": 22}"
Как дела?,chitchat,
Как доехать до центра города?,nav_start,"{""destination"": ""центр города""}"
Открой окно у водителя на двадцать процентов,window_set,"{""action"": ""set"", ""window"": ""driver"", ""percent"": 20}"
"Закрой все окна, пожалуйста",window_set,"{""action"": ""close"", ""window"": ""all""}"
Приоткрой стекло пассажирского окна,window_set,"{""action"": ""open"", ""window"": ""passenger""}"
Закрой окно сзади,window_set,"{""action"": ""close"", ""window"": ""rear""}"
Поставь кондиционер на 24 градуса,ac_set,"{""state"": ""on"", ""temperature"": 24}"
"Включи климат, сделай 20 градусов",ac_set,"{""state"": ""on"", ""temperature"": 20}"
Выключи кондиционер,ac_off,
Установи режим обдува,ac_mode_set,"{""enabled"": true}"
Увеличь мощность вентилятора до 70,ac_fan_set,"{""level"": 70, ""speed"": ""medium""}"
Включи обогрев сиденья пассажира на максимум,seat_heater_set,"{""seat"": ""passenger"", ""level"": 100}"
Сделай обогрев сиденья водителя на 50 процентов,seat_heater_set,"{""seat"": ""driver"", ""level"": 50}"
Включи вентилятор на сиденье,seat_vent_set,"{""seat"": ""driver"", ""level"": 100}"
Выключи обогрев на сиденье,seat_heater_set,"{""seat"": ""passenger"", ""level"": 0}"
Включи обогрев заднего стекла,defrost_set,"{""state"": ""on"", ""target"": ""rear""}"
Отключи обогрев переднего стекла,defrost_set,"{""state"": ""off"", ""target"": ""front""}"
Закрой люк,sunroof_set,"{""action"": ""close""}"
Открой люк на 50 процентов,sunroof_set,"{""action"": ""open"", ""percent"": 50}"
Поставь радио на частоту 97.1,radio_set,"{""frequency"": ""97.1""}"
Переключи на следующую песню,next_track,
Сделай тише на десять,volume_change,"{""delta"": -10}"
Прибавь громкость на 5 процентов,volume_change,"{""delta"": 5}"
Установи громкость на 30,volume_set,"{""level"": 30}"
Выключи звук,volume_mute_set,"{""state"": ""on""}"
Включи Bluetooth,media_source_set,"{""source"": ""bluetooth""}"
Переключи на USB,media_source_set,"{""source"": ""usb""}"
Как доехать до центра?,nav_start,"{""destination"": ""центр""}"
Отмени маршрут,nav_cancel,
Позвони маме,call_start,"{""contact"": ""мама""}"
Ответь на звонок,call_answer,
Повесь трубку,call_hangup,
Включи фары,headlights_set,"{""state"": ""on""}"
Выключи высокие фары,high_beam_set,"{""state"": ""off""}"
Установи дворники на авто,rain_set,"{""mode"": ""auto""}"
Привет,chitchat,
Как дела?,chitchat,
Открой окно водителя на двадцать процентов,window_set,"{""action"": ""set"", ""window"": ""driver"", ""percent"": 20}"
Приоткрой стекло пассажира,window_set,"{""action"": ""open"", ""window"": ""passenger""}"
Закрой все окна полностью,window_set,"{""action"": ""close"", ""window"": ""all""}"
"Можно, пожалуйста, открыть окно у водителя?",window_set,"{""action"": ""open"", ""window"": ""driver""}"
Включи кондиционер на восемнадцать градусов,ac_set,"{""state"": ""on"", ""temperature"": 18}"
Отключи кондиционер,ac_off,
Поставь температуру на двадцать два,ac_set,"{""state"": ""on"", ""temperature"": 22}"
Сделай кондиционер в рециркуляции,ac_mode_set,"{""enabled"": true}"
Выключи обогрев сиденья пассажира,seat_heater_set,"{""seat"": ""passenger"", ""level"": 0}"
Включи обогрев сидения водителя на сто процентов,seat_heater_set,"{""seat"": ""driver"", ""level"": 100}"
Включи вентиляцию сиденья на 50,seat_vent_set,"{""seat"": ""driver"", ""level"": 50}"
Сделай громче на десять,volume_change,"{""delta"": 10}"
Уменьши громкость на восемь,volume_change,"{""delta"": -8}"
Сделай погромче,volume_change,"{""direction"": ""up""}"
Поставь громкость на 30 процентов,volume_set,"{""level"": 30}"
Отключи звук,volume_mute_set,"{""state"": ""on""}"
Поставь радио на частоту 101.1,radio_set,"{""frequency"": ""101.1""}"
Включи музыку,play_music,
Останови музыку,stop_music,
Как доехать до аэропорта?,nav_start,"{""destination"": ""аэропорт""}"
"Навигатор, отменить маршрут",nav_cancel,
Позвони Алексею,call_start,"{""contact"": ""Алексей""}"
Ответь на звонок,call_answer,
Завершить вызов,call_hangup,
Включи фары,headlights_set,"{""state"": ""on""}"
Включи дальний свет,high_beam_set,"{""state"": ""on""}"
Установи дворники на авто,wipers_set,"{""speed"": ""auto""}"
Сделай обогрев руля,wheel_heater_set,"{""state"": ""on""}"
Как дела?,chitchat,
"Привет, как ты?",chitchat,
Открой окно у водителя полностью,window_set,"{""action"": ""open"", ""window"": ""driver""}"
Приоткрой стекло пассажира на двадцать процентов,window_set,"{""action"": ""set"", ""window"": ""passenger"", ""percent"": 20}"
"Закрой все окна, пожалуйста",window_set,"{""action"": ""close"", ""window"": ""all""}"
Сделай кондиционер на 24 градуса,ac_set,"{""state"": ""on"", ""temperature"": 24}"
Выключи климат-контроль,ac_off,
Включи обдув на рециркуляцию,ac_mode_set,"{""enabled"": true}"
Увеличь скорость вентилятора до 70,ac_fan_set,"{""level"": 70, ""speed"": ""medium""}"
Включи обогрев сиденья пассажира на максимум,seat_heater_set,"{""seat"": ""passenger"", ""level"": 100}"
Включи вентиляцию сиденья водителя на 50,seat_vent_set,"{""seat"": ""driver"", ""level"": 50}"
Включи обогрев заднего стекла,defrost_set,"{""state"": ""on"", ""target"": ""rear""}"
Закрой люк на 30 процентов,sunroof_set,"{""action"": ""close"", ""percent"": 30}"
Открой люк,sunroof_set,"{""action"": ""open""}"
Поставь музыку на паузу,media_pause,
Включи музыку,play_music,
Сделай громче на 10,volume_change,"{""delta"": 10}"
Уменьши громкость на 5 единиц,volume_change,"{""delta"": -5}"
Поставь громкость на 75,volume_set,"{""level"": 75}"
Выключи звук,volume_mute_set,"{""state"": ""on""}"
Поставь радио на частоту 93.5,radio_set,"{""frequency"": ""93.5""}"
Переключи на следующий трек,next_track,
Как добраться до ВДНХ?,nav_start,"{""destination"": ""ВДНХ""}"
Отмени навигацию,nav_cancel,
Позвони маме,call_start,"{""contact"": ""мама""}"
Ответь на звонок,call_answer,
Закончи звонок,call_hangup,
Включи фары,headlights_set,"{""state"": ""on""}"
Включи дальний свет,high_beam_set,"{""state"": ""on""}"
Установи дворники на высокую скорость,wipers_set,"{""speed"": ""high""}"
Настрой дворники на авто,rain_set,"{""mode"": ""auto""}"
Как дела?,chitchat,
"Привет, как ты?",chitchat,
"Сделай холоднее, душно здесь",ac_set,"{""state"": ""on"", ""temperature"": 18}"
Открой все окна немного,window_set,"{""action"": ""set"", ""window"": ""all"", ""percent"": 30}"
Открой окно у водителя,window_set,"{""action"": ""open"", ""window"": ""driver""}"
Закрой пассажирское стекло на десять процентов,window_set,"{""action"": ""set"", ""window"": ""passenger"", ""percent"": 10}"
Приоткрой окошко со стороны водителя,window_set,"{""action"": ""open"", ""window"": ""driver""}"
"Закрой все окна полностью, пожалуйста",window_set,"{""action"": ""close"", ""window"": ""all""}"
Открой окно на тридцать процентов,window_set,"{""action"": ""set"", ""window"": ""all"", ""percent"": 30}"
Закрой стекло у пассажира,window_set,"{""action"": ""close"", ""window"": ""passenger""}"
Включи кондиционер на двадцать два градуса,ac_set,"{""state"": ""on"", ""temperature"": 22}"
Отключи кондиционер,ac_set,"{""state"": ""off""}"
Настрой кондиционер на восемнадцать градусов,ac_set,"{""state"": ""on"", ""temperature"": 18}"
Включи обогрев сиденья пассажира на максимуме,seat_heater_set,"{""seat"": ""passenger"", ""level"": 100}"
Выключи обогрев сидения водителя,seat_heater_set,"{""seat"": ""driver"", ""level"": 0}"
Поставь обогрев на тридцать процентов,seat_heater_set,"{""seat"": ""driver"", ""level"": 30}"
Сделай громче на десять,volume_change,"{""delta"": 10}"
Убавь звук на семь,volume_change,"{""delta"": -7}"
Сделай потише на пятнадцать процентов,volume_change,"{""delta"": -15}"
Переключи на следующую песню,next_track,
Поставь предыдущий трек,previous_track,
Останови музыку,stop_music,
Поставь музыку на повтор,media_repeat_set,"{""mode"": ""one""}"
Включи рециркуляцию,ac_mode_set,"{""enabled"": true}"
Выключи рециркуляцию,ac_mode_set,"{""enabled"": false}"
Как доехать до Лермонтовского?,nav_start,"{""destination"": ""Лермонтовский""}"
"Проверь, как доехать до ближайшего ресторана",nav_start,"{""destination"": ""ближайший ресторан""}"
Отмени маршрут,nav_cancel,
Позвони Анне,call_start,"{""contact"": ""Анна""}"
Позвони на номер 123456789,call_start,"{""contact"": ""123456789""}"
Ответь на звонок,call_answer,
Заканчивай разговор,call_hangup,
Включи фары,headlights_set,"{""state"": ""on""}"
Выключи фары,headlights_set,"{""state"": ""off""}"
Сделай фары автоматическими,headlights_set,"{""state"": ""auto""}"
Включи обогрев руля,wheel_heater_set,"{""state"": ""on""}"
Выключи обогрев руля,wheel_heater_set,"{""state"": ""off""}"
Сделай обдув на высокой скорости,ac_fan_set,"{""level"": 100, ""speed"": ""high""}"
Настрой дворники на авто,rain_set,"{""mode"": ""auto""}"
Как дела?,chitchat,
"Привет, как ты?",chitchat,
"Можно, пожалуйста, включить радио?",media_source_set,"{""source"": ""radio""}"
Открой окно водителя на тридцать процентов,window_set,"{""action"": ""set"", ""window"": ""driver"", ""percent"": 30}"
"Пожалуйста, закрой заднее окно полностью",window_set,"{""action"": ""close"", ""window"": ""rear""}"
Приоткрой пассажирское стекло на 25%,window_set,"{""action"": ""set"", ""window"": ""passenger"", ""percent"": 25}"
Закрой все окна,window_set,"{""action"": ""close"", ""window"": ""all""}"
Включи кондиционер на 20 градусов,ac_set,"{""state"": ""on"", ""temperature"": 20}"
Поставь кондиционер на 24,ac_set,"{""state"": ""on"", ""temperature"": 24}"
Выключи климат-контроль,ac_off,
Запусти рециркуляцию воздуха,ac_mode_set,"{""enabled"": true}"
Увеличь скорость вентилятора до 70,ac_fan_set,"{""level"": 70, ""speed"": ""high""}"
Включи обогрев сиденья пассажира на максимум,seat_heater_set,"{""seat"": ""passenger"", ""level"": 100}"
Сделай обогрев сиденья водителя на 50 процентов,seat_heater_set,"{""seat"": ""driver"", ""level"": 50}"
Выключи обогрев сидений,seat_heater_set,"{""seat"": ""driver"", ""level"": 0}"
Включи обдув на лобовое стекло,defrost_set,"{""state"": ""on"", ""target"": ""front""}"
Выключи обогрев заднего стекла,defrost_set,"{""state"": ""off"", ""target"": ""rear""}"
Открой люк на 60 процентов,sunroof_set,"{""action"": ""open"", ""percent"": 60}"
Закрой люк,sunroof_close,
"Пожалуйста, включи радио на частоте 92.5",radio_set,"{""frequency"": ""92.5""}"
Поставь музыкальный трек,play_music,
Останови музыку,stop_music,
Сделай громче на десять,volume_change,"{""delta"": 10}"
Уменьши громкость на 5,volume_change,"{""delta"": -5}"
Затемни звук на максимум,volume_mute_set,"{""state"": ""on""}"
Позвони маме,call_start,"{""contact"": ""мама""}"
Ответь на звонок,call_answer,
Заканчивай звонок,call_hangup,
Как доехать до магазина?,nav_start,"{""destination"": ""магазин""}"
Отмени навигацию,nav_cancel,
Включи фары,headlights_set,"{""state"": ""on""}"
Поставь дальний свет,high_beam_set,"{""state"": ""on""}"
Увеличь скорость стеклоочистителей до авто,wipers_set,"{""speed"": ""auto""}"
Переключи на ручной режим стеклоочистителей,rain_set,"{""mode"": ""manual""}"
Включи обогрев руля,wheel_heater_set,"{""state"": ""on""}"
Как дела?,chitchat,
"Привет, как ты?",chitchat,
Открой окно водителя на тридцать процентов,window_set,"{""action"": ""set"", ""window"": ""driver"", ""percent"": 30}"
Закрой окно у пассажира,window_set,"{""action"": ""close"", ""window"": ""passenger""}"
Приоткрой все окна на двадцать процентов,window_set,"{""action"": ""set"", ""window"": ""all"", ""percent"": 20}"
Закрой все окна,window_set,"{""action"": ""close"", ""window"": ""all""}"
Открой окно полностью,window_set,"{""action"": ""open"", ""window"": ""driver""}"
Закрой заднее окно,window_set,"{""action"": ""close"", ""window"": ""passenger""}"
Включи кондиционер на двадцать два градуса,ac_set,"{""state"": ""on"", ""temperature"": 22}"
"Пожалуйста, выключи кондиционер",ac_set,"{""state"": ""off""}"
Настрой кондиционер на восемнадцать градусов,ac_set,"{""state"": ""on"", ""temperature"": 18}"
Отключи кондиционер,ac_off,
Поставь обдув на авто,ac_mode_set,"{""enabled"": true}"
Выключи рециркуляцию,ac_mode_set,"{""enabled"": false}"
Установи скорость вентилятора на среднюю,ac_fan_set,"{""level"": 50, ""speed"": ""medium""}"
Увеличь скорость вентилятора до максимума,ac_fan_set,"{""level"": 100, ""speed"": ""high""}"
Установи обогрев сиденья пассажира на восемьдесят процентов,seat_heater_set,"{""seat"": ""passenger"", ""level"": 80}"
Включи обогрев сиденья водителя,seat_heater_set,"{""seat"": ""driver"", ""level"": 100}"
Сделай вентиляцию сидений на тридцать процентов,seat_vent_set,"{""seat"": ""driver"", ""level"": 30}"
Включи вентиляцию сидений пассажира,seat_vent_set,"{""seat"": ""passenger"", ""level"": 100}"
Включи обогрев заднего стекла,defrost_set,"{""state"": ""on"", ""target"": ""rear""}"
Выключи обогрев переднего стекла,defrost_set,"{""state"": ""off"", ""target"": ""front""}"
Закрой люк на пятьдесят процентов,sunroof_set,"{""action"": ""close"", ""percent"": 50}"
Открой люк полностью,sunroof_set,"{""action"": ""open"", ""percent"": 100}"
Закрой люк,sunroof_close,
Слушай музыку,play_music,
